x,y,height,faa,inv_msk,inv_pad,stdev
-2197500.0,252500.0,1500,48.32406590830516,False,False,6.960502167425214
-2192500.0,252500.0,1500,45.012596454490776,False,False,5.983620601495651
-2187500.0,252500.0,1500,41.83789557047435,False,False,5.516662156405631
-2182500.0,252500.0,1500,39.20364313525741,False,False,5.616593531673747
-2177500.0,252500.0,1500,36.15955246839878,False,False,5.78355838962538
-2172500.0,252500.0,1500,32.92523997656312,False,False,5.924279465824325
-2167500.0,252500.0,1500,30.30091230199594,False,False,6.090664274534603
-2162500.0,252500.0,1500,26.14985833651286,False,False,6.657095334895663
-2157500.0,252500.0,1500,21.04975313948542,False,False,7.689897561125429
-2152500.0,252500.0,1500,16.362078160992947,False,False,8.475153093500873
-2147500.0,252500.0,1500,11.331714516663284,False,False,8.83199521297637
-2142500.0,252500.0,1500,6.388588911330004,False,False,8.899545230378951
-2137500.0,252500.0,1500,2.060488912550518,False,False,8.735473002176615
-2132500.0,252500.0,1500,-2.129162630948574,False,False,8.512217094827543
-2127500.0,252500.0,1500,-5.618624730798029,False,False,8.402613060888374
-2122500.0,252500.0,1500,-7.905934094353517,False,False,8.490996088329943
-2117500.0,252500.0,1500,-10.014663481597124,False,False,8.751807005736197
-2112500.0,252500.0,1500,-11.99997406111683,False,False,9.00546569325725
-2107500.0,252500.0,1500,-14.077108345951183,False,False,9.044886966971534
-2102500.0,252500.0,1500,-17.242093585066133,False,False,8.860974141347917
-2097500.0,252500.0,1500,-20.64564867341851,False,False,8.63372813442198
-2092500.0,252500.0,1500,-23.59810810204752,False,False,8.522504290941765
-2087500.0,252500.0,1500,-26.103389204253865,False,False,8.414433861307964
-2082500.0,252500.0,1500,-27.27556822775972,False,False,7.638332443579098
-2077500.0,252500.0,1500,-27.02565667973061,False,False,6.193886929630302
-2072500.0,252500.0,1500,-25.21554251879083,False,False,5.544470601515039
-2067500.0,252500.0,1500,-21.518795642333785,False,False,6.7117444021165165
-2062500.0,252500.0,1500,-17.212093345654026,False,False,8.488118405440385
-2057500.0,252500.0,1500,-13.579127189226599,False,False,9.273398522339345
-2052500.0,252500.0,1500,-11.299299959304228,False,False,9.185263187034103
-2047500.0,252500.0,1500,-10.456825069459015,False,False,8.891687451342383
-2042500.0,252500.0,1500,-11.073991926102417,False,False,8.582202924156311
-2037500.0,252500.0,1500,-13.013501716165404,False,False,8.047696701980502
-2032500.0,252500.0,1500,-14.735401304181696,False,False,7.458034276651759
-2027500.0,252500.0,1500,-15.6355450729074,False,False,7.399920119906076
-2022500.0,252500.0,1500,-15.922948846465244,False,False,8.061513260056827
-2017500.0,252500.0,1500,-15.360846272537483,False,False,8.974619942456721
-2012500.0,252500.0,1500,-14.692712249558012,False,False,9.437016995419604
-2007500.0,252500.0,1500,-14.14345780522868,False,False,9.172600185804248
-2002500.0,252500.0,1500,-13.337216558196413,False,False,8.41689556373574
-1997500.0,252500.0,1500,-12.819967669562555,False,False,7.709811440512837
-1992500.0,252500.0,1500,-12.313542138936567,False,False,7.48063886655752
-1987500.0,252500.0,1500,-11.70988032982779,False,False,7.680012680745921
-1982500.0,252500.0,1500,-11.368610614793441,False,False,8.013777714609834
-1977500.0,252500.0,1500,-11.09794762140053,False,False,8.41875505070362
-1972500.0,252500.0,1500,-11.30771796585462,False,False,8.820592184052318
-1967500.0,252500.0,1500,-11.856341849762833,False,False,7.571655658128865
-1962500.0,252500.0,1500,-12.39239704445633,False,False,6.045870300101785
-1957500.0,252500.0,1500,-11.956224385575792,False,False,8.181588370918913
-1952500.0,252500.0,1500,-10.752866623095711,False,False,11.285666463380002
-1947500.0,252500.0,1500,-10.834328205174907,False,False,12.54910098331119
-1942500.0,252500.0,1500,-11.62847306311471,False,False,13.215832251082933
-1937500.0,252500.0,1500,-12.240854306574986,False,False,13.648217738035337
-1932500.0,252500.0,1500,-13.475706447797334,False,False,13.941915056997901
-1927500.0,252500.0,1500,-14.345230241960495,False,False,14.141440936140164
-1922500.0,252500.0,1500,-14.919521831106703,False,False,14.274857008580986
-1917500.0,252500.0,1500,-16.20683867966658,False,False,14.364208358492647
-1912500.0,252500.0,1500,-17.236129743804447,False,False,14.424318433033928
-1907500.0,252500.0,1500,-18.37299308470448,False,False,14.464270928664732
-1902500.0,252500.0,1500,-19.481442928473072,False,False,14.489728305303153
-1897500.0,252500.0,1500,-20.847417447404467,False,False,14.501923522517776
-1892500.0,252500.0,1500,-22.43942799555595,False,False,14.500827553588945
-1887500.0,252500.0,1500,-24.52927336682252,False,False,14.485896620550232
-1882500.0,252500.0,1500,-28.52350456158478,False,False,14.454557112388386
-1877500.0,252500.0,1500,-30.55340919374614,False,False,14.40439537145605
-1872500.0,252500.0,1500,-27.690911788256017,False,False,14.331930003135284
-1867500.0,252500.0,1500,-22.181912187548594,False,False,14.232138585787443
-1862500.0,252500.0,1500,-16.442396828596497,False,False,14.100022438101886
-1857500.0,252500.0,1500,-12.990675658119294,False,False,13.92969048515929
-1852500.0,252500.0,1500,-10.042063653494687,False,False,13.713655653055808
-1847500.0,252500.0,1500,-9.354555978847126,False,False,13.442117420881258
-1842500.0,252500.0,1500,-12.278890963069404,False,False,13.105042745827848
-1837500.0,252500.0,1500,-13.712151675657365,False,False,12.695484810775872
-1832500.0,252500.0,1500,-13.499647182618594,False,False,12.206152749313537
-1827500.0,252500.0,1500,-12.89465813431276,False,False,11.624321360532177
-1822500.0,252500.0,1500,-12.301046590772662,False,False,10.95173878076792
-1817500.0,252500.0,1500,-11.275514332923308,False,False,10.24300965303486
-1812500.0,252500.0,1500,-10.385572019541039,False,False,9.592813000415358
-1807500.0,252500.0,1500,-11.900447984085066,False,False,9.065701257154075
-1802500.0,252500.0,1500,-13.815846260695663,False,False,8.742462813475187
-1797500.0,252500.0,1500,-15.112780050029746,False,False,8.727073713904417
-1792500.0,252500.0,1500,-16.69996233658414,False,False,8.992965498173318
-1787500.0,252500.0,1500,-16.672694802088586,False,False,9.37511072061646
-1782500.0,252500.0,1500,-14.739823506352536,False,False,9.686033389385088
-1777500.0,252500.0,1500,-12.254350084864377,False,False,9.794842238843191
-1772500.0,252500.0,1500,-10.32927517904138,False,False,9.632092415223816
-1767500.0,252500.0,1500,-10.085167626789968,False,False,9.196372755916912
-1762500.0,252500.0,1500,-12.560599112894888,False,False,8.627162685343656
-1757500.0,252500.0,1500,-16.957243951414874,False,False,8.083361732491694
-1752500.0,252500.0,1500,-19.26574245258994,False,False,6.794185910614072
-1747500.0,252500.0,1500,-14.620481407940115,False,False,5.187439752187818
-1742500.0,252500.0,1500,-7.241885374187927,False,False,5.4631881909584745
-1737500.0,252500.0,1500,-1.1719942935174947,False,False,6.386671002456642
-1732500.0,252500.0,1500,2.00490584433416,False,False,6.428745544162707
-1727500.0,252500.0,1500,0.9525529861077072,False,False,5.91720719202503
-1722500.0,252500.0,1500,0.897424366653767,False,False,5.644059159204483
-1717500.0,252500.0,1500,2.6616210335262505,False,False,6.052229036096636
-1712500.0,252500.0,1500,5.512057959543382,False,False,6.279338314967701
-1707500.0,252500.0,1500,8.888111931709656,False,False,6.282722772521341
-1702500.0,252500.0,1500,13.090353714454636,False,False,5.950470545016116
-1697500.0,252500.0,1500,21.676267706799237,False,False,5.880159392759007
-1692500.0,252500.0,1500,28.81774689167206,False,False,5.809237789418319
-1687500.0,252500.0,1500,26.955094090808192,False,False,5.12157663025749
-1682500.0,252500.0,1500,23.59218922107819,False,False,5.060728206145992
-1677500.0,252500.0,1500,28.899582725222835,False,False,6.408337861323364
-1672500.0,252500.0,1500,39.6978550660538,False,False,8.428321865933565
-1667500.0,252500.0,1500,46.439575830972906,False,False,10.035534230756756
-1662500.0,252500.0,1500,47.05113753778631,False,False,10.967332077096025
-1657500.0,252500.0,1500,44.90205391096049,False,False,11.427007364611752
-1652500.0,252500.0,1500,41.51102892670307,False,False,11.647487482926302
-2197500.0,257500.0,1500,47.506225453387486,False,False,7.176097742694024
-2192500.0,257500.0,1500,43.693627560155946,False,False,5.924501997698113
-2187500.0,257500.0,1500,41.165412278977435,False,False,5.397684990568756
-2182500.0,257500.0,1500,38.9496944721647,False,False,6.049567166273782
-2177500.0,257500.0,1500,36.74802551284913,False,False,7.161618438655916
-2172500.0,257500.0,1500,33.26165648399341,False,False,8.212422855414639
-2167500.0,257500.0,1500,29.487995632294485,False,False,9.07074822113532
-2162500.0,257500.0,1500,25.20711573421775,False,False,9.585377341287959
-2157500.0,257500.0,1500,19.95121112887472,False,False,9.712357702592534
-2152500.0,257500.0,1500,14.799517824214332,False,False,9.502252069273764
-2147500.0,257500.0,1500,10.030396775925306,False,False,9.123037813854634
-2142500.0,257500.0,1500,5.08377518726051,False,False,8.7641771756652
-2137500.0,257500.0,1500,0.7225195469404337,False,False,8.554490124145612
-2132500.0,257500.0,1500,-3.0499742096417317,False,False,8.571978484311263
-2127500.0,257500.0,1500,-6.470773938520452,False,False,8.78828829716919
-2122500.0,257500.0,1500,-8.652424827208351,False,False,9.042342730771132
-2117500.0,257500.0,1500,-10.384330312295731,False,False,9.150746488559461
-2112500.0,257500.0,1500,-12.459464657988146,False,False,9.011197315378697
-2107500.0,257500.0,1500,-14.701127307640695,False,False,8.71742748503896
-2102500.0,257500.0,1500,-18.12329683839478,False,False,8.529585751172611
-2097500.0,257500.0,1500,-21.966789377552693,False,False,8.523471377365684
-2092500.0,257500.0,1500,-25.127127583212364,False,False,8.275416194640506
-2087500.0,257500.0,1500,-28.04548770537043,False,False,7.032109374034707
-2082500.0,257500.0,1500,-29.139357492128415,False,False,5.794993339484137
-2077500.0,257500.0,1500,-27.728051291088025,False,False,5.962957609441473
-2072500.0,257500.0,1500,-24.639709743358964,False,False,7.597465963777996
-2067500.0,257500.0,1500,-20.02315304472451,False,False,9.230319357989512
-2062500.0,257500.0,1500,-15.549312304880788,False,False,9.574007751765063
-2057500.0,257500.0,1500,-12.526758629068624,False,False,9.256844542790734
-2052500.0,257500.0,1500,-10.729841023369111,False,False,8.820558061784713
-2047500.0,257500.0,1500,-10.407123365173446,False,False,8.37691570174924
-2042500.0,257500.0,1500,-11.807758339482225,False,False,7.881127505244618
-2037500.0,257500.0,1500,-13.874295252121636,False,False,7.44107300958972
-2032500.0,257500.0,1500,-15.430717599321973,False,False,7.569592395587375
-2027500.0,257500.0,1500,-16.04598836941618,False,False,8.407292590080566
-2022500.0,257500.0,1500,-15.344963599948725,False,False,9.217968977167514
-2017500.0,257500.0,1500,-14.244891688089554,False,False,9.403815452466432
-2012500.0,257500.0,1500,-13.526831337752816,False,False,8.969330377241224
-2007500.0,257500.0,1500,-12.791856850914005,False,False,8.282880793689545
-2002500.0,257500.0,1500,-12.259682654146577,False,False,7.778917148029409
-1997500.0,257500.0,1500,-12.071904272627767,False,False,7.674327815951543
-1992500.0,257500.0,1500,-11.66412642107464,False,False,7.909252675033296
-1987500.0,257500.0,1500,-11.482040218349836,False,False,8.276314381259892
-1982500.0,257500.0,1500,-11.491148815695986,False,False,8.719416917702139
-1977500.0,257500.0,1500,-11.229127433515647,False,False,9.349297289402726
-1972500.0,257500.0,1500,-11.646186476680244,False,False,9.837861121149626
-1967500.0,257500.0,1500,-12.65982429841658,False,False,8.786211360574221
-1962500.0,257500.0,1500,-13.528503278537316,False,False,6.141848413724024
-1957500.0,257500.0,1500,-13.513745124894395,False,False,7.411992044462327
-1952500.0,257500.0,1500,-12.767854628792433,False,False,11.255921555248568
-1947500.0,257500.0,1500,-12.713566065062606,False,False,12.842812148565256
-1942500.0,257500.0,1500,-13.474265274459627,False,False,13.57896232791355
-1937500.0,257500.0,1500,-14.062609634089931,False,False,13.964915736728454
-1932500.0,257500.0,1500,-14.8379794736149,False,False,14.187330824008967
-1927500.0,257500.0,1500,-15.551646511551413,False,False,14.318755692873847
-1922500.0,257500.0,1500,-15.766855797106972,False,False,14.39302390889565
-1917500.0,257500.0,1500,-16.62914924510168,False,False,14.432961428655732
-1912500.0,257500.0,1500,-17.736533109829352,False,False,14.45211153536317
-1907500.0,257500.0,1500,-18.582421368173115,False,False,14.458019397000488
-1902500.0,257500.0,1500,-19.06209601276931,False,False,14.452938671127699
-1897500.0,257500.0,1500,-20.445469836197404,False,False,14.434827537726806
-1892500.0,257500.0,1500,-22.926421912011723,False,False,14.401206094725413
-1887500.0,257500.0,1500,-25.86558750045012,False,False,14.348385565611197
-1882500.0,257500.0,1500,-29.089360414237447,False,False,14.27200322428145
-1877500.0,257500.0,1500,-29.327317917900334,False,False,14.167857469400772
-1872500.0,257500.0,1500,-25.276838387434324,False,False,14.029801888545144
-1867500.0,257500.0,1500,-19.0558132348653,False,False,13.850209329342363
-1862500.0,257500.0,1500,-13.384303725186088,False,False,13.621475085419295
-1857500.0,257500.0,1500,-9.742405227352878,False,False,13.33660328762775
-1852500.0,257500.0,1500,-7.385954415697806,False,False,12.986797286770894
-1847500.0,257500.0,1500,-7.895100276618242,False,False,12.560039846354229
-1842500.0,257500.0,1500,-10.740283502938647,False,False,12.04872973910622
-1837500.0,257500.0,1500,-12.185779974416853,False,False,11.466165198125644
-1832500.0,257500.0,1500,-12.601831552212754,False,False,10.852101797964472
-1827500.0,257500.0,1500,-12.531655051373653,False,False,10.236885005412876
-1822500.0,257500.0,1500,-11.677327935983918,False,False,9.640549835778788
-1817500.0,257500.0,1500,-10.814531341873101,False,False,9.159955208288467
-1812500.0,257500.0,1500,-9.968349206480172,False,False,8.950352148617098
-1807500.0,257500.0,1500,-10.15370943732616,False,False,9.021848053723906
-1802500.0,257500.0,1500,-11.078044283815482,False,False,9.268501917540725
-1797500.0,257500.0,1500,-12.131849214871703,False,False,9.609906897485809
-1792500.0,257500.0,1500,-13.561124640397267,False,False,9.916548594771989
-1787500.0,257500.0,1500,-14.21224438518857,False,False,10.033345848032274
-1782500.0,257500.0,1500,-12.90919588436162,False,False,9.89574193975869
-1777500.0,257500.0,1500,-10.427876546644983,False,False,9.538936029703123
-1772500.0,257500.0,1500,-8.244252230481184,False,False,9.047049300296464
-1767500.0,257500.0,1500,-7.07006835360978,False,False,8.539263889407119
-1762500.0,257500.0,1500,-10.039190205320239,False,False,8.20758971106795
-1757500.0,257500.0,1500,-15.686018016821798,False,False,7.734827796288321
-1752500.0,257500.0,1500,-17.376413556943685,False,False,5.7196117106254345
-1747500.0,257500.0,1500,-10.843997386710797,False,False,5.033054275946787
-1742500.0,257500.0,1500,-3.3557471190090458,False,False,6.463461062936849
-1737500.0,257500.0,1500,0.7048720110102653,False,False,6.569775347172751
-1732500.0,257500.0,1500,2.5102318034391735,False,False,6.2887731537357165
-1727500.0,257500.0,1500,1.6612870830925905,False,False,6.004267412156144
-1722500.0,257500.0,1500,-0.06700983924982107,False,False,5.839186490338563
-1717500.0,257500.0,1500,0.8774203605208633,False,False,5.86809408545866
-1712500.0,257500.0,1500,5.597478994404105,False,False,5.645134397008633
-1707500.0,257500.0,1500,10.083191129202868,False,False,5.7642240486699805
-1702500.0,257500.0,1500,14.829389065439033,False,False,5.324624297958847
-1697500.0,257500.0,1500,23.20375929307873,False,False,4.855755580681857
-1692500.0,257500.0,1500,31.182835222096415,False,False,4.516954288436025
-1687500.0,257500.0,1500,28.105412892504376,False,False,4.016851754582632
-1682500.0,257500.0,1500,21.93620908483715,False,False,4.907366168010363
-1677500.0,257500.0,1500,27.45010155388356,False,False,7.163613461370633
-1672500.0,257500.0,1500,39.67547126967037,False,False,9.327077456808212
-1667500.0,257500.0,1500,47.79811587384497,False,False,10.605413167023883
-1662500.0,257500.0,1500,49.893089024325924,False,False,11.28545451568632
-1657500.0,257500.0,1500,48.98974598582929,False,False,11.645828165054697
-1652500.0,257500.0,1500,46.185595069944654,False,False,11.846310922346465
-2197500.0,262500.0,1500,46.77698808726901,False,False,8.072680771748368
-2192500.0,262500.0,1500,42.37968947451336,False,False,7.242511948552211
-2187500.0,262500.0,1500,39.83432653310215,False,False,6.580772522352509
-2182500.0,262500.0,1500,37.95945688304263,False,False,7.612912283546496
-2177500.0,262500.0,1500,36.12224964044576,False,False,8.986023012767888
-2172500.0,262500.0,1500,32.81459552416179,False,False,9.512452670447477
-2167500.0,262500.0,1500,27.995743382589122,False,False,9.829756749194594
-2162500.0,262500.0,1500,23.49130059428617,False,False,9.82579806830947
-2157500.0,262500.0,1500,18.702551530986312,False,False,9.490245706034539
-2152500.0,262500.0,1500,13.249729104691857,False,False,8.991635144020568
-2147500.0,262500.0,1500,8.54666202879266,False,False,8.604499829958678
-2142500.0,262500.0,1500,3.879175336490092,False,False,8.530720932557236
-2137500.0,262500.0,1500,-0.7803049118899622,False,False,8.747799340639427
-2132500.0,262500.0,1500,-4.60458463805464,False,False,9.073599894664351
-2127500.0,262500.0,1500,-7.7942536939682,False,False,9.280252234267753
-2122500.0,262500.0,1500,-10.255064783876227,False,False,9.220102286405629
-2117500.0,262500.0,1500,-11.81826056210817,False,False,8.94076221484955
-2112500.0,262500.0,1500,-13.451809580299745,False,False,8.655362438364536
-2107500.0,262500.0,1500,-16.029163046726627,False,False,8.532111574482638
-2102500.0,262500.0,1500,-19.28098295016591,False,False,8.491748403585095
-2097500.0,262500.0,1500,-22.875811614975284,False,False,7.90364971603776
-2092500.0,262500.0,1500,-25.98337146506785,False,False,6.425342169416692
-2087500.0,262500.0,1500,-27.969942102393436,False,False,5.573764293588688
-2082500.0,262500.0,1500,-28.21964303374498,False,False,6.627330632172113
-2077500.0,262500.0,1500,-25.92232296919935,False,False,8.608653046685316
-2072500.0,262500.0,1500,-22.34404964931484,False,False,9.844288639540894
-2067500.0,262500.0,1500,-18.176440273473386,False,False,9.905584571902075
-2062500.0,262500.0,1500,-14.057439281743907,False,False,9.381070204391005
-2057500.0,262500.0,1500,-11.643054296583388,False,False,8.720398236191352
-2052500.0,262500.0,1500,-10.16258863326813,False,False,8.086179400716905
-2047500.0,262500.0,1500,-9.903738031247393,False,False,7.528087573985947
-2042500.0,262500.0,1500,-11.470506918455639,False,False,7.448199256168152
-2037500.0,262500.0,1500,-13.168763050695292,False,False,7.992281588085519
-2032500.0,262500.0,1500,-14.598047054310536,False,False,8.799242024635767
-2027500.0,262500.0,1500,-15.108860546485998,False,False,9.364676780935918
-2022500.0,262500.0,1500,-14.039451062580426,False,False,9.248826539952638
-2017500.0,262500.0,1500,-12.990410068387694,False,False,8.572153517412893
-2012500.0,262500.0,1500,-12.327646273532714,False,False,7.964935314759551
-2007500.0,262500.0,1500,-11.826459755829285,False,False,7.76982844424694
-2002500.0,262500.0,1500,-11.65050443041686,False,False,7.8713119711906145
-1997500.0,262500.0,1500,-11.464978074637708,False,False,8.12547201481373
-1992500.0,262500.0,1500,-11.250467659578517,False,False,8.489349373492402
-1987500.0,262500.0,1500,-11.157589291941624,False,False,9.023014534559792
-1982500.0,262500.0,1500,-11.342428810427625,False,False,9.7416951585889
-1977500.0,262500.0,1500,-11.724715601710562,False,False,10.525439214473487
-1972500.0,262500.0,1500,-12.24777068585262,False,False,10.908762503371955
-1967500.0,262500.0,1500,-13.292055257573342,False,False,9.875512322885331
-1962500.0,262500.0,1500,-14.264746917785612,False,False,6.36264132267717
-1957500.0,262500.0,1500,-14.44875983395609,False,False,6.69333200947985
-1952500.0,262500.0,1500,-14.644649706652288,False,False,10.867305595626364
-1947500.0,262500.0,1500,-14.754448698030489,False,False,12.847878276486746
-1942500.0,262500.0,1500,-15.11676746004929,False,False,13.73189110599769
-1937500.0,262500.0,1500,-16.083532743280756,False,False,14.12844220820062
-1932500.0,262500.0,1500,-16.47551169524318,False,False,14.319249564619632
-1927500.0,262500.0,1500,-16.563223843050427,False,False,14.407850764323124
-1922500.0,262500.0,1500,-17.036600870785133,False,False,14.4385208785628
-1917500.0,262500.0,1500,-17.761152780355747,False,False,14.437271343249119
-1912500.0,262500.0,1500,-19.130444180853278,False,False,14.418109700751703
-1907500.0,262500.0,1500,-20.09719347568118,False,False,14.38708059292864
-1902500.0,262500.0,1500,-19.951209845364843,False,False,14.34299077225636
-1897500.0,262500.0,1500,-21.26718017749966,False,False,14.281148564072712
-1892500.0,262500.0,1500,-24.23351911254252,False,False,14.196245199741245
-1887500.0,262500.0,1500,-27.436721854110598,False,False,14.081981718042648
-1882500.0,262500.0,1500,-29.107564877911162,False,False,13.9329810384405
-1877500.0,262500.0,1500,-26.941037865676872,False,False,13.74400101555153
-1872500.0,262500.0,1500,-22.421143697433184,False,False,13.506423139032117
-1867500.0,262500.0,1500,-16.22655825342353,False,False,13.208723673294319
-1862500.0,262500.0,1500,-10.838813177682535,False,False,12.841357180712768
-1857500.0,262500.0,1500,-8.336356176235432,False,False,12.40010976026506
-1852500.0,262500.0,1500,-7.466941690883042,False,False,11.883961763758183
-1847500.0,262500.0,1500,-9.02023631373244,False,False,11.291962356110341
-1842500.0,262500.0,1500,-11.054342713428019,False,False,10.636887415456954
-1837500.0,262500.0,1500,-11.887551654009702,False,False,9.985272925970232
-1832500.0,262500.0,1500,-12.636611987161562,False,False,9.47786945540415
-1827500.0,262500.0,1500,-12.801691742232508,False,False,9.212044583741735
-1822500.0,262500.0,1500,-11.8648418282732,False,False,9.137723140746914
-1817500.0,262500.0,1500,-11.069947381777013,False,False,9.21911151854323
-1812500.0,262500.0,1500,-10.202702894162897,False,False,9.504986728536707
-1807500.0,262500.0,1500,-8.885855070325277,False,False,9.906183091731751
-1802500.0,262500.0,1500,-8.543109170000942,False,False,10.216026363799955
-1797500.0,262500.0,1500,-9.31247458591958,False,False,10.317450048194909
-1792500.0,262500.0,1500,-10.056393137235618,False,False,10.17067239620551
-1787500.0,262500.0,1500,-10.44305978200787,False,False,9.786595034382225
-1782500.0,262500.0,1500,-9.4020930920948,False,False,9.273063870518842
-1777500.0,262500.0,1500,-6.532052944787771,False,False,8.78258303558119
-1772500.0,262500.0,1500,-4.301545580885857,False,False,8.409136817112751
-1767500.0,262500.0,1500,-3.1659729905490663,False,False,8.196299755185379
-1762500.0,262500.0,1500,-5.424922918088928,False,False,8.165226411213443
-1757500.0,262500.0,1500,-12.556254077707715,False,False,7.3769510374253215
-1752500.0,262500.0,1500,-16.051067386377703,False,False,5.439332035095511
-1747500.0,262500.0,1500,-9.738015478014374,False,False,5.701195453782356
-1742500.0,262500.0,1500,-3.2974524365389697,False,False,6.971192095760525
-1737500.0,262500.0,1500,-0.3607295527613585,False,False,5.687561862032891
-1732500.0,262500.0,1500,0.537766138513049,False,False,5.098459496702701
-1727500.0,262500.0,1500,-1.1178335076676658,False,False,4.847660110920476
-1722500.0,262500.0,1500,-3.51330371923988,False,False,4.621413866213146
-1717500.0,262500.0,1500,-5.1026362920329476,False,False,4.690207525183132
-1712500.0,262500.0,1500,-1.5377522467082603,False,False,4.351852479822013
-1707500.0,262500.0,1500,5.670375631796389,False,False,4.5503627331589716
-1702500.0,262500.0,1500,12.863079739278765,False,False,3.9865456762249596
-1697500.0,262500.0,1500,21.434195074519074,False,False,3.7194869192496807
-1692500.0,262500.0,1500,29.917996876448257,False,False,3.529803929796681
-1687500.0,262500.0,1500,27.842046462123456,False,False,4.148923221686738
-1682500.0,262500.0,1500,21.57535011577217,False,False,6.451308742089962
-1677500.0,262500.0,1500,28.060787936723735,False,False,8.600130329764344
-1672500.0,262500.0,1500,41.21754928724205,False,False,10.135743415312177
-1667500.0,262500.0,1500,47.84912422284169,False,False,11.034335706447987
-1662500.0,262500.0,1500,48.86065765128651,False,False,11.517305304815233
-1657500.0,262500.0,1500,48.374701115214314,False,False,11.786612198459302
-1652500.0,262500.0,1500,45.979437747474364,False,False,11.944575565879077
-2197500.0,267500.0,1500,45.50410999710053,False,False,8.336741995629461
-2192500.0,267500.0,1500,40.677984012803684,False,False,7.302744139801107
-2187500.0,267500.0,1500,37.561209457788735,False,False,5.970032903826239
-2182500.0,267500.0,1500,35.521008253847164,False,False,7.445296749715032
-2177500.0,267500.0,1500,33.10579709080899,False,False,9.490660734378263
-2172500.0,267500.0,1500,30.33881120746172,False,False,9.750154556299021
-2167500.0,267500.0,1500,25.973380895667056,False,False,9.585762076416415
-2162500.0,267500.0,1500,21.22401760528308,False,False,9.210565528656668
-2157500.0,267500.0,1500,17.22077669746243,False,False,8.807732035261719
-2152500.0,267500.0,1500,11.99120311950229,False,False,8.578231579075293
-2147500.0,267500.0,1500,6.829674594341528,False,False,8.64076875011137
-2142500.0,267500.0,1500,2.3815290041507433,False,False,8.949035603216151
-2137500.0,267500.0,1500,-2.9079038853021455,False,False,9.264637666163829
-2132500.0,267500.0,1500,-7.233464587843479,False,False,9.337103840638672
-2127500.0,267500.0,1500,-10.013991763574944,False,False,9.115966952616308
-2122500.0,267500.0,1500,-12.557795416693205,False,False,8.791281173161689
-2117500.0,267500.0,1500,-13.983402527268241,False,False,8.604566422491839
-2112500.0,267500.0,1500,-15.180288645324604,False,False,8.602013422229644
-2107500.0,267500.0,1500,-18.052001215367078,False,False,8.43342039902782
-2102500.0,267500.0,1500,-21.18562199320542,False,False,7.3303381793306865
-2097500.0,267500.0,1500,-23.764363826861615,False,False,5.974436107252929
-2092500.0,267500.0,1500,-26.07911719434719,False,False,5.833320472064267
-2087500.0,267500.0,1500,-26.87522304538612,False,False,7.476335402201084
-2082500.0,267500.0,1500,-25.998123389143693,False,False,9.52258835223929
-2077500.0,267500.0,1500,-24.008720220999752,False,False,10.341502568875995
-2072500.0,267500.0,1500,-20.705899046079374,False,False,10.19668394406188
-2067500.0,267500.0,1500,-16.881163159297103,False,False,9.528307368776955
-2062500.0,267500.0,1500,-13.63746856066006,False,False,8.667563696302302
-2057500.0,267500.0,1500,-11.105329594058134,False,False,7.855876272570228
-2052500.0,267500.0,1500,-9.550996876059903,False,False,7.348542451845883
-2047500.0,267500.0,1500,-9.387934719716311,False,False,7.452077862765135
-2042500.0,267500.0,1500,-10.308787465803656,False,False,8.215242496716668
-2037500.0,267500.0,1500,-11.66465679954379,False,False,9.076988463443689
-2032500.0,267500.0,1500,-12.765643269806123,False,False,9.395892135813853
-2027500.0,267500.0,1500,-12.97581610922317,False,False,9.052612140640164
-2022500.0,267500.0,1500,-12.330060464006687,False,False,8.287289662850522
-2017500.0,267500.0,1500,-11.555572210484373,False,False,7.683432510381697
-2012500.0,267500.0,1500,-11.337399811198859,False,False,7.7029054328893665
-2007500.0,267500.0,1500,-11.503679133278148,False,False,8.041428940137273
-2002500.0,267500.0,1500,-11.427049854656905,False,False,8.326285698315726
-1997500.0,267500.0,1500,-11.424320920784602,False,False,8.700788266751228
-1992500.0,267500.0,1500,-11.317876384197428,False,False,9.3171121192093
-1987500.0,267500.0,1500,-11.03264698835632,False,False,10.118991965727272
-1982500.0,267500.0,1500,-11.257950609943133,False,False,10.962257492147344
-1977500.0,267500.0,1500,-11.639397409644136,False,False,11.653831104074774
-1972500.0,267500.0,1500,-12.442849820259097,False,False,11.83174402436877
-1967500.0,267500.0,1500,-13.65501864713701,False,False,10.772227339396453
-1962500.0,267500.0,1500,-14.35153250248189,False,False,7.004510056661114
-1957500.0,267500.0,1500,-15.007028729504494,False,False,6.342704675923475
-1952500.0,267500.0,1500,-16.024995661539293,False,False,10.19268949031297
-1947500.0,267500.0,1500,-16.502200485768913,False,False,12.657777714287066
-1942500.0,267500.0,1500,-16.74098169128517,False,False,13.730149287306014
-1937500.0,267500.0,1500,-17.68657590669635,False,False,14.171618034263451
-1932500.0,267500.0,1500,-18.112354981625415,False,False,14.35483059596959
-1927500.0,267500.0,1500,-18.034393230981845,False,False,14.413249625042894
-1922500.0,267500.0,1500,-18.936700314774853,False,False,14.405560621681111
-1917500.0,267500.0,1500,-19.99384978115838,False,False,14.362763074562274
-1912500.0,267500.0,1500,-20.971030458277998,False,False,14.299360631455574
-1907500.0,267500.0,1500,-22.095034049949813,False,False,14.219488052589332
-1902500.0,267500.0,1500,-22.12368505463164,False,False,14.118939581197063
-1897500.0,267500.0,1500,-23.223388029639167,False,False,13.990668881040706
-1892500.0,267500.0,1500,-26.43043802121959,False,False,13.826344698387034
-1887500.0,267500.0,1500,-28.282130996385618,False,False,13.617506623960136
-1882500.0,267500.0,1500,-27.189834159425274,False,False,13.359437358300486
-1877500.0,267500.0,1500,-23.503092560545205,False,False,13.049221986998976
-1872500.0,267500.0,1500,-18.896847838386115,False,False,12.677955880434588
-1867500.0,267500.0,1500,-14.313311675594742,False,False,12.231210274610472
-1862500.0,267500.0,1500,-11.49773781226263,False,False,11.701349206390898
-1857500.0,267500.0,1500,-10.405890146149078,False,False,11.100093579670732
-1852500.0,267500.0,1500,-10.028509398011451,False,False,10.463383763899513
-1847500.0,267500.0,1500,-10.97976510225601,False,False,9.840447303713031
-1842500.0,267500.0,1500,-11.799887917552878,False,False,9.296280757879071
-1837500.0,267500.0,1500,-12.610376465857152,False,False,8.939738123449441
-1832500.0,267500.0,1500,-13.521663645094055,False,False,8.914982527129617
-1827500.0,267500.0,1500,-13.441266297601663,False,False,9.245142425231386
-1822500.0,267500.0,1500,-12.364802896211764,False,False,9.720625745552328
-1817500.0,267500.0,1500,-11.6013198865355,False,False,10.133574304419042
-1812500.0,267500.0,1500,-10.960704090994488,False,False,10.436578411294326
-1807500.0,267500.0,1500,-8.194639053690645,False,False,10.581652739710483
-1802500.0,267500.0,1500,-5.556193795041353,False,False,10.478646406671546
-1797500.0,267500.0,1500,-4.979742878077621,False,False,10.109412458490374
-1792500.0,267500.0,1500,-4.231518810596303,False,False,9.560217542475781
-1787500.0,267500.0,1500,-3.6770974813614665,False,False,8.97666347295239
-1782500.0,267500.0,1500,-2.8459837841165183,False,False,8.521495971144251
-1777500.0,267500.0,1500,-0.23309314774952794,False,False,8.2799981180217
-1772500.0,267500.0,1500,1.3355347716326618,False,False,8.195308004924396
-1767500.0,267500.0,1500,0.5627364878858672,False,False,8.176085073170164
-1762500.0,267500.0,1500,-1.5312872235978157,False,False,8.042374932806373
-1757500.0,267500.0,1500,-7.1881018985273055,False,False,6.259218487276289
-1752500.0,267500.0,1500,-10.427114661330272,False,False,5.300123980901441
-1747500.0,267500.0,1500,-6.979045409639936,False,False,6.829199838416102
-1742500.0,267500.0,1500,-3.3814608791542917,False,False,7.030168954359406
-1737500.0,267500.0,1500,-1.5985852358238029,False,False,4.829072487406194
-1732500.0,267500.0,1500,-3.301854686204942,False,False,4.1612237928163776
-1727500.0,267500.0,1500,-6.654917775981432,False,False,4.185898798504395
-1722500.0,267500.0,1500,-8.275993519117877,False,False,4.137966571296525
-1717500.0,267500.0,1500,-10.42463029193216,False,False,4.131116878982944
-1712500.0,267500.0,1500,-8.592619563921724,False,False,3.826356591408822
-1707500.0,267500.0,1500,-0.4071999274399316,False,False,3.860284281444294
-1702500.0,267500.0,1500,9.315419104867868,False,False,3.7249812423810633
-1697500.0,267500.0,1500,19.58119555778874,False,False,4.104564032894594
-1692500.0,267500.0,1500,28.997871194867628,False,False,3.787883110059378
-1687500.0,267500.0,1500,30.67557888677875,False,False,5.169320833156102
-1682500.0,267500.0,1500,27.021332232682884,False,False,8.026788442229133
-1677500.0,267500.0,1500,31.425307173701643,False,False,9.798990841993813
-1672500.0,267500.0,1500,39.154922353595104,False,False,10.803354211080048
-1667500.0,267500.0,1500,40.168899412586796,False,False,11.375723529811388
-1662500.0,267500.0,1500,40.39994990242661,False,False,11.695846289456336
-1657500.0,267500.0,1500,41.96925880122118,False,False,11.881739006810374
-1652500.0,267500.0,1500,40.6545490163048,False,False,11.994426217770709
-2197500.0,272500.0,1500,43.004327930767914,False,False,8.642426909220976
-2192500.0,272500.0,1500,37.96339835408023,False,False,7.594487820901014
-2187500.0,272500.0,1500,34.15451098177859,False,False,6.034828073835872
-2182500.0,272500.0,1500,32.15493271806472,False,False,7.461269180905794
-2177500.0,272500.0,1500,29.646977168590126,False,False,9.466791850146622
-2172500.0,272500.0,1500,27.022199333160223,False,False,9.418118433192308
-2167500.0,272500.0,1500,23.677963118192395,False,False,8.99399293202503
-2162500.0,272500.0,1500,19.12877487814206,False,False,8.648399697592387
-2157500.0,272500.0,1500,15.549396587307978,False,False,8.583472254522501
-2152500.0,272500.0,1500,10.936408435738048,False,False,8.817433421029044
-2147500.0,272500.0,1500,5.304879685678095,False,False,9.162218123967584
-2142500.0,272500.0,1500,0.5820553441759763,False,False,9.3689124769601
-2137500.0,272500.0,1500,-5.025853704798926,False,False,9.281043600845356
-2132500.0,272500.0,1500,-10.082361480571787,False,False,8.942362341055539
-2127500.0,272500.0,1500,-12.865232231018114,False,False,8.624652887121949
-2122500.0,272500.0,1500,-15.381535415891323,False,False,8.56607445930784
-2117500.0,272500.0,1500,-17.03088180751652,False,False,8.626998636426688
-2112500.0,272500.0,1500,-17.76865084712958,False,False,8.177605822530452
-2107500.0,272500.0,1500,-20.28881645871172,False,False,6.687554160330314
-2102500.0,272500.0,1500,-23.188664305213027,False,False,5.642387984472768
-2097500.0,272500.0,1500,-24.484118592950818,False,False,6.469876148836828
-2092500.0,272500.0,1500,-25.815670208956245,False,False,8.542780200353889
-2087500.0,272500.0,1500,-26.13348321001259,False,False,10.269001313239249
-2082500.0,272500.0,1500,-24.59834301978682,False,False,10.766459426570467
-2077500.0,272500.0,1500,-23.22773568788326,False,False,10.427137709770877
-2072500.0,272500.0,1500,-20.73392606616223,False,False,9.575541296141388
-2067500.0,272500.0,1500,-17.19419701966084,False,False,8.540615065405447
-2062500.0,272500.0,1500,-14.443985520537215,False,False,7.660289615900063
-2057500.0,272500.0,1500,-11.431384471350247,False,False,7.308354596999988
-2052500.0,272500.0,1500,-9.207192331247922,False,False,7.701173406430806
-2047500.0,272500.0,1500,-8.721719005810842,False,False,8.553819756194308
-2042500.0,272500.0,1500,-8.868003482707238,False,False,9.201112919974605
-2037500.0,272500.0,1500,-9.878747273081446,False,False,9.185389136093164
-2032500.0,272500.0,1500,-10.725147406374688,False,False,8.637006403706438
-2027500.0,272500.0,1500,-10.616063730625173,False,False,8.027760315018995
-2022500.0,272500.0,1500,-10.20118146828533,False,False,7.652334178519916
-2017500.0,272500.0,1500,-9.751987892182514,False,False,7.714873343931544
-2012500.0,272500.0,1500,-9.845086132315389,False,False,8.158356738006816
-2007500.0,272500.0,1500,-10.396304328677962,False,False,8.586234224491388
-2002500.0,272500.0,1500,-10.863521571053969,False,False,8.991660604428425
-1997500.0,272500.0,1500,-11.43324381436591,False,False,9.626750756783633
-1992500.0,272500.0,1500,-11.485126052787479,False,False,10.469689604042491
-1987500.0,272500.0,1500,-11.160440298705037,False,False,11.328712971537318
-1982500.0,272500.0,1500,-11.246830284825492,False,False,12.062753126269218
-1977500.0,272500.0,1500,-11.080257075234943,False,False,12.547312227181095
-1972500.0,272500.0,1500,-11.931570845646297,False,False,12.544319394784294
-1967500.0,272500.0,1500,-13.478300827607528,False,False,11.48855644010417
-1962500.0,272500.0,1500,-14.337070105378004,False,False,8.040457548767643
-1957500.0,272500.0,1500,-15.639711857575184,False,False,6.302743064383616
-1952500.0,272500.0,1500,-17.07566965698152,False,False,9.267823236694245
-1947500.0,272500.0,1500,-17.836141667949544,False,False,12.330198823784158
-1942500.0,272500.0,1500,-18.17774705492468,False,False,13.608399929851728
-1937500.0,272500.0,1500,-18.678137486558633,False,False,14.112738290027345
-1932500.0,272500.0,1500,-19.33478959774022,False,False,14.294887897810703
-1927500.0,272500.0,1500,-19.75422783145031,False,False,14.32198452800435
-1922500.0,272500.0,1500,-20.77822651347083,False,False,14.270230069260998
-1917500.0,272500.0,1500,-22.123271823078706,False,False,14.175369141628899
-1912500.0,272500.0,1500,-22.781473831033068,False,False,14.052140622936815
-1907500.0,272500.0,1500,-23.811572127394474,False,False,13.90211849392933
-1902500.0,272500.0,1500,-24.392181066537805,False,False,13.718731538832433
-1897500.0,272500.0,1500,-25.367112253268992,False,False,13.493377957423586
-1892500.0,272500.0,1500,-28.31669411906417,False,False,13.215563685235175
-1887500.0,272500.0,1500,-28.415199225010003,False,False,12.87567667571472
-1882500.0,272500.0,1500,-24.507972063532513,False,False,12.472818587609595
-1877500.0,272500.0,1500,-20.50308367123658,False,False,12.015451373371583
-1872500.0,272500.0,1500,-16.596360406828467,False,False,11.504857308705787
-1867500.0,272500.0,1500,-13.825684522155502,False,False,10.931841681365855
-1862500.0,272500.0,1500,-13.62047615506151,False,False,10.30776906070851
-1857500.0,272500.0,1500,-13.226845113412967,False,False,9.688479384470007
-1852500.0,272500.0,1500,-12.700548914765967,False,False,9.178425995544707
-1847500.0,272500.0,1500,-13.030172290757582,False,False,8.886548503215007
-1842500.0,272500.0,1500,-13.829708194648562,False,False,8.860741746908637
-1837500.0,272500.0,1500,-14.887593634879101,False,False,9.096221708319197
-1832500.0,272500.0,1500,-15.064234485218783,False,False,9.561533572938613
-1827500.0,272500.0,1500,-14.450218795587313,False,False,10.141371856267824
-1822500.0,272500.0,1500,-13.317329448971694,False,False,10.610125674618633
-1817500.0,272500.0,1500,-11.982556348626316,False,False,10.794667889350706
-1812500.0,272500.0,1500,-7.370255335371496,False,False,10.691018228376526
-1807500.0,272500.0,1500,1.9666202750094095,False,False,10.341347569827564
-1802500.0,272500.0,1500,8.083750395578248,False,False,9.843515049005887
-1797500.0,272500.0,1500,9.461006442948495,False,False,9.208829050749857
-1792500.0,272500.0,1500,9.735187866549227,False,False,8.580635559922863
-1787500.0,272500.0,1500,8.929785185081476,False,False,8.220513149174794
-1782500.0,272500.0,1500,9.33331844818225,False,False,8.10337904524116
-1777500.0,272500.0,1500,9.711252221214204,False,False,8.094026874094785
-1772500.0,272500.0,1500,8.919144149283001,False,False,8.055323519305043
-1767500.0,272500.0,1500,6.414075793215308,False,False,7.914467335690196
-1762500.0,272500.0,1500,5.56544405293911,False,False,7.0841100884240955
-1757500.0,272500.0,1500,3.140403795610197,False,False,4.978564577144141
-1752500.0,272500.0,1500,-0.05158942873615835,False,False,4.868443415457879
-1747500.0,272500.0,1500,-1.533624199727168,False,False,6.831402211325653
-1742500.0,272500.0,1500,-3.4410182551600097,False,False,6.432767155265706
-1737500.0,272500.0,1500,-3.891547923439764,False,False,4.606599695201697
-1732500.0,272500.0,1500,-6.700488175261088,False,False,4.200310117504789
-1727500.0,272500.0,1500,-9.072742894299585,False,False,4.144760401717553
-1722500.0,272500.0,1500,-9.335347291340076,False,False,4.144226693363056
-1717500.0,272500.0,1500,-10.787782174689667,False,False,3.971826289114028
-1712500.0,272500.0,1500,-10.254969067056887,False,False,3.885782111084751
-1707500.0,272500.0,1500,-6.06539882532256,False,False,3.681083386008429
-1702500.0,272500.0,1500,2.8595701245499816,False,False,4.032764712555828
-1697500.0,272500.0,1500,16.25094295149911,False,False,4.434028777229829
-1692500.0,272500.0,1500,30.11304553753623,False,False,4.1935693666895055
-1687500.0,272500.0,1500,37.714999530008896,False,False,6.319528973103125
-1682500.0,272500.0,1500,35.1184673726327,False,False,9.051564547867669
-1677500.0,272500.0,1500,32.3595164473246,False,False,10.50886576604803
-1672500.0,272500.0,1500,28.519657359830155,False,False,11.233968282535304
-1667500.0,272500.0,1500,21.845181142607185,False,False,11.616504845646622
-1662500.0,272500.0,1500,21.818184942158005,False,False,11.822109826012586
-1657500.0,272500.0,1500,26.737806972867833,False,False,11.937259562993532
-1652500.0,272500.0,1500,27.658560866472467,False,False,12.017378910678136
-2197500.0,277500.0,1500,40.19265099641246,False,False,9.302154064753495
-2192500.0,277500.0,1500,34.91463588624894,False,False,8.069143158894013
-2187500.0,277500.0,1500,30.283931528654346,False,False,6.053915610326521
-2182500.0,277500.0,1500,28.1030779845928,False,False,7.109166634319424
-2177500.0,277500.0,1500,26.679038662106084,False,False,8.923341620152009
-2172500.0,277500.0,1500,24.269070880833997,False,False,8.773074850426722
-2167500.0,277500.0,1500,21.367172511246334,False,False,8.59265070565046
-2162500.0,277500.0,1500,17.60503176259019,False,False,8.683247665761563
-2157500.0,277500.0,1500,13.755041061154914,False,False,8.977969647094993
-2152500.0,277500.0,1500,9.52309585354957,False,False,9.286378962173398
-2147500.0,277500.0,1500,3.971413280358975,False,False,9.365429183478849
-2142500.0,277500.0,1500,-1.3732253704244461,False,False,9.138300853632014
-2137500.0,277500.0,1500,-6.684089913825308,False,False,8.789017953047399
-2132500.0,277500.0,1500,-12.368902295979272,False,False,8.585691956902561
-2127500.0,277500.0,1500,-16.000048883392953,False,False,8.610649191410342
-2122500.0,277500.0,1500,-18.261913880922833,False,False,8.570098907666111
-2117500.0,277500.0,1500,-20.127530503484568,False,False,7.642541974228589
-2112500.0,277500.0,1500,-20.69257587463735,False,False,6.145124247540819
-2107500.0,277500.0,1500,-22.212958661135378,False,False,5.692316660010175
-2102500.0,277500.0,1500,-24.470200698352123,False,False,7.2397912025402755
-2097500.0,277500.0,1500,-25.181201121404705,False,False,9.527313708878237
-2092500.0,277500.0,1500,-25.68527344909307,False,False,10.827882769074359
-2087500.0,277500.0,1500,-25.787109403181148,False,False,11.087158679176323
-2082500.0,277500.0,1500,-24.623901758888756,False,False,10.579398316706376
-2077500.0,277500.0,1500,-23.536941370525444,False,False,9.538068856921585
-2072500.0,277500.0,1500,-22.01526609926967,False,False,8.338067401233197
-2067500.0,277500.0,1500,-18.83198605516836,False,False,7.495698151380032
-2062500.0,277500.0,1500,-15.153602670715753,False,False,7.413380167574508
-2057500.0,277500.0,1500,-11.69616112479136,False,False,8.049630115311988
-2052500.0,277500.0,1500,-8.729934576213118,False,False,8.897662185174493
-2047500.0,277500.0,1500,-7.793058857828823,False,False,9.315275331595975
-2042500.0,277500.0,1500,-8.256989918563026,False,False,9.006448443017366
-2037500.0,277500.0,1500,-8.70755685095175,False,False,8.237005810009794
-2032500.0,277500.0,1500,-9.070015840080261,False,False,7.65567034484253
-2027500.0,277500.0,1500,-8.592301841122076,False,False,7.602233153025165
-2022500.0,277500.0,1500,-7.593601971074634,False,False,7.815970869208901
-2017500.0,277500.0,1500,-7.648289732180657,False,False,8.13950810645457
-2012500.0,277500.0,1500,-8.219428115348336,False,False,8.643344066982257
-2007500.0,277500.0,1500,-8.925035203432472,False,False,9.266940392076949
-2002500.0,277500.0,1500,-10.108583314793806,False,False,9.985931501771692
-1997500.0,277500.0,1500,-11.102161559304138,False,False,10.810323601494849
-1992500.0,277500.0,1500,-11.40362660153595,False,False,11.639697252267265
-1987500.0,277500.0,1500,-11.284397900582228,False,False,12.355544082838804
-1982500.0,277500.0,1500,-11.031818247127005,False,False,12.89381680259618
-1977500.0,277500.0,1500,-10.670313323255046,False,False,13.186185022542748
-1972500.0,277500.0,1500,-11.237847542122767,False,False,13.065380546635446
-1967500.0,277500.0,1500,-12.399314891043037,False,False,12.059827414829554
-1962500.0,277500.0,1500,-13.62961665955317,False,False,9.117926075354926
-1957500.0,277500.0,1500,-15.287208782729492,False,False,6.248063509714243
-1952500.0,277500.0,1500,-16.89263418782373,False,False,8.162779147539489
-1947500.0,277500.0,1500,-18.19375750367608,False,False,11.887125249303274
-1942500.0,277500.0,1500,-19.005764029868278,False,False,13.380750485332332
-1937500.0,277500.0,1500,-19.606494033058148,False,False,13.953547735848419
-1932500.0,277500.0,1500,-20.322730376573237,False,False,14.123320010283894
-1927500.0,277500.0,1500,-21.027405877556653,False,False,14.10314536762045
-1922500.0,277500.0,1500,-22.191646552810433,False,False,13.988717398487454
-1917500.0,277500.0,1500,-23.677016181574896,False,False,13.820031789371054
-1912500.0,277500.0,1500,-24.704219368148404,False,False,13.611673833931755
-1907500.0,277500.0,1500,-25.570571277316013,False,False,13.362566541950072
-1902500.0,277500.0,1500,-26.476555537664986,False,False,13.065175040118248
-1897500.0,277500.0,1500,-27.619978046788514,False,False,12.7124297515205
-1892500.0,277500.0,1500,-28.57573963065397,False,False,12.297017317245958
-1887500.0,277500.0,1500,-27.09470137413023,False,False,11.812599608297733
-1882500.0,277500.0,1500,-23.091143168530433,False,False,11.266202609914403
-1877500.0,277500.0,1500,-19.462130831254612,False,False,10.69388578577989
-1872500.0,277500.0,1500,-16.69499558191046,False,False,10.131024301070243
-1867500.0,277500.0,1500,-14.937392966772304,False,False,9.593311950600587
-1862500.0,277500.0,1500,-14.959093269937656,False,False,9.133762762183187
-1857500.0,277500.0,1500,-14.906835306059804,False,False,8.848267947896055
-1852500.0,277500.0,1500,-14.89074181710569,False,False,8.828478236798283
-1847500.0,277500.0,1500,-15.894494217366388,False,False,9.108113228654954
-1842500.0,277500.0,1500,-16.783682248044027,False,False,9.600361156023167
-1837500.0,277500.0,1500,-16.99043993025592,False,False,10.147913032550818
-1832500.0,277500.0,1500,-16.85951088879924,False,False,10.617910529076179
-1827500.0,277500.0,1500,-16.16700483954809,False,False,10.9069145704477
-1822500.0,277500.0,1500,-14.498258579285217,False,False,10.917967229283622
-1817500.0,277500.0,1500,-10.032034978925456,False,False,10.61075883465327
-1812500.0,277500.0,1500,4.312570183911963,False,False,10.037953553065183
-1807500.0,277500.0,1500,19.566308449705677,False,False,9.297722325460448
-1802500.0,277500.0,1500,26.536813009236095,False,False,8.619766102011912
-1797500.0,277500.0,1500,29.33430149552222,False,False,8.080006105839857
-1792500.0,277500.0,1500,27.4362039700985,False,False,7.732060268492077
-1787500.0,277500.0,1500,25.18123573000261,False,False,7.6203904401787526
-1782500.0,277500.0,1500,26.6578225342913,False,False,7.362048243086189
-1777500.0,277500.0,1500,29.990442189766526,False,False,6.502485430868802
-1772500.0,277500.0,1500,28.512647431370176,False,False,5.773320683152512
-1767500.0,277500.0,1500,19.58786519670773,False,False,5.509577093265032
-1762500.0,277500.0,1500,15.027306438859961,False,False,4.6180178255619255
-1757500.0,277500.0,1500,12.029742630822318,False,False,3.8951837587420304
-1752500.0,277500.0,1500,7.609095489502851,False,False,4.478194706845303
-1747500.0,277500.0,1500,4.976208651865205,False,False,5.877616220959028
-1742500.0,277500.0,1500,0.6774688259636866,False,False,5.3410810803107385
-1737500.0,277500.0,1500,-2.3245803452198563,False,False,4.371816932670505
-1732500.0,277500.0,1500,-5.423730103245608,False,False,4.157056714377986
-1727500.0,277500.0,1500,-8.30485359194537,False,False,3.911165584268232
-1722500.0,277500.0,1500,-9.783700051208326,False,False,3.9394259410667436
-1717500.0,277500.0,1500,-9.01385779055786,False,False,3.95951224743896
-1712500.0,277500.0,1500,-7.308930444442822,False,False,4.236936367717096
-1707500.0,277500.0,1500,-8.072045987163623,False,False,3.94797051559139
-1702500.0,277500.0,1500,-4.924971436912837,False,False,4.531315896077601
-1697500.0,277500.0,1500,7.704246070141999,False,False,4.26405783526755
-1692500.0,277500.0,1500,26.680574257971244,False,False,4.585750701402756
-1687500.0,277500.0,1500,40.706739323303594,False,False,7.474506621493587
-1682500.0,277500.0,1500,40.41914060860896,False,False,9.767026571197837
-1677500.0,277500.0,1500,33.16424827817927,False,False,10.931375957007182
-1672500.0,277500.0,1500,21.749815164656688,False,False,11.489743567422009
-1667500.0,277500.0,1500,8.877811937055053,False,False,11.766981099148497
-1662500.0,277500.0,1500,4.5528783807439925,False,False,11.908697046245361
-1657500.0,277500.0,1500,7.786916383585162,False,False,11.986024467558732
-1652500.0,277500.0,1500,9.197845398340078,False,False,12.04874031862857
-2197500.0,282500.0,1500,37.715882382583224,False,False,9.720711020472018
-2192500.0,282500.0,1500,32.71052000735215,False,False,8.419566319169638
-2187500.0,282500.0,1500,28.180380356687095,False,False,6.189988935674453
-2182500.0,282500.0,1500,25.416775345601085,False,False,6.792619469385723
-2177500.0,282500.0,1500,23.858062242166405,False,False,8.427946855684091
-2172500.0,282500.0,1500,21.607663137520063,False,False,8.475095266022143
-2167500.0,282500.0,1500,18.726173281456298,False,False,8.751073029917713
-2162500.0,282500.0,1500,15.576312233751281,False,False,9.136148144310873
-2157500.0,282500.0,1500,11.563062402724908,False,False,9.33510383991743
-2152500.0,282500.0,1500,7.288209271611112,False,False,9.255292969711668
-2147500.0,282500.0,1500,2.4276600523007685,False,False,8.956365795304954
-2142500.0,282500.0,1500,-3.35815231773371,False,False,8.671391255315424
-2137500.0,282500.0,1500,-8.794525737883914,False,False,8.61955155115502
-2132500.0,282500.0,1500,-14.252139837784949,False,False,8.713077800861956
-2127500.0,282500.0,1500,-18.76884759595523,False,False,8.395097572347758
-2122500.0,282500.0,1500,-21.034570173232524,False,False,6.977810769842913
-2117500.0,282500.0,1500,-22.466168808491627,False,False,5.7467555240101005
-2112500.0,282500.0,1500,-23.375904030030384,False,False,6.195020335807774
-2107500.0,282500.0,1500,-23.96954185829255,False,False,8.206242945401563
-2102500.0,282500.0,1500,-25.372365875242153,False,False,10.281757232807768
-2097500.0,282500.0,1500,-26.256744387596076,False,False,11.174692612618317
-2092500.0,282500.0,1500,-25.97326183242031,False,False,11.205523251985161
-2087500.0,282500.0,1500,-26.037688645942158,False,False,10.541425529070153
-2082500.0,282500.0,1500,-25.46312277016301,False,False,9.3616173981424
-2077500.0,282500.0,1500,-23.99671597770565,False,False,8.117748570768565
-2072500.0,282500.0,1500,-22.69368715100047,False,False,7.43402408495407
-2067500.0,282500.0,1500,-19.31968997089624,False,False,7.643805455441778
-2062500.0,282500.0,1500,-14.3711103219026,False,False,8.45266339613722
-2057500.0,282500.0,1500,-10.568831379698674,False,False,9.158564410267633
-2052500.0,282500.0,1500,-7.407890875719923,False,False,9.26453239367547
-2047500.0,282500.0,1500,-6.308494580389966,False,False,8.752883715136852
-2042500.0,282500.0,1500,-7.498553487942716,False,False,7.998612421548074
-2037500.0,282500.0,1500,-7.792145556770059,False,False,7.5263503630386115
-2032500.0,282500.0,1500,-7.584990121375094,False,False,7.58684948309412
-2027500.0,282500.0,1500,-7.190878444372828,False,False,7.899569783511954
-2022500.0,282500.0,1500,-5.937953551777169,False,False,8.17522844041918
-2017500.0,282500.0,1500,-5.997198429439727,False,False,8.59215966280163
-2012500.0,282500.0,1500,-7.054068517935227,False,False,9.322408184853096
-2007500.0,282500.0,1500,-8.041134230104504,False,False,10.223873474945396
-2002500.0,282500.0,1500,-9.418136131222095,False,False,11.111246197009972
-1997500.0,282500.0,1500,-10.354360294659203,False,False,11.907745336212558
-1992500.0,282500.0,1500,-10.917389317817683,False,False,12.578695726582307
-1987500.0,282500.0,1500,-11.627586363199367,False,False,13.102083422228148
-1982500.0,282500.0,1500,-11.598082841266802,False,False,13.461558831305783
-1977500.0,282500.0,1500,-11.067196628149084,False,False,13.61486980323709
-1972500.0,282500.0,1500,-10.922323579799164,False,False,13.430064368331752
-1967500.0,282500.0,1500,-10.889386063074967,False,False,12.517318135061767
-1962500.0,282500.0,1500,-11.42167278077686,False,False,10.089895232625446
-1957500.0,282500.0,1500,-12.809197045103563,False,False,6.270969377336193
-1952500.0,282500.0,1500,-14.727445977613016,False,False,7.1296394796600016
-1947500.0,282500.0,1500,-16.600987452558854,False,False,11.323103234292784
-1942500.0,282500.0,1500,-18.221737363141777,False,False,13.04557495274846
-1937500.0,282500.0,1500,-19.86557893608225,False,False,13.677308408556843
-1932500.0,282500.0,1500,-20.934304331803727,False,False,13.805225970652385
-1927500.0,282500.0,1500,-21.9095592913031,False,False,13.706266854913201
-1922500.0,282500.0,1500,-23.342701262277284,False,False,13.496394560642972
-1917500.0,282500.0,1500,-24.693381951397875,False,False,13.222452792538952
-1912500.0,282500.0,1500,-26.215731408205098,False,False,12.900853765093458
-1907500.0,282500.0,1500,-27.320750757460498,False,False,12.528394474311822
-1902500.0,282500.0,1500,-28.199433875484395,False,False,12.099748342165576
-1897500.0,282500.0,1500,-28.66372266779763,False,False,11.61787880078401
-1892500.0,282500.0,1500,-27.248574449902527,False,False,11.090977252457824
-1887500.0,282500.0,1500,-25.04077764973794,False,False,10.526466383672037
-1882500.0,282500.0,1500,-22.529107722774175,False,False,9.945158043402795
-1877500.0,282500.0,1500,-19.602876155651014,False,False,9.421836461732394
-1872500.0,282500.0,1500,-17.650444145133324,False,False,9.043672479310374
-1867500.0,282500.0,1500,-16.002620280594304,False,False,8.848489022037159
-1862500.0,282500.0,1500,-15.654076301003556,False,False,8.876452366623676
-1857500.0,282500.0,1500,-16.771267202739754,False,False,9.151121297646114
-1852500.0,282500.0,1500,-17.0317527427267,False,False,9.621224573567813
-1847500.0,282500.0,1500,-17.598996324426203,False,False,10.184497933135576
-1842500.0,282500.0,1500,-18.202900942684092,False,False,10.697751461533613
-1837500.0,282500.0,1500,-17.610411074053555,False,False,11.02296482368395
-1832500.0,282500.0,1500,-17.259316112905083,False,False,11.088030960664366
-1827500.0,282500.0,1500,-17.058801972090663,False,False,10.880378486780565
-1822500.0,282500.0,1500,-14.040455343026734,False,False,10.423480293399859
-1817500.0,282500.0,1500,-6.102050197632913,False,False,9.790857069011654
-1812500.0,282500.0,1500,12.777583516477385,False,False,9.061173404500236
-1807500.0,282500.0,1500,28.062521828802375,False,False,8.273065281378237
-1802500.0,282500.0,1500,36.887912970731875,False,False,7.598813525061372
-1797500.0,282500.0,1500,44.94252387566008,False,True,7.2330524963683285
-1792500.0,282500.0,1500,43.387022457581,False,True,7.029008766773568
-1787500.0,282500.0,1500,40.21394670716181,False,False,6.3506139532443875
-1782500.0,282500.0,1500,40.82263770312453,False,False,5.317327431526229
-1777500.0,282500.0,1500,44.784475735274256,False,False,4.686059426118827
-1772500.0,282500.0,1500,43.04964720666385,False,False,4.82597216031986
-1767500.0,282500.0,1500,33.29363797729174,False,False,4.824682487465118
-1762500.0,282500.0,1500,25.42353777068333,False,False,3.6915484558067795
-1757500.0,282500.0,1500,18.907655313960188,False,False,3.902703973279687
-1752500.0,282500.0,1500,14.806364104688717,False,False,5.227077076022102
-1747500.0,282500.0,1500,12.553615753126184,False,False,5.682552917156631
-1742500.0,282500.0,1500,7.754490977335927,False,False,4.5881540023460685
-1737500.0,282500.0,1500,2.2746289610098147,False,False,4.098688842259612
-1732500.0,282500.0,1500,-3.8984016781795634,False,False,4.018314872164104
-1727500.0,282500.0,1500,-9.979553698033712,False,False,3.9035178991457293
-1722500.0,282500.0,1500,-12.757180368904278,False,False,3.9127764560698886
-1717500.0,282500.0,1500,-8.865632895914958,False,False,4.119041459395919
-1712500.0,282500.0,1500,-3.840433784767646,False,False,4.252049756471301
-1707500.0,282500.0,1500,-5.63220587018271,False,False,4.113951315151149
-1702500.0,282500.0,1500,-9.807631480835957,False,False,4.833650653487192
-1697500.0,282500.0,1500,-3.4684937426791578,False,False,4.178194521230351
-1692500.0,282500.0,1500,16.67760208468923,False,False,5.336672965869357
-1687500.0,282500.0,1500,34.897977406295325,False,False,8.442503589294613
-1682500.0,282500.0,1500,39.618885450163255,False,False,10.29155032806745
-1677500.0,282500.0,1500,35.05951124347165,False,False,11.204108453645617
-1672500.0,282500.0,1500,23.798793678458118,False,False,11.646958657472242
-1667500.0,282500.0,1500,9.095281812440092,False,False,11.86816694838878
-1662500.0,282500.0,1500,-0.45297114871100175,False,False,11.98181135451133
-1657500.0,282500.0,1500,-3.6263630688588075,False,False,12.05048245999485
-1652500.0,282500.0,1500,-5.815770238999382,False,False,12.111210883586319
-2197500.0,287500.0,1500,35.116470037610895,False,False,9.474531540399639
-2192500.0,287500.0,1500,30.62990104063019,False,False,8.36843163814289
-2187500.0,287500.0,1500,26.612552580241964,False,False,6.049757558020742
-2182500.0,287500.0,1500,23.7034401031593,False,False,6.45124893076887
-2177500.0,287500.0,1500,21.157670330163036,False,False,8.444444628251244
-2172500.0,287500.0,1500,18.490231500092083,False,False,8.794845867295543
-2167500.0,287500.0,1500,15.425961121492534,False,False,9.159031488778995
-2162500.0,287500.0,1500,12.20334167437777,False,False,9.281538431322543
-2157500.0,287500.0,1500,8.538939523416554,False,False,9.037484655273195
-2152500.0,287500.0,1500,4.280271002406017,False,False,8.72075532291452
-2147500.0,287500.0,1500,-0.0822360479878376,False,False,8.607305033094278
-2142500.0,287500.0,1500,-5.5816997294440425,False,False,8.70840256961965
-2137500.0,287500.0,1500,-11.284655778289347,False,False,8.73942357439428
-2132500.0,287500.0,1500,-16.17307713215085,False,False,7.98597319693369
-2127500.0,287500.0,1500,-20.7824113215191,False,False,6.394564394697929
-2122500.0,287500.0,1500,-23.493214464948366,False,False,5.619485559127224
-2117500.0,287500.0,1500,-24.708400514307286,False,False,6.941096188324565
-2112500.0,287500.0,1500,-26.016989778885915,False,False,9.232565600382742
-2107500.0,287500.0,1500,-25.90833967658785,False,False,10.799192719941788
-2102500.0,287500.0,1500,-26.298066571541654,False,False,11.335687005713702
-2097500.0,287500.0,1500,-27.663821923488552,False,False,11.104803597351559
-2092500.0,287500.0,1500,-27.286769875451515,False,False,10.236661251662348
-2087500.0,287500.0,1500,-26.739825699836338,False,False,8.985021128402483
-2082500.0,287500.0,1500,-25.757036853762195,False,False,7.859033960767356
-2077500.0,287500.0,1500,-23.5469981002804,False,False,7.476402595564339
-2072500.0,287500.0,1500,-21.38439377627956,False,False,7.984433202816334
-2067500.0,287500.0,1500,-17.744493953573073,False,False,8.826363801467766
-2062500.0,287500.0,1500,-12.50615845932789,False,False,9.28578912073731
-2057500.0,287500.0,1500,-8.190522707644192,False,False,9.061671272700075
-2052500.0,287500.0,1500,-5.319385303306875,False,False,8.376166455167345
-2047500.0,287500.0,1500,-4.23493878891957,False,False,7.718747560083502
-2042500.0,287500.0,1500,-5.345071701699595,False,False,7.471955241323432
-2037500.0,287500.0,1500,-6.422062097431291,False,False,7.64809302318419
-2032500.0,287500.0,1500,-6.340475165910609,False,False,7.978332626836387
-2027500.0,287500.0,1500,-6.437054031570993,False,False,8.258686135818413
-2022500.0,287500.0,1500,-6.001031079553671,False,False,8.632373979239416
-2017500.0,287500.0,1500,-5.537790462701998,False,False,9.343844372687364
-2012500.0,287500.0,1500,-6.445037781372097,False,False,10.315310094983342
-2007500.0,287500.0,1500,-7.500036251415443,False,False,11.28423866301453
-2002500.0,287500.0,1500,-8.479706283118805,False,False,12.101384396124637
-1997500.0,287500.0,1500,-9.500643025110005,False,False,12.744974484454321
-1992500.0,287500.0,1500,-9.930603643594106,False,False,13.235802004454909
-1987500.0,287500.0,1500,-10.59992519308404,False,False,13.592522705196878
-1982500.0,287500.0,1500,-11.568926090372155,False,False,13.815816009955752
-1977500.0,287500.0,1500,-11.501059570017121,False,False,13.87520365754346
-1972500.0,287500.0,1500,-10.53814656843981,False,False,13.661385994446634
-1967500.0,287500.0,1500,-9.414524686582117,False,False,12.866738133085981
-1962500.0,287500.0,1500,-8.592404683280689,False,False,10.861058647064782
-1957500.0,287500.0,1500,-9.152529717634337,False,False,6.567448511504305
-1952500.0,287500.0,1500,-11.24616975942394,False,False,6.419282241861199
-1947500.0,287500.0,1500,-13.562379908802496,False,False,10.598407579417454
-1942500.0,287500.0,1500,-15.75448470586843,False,False,12.588866798407748
-1937500.0,287500.0,1500,-17.912127610490035,False,False,13.247175288480896
-1932500.0,287500.0,1500,-19.621412152170112,False,False,13.285682318342614
-1927500.0,287500.0,1500,-21.046106636952267,False,False,13.063790721495709
-1922500.0,287500.0,1500,-22.507283671513253,False,False,12.718958419248484
-1917500.0,287500.0,1500,-24.049557932359242,False,False,12.313245240687872
-1912500.0,287500.0,1500,-25.860502482671883,False,False,11.87272009914661
-1907500.0,287500.0,1500,-27.434891287411194,False,False,11.394252046741858
-1902500.0,287500.0,1500,-28.605367432302508,False,False,10.877549968396233
-1897500.0,287500.0,1500,-27.856716221292622,False,False,10.34518230635408
-1892500.0,287500.0,1500,-25.618159744503863,False,False,9.830590069073416
-1887500.0,287500.0,1500,-24.142123944046592,False,False,9.364793621362368
-1882500.0,287500.0,1500,-22.783908681783895,False,False,8.988015953235493
-1877500.0,287500.0,1500,-20.91099397176153,False,False,8.792887825368108
-1872500.0,287500.0,1500,-19.724166369668527,False,False,8.863340607288627
-1867500.0,287500.0,1500,-18.84252098803664,False,False,9.178463943629342
-1862500.0,287500.0,1500,-18.12073071178067,False,False,9.66818096006828
-1857500.0,287500.0,1500,-18.502948266200224,False,False,10.237096684531217
-1852500.0,287500.0,1500,-18.533642560701534,False,False,10.755776774550522
-1847500.0,287500.0,1500,-18.37602337322152,False,False,11.115551834237802
-1842500.0,287500.0,1500,-18.901249623830928,False,False,11.241686697882674
-1837500.0,287500.0,1500,-17.520013088572195,False,False,11.094642883324115
-1832500.0,287500.0,1500,-15.272071813295698,False,False,10.694823133471953
-1827500.0,287500.0,1500,-14.33215170012415,False,False,10.127503259027518
-1822500.0,287500.0,1500,-11.053304864240129,False,False,9.514106802442164
-1817500.0,287500.0,1500,-4.438371118789392,False,False,8.961601893342323
-1812500.0,287500.0,1500,9.406977067154266,False,False,8.4906588745494
-1807500.0,287500.0,1500,22.93145226803662,False,True,7.952093617765019
-1802500.0,287500.0,1500,34.2959306889244,False,True,7.402772579261978
-1797500.0,287500.0,1500,46.083254077927386,False,True,7.007345467532203
-1792500.0,287500.0,1500,49.393503391145295,False,True,6.043079005375779
-1787500.0,287500.0,1500,47.8166417259574,False,True,4.793383053054831
-1782500.0,287500.0,1500,47.83606349424506,False,True,4.816877322230056
-1777500.0,287500.0,1500,49.38468702955829,False,False,5.968566334797535
-1772500.0,287500.0,1500,48.44681245477061,False,False,6.977965502420795
-1767500.0,287500.0,1500,45.37754340839117,False,False,6.526201712919883
-1762500.0,287500.0,1500,37.950690275892725,False,False,4.439906895475459
-1757500.0,287500.0,1500,30.648001468991264,False,False,4.362711270672876
-1752500.0,287500.0,1500,27.39525462493681,False,False,5.855837988660614
-1747500.0,287500.0,1500,21.09249965743577,False,False,5.609593994283004
-1742500.0,287500.0,1500,12.375455476334071,False,False,4.557616615185318
-1737500.0,287500.0,1500,2.5206499943173326,False,False,4.1767522516818545
-1732500.0,287500.0,1500,-6.192707013072298,False,False,4.034869859377327
-1727500.0,287500.0,1500,-10.421604089823505,False,False,4.0771842863121375
-1722500.0,287500.0,1500,-11.938910101446456,False,False,4.050383239933113
-1717500.0,287500.0,1500,-10.045001868010916,False,False,4.29399362119039
-1712500.0,287500.0,1500,-5.525962225403948,False,False,4.0471745608992595
-1707500.0,287500.0,1500,-4.609590623695343,False,False,4.312015193118633
-1702500.0,287500.0,1500,-9.188929732455353,False,False,4.722916426784168
-1697500.0,287500.0,1500,-6.11418904068125,False,False,4.316229727626261
-1692500.0,287500.0,1500,12.775077107822273,False,False,6.41072337528991
-1687500.0,287500.0,1500,30.99496719830641,False,False,9.184635699936116
-1682500.0,287500.0,1500,37.055880050748144,False,False,10.648185802954288
-1677500.0,287500.0,1500,35.77470706901333,False,False,11.368206426429163
-1672500.0,287500.0,1500,27.32479954713168,False,False,11.7401637278366
-1667500.0,287500.0,1500,13.052711635321067,False,False,11.936216034362495
-1662500.0,287500.0,1500,0.5521641621954511,False,False,12.04288924198649
-1657500.0,287500.0,1500,-8.586654019043708,False,False,12.117347354692308
-1652500.0,287500.0,1500,-15.986958852360132,False,False,12.1902870229263
-2197500.0,292500.0,1500,32.29774546787114,False,False,8.79614110928757
-2192500.0,292500.0,1500,28.062469522658773,False,False,8.100447951356125
-2187500.0,292500.0,1500,23.79114935200667,False,False,5.6770319682583
-2182500.0,292500.0,1500,20.732993801588634,False,False,6.074903282799572
-2177500.0,292500.0,1500,18.483677109973943,False,False,8.737024812248107
-2172500.0,292500.0,1500,16.032548085020245,False,False,9.161829139034166
-2167500.0,292500.0,1500,12.784924330479104,False,False,9.147418736818423
-2162500.0,292500.0,1500,8.781231593304945,False,False,8.864814636088205
-2157500.0,292500.0,1500,4.752204552493582,False,False,8.543743430274182
-2152500.0,292500.0,1500,0.9720192250951271,False,False,8.540872300668656
-2147500.0,292500.0,1500,-3.020794508480748,False,False,8.76808629980304
-2142500.0,292500.0,1500,-8.039804842677283,False,False,8.616606659446896
-2137500.0,292500.0,1500,-13.44887865862117,False,False,7.324811154187508
-2132500.0,292500.0,1500,-18.271172384601893,False,False,5.943558476624022
-2127500.0,292500.0,1500,-22.273107725220974,False,False,5.996524524409251
-2122500.0,292500.0,1500,-25.100261468089208,False,False,7.829575013010173
-2117500.0,292500.0,1500,-26.561161334833017,False,False,10.056197517058619
-2112500.0,292500.0,1500,-28.03958403393131,False,False,11.144103153130548
-2107500.0,292500.0,1500,-28.55082764909133,False,False,11.34326461332936
-2102500.0,292500.0,1500,-28.27676493602612,False,False,10.842437952088137
-2097500.0,292500.0,1500,-29.12936550407046,False,False,9.774756303610554
-2092500.0,292500.0,1500,-28.953921429446986,False,False,8.473628270213142
-2087500.0,292500.0,1500,-26.884521336887833,False,False,7.569493678710808
-2082500.0,292500.0,1500,-24.747856874312905,False,False,7.572627144668569
-2077500.0,292500.0,1500,-22.022605788657113,False,False,8.324208433142458
-2072500.0,292500.0,1500,-18.59528549667099,False,False,9.110466100777394
-2067500.0,292500.0,1500,-15.203325678738683,False,False,9.288407298699658
-2062500.0,292500.0,1500,-10.436364819898985,False,False,8.779352339641832
-2057500.0,292500.0,1500,-5.717755211301014,False,False,8.02117171633874
-2052500.0,292500.0,1500,-3.5712329193906704,False,False,7.527022898258024
-2047500.0,292500.0,1500,-2.989667732407127,False,False,7.480783032696014
-2042500.0,292500.0,1500,-3.8480638725793495,False,False,7.723113631138888
-2037500.0,292500.0,1500,-5.704952587340808,False,False,8.024550817195614
-2032500.0,292500.0,1500,-6.0384235978676255,False,False,8.31188048616004
-2027500.0,292500.0,1500,-6.2048582047948795,False,False,8.697652716051607
-2022500.0,292500.0,1500,-6.7769315493566555,False,False,9.362061778387014
-2017500.0,292500.0,1500,-6.338474239267422,False,False,10.31148028356503
-2012500.0,292500.0,1500,-6.750557110874904,False,False,11.322404794261335
-2007500.0,292500.0,1500,-7.765849059016794,False,False,12.184613912144863
-2002500.0,292500.0,1500,-8.084162422237561,False,False,12.839105805660004
-1997500.0,292500.0,1500,-8.860256317396532,False,False,13.313488170971256
-1992500.0,292500.0,1500,-9.17150023316103,False,False,13.649614436563372
-1987500.0,292500.0,1500,-8.680348394934787,False,False,13.875152412104356
-1982500.0,292500.0,1500,-9.676896222172115,False,False,13.99506501948029
-1977500.0,292500.0,1500,-10.752052954746128,False,False,13.98594301502083
-1972500.0,292500.0,1500,-9.887284648643442,False,False,13.76037534958128
-1967500.0,292500.0,1500,-8.007620496225487,False,False,13.087875516990483
-1962500.0,292500.0,1500,-6.089823338702699,False,False,11.424141381619549
-1957500.0,292500.0,1500,-5.352178645756374,False,False,7.334228313496148
-1952500.0,292500.0,1500,-6.385751136800846,False,False,6.187671080950988
-1947500.0,292500.0,1500,-9.047818162063933,False,False,9.681922467908539
-1942500.0,292500.0,1500,-12.123755775472688,False,False,11.986688101298936
-1937500.0,292500.0,1500,-14.779586126260043,False,False,12.608589957597234
-1932500.0,292500.0,1500,-17.040023675701796,False,False,12.502321176410526
-1927500.0,292500.0,1500,-18.812672162552857,False,False,12.122436375010766
-1922500.0,292500.0,1500,-20.69900640313512,False,False,11.629551892543553
-1917500.0,292500.0,1500,-22.49578573967973,False,False,11.112553327717455
-1912500.0,292500.0,1500,-24.566060173989865,False,False,10.620446244537458
-1907500.0,292500.0,1500,-26.755645910979716,False,False,10.14584557497088
-1902500.0,292500.0,1500,-29.05140041271318,False,False,9.682978382704068
-1897500.0,292500.0,1500,-28.265371258828157,False,False,9.27213663163566
-1892500.0,292500.0,1500,-25.309584686337217,False,False,8.969405792652077
-1887500.0,292500.0,1500,-24.515074716536596,False,False,8.827848944506483
-1882500.0,292500.0,1500,-23.858448779830947,False,False,8.885867836893542
-1877500.0,292500.0,1500,-22.763256503860752,False,False,9.171568606323788
-1872500.0,292500.0,1500,-22.60130823660727,False,False,9.664002311849814
-1867500.0,292500.0,1500,-23.099086087968487,False,False,10.249410503013891
-1862500.0,292500.0,1500,-21.613424542739857,False,False,10.794416849822674
-1857500.0,292500.0,1500,-19.272758229102198,False,False,11.195534179069277
-1852500.0,292500.0,1500,-18.1190423837643,False,False,11.374024583602953
-1847500.0,292500.0,1500,-16.733744321552095,False,False,11.290383659920572
-1842500.0,292500.0,1500,-15.056821254114736,False,False,10.95015493119963
-1837500.0,292500.0,1500,-11.763747127202281,False,False,10.408212599793563
-1832500.0,292500.0,1500,-9.03259240759637,False,False,9.778502330918167
-1827500.0,292500.0,1500,-8.648858928695429,False,False,9.20763088229222
-1822500.0,292500.0,1500,-7.360736106470514,False,False,8.79203094863971
-1817500.0,292500.0,1500,-4.787214613697757,False,False,8.515166603086008
-1812500.0,292500.0,1500,1.1036472154182855,False,True,8.300239604147764
-1807500.0,292500.0,1500,9.562127594042638,False,True,8.053488465110188
-1802500.0,292500.0,1500,20.621496252642853,False,True,7.816326603638599
-1797500.0,292500.0,1500,33.7118674748815,False,True,7.01306281917677
-1792500.0,292500.0,1500,42.51590391050648,False,True,5.144838245612332
-1787500.0,292500.0,1500,46.37886959528355,False,True,4.932132717526651
-1782500.0,292500.0,1500,50.022000019860414,False,True,6.802275688487089
-1777500.0,292500.0,1500,53.8526704911997,False,True,7.91202267119346
-1772500.0,292500.0,1500,54.96572704398506,False,False,7.883734056876413
-1767500.0,292500.0,1500,53.24412781223033,False,False,6.494740052495629
-1762500.0,292500.0,1500,45.4828844823592,False,False,4.421877589543775
-1757500.0,292500.0,1500,45.204983988558574,False,False,4.436344656464143
-1752500.0,292500.0,1500,44.126901439023534,False,False,5.479709709815307
-1747500.0,292500.0,1500,27.337360016843114,False,False,5.033729596109593
-1742500.0,292500.0,1500,12.567889388528549,False,False,4.526792762719155
-1737500.0,292500.0,1500,0.16980540024433322,False,False,4.039004617210586
-1732500.0,292500.0,1500,-8.998722757143646,False,False,3.9187571707981665
-1727500.0,292500.0,1500,-9.818890632129953,False,False,4.135546572377604
-1722500.0,292500.0,1500,-9.600111024016744,False,False,4.265632728727431
-1717500.0,292500.0,1500,-10.390469394104283,False,False,4.437318405522645
-1712500.0,292500.0,1500,-7.369348006598472,False,False,4.119607365267443
-1707500.0,292500.0,1500,-1.4574426478740399,False,False,4.746175239807819
-1702500.0,292500.0,1500,-0.3849555884020387,False,False,4.449705487930177
-1697500.0,292500.0,1500,1.9083297694830867,False,False,4.665198876391156
-1692500.0,292500.0,1500,16.88742012420085,False,False,7.412963858654667
-1687500.0,292500.0,1500,32.79560804845617,False,False,9.661620933270328
-1682500.0,292500.0,1500,37.532927910324936,False,False,10.81630495414862
-1677500.0,292500.0,1500,35.919332619552485,False,False,11.405324544569119
-1672500.0,292500.0,1500,28.62795303907486,False,False,11.742610076188647
-1667500.0,292500.0,1500,14.59015615473511,False,False,11.944967280266168
-1662500.0,292500.0,1500,0.8207434536249764,False,False,12.070331424689481
-1657500.0,292500.0,1500,-11.754927739247577,False,False,12.16366310794139
-1652500.0,292500.0,1500,-24.697542400779025,False,False,12.24996435031246
-2197500.0,297500.0,1500,29.596476419887168,False,False,8.36490217808088
-2192500.0,297500.0,1500,25.145837948940958,False,False,8.135815887502716
-2187500.0,297500.0,1500,20.211180620100908,False,False,5.687312145118943
-2182500.0,297500.0,1500,16.997699812515204,False,False,5.8819976682186415
-2177500.0,297500.0,1500,15.517202634286035,False,False,8.672031580107078
-2172500.0,297500.0,1500,13.389955842847286,False,False,8.945147926662145
-2167500.0,297500.0,1500,9.989907533124178,False,False,8.702952611266781
-2162500.0,297500.0,1500,5.652261889274488,False,False,8.58583854725928
-2157500.0,297500.0,1500,1.537770033857162,False,False,8.66979325728799
-2152500.0,297500.0,1500,-1.8045802380479823,False,False,8.780183763990795
-2147500.0,297500.0,1500,-5.652258105098057,False,False,8.224204343392502
-2142500.0,297500.0,1500,-10.511978274466586,False,False,6.61198482068848
-2137500.0,297500.0,1500,-15.52990752953933,False,False,5.611032332913146
-2132500.0,297500.0,1500,-20.142386664017415,False,False,6.6487866008928105
-2127500.0,297500.0,1500,-23.470553252691403,False,False,8.870178261308007
-2122500.0,297500.0,1500,-25.978551852571208,False,False,10.644600554595657
-2117500.0,297500.0,1500,-27.90618991417587,False,False,11.331694995698697
-2112500.0,297500.0,1500,-29.43754820181297,False,False,11.228697858037432
-2107500.0,297500.0,1500,-30.443326179969816,False,False,10.4604791266297
-2102500.0,297500.0,1500,-30.16104388282638,False,False,9.240008566310769
-2097500.0,297500.0,1500,-29.861908624891072,False,False,8.017282981281308
-2092500.0,297500.0,1500,-29.050221645488683,False,False,7.393564867980514
-2087500.0,297500.0,1500,-25.97743599570741,False,False,7.6779549954016115
-2082500.0,297500.0,1500,-22.679005309145182,False,False,8.524540961589429
-2077500.0,297500.0,1500,-19.529165212011385,False,False,9.182793359066583
-2072500.0,297500.0,1500,-15.568264680692936,False,False,9.1468388437742
-2067500.0,297500.0,1500,-12.290124545195164,False,False,8.478816850327686
-2062500.0,297500.0,1500,-8.452539294535807,False,False,7.732597560045007
-2057500.0,297500.0,1500,-4.441536412227672,False,False,7.439895046533172
-2052500.0,297500.0,1500,-3.1145974321152687,False,False,7.57344106414733
-2047500.0,297500.0,1500,-3.28120676853549,False,False,7.859947136867986
-2042500.0,297500.0,1500,-4.0130949788512735,False,False,8.151849267600248
-2037500.0,297500.0,1500,-5.676978496791611,False,False,8.421744234332078
-2032500.0,297500.0,1500,-6.354489003073021,False,False,8.76911061151999
-2027500.0,297500.0,1500,-6.236074540093352,False,False,9.362225914360755
-2022500.0,297500.0,1500,-6.8863185856735765,False,False,10.246314175429553
-2017500.0,297500.0,1500,-7.120459674532921,False,False,11.250794586076573
-2012500.0,297500.0,1500,-7.064804992908371,False,False,12.153676979704029
-2007500.0,297500.0,1500,-7.9487531698601135,False,False,12.846257913088198
-2002500.0,297500.0,1500,-8.1649391513573,False,False,13.332248709028594
-1997500.0,297500.0,1500,-8.043841265862527,False,False,13.65746282502284
-1992500.0,297500.0,1500,-8.549935982898976,False,False,13.865454846211348
-1987500.0,297500.0,1500,-7.98273405768736,False,False,13.98214305922647
-1982500.0,297500.0,1500,-8.012104334333888,False,False,14.012891781284798
-1977500.0,297500.0,1500,-9.457331665483387,False,False,13.93997468309777
-1972500.0,297500.0,1500,-9.083330962411335,False,False,13.70109209064694
-1967500.0,297500.0,1500,-6.714997793018261,False,False,13.134492326899142
-1962500.0,297500.0,1500,-4.020660040372041,False,False,11.77182069725962
-1957500.0,297500.0,1500,-1.7271488220109252,False,False,8.365999298007482
-1952500.0,297500.0,1500,-1.3697507497315176,False,False,6.20707759271682
-1947500.0,297500.0,1500,-3.6370078838742534,False,False,8.572629825360696
-1942500.0,297500.0,1500,-6.881149477277112,False,False,11.213521705040542
-1937500.0,297500.0,1500,-10.505605932440384,False,False,11.716249588202377
-1932500.0,297500.0,1500,-13.790896092767898,False,False,11.439793375655306
-1927500.0,297500.0,1500,-15.996233987278382,False,False,10.937633693145369
-1922500.0,297500.0,1500,-18.521450603098618,False,False,10.382217472910652
-1917500.0,297500.0,1500,-21.018052909159923,False,False,9.874815211596687
-1912500.0,297500.0,1500,-23.56241356051273,False,False,9.481277854720163
-1907500.0,297500.0,1500,-26.11462716876332,False,False,9.176551114778157
-1902500.0,297500.0,1500,-29.477160281129375,False,False,8.940850691000207
-1897500.0,297500.0,1500,-30.346970912308198,False,False,8.834360125732768
-1892500.0,297500.0,1500,-27.296025833655342,False,False,8.917635195103388
-1887500.0,297500.0,1500,-25.87432105012317,False,False,9.209857288419311
-1882500.0,297500.0,1500,-25.048009211509108,False,False,9.677006163874797
-1877500.0,297500.0,1500,-23.234091404151293,False,False,10.240122028997876
-1872500.0,297500.0,1500,-22.894462568386576,False,False,10.798296577045416
-1867500.0,297500.0,1500,-23.796677541681245,False,False,11.238055851269033
-1862500.0,297500.0,1500,-22.25936609157249,False,False,11.471480120193123
-1857500.0,297500.0,1500,-19.14100215379369,False,False,11.455365929287531
-1852500.0,297500.0,1500,-16.169440796430056,False,False,11.182894514874445
-1847500.0,297500.0,1500,-12.62021581957863,False,False,10.691825306696922
-1842500.0,297500.0,1500,-7.112712060327493,False,False,10.073791658739136
-1837500.0,297500.0,1500,-0.245764279709684,False,False,9.459496896687797
-1832500.0,297500.0,1500,2.2957247918810912,False,False,8.968519474183655
-1827500.0,297500.0,1500,0.7415708458316742,False,False,8.649079096437621
-1822500.0,297500.0,1500,-1.9240431292477604,False,False,8.452458817060572
-1817500.0,297500.0,1500,-3.740159384109058,False,False,8.300696514416439
-1812500.0,297500.0,1500,-3.060574614551206,False,True,8.202030821141097
-1807500.0,297500.0,1500,-0.7330935004879517,False,True,8.216072518030836
-1802500.0,297500.0,1500,6.382338745548503,False,True,8.069943219735531
-1797500.0,297500.0,1500,16.153364708324176,False,True,6.318748551588306
-1792500.0,297500.0,1500,28.022701575820477,False,True,5.122901733240682
-1787500.0,297500.0,1500,41.41230809807115,False,True,6.68333759607478
-1782500.0,297500.0,1500,49.61708050873586,False,True,8.019738216972144
-1777500.0,297500.0,1500,54.15459413577276,False,True,7.889733966220728
-1772500.0,297500.0,1500,56.325055737998696,False,False,7.230710782283572
-1767500.0,297500.0,1500,55.06183882115852,False,False,5.696479225842689
-1762500.0,297500.0,1500,48.72281634588571,False,False,4.397463026454895
-1757500.0,297500.0,1500,50.19303758773672,False,False,4.925108441215091
-1752500.0,297500.0,1500,46.61291521389717,False,False,5.437184774799909
-1747500.0,297500.0,1500,24.723383551169604,False,False,4.551008943736448
-1742500.0,297500.0,1500,7.7019755493841044,False,False,4.248001829304128
-1737500.0,297500.0,1500,-3.371265080347284,False,False,3.936726830689796
-1732500.0,297500.0,1500,-10.270213436606193,False,False,3.9218797526805256
-1727500.0,297500.0,1500,-8.83498047870859,False,False,4.209445293676328
-1722500.0,297500.0,1500,-6.481443055135,False,False,4.428875850193441
-1717500.0,297500.0,1500,-7.283702011998194,False,False,4.378753943362876
-1712500.0,297500.0,1500,-4.1407280836555325,False,False,4.252745433670546
-1707500.0,297500.0,1500,6.4920008482309735,False,False,5.020672026826823
-1702500.0,297500.0,1500,12.528595780960257,False,False,4.525247097751294
-1697500.0,297500.0,1500,12.339738534879311,False,False,5.345682879204625
-1692500.0,297500.0,1500,19.97512995858544,False,False,7.993872086649583
-1687500.0,297500.0,1500,31.27156831111798,False,False,9.74124369128539
-1682500.0,297500.0,1500,35.265470456207744,False,False,10.694359979102336
-1677500.0,297500.0,1500,32.03973759751489,False,False,11.245994295967524
-1672500.0,297500.0,1500,23.96202251122185,False,False,11.603889403682514
-1667500.0,297500.0,1500,11.845876875819098,False,False,11.85299235984669
-1662500.0,297500.0,1500,-0.9591242415089665,False,False,12.027422485418178
-1657500.0,297500.0,1500,-14.908086016973666,False,False,12.152168119592313
-1652500.0,297500.0,1500,-31.586848478170012,False,False,12.251088263675202
-2197500.0,302500.0,1500,27.206754141354015,False,False,8.587968965256024
-2192500.0,302500.0,1500,22.488664718441367,False,False,8.556909442390207
-2187500.0,302500.0,1500,16.934992188512755,False,False,5.970441397131562
-2182500.0,302500.0,1500,13.84639841069164,False,False,5.709316304861228
-2177500.0,302500.0,1500,12.590026750729077,False,False,8.20691875877537
-2172500.0,302500.0,1500,10.414665621629977,False,False,8.530740974507426
-2167500.0,302500.0,1500,7.0395612288937,False,False,8.591437215230963
-2162500.0,302500.0,1500,3.0084795564176843,False,False,8.847122234461416
-2157500.0,302500.0,1500,-0.39291805799181045,False,False,8.778545996329857
-2152500.0,302500.0,1500,-3.491285912383724,False,False,7.643635648117708
-2147500.0,302500.0,1500,-7.320345649878773,False,False,6.092233637334625
-2142500.0,302500.0,1500,-12.068417927051794,False,False,5.7432199602588785
-2137500.0,302500.0,1500,-16.855000886938452,False,False,7.42366108039988
-2132500.0,302500.0,1500,-21.020305620475078,False,False,9.763006120599833
-2127500.0,302500.0,1500,-24.55260630901794,False,False,11.045490609216905
-2122500.0,302500.0,1500,-26.98325817016881,False,False,11.379945071515158
-2117500.0,302500.0,1500,-29.013733722499577,False,False,11.000036539923801
-2112500.0,302500.0,1500,-30.52456980456414,False,False,10.031141180376473
-2107500.0,302500.0,1500,-30.40304024103301,False,False,8.72435354152293
-2102500.0,302500.0,1500,-29.824216648308727,False,False,7.655363968398977
-2097500.0,302500.0,1500,-28.98266365462362,False,False,7.360420591428973
-2092500.0,302500.0,1500,-27.033629460707978,False,False,7.843777184204317
-2087500.0,302500.0,1500,-24.06463932518116,False,False,8.604685943991953
-2082500.0,302500.0,1500,-20.19329639981076,False,False,9.003719499763616
-2077500.0,302500.0,1500,-16.310817297724906,False,False,8.771180221841542
-2072500.0,302500.0,1500,-12.667596539784896,False,False,8.131684917725503
-2067500.0,302500.0,1500,-9.273596907798218,False,False,7.559965608233363
-2062500.0,302500.0,1500,-6.444966123546125,False,False,7.41888862232781
-2057500.0,302500.0,1500,-3.990193385794209,False,False,7.655045809134932
-2052500.0,302500.0,1500,-3.0922214814374995,False,False,7.970996186391023
-2047500.0,302500.0,1500,-3.8356253415501405,False,False,8.28213549442519
-2042500.0,302500.0,1500,-4.587546680769392,False,False,8.585873590824278
-2037500.0,302500.0,1500,-5.723184373767563,False,False,8.878540979793542
-2032500.0,302500.0,1500,-6.741997774021395,False,False,9.350541949710026
-2027500.0,302500.0,1500,-6.423158829205486,False,False,10.143209518094181
-2022500.0,302500.0,1500,-6.6082284039417685,False,False,11.121028373310937
-2017500.0,302500.0,1500,-7.303735864751425,False,False,12.046386163157097
-2012500.0,302500.0,1500,-7.079161144043565,False,False,12.777597524765515
-2007500.0,302500.0,1500,-7.446636766623801,False,False,13.290374757661255
-2002500.0,302500.0,1500,-7.686411750617564,False,False,13.619739889767398
-1997500.0,302500.0,1500,-7.06892663209527,False,False,13.81215802399866
-1992500.0,302500.0,1500,-7.480433556731094,False,False,13.904667543085369
-1987500.0,302500.0,1500,-7.412992817755959,False,False,13.917187145055495
-1982500.0,302500.0,1500,-6.879139731429218,False,False,13.853743105792022
-1977500.0,302500.0,1500,-7.8204297863704895,False,False,13.701939212232887
-1972500.0,302500.0,1500,-7.578526440751256,False,False,13.42432947400382
-1967500.0,302500.0,1500,-5.560645010742044,False,False,12.922089245376611
-1962500.0,302500.0,1500,-3.3095804177939367,False,False,11.83699740624067
-1957500.0,302500.0,1500,-0.5551638261069134,False,False,9.22153106541624
-1952500.0,302500.0,1500,0.6150981818108219,False,False,6.157126027588138
-1947500.0,302500.0,1500,-0.453429936935432,False,False,7.374985565293294
-1942500.0,302500.0,1500,-2.031677006636888,False,False,10.27857121841119
-1937500.0,302500.0,1500,-4.950050939588321,False,False,10.61979742108969
-1932500.0,302500.0,1500,-8.559240509294321,False,False,10.24873916749401
-1927500.0,302500.0,1500,-11.225312517975267,False,False,9.789687658138341
-1922500.0,302500.0,1500,-14.141955117527312,False,False,9.367478231314566
-1917500.0,302500.0,1500,-17.557511606123295,False,False,9.036647090107488
-1912500.0,302500.0,1500,-20.594969323850904,False,False,8.858550584543634
-1907500.0,302500.0,1500,-24.318843198286693,False,False,8.829239961359649
-1902500.0,302500.0,1500,-28.93181988427318,False,False,8.943687489317945
-1897500.0,302500.0,1500,-31.304889098785353,False,False,9.237051993021947
-1892500.0,302500.0,1500,-30.788978344624546,False,False,9.697571139241845
-1887500.0,302500.0,1500,-29.43574532648398,False,False,10.255225723258864
-1882500.0,302500.0,1500,-27.152020943265665,False,False,10.811961759187025
-1877500.0,302500.0,1500,-24.16406072244136,False,False,11.267310334346686
-1872500.0,302500.0,1500,-22.961301726265837,False,False,11.543800389579397
-1867500.0,302500.0,1500,-23.34222149344289,False,False,11.589024580928415
-1862500.0,302500.0,1500,-21.821516691273374,False,False,11.38229980620245
-1857500.0,302500.0,1500,-18.385772805040638,False,False,10.947144970829081
-1852500.0,302500.0,1500,-14.033977007568666,False,False,10.355525120761545
-1847500.0,302500.0,1500,-8.664694778630889,False,False,9.724253673910201
-1842500.0,302500.0,1500,-0.12041257042363401,False,False,9.181700885273315
-1837500.0,302500.0,1500,8.760674206949234,False,False,8.711807715165168
-1832500.0,302500.0,1500,12.023026032537851,False,False,8.346092120346977
-1827500.0,302500.0,1500,10.96090167150841,False,False,8.14849872357168
-1822500.0,302500.0,1500,7.4741907153676195,False,False,8.043970674442676
-1817500.0,302500.0,1500,4.606984293579552,False,True,8.149377439803239
-1812500.0,302500.0,1500,3.670270601981219,False,True,8.405973414419902
-1807500.0,302500.0,1500,2.2915650547154933,False,True,8.463826333953232
-1802500.0,302500.0,1500,2.982126282932627,False,True,7.233289408592016
-1797500.0,302500.0,1500,5.0536636018777825,True,True,5.43674901818921
-1792500.0,302500.0,1500,11.657130914936545,True,True,6.36199063982514
-1787500.0,302500.0,1500,29.904631740118315,False,True,8.04763880391177
-1782500.0,302500.0,1500,46.58818030261345,False,True,7.785764553000377
-1777500.0,302500.0,1500,53.51475906986253,False,True,7.009849361992616
-1772500.0,302500.0,1500,56.30711955302697,False,True,6.282097601183054
-1767500.0,302500.0,1500,54.983288011443086,False,False,4.905859517548152
-1762500.0,302500.0,1500,48.49873440515769,False,False,4.322934833936129
-1757500.0,302500.0,1500,42.06935745507263,False,False,4.953946749611557
-1752500.0,302500.0,1500,34.59693428673728,False,False,4.831688337925004
-1747500.0,302500.0,1500,21.848628427843035,False,False,4.06628086793468
-1742500.0,302500.0,1500,6.4487230579896755,False,False,4.261074463962539
-1737500.0,302500.0,1500,-8.054794146739898,False,False,4.104021794272762
-1732500.0,302500.0,1500,-13.887250506175747,False,False,4.022286875089663
-1727500.0,302500.0,1500,-9.252318273557195,False,False,4.246892927831071
-1722500.0,302500.0,1500,-3.6425801105924807,False,False,4.3976103056279054
-1717500.0,302500.0,1500,-2.672725386642916,False,False,4.170796128888524
-1712500.0,302500.0,1500,-0.4294008103702833,False,False,4.191336201743399
-1707500.0,302500.0,1500,8.398035137281095,False,False,4.891404758441819
-1702500.0,302500.0,1500,14.915883886047572,False,False,4.536368094838525
-1697500.0,302500.0,1500,14.644954860282203,False,False,5.753940812419092
-1692500.0,302500.0,1500,17.244241498553684,False,False,7.96721196328581
-1687500.0,302500.0,1500,22.60173893552692,False,False,9.299995759007624
-1682500.0,302500.0,1500,25.671968096264145,False,False,10.13638744777683
-1677500.0,302500.0,1500,24.36159953233464,False,False,10.733754558656624
-1672500.0,302500.0,1500,18.43342139671725,False,False,11.199097204866222
-1667500.0,302500.0,1500,9.653869841273668,False,False,11.566150808696936
-1662500.0,302500.0,1500,-1.9888223896863553,False,False,11.834239332988538
-1657500.0,302500.0,1500,-16.643194946483803,False,False,12.018015679649862
-1652500.0,302500.0,1500,-32.7946955488199,False,False,12.143856747197646
-2197500.0,307500.0,1500,24.7663755876144,False,False,9.034126780248418
-2192500.0,307500.0,1500,20.439296562855475,False,False,8.854313361718106
-2187500.0,307500.0,1500,14.612255038043495,False,False,6.27993169620022
-2182500.0,307500.0,1500,11.238564870815628,False,False,5.676880562505279
-2177500.0,307500.0,1500,10.069330830198089,False,False,7.9591672234036555
-2172500.0,307500.0,1500,8.19378520967497,False,False,8.667461413160213
-2167500.0,307500.0,1500,5.231053861188363,False,False,8.868373204533366
-2162500.0,307500.0,1500,1.4716080822758282,False,False,8.492949164101171
-2157500.0,307500.0,1500,-1.8457798383322013,False,False,6.8877893894863105
-2152500.0,307500.0,1500,-4.633220060335044,False,False,5.660434429809386
-2147500.0,307500.0,1500,-8.078155957455895,False,False,6.339644516094229
-2142500.0,307500.0,1500,-12.690666420515946,False,False,8.437661733019516
-2137500.0,307500.0,1500,-17.28663807824036,False,False,10.432540417310374
-2132500.0,307500.0,1500,-21.541778809861114,False,False,11.289946237145992
-2127500.0,307500.0,1500,-25.60252510229621,False,False,11.316644943407537
-2122500.0,307500.0,1500,-28.11722475518991,False,False,10.658953371837745
-2117500.0,307500.0,1500,-29.763626953273512,False,False,9.494978411415579
-2112500.0,307500.0,1500,-30.730205404603186,False,False,8.274846488204664
-2107500.0,307500.0,1500,-29.67933257798749,False,False,7.505820422855958
-2102500.0,307500.0,1500,-28.36054277581574,False,False,7.479226519650812
-2097500.0,307500.0,1500,-26.946915642844974,False,False,8.024171592104523
-2092500.0,307500.0,1500,-24.510355551252463,False,False,8.59923852994103
-2087500.0,307500.0,1500,-21.932831845791377,False,False,8.76148380294293
-2082500.0,307500.0,1500,-18.048761788100922,False,False,8.358482491379764
-2077500.0,307500.0,1500,-13.217578108944851,False,False,7.742000491794522
-2072500.0,307500.0,1500,-9.44274157381916,False,False,7.433980982094961
-2067500.0,307500.0,1500,-6.171174718869354,False,False,7.505587597361879
-2062500.0,307500.0,1500,-3.870779439501528,False,False,7.742922159916881
-2057500.0,307500.0,1500,-2.879861807278629,False,False,8.053494557755762
-2052500.0,307500.0,1500,-2.5211208167439603,False,False,8.424312114751036
-2047500.0,307500.0,1500,-3.467210170645027,False,False,8.754042758840816
-2042500.0,307500.0,1500,-4.7278765342884705,False,False,8.987429594564512
-2037500.0,307500.0,1500,-5.62080010231062,False,False,9.330224297815647
-2032500.0,307500.0,1500,-6.562366627961893,False,False,10.01186041009812
-2027500.0,307500.0,1500,-6.635235516996702,False,False,10.95474537433087
-2022500.0,307500.0,1500,-6.680823699459129,False,False,11.898054699107526
-2017500.0,307500.0,1500,-7.163482441380463,False,False,12.66210751073677
-2012500.0,307500.0,1500,-6.94937277295403,False,False,13.200389184251668
-2007500.0,307500.0,1500,-6.694802446901708,False,False,13.538076720192208
-2002500.0,307500.0,1500,-6.623996666970595,False,False,13.719064104757738
-1997500.0,307500.0,1500,-6.193310257618506,False,False,13.782597786391353
-1992500.0,307500.0,1500,-6.135504712407146,False,False,13.7559202179379
-1987500.0,307500.0,1500,-6.1451117790795315,False,False,13.651662272857445
-1982500.0,307500.0,1500,-5.653265376809317,False,False,13.471172852769584
-1977500.0,307500.0,1500,-5.48834878361016,False,False,13.206846151183175
-1972500.0,307500.0,1500,-5.443602312717723,False,False,12.841770129238608
-1967500.0,307500.0,1500,-4.173203456559743,False,False,12.333949738388352
-1962500.0,307500.0,1500,-2.548853838630326,False,False,11.483438815090562
-1957500.0,307500.0,1500,-1.1462668448958395,False,False,9.64678035624088
-1952500.0,307500.0,1500,-0.16357236593900884,False,False,6.084239800237987
-1947500.0,307500.0,1500,0.3145335749426816,False,False,6.327089222215963
-1942500.0,307500.0,1500,0.7959728938088104,False,False,9.282366805866513
-1937500.0,307500.0,1500,-0.20485145630353127,False,False,9.567117345696177
-1932500.0,307500.0,1500,-2.9437440591886825,False,False,9.280462734677766
-1927500.0,307500.0,1500,-6.101067137031641,False,False,9.048104011807437
-1922500.0,307500.0,1500,-9.236803634816109,False,False,8.891312463272614
-1917500.0,307500.0,1500,-12.672577838431566,False,False,8.832576962452158
-1912500.0,307500.0,1500,-15.285848463154112,False,False,8.939817630162343
-1907500.0,307500.0,1500,-18.9238772215344,False,False,9.23856318517489
-1902500.0,307500.0,1500,-24.96633945798765,False,False,9.699192762932462
-1897500.0,307500.0,1500,-29.7308206417843,False,False,10.260573093322533
-1892500.0,307500.0,1500,-32.28635963930042,False,False,10.828169918468024
-1887500.0,307500.0,1500,-31.38180026859976,False,False,11.304326694862446
-1882500.0,307500.0,1500,-28.69040389921438,False,False,11.614818267808074
-1877500.0,307500.0,1500,-27.626990025170564,False,False,11.709603036429286
-1872500.0,307500.0,1500,-26.3846560329656,False,False,11.564514781104272
-1867500.0,307500.0,1500,-24.743439195143708,False,False,11.186439305897476
-1862500.0,307500.0,1500,-22.102294210654573,False,False,10.626287227137901
-1857500.0,307500.0,1500,-18.053388383467997,False,False,9.987971635119724
-1852500.0,307500.0,1500,-13.452062735332763,False,False,9.4004428394673
-1847500.0,307500.0,1500,-7.243425610753666,False,False,8.954912473993001
-1842500.0,307500.0,1500,4.745692136248045,False,False,8.660526268284343
-1837500.0,307500.0,1500,18.372876871145014,False,False,8.17174239261244
-1832500.0,307500.0,1500,23.30172216794086,False,False,7.656181150258961
-1827500.0,307500.0,1500,22.944511887143026,False,False,7.494273844584553
-1822500.0,307500.0,1500,23.974541290005444,False,False,7.574485009479163
-1817500.0,307500.0,1500,24.780980773033043,False,False,7.991704763298486
-1812500.0,307500.0,1500,22.35795812779675,False,True,8.342674612150132
-1807500.0,307500.0,1500,20.027600699892968,False,True,7.6326593123996735
-1802500.0,307500.0,1500,21.4842008832023,False,True,5.501781054243544
-1797500.0,307500.0,1500,21.572267405843068,False,True,5.314267368553216
-1792500.0,307500.0,1500,18.325481066142864,False,True,7.344430817734999
-1787500.0,307500.0,1500,26.756663906988685,False,True,7.846601957826972
-1782500.0,307500.0,1500,43.23711614418669,False,True,7.123081763859254
-1777500.0,307500.0,1500,51.319955924919505,False,True,6.5545351851132665
-1772500.0,307500.0,1500,52.67857492989372,False,False,5.89435548529544
-1767500.0,307500.0,1500,49.24715853740305,False,False,4.429757120625796
-1762500.0,307500.0,1500,41.652862810570554,False,False,4.0382613237927
-1757500.0,307500.0,1500,32.761225578156726,False,False,4.670907635663362
-1752500.0,307500.0,1500,25.912948914399518,False,False,4.768026825779033
-1747500.0,307500.0,1500,20.903652689546153,False,False,4.314785409803202
-1742500.0,307500.0,1500,8.755547753869353,False,False,4.4182033683369255
-1737500.0,307500.0,1500,-11.467652718561434,False,False,4.0920684617544785
-1732500.0,307500.0,1500,-19.986791139653693,False,False,4.011927003318246
-1727500.0,307500.0,1500,-12.075903921531195,False,False,4.249215166841794
-1722500.0,307500.0,1500,-4.06647426094706,False,False,4.3220289656332325
-1717500.0,307500.0,1500,-2.4680247578778527,False,False,4.028462750978088
-1712500.0,307500.0,1500,-3.171955595169752,False,False,4.093670332220611
-1707500.0,307500.0,1500,-2.536742401987238,False,False,4.657275532086798
-1702500.0,307500.0,1500,-1.521386804724362,False,False,4.434392788703562
-1697500.0,307500.0,1500,1.0417564440461664,False,False,6.023052497529688
-1692500.0,307500.0,1500,7.337626060113189,False,False,7.88922737589921
-1687500.0,307500.0,1500,11.904559260550196,False,False,8.66978613486731
-1682500.0,307500.0,1500,15.704919279596002,False,False,9.132509278927122
-1677500.0,307500.0,1500,22.252603889485815,False,False,9.661514050262834
-1672500.0,307500.0,1500,23.509356384174424,False,False,10.30924050179069
-1667500.0,307500.0,1500,15.850614194176684,False,False,10.910663896193288
-1662500.0,307500.0,1500,2.3011370601612935,False,False,11.356476174390037
-1657500.0,307500.0,1500,-13.947701829170272,False,False,11.6656299616238
-1652500.0,307500.0,1500,-27.113634299413267,False,False,11.841571909561129
-2197500.0,312500.0,1500,21.422808761731464,False,False,8.957343538638336
-2192500.0,312500.0,1500,17.932185611810237,False,False,8.62801504881601
-2187500.0,312500.0,1500,12.513375594567233,False,False,6.470956863842255
-2182500.0,312500.0,1500,8.565023841324956,False,False,5.81497932046952
-2177500.0,312500.0,1500,7.549394118072969,False,False,8.01238932785166
-2172500.0,312500.0,1500,5.911687194532148,False,False,8.835140433711128
-2167500.0,312500.0,1500,3.2627526864162255,False,False,7.931019885132409
-2162500.0,312500.0,1500,0.11114709590060556,False,False,6.283209933958206
-2157500.0,312500.0,1500,-3.1304412397926806,False,False,5.556272802956114
-2152500.0,312500.0,1500,-5.503335568066856,False,False,7.007374602973227
-2147500.0,312500.0,1500,-8.728087991648534,False,False,9.39415277516545
-2142500.0,312500.0,1500,-13.207097380893638,False,False,10.897095749233241
-2137500.0,312500.0,1500,-17.56942007416065,False,False,11.396127170609388
-2132500.0,312500.0,1500,-22.400423159778924,False,False,11.145292352333676
-2127500.0,312500.0,1500,-26.537331671166058,False,False,10.255137623422906
-2122500.0,312500.0,1500,-28.878113693049,False,False,8.968572383210386
-2117500.0,312500.0,1500,-30.196675946165566,False,False,7.805223452905308
-2112500.0,312500.0,1500,-30.072879971792325,False,False,7.386381459404879
-2107500.0,312500.0,1500,-28.64672613959655,False,False,7.724782967574278
-2102500.0,312500.0,1500,-26.96651393786885,False,False,8.264253078682337
-2097500.0,312500.0,1500,-25.297641166411776,False,False,8.582289025304004
-2092500.0,312500.0,1500,-23.253540278582285,False,False,8.508384307935408
-2087500.0,312500.0,1500,-20.389322742425406,False,False,8.060267606836877
-2082500.0,312500.0,1500,-16.070483356957354,False,False,7.561994734328657
-2077500.0,312500.0,1500,-10.327569660869305,False,False,7.4293357115329615
-2072500.0,312500.0,1500,-5.615732475884181,False,False,7.648069283168445
-2067500.0,312500.0,1500,-2.6907825336726217,False,False,7.918580633515031
-2062500.0,312500.0,1500,-0.7271638408480088,False,False,8.201617379139469
-2057500.0,312500.0,1500,-0.5470079045831174,False,False,8.593507739458534
-2052500.0,312500.0,1500,-1.2532281285870785,False,False,8.941661312173284
-2047500.0,312500.0,1500,-2.1011623726622726,False,False,9.103998574092866
-2042500.0,312500.0,1500,-3.79946529934444,False,False,9.308437062317157
-2037500.0,312500.0,1500,-4.986597284114395,False,False,9.871512296908179
-2032500.0,312500.0,1500,-5.545097287055977,False,False,10.769154977969578
-2027500.0,312500.0,1500,-6.264245185907542,False,False,11.724686769416376
-2022500.0,312500.0,1500,-6.252838189955663,False,False,12.517174926654189
-2017500.0,312500.0,1500,-6.163295458689685,False,False,13.075302316813275
-2012500.0,312500.0,1500,-6.3241130914452,False,False,13.416009824209224
-2007500.0,312500.0,1500,-5.593633433116447,False,False,13.581857334703036
-2002500.0,312500.0,1500,-4.973092768751587,False,False,13.612351715181896
-1997500.0,312500.0,1500,-4.777637543882176,False,False,13.536828261312657
-1992500.0,312500.0,1500,-4.1646748164552605,False,False,13.372510577487194
-1987500.0,312500.0,1500,-4.270981031380884,False,False,13.125033291663442
-1982500.0,312500.0,1500,-4.273085274873575,False,False,12.793484846721295
-1977500.0,312500.0,1500,-3.1608109997947533,False,False,12.376327939167878
-1972500.0,312500.0,1500,-3.2080224044525854,False,False,11.878697658534037
-1967500.0,312500.0,1500,-2.6719767861452457,False,False,11.309228312839366
-1962500.0,312500.0,1500,-0.8276664922562329,False,False,10.627714594414723
-1957500.0,312500.0,1500,-0.6062214999840386,False,False,9.489313189592991
-1952500.0,312500.0,1500,-1.2078499624030719,False,False,6.299919314494645
-1947500.0,312500.0,1500,-0.2601612665914501,False,False,5.873515519435362
-1942500.0,312500.0,1500,1.3873459267902162,False,False,8.419001996217203
-1937500.0,312500.0,1500,2.083275384299418,False,False,8.870834239112556
-1932500.0,312500.0,1500,0.9439817925425397,False,False,8.783364404090243
-1927500.0,312500.0,1500,-2.3718046466102125,False,False,8.840949167070729
-1922500.0,312500.0,1500,-5.5363400467865524,False,False,9.001104665568018
-1917500.0,312500.0,1500,-7.945282168808266,False,False,9.281717013722053
-1912500.0,312500.0,1500,-9.787052932655929,False,False,9.70694501708466
-1907500.0,312500.0,1500,-11.968790718366124,False,False,10.247813632989436
-1902500.0,312500.0,1500,-17.263303117892985,False,False,10.82091603561704
-1897500.0,312500.0,1500,-24.86394306744869,False,False,11.32501166523045
-1892500.0,312500.0,1500,-29.896209084269337,False,False,11.67665887086933
-1887500.0,312500.0,1500,-30.71984614565449,False,False,11.821361481730115
-1882500.0,312500.0,1500,-30.514732518784633,False,False,11.733149279517097
-1877500.0,312500.0,1500,-29.431923609113685,False,False,11.413099172915341
-1872500.0,312500.0,1500,-27.43344672357423,False,False,10.897178037188091
-1867500.0,312500.0,1500,-25.84034930693012,False,False,10.265825487760322
-1862500.0,312500.0,1500,-23.646861687622614,False,False,9.639054985702435
-1857500.0,312500.0,1500,-20.528823810390712,False,False,9.132321329465366
-1852500.0,312500.0,1500,-16.43922583956377,False,False,8.784080447998443
-1847500.0,312500.0,1500,-10.2820685032661,False,False,8.543136326524941
-1842500.0,312500.0,1500,2.655496372937811,False,False,8.35707688612446
-1837500.0,312500.0,1500,22.774693774246792,False,False,7.874236012545504
-1832500.0,312500.0,1500,32.68016374536333,False,False,7.4132420303575
-1827500.0,312500.0,1500,34.15841375835187,False,False,7.4562882039220515
-1822500.0,312500.0,1500,37.18572040744352,False,False,7.8047770138238235
-1817500.0,312500.0,1500,37.6487872539983,False,False,8.155190665921797
-1812500.0,312500.0,1500,35.42174423945783,False,True,7.719951808239053
-1807500.0,312500.0,1500,33.76380112314464,False,True,5.773968491034682
-1802500.0,312500.0,1500,37.894138702473974,False,True,4.616983425991997
-1797500.0,312500.0,1500,39.61243269851948,False,True,5.895441350845051
-1792500.0,312500.0,1500,35.80545705344863,False,True,7.061144962159258
-1787500.0,312500.0,1500,38.10500680860287,False,True,7.100963569378539
-1782500.0,312500.0,1500,46.16234504132343,False,True,6.862182646839403
-1777500.0,312500.0,1500,50.63562603401389,False,True,6.527209944682237
-1772500.0,312500.0,1500,47.37547281283944,False,False,5.5529558034573405
-1767500.0,312500.0,1500,39.33137114482192,False,False,4.200551023384847
-1762500.0,312500.0,1500,31.409499988006957,False,False,4.287295238131786
-1757500.0,312500.0,1500,26.473798289580028,False,False,5.258855934271336
-1752500.0,312500.0,1500,21.303858081786693,False,False,5.6820828260185285
-1747500.0,312500.0,1500,14.766619110841056,False,False,4.814947254971222
-1742500.0,312500.0,1500,5.882715901757754,False,False,4.352373434195258
-1737500.0,312500.0,1500,-10.290369363953364,False,False,3.9892379796101363
-1732500.0,312500.0,1500,-19.515874991591666,False,False,4.027965490086602
-1727500.0,312500.0,1500,-12.548681363885233,False,False,4.243008941656946
-1722500.0,312500.0,1500,-5.211453792288381,False,False,4.269236893766758
-1717500.0,312500.0,1500,-6.6167537915468735,False,False,3.9955322670747173
-1712500.0,312500.0,1500,-10.694858467973924,False,False,4.093221993540539
-1707500.0,312500.0,1500,-15.443396264815636,False,False,4.5193684036240835
-1702500.0,312500.0,1500,-18.211163903272386,False,False,4.571274186360657
-1697500.0,312500.0,1500,-12.384150089646104,False,False,6.537717151182689
-1692500.0,312500.0,1500,0.16205666364370352,False,False,8.145470362890936
-1687500.0,312500.0,1500,8.647038727878787,False,False,8.362699028503837
-1682500.0,312500.0,1500,15.77274210046596,False,False,7.9468079371060245
-1677500.0,312500.0,1500,28.319271296118707,False,False,7.938039952522979
-1672500.0,312500.0,1500,33.66887651810512,False,False,8.772432045522649
-1667500.0,312500.0,1500,26.999388863306912,False,False,9.75083456863218
-1662500.0,312500.0,1500,13.964669081018917,False,False,10.426933078079099
-1657500.0,312500.0,1500,-2.2848347967036693,False,False,10.889097580770764
-1652500.0,312500.0,1500,-13.479384397354572,False,False,11.165586073599723
-2197500.0,317500.0,1500,17.47955369907491,False,False,8.495204733072253
-2192500.0,317500.0,1500,14.609089628575639,False,False,8.381600256107049
-2187500.0,317500.0,1500,10.018444243531391,False,False,6.801630858246997
-2182500.0,317500.0,1500,6.043324321928491,False,False,5.957024920998099
-2177500.0,317500.0,1500,4.7400313468086885,False,False,7.8653527752943635
-2172500.0,317500.0,1500,3.8112703409947284,False,False,7.929005323658772
-2167500.0,317500.0,1500,1.6649309167875623,False,False,6.132509758152835
-2162500.0,317500.0,1500,-1.076553861199933,False,False,5.99431269587013
-2157500.0,317500.0,1500,-3.561650663280258,False,False,7.911599328983542
-2152500.0,317500.0,1500,-5.792911205189927,False,False,10.071054034750434
-2147500.0,317500.0,1500,-8.798802207552498,False,False,11.119033589565133
-2142500.0,317500.0,1500,-12.79417467835607,False,False,11.332965456094788
-2137500.0,317500.0,1500,-17.346483912806963,False,False,10.855658289352586
-2132500.0,317500.0,1500,-22.518009721999288,False,False,9.78592081900673
-2127500.0,317500.0,1500,-26.940809574886448,False,False,8.468965868048128
-2122500.0,317500.0,1500,-29.341400750560386,False,False,7.534127112191657
-2117500.0,317500.0,1500,-30.03918694516029,False,False,7.418732062539876
-2112500.0,317500.0,1500,-29.325851475128893,False,False,7.911541648260636
-2107500.0,317500.0,1500,-27.853373115391623,False,False,8.410211684361759
-2102500.0,317500.0,1500,-26.154883058568334,False,False,8.523934072553509
-2097500.0,317500.0,1500,-24.396167824948595,False,False,8.256757354013365
-2092500.0,317500.0,1500,-22.22725977158865,False,False,7.796137775419906
-2087500.0,317500.0,1500,-18.403349873541128,False,False,7.470286410594183
-2082500.0,317500.0,1500,-13.00971957285231,False,False,7.513912830869264
-2077500.0,317500.0,1500,-6.979751672218383,False,False,7.805302149093594
-2072500.0,317500.0,1500,-1.9644850765954165,False,False,8.124196757809418
-2067500.0,317500.0,1500,0.7102813154428403,False,False,8.46754887353584
-2062500.0,317500.0,1500,2.0532567444580043,False,False,8.872672398153624
-2057500.0,317500.0,1500,2.111317229318399,False,False,9.170468021842641
-2052500.0,317500.0,1500,0.9469686793380914,False,False,9.232187140273
-2047500.0,317500.0,1500,-0.21731920067741156,False,False,9.297985989301889
-2042500.0,317500.0,1500,-1.990035516008263,False,False,9.739183398149521
-2037500.0,317500.0,1500,-3.7021536134009,False,False,10.582755580055107
-2032500.0,317500.0,1500,-4.4731944647307245,False,False,11.540354274861226
-2027500.0,317500.0,1500,-5.329754656070471,False,False,12.351810408136895
-2022500.0,317500.0,1500,-5.3898833241582285,False,False,12.920091786479214
-2017500.0,317500.0,1500,-4.915448586116073,False,False,13.253194893584837
-2012500.0,317500.0,1500,-4.858447076235183,False,False,13.392928343362055
-2007500.0,317500.0,1500,-3.834216575044183,False,False,13.380118134632987
-2002500.0,317500.0,1500,-2.8030174894422943,False,False,13.244946473054398
-1997500.0,317500.0,1500,-2.3701856699815846,False,False,13.00738029124929
-1992500.0,317500.0,1500,-1.669401507218692,False,False,12.67860902443693
-1987500.0,317500.0,1500,-2.1494364297834743,False,False,12.263566582333372
-1982500.0,317500.0,1500,-2.606520602983057,False,False,11.765689183811142
-1977500.0,317500.0,1500,-1.4437392466656793,False,False,11.199525120099242
-1972500.0,317500.0,1500,-0.992212433653583,False,False,10.611248167720642
-1967500.0,317500.0,1500,-0.9573989195505528,False,False,10.052799730395321
-1962500.0,317500.0,1500,0.12764809210982558,False,False,9.546647736193819
-1957500.0,317500.0,1500,-0.15399887529865303,False,False,8.970779662800329
-1952500.0,317500.0,1500,-2.0599129825564177,False,False,6.799140925348196
-1947500.0,317500.0,1500,-1.7220989863224943,False,False,5.902206201667355
-1942500.0,317500.0,1500,0.05913495284784394,False,False,7.7440371614113435
-1937500.0,317500.0,1500,1.349656071111832,False,False,8.669987749715268
-1932500.0,317500.0,1500,2.2536805918599514,False,False,8.83833571810655
-1927500.0,317500.0,1500,0.48450222207324534,False,False,9.215846842689563
-1922500.0,317500.0,1500,-1.9565689739430956,False,False,9.715374263846886
-1917500.0,317500.0,1500,-2.53273080846159,False,False,10.272487973665065
-1912500.0,317500.0,1500,-3.8216321066170487,False,False,10.836249244980722
-1907500.0,317500.0,1500,-5.782815949965359,False,False,11.34015981311422
-1902500.0,317500.0,1500,-8.47470062907585,False,False,11.718109332346442
-1897500.0,317500.0,1500,-15.873368218383183,False,False,11.912291715039572
-1892500.0,317500.0,1500,-22.46447551936573,False,False,11.885993028263236
-1887500.0,317500.0,1500,-24.62430877099016,False,False,11.628021358327373
-1882500.0,317500.0,1500,-26.101065770103805,False,False,11.15916185506893
-1877500.0,317500.0,1500,-24.863013090808757,False,False,10.544026751114107
-1872500.0,317500.0,1500,-24.523839203523636,False,False,9.89462126990391
-1867500.0,317500.0,1500,-26.703275297848002,False,False,9.33423945172845
-1862500.0,317500.0,1500,-28.354572981684857,False,False,8.926121502719655
-1857500.0,317500.0,1500,-28.282451120311148,False,False,8.640788316024368
-1852500.0,317500.0,1500,-24.102017315509574,False,False,8.418406238095404
-1847500.0,317500.0,1500,-17.767917084632376,False,False,8.26098602936953
-1842500.0,317500.0,1500,-8.454453249319775,False,False,8.250028673925055
-1837500.0,317500.0,1500,11.23876676197505,False,False,8.277571569128428
-1832500.0,317500.0,1500,27.79072410129297,False,False,8.191294125352572
-1827500.0,317500.0,1500,35.319439779894104,False,False,8.18259615651198
-1822500.0,317500.0,1500,40.537690524675035,False,False,8.328750649617197
-1817500.0,317500.0,1500,41.700889936107835,False,False,8.090581609075823
-1812500.0,317500.0,1500,41.86771091557208,False,False,6.368453780710446
-1807500.0,317500.0,1500,41.28794982505845,False,True,4.579536913394483
-1802500.0,317500.0,1500,43.910263354123884,False,True,5.2315758783428095
-1797500.0,317500.0,1500,46.202622478027095,False,True,6.501724328077088
-1792500.0,317500.0,1500,45.9280322406192,False,True,6.77910932999373
-1787500.0,317500.0,1500,48.74734043467065,False,True,6.808039959094749
-1782500.0,317500.0,1500,52.06924330261241,False,True,6.544897519848094
-1777500.0,317500.0,1500,51.1244455723282,False,False,5.98584459179757
-1772500.0,317500.0,1500,43.12030790655468,False,False,4.831571003599717
-1767500.0,317500.0,1500,32.045267511149085,False,False,4.0680214884675685
-1762500.0,317500.0,1500,23.287846301012717,False,False,4.9551302577467515
-1757500.0,317500.0,1500,19.21635483818976,False,False,5.890593210050655
-1752500.0,317500.0,1500,15.454218806110353,False,False,5.725077248400565
-1747500.0,317500.0,1500,7.692033699214417,False,False,4.6883073700793085
-1742500.0,317500.0,1500,0.5743569801693452,False,False,4.335841872471968
-1737500.0,317500.0,1500,-6.682251579991486,False,False,3.950883452070806
-1732500.0,317500.0,1500,-13.337479537545603,False,False,4.083208131388747
-1727500.0,317500.0,1500,-11.191171238798802,False,False,4.278800767712498
-1722500.0,317500.0,1500,-6.006057967642655,False,False,4.257294639514191
-1717500.0,317500.0,1500,-7.0398815708531295,False,False,3.9865093027776375
-1712500.0,317500.0,1500,-11.021810828860618,False,False,4.08209856613703
-1707500.0,317500.0,1500,-15.88867095292163,False,False,4.3856258684720775
-1702500.0,317500.0,1500,-16.991858154736992,False,False,4.6200224941089
-1697500.0,317500.0,1500,-9.888996680908425,False,False,6.656769422723596
-1692500.0,317500.0,1500,3.0213341496304076,False,False,8.099978567512455
-1687500.0,317500.0,1500,15.012279025802378,False,False,8.140248892964886
-1682500.0,317500.0,1500,27.147158955494877,False,False,6.6593482759318885
-1677500.0,317500.0,1500,39.23133689439723,False,False,5.7628435319647995
-1672500.0,317500.0,1500,43.282299283623104,False,False,6.978180801949131
-1667500.0,317500.0,1500,40.78217426620799,False,False,8.40013151253182
-1662500.0,317500.0,1500,32.79042694393512,False,False,9.012015668977856
-1657500.0,317500.0,1500,19.239798944840835,False,False,9.421587332146752
-1652500.0,317500.0,1500,7.719848869732905,False,False,9.87791218635708
-2197500.0,322500.0,1500,14.514374404153655,False,False,8.392636116613222
-2192500.0,322500.0,1500,11.81640444725224,False,False,8.810688008665036
-2187500.0,322500.0,1500,7.441631522229414,False,False,7.511851754533144
-2182500.0,322500.0,1500,3.7798498841298134,False,False,6.049219918106653
-2177500.0,322500.0,1500,1.9255375364014828,False,False,7.605590093429871
-2172500.0,322500.0,1500,1.6524875413835307,False,False,8.22736400019533
-2167500.0,322500.0,1500,0.41108412039485837,False,False,7.3972706712487675
-2162500.0,322500.0,1500,-1.6924282657922403,False,False,8.700198606677114
-2157500.0,322500.0,1500,-3.2620330238394,False,False,10.390667779817932
-2152500.0,322500.0,1500,-5.5043811218211385,False,False,11.063523177093423
-2147500.0,322500.0,1500,-8.035176256539863,False,False,10.99787413765096
-2142500.0,322500.0,1500,-11.28262231673922,False,False,10.353159974865068
-2137500.0,322500.0,1500,-16.131566527290982,False,False,9.234424036695458
-2132500.0,322500.0,1500,-21.21621548711531,False,False,8.023640958797609
-2127500.0,322500.0,1500,-25.725295575969284,False,False,7.392336543422084
-2122500.0,322500.0,1500,-28.55384495331738,False,False,7.612311655909085
-2117500.0,322500.0,1500,-29.145876720779977,False,False,8.20228767911052
-2112500.0,322500.0,1500,-28.85448395868615,False,False,8.520367705565324
-2107500.0,322500.0,1500,-27.71422994114214,False,False,8.382836788381905
-2102500.0,322500.0,1500,-25.590498087162043,False,False,7.966394377331154
-2097500.0,322500.0,1500,-22.91697183174688,False,False,7.569241592644462
-2092500.0,322500.0,1500,-19.386961303312727,False,False,7.439706274343182
-2087500.0,322500.0,1500,-14.566402645740256,False,False,7.600264216041788
-2082500.0,322500.0,1500,-8.627610675491734,False,False,7.880052513116425
-2077500.0,322500.0,1500,-3.185152748717599,False,False,8.219897233864373
-2072500.0,322500.0,1500,0.9395457037304216,False,False,8.699349268191833
-2067500.0,322500.0,1500,3.597535536115415,False,False,9.198484395530418
-2062500.0,322500.0,1500,4.440088318608304,False,False,9.45372516211279
-2057500.0,322500.0,1500,4.479400713483187,False,False,9.389303519226026
-2052500.0,322500.0,1500,3.602229189461669,False,False,9.30598866059977
-2047500.0,322500.0,1500,1.5404337467855813,False,False,9.62175502192744
-2042500.0,322500.0,1500,-0.2520326764753725,False,False,10.403064724216597
-2037500.0,322500.0,1500,-1.8965467103770532,False,False,11.352686831176792
-2032500.0,322500.0,1500,-3.420515731898182,False,False,12.171451762368644
-2027500.0,322500.0,1500,-3.9717207770298324,False,False,12.736028646643724
-2022500.0,322500.0,1500,-4.157251048942939,False,False,13.045868714160795
-2017500.0,322500.0,1500,-3.822006558128295,False,False,13.142555288471243
-2012500.0,322500.0,1500,-2.7924238939508714,False,False,13.069503585208937
-2007500.0,322500.0,1500,-1.6758310345544798,False,False,12.859990737397322
-2002500.0,322500.0,1500,-0.38495904149754884,False,False,12.537253474972264
-1997500.0,322500.0,1500,0.7064006879211149,False,False,12.11910276349914
-1992500.0,322500.0,1500,1.057883554582495,False,False,11.623473874760958
-1987500.0,322500.0,1500,0.2903018968005412,False,False,11.073300828078072
-1982500.0,322500.0,1500,-0.7284831051775368,False,False,10.496349682045683
-1977500.0,322500.0,1500,-0.4109568797104648,False,False,9.932313308615596
-1972500.0,322500.0,1500,0.22451833583292627,False,False,9.4583790833335
-1967500.0,322500.0,1500,0.0030001331562048428,False,False,9.119189619918757
-1962500.0,322500.0,1500,-0.17350889439751638,False,False,8.856966056199031
-1957500.0,322500.0,1500,-0.9256331867753079,False,False,8.627352260648005
-1952500.0,322500.0,1500,-2.919142780613852,False,False,7.323616242423264
-1947500.0,322500.0,1500,-3.3875555582623247,False,False,5.871037515497958
-1942500.0,322500.0,1500,-1.7513333738196404,False,False,7.188681852052523
-1937500.0,322500.0,1500,-0.00466830082923711,False,False,9.019793575240056
-1932500.0,322500.0,1500,1.8939666732445057,False,False,9.556277462049243
-1927500.0,322500.0,1500,2.418805506936595,False,False,10.168985196532214
-1922500.0,322500.0,1500,1.4305806105706702,False,False,10.812439668767995
-1917500.0,322500.0,1500,1.5673439703719407,False,False,11.36525425086426
-1912500.0,322500.0,1500,1.4146270497810225,False,False,11.77168193818008
-1907500.0,322500.0,1500,0.09242981789484422,False,False,11.997840716044763
-1902500.0,322500.0,1500,-1.6607615273190113,False,False,12.01954714785603
-1897500.0,322500.0,1500,-7.752643655350955,False,False,11.821901208188196
-1892500.0,322500.0,1500,-13.768575775651147,False,False,11.412542842990918
-1887500.0,322500.0,1500,-15.446100682233784,False,False,10.833853262070416
-1882500.0,322500.0,1500,-16.425234084533116,False,False,10.172403049439676
-1877500.0,322500.0,1500,-16.78257813418271,False,False,9.549402341190335
-1872500.0,322500.0,1500,-18.109274309025274,False,False,9.068191392889734
-1867500.0,322500.0,1500,-23.478721176732382,False,False,8.744801178552963
-1862500.0,322500.0,1500,-30.666587597708684,False,False,8.500631867417601
-1857500.0,322500.0,1500,-32.59382225111037,False,False,8.27449567734339
-1852500.0,322500.0,1500,-26.036373854482687,False,False,8.162812223140174
-1847500.0,322500.0,1500,-18.985209228378626,False,False,8.31021048014798
-1842500.0,322500.0,1500,-14.417540043530503,False,False,8.6950610100295
-1837500.0,322500.0,1500,-1.010697634746151,False,False,9.134152867899235
-1832500.0,322500.0,1500,18.885483788707248,False,False,9.106023845063628
-1827500.0,322500.0,1500,34.03389555512827,False,False,8.669529862200244
-1822500.0,322500.0,1500,43.80026998478267,False,False,8.202725865061428
-1817500.0,322500.0,1500,48.25409054553376,False,False,7.018606132283871
-1812500.0,322500.0,1500,48.400845935110254,False,False,5.016153969858433
-1807500.0,322500.0,1500,50.512991663666156,False,False,4.897277827779405
-1802500.0,322500.0,1500,52.75423821053002,False,False,6.330868981341332
-1797500.0,322500.0,1500,52.97719872136015,False,True,6.774868535119277
-1792500.0,322500.0,1500,54.39832708648336,False,True,6.641989140324016
-1787500.0,322500.0,1500,55.62026490499672,False,False,6.321354941469924
-1782500.0,322500.0,1500,53.08907242246288,False,False,5.888615278969911
-1777500.0,322500.0,1500,47.69386160773642,False,False,5.58362368545082
-1772500.0,322500.0,1500,40.66293333337766,False,False,5.006239786562301
-1767500.0,322500.0,1500,29.351113380461147,False,False,4.43484398691052
-1762500.0,322500.0,1500,15.882870713133146,False,False,5.026712872711817
-1757500.0,322500.0,1500,7.57566843811509,False,False,5.58970220625476
-1752500.0,322500.0,1500,5.108296649610938,False,False,5.238823679382406
-1747500.0,322500.0,1500,0.8642446271300812,False,False,4.528692554097891
-1742500.0,322500.0,1500,-4.453856285874539,False,False,4.533892622333301
-1737500.0,322500.0,1500,-8.011894571426307,False,False,4.172790199067838
-1732500.0,322500.0,1500,-11.675005784751464,False,False,4.195501453051371
-1727500.0,322500.0,1500,-11.574966995006864,False,False,4.393088460236701
-1722500.0,322500.0,1500,-8.451438308482885,False,False,4.317639345147286
-1717500.0,322500.0,1500,-6.5160802085651035,False,False,4.027306817962873
-1712500.0,322500.0,1500,-6.486143687946065,False,False,4.079939904124275
-1707500.0,322500.0,1500,-6.913819793446608,False,False,4.298420096517383
-1702500.0,322500.0,1500,-4.6346010686837396,False,False,4.384834950630414
-1697500.0,322500.0,1500,1.3741157101500163,False,False,5.699809908309999
-1692500.0,322500.0,1500,11.824663146456585,False,False,7.064481306724376
-1687500.0,322500.0,1500,24.498451128056807,False,False,7.696096566323905
-1682500.0,322500.0,1500,38.497759863657706,False,False,5.925239105382739
-1677500.0,322500.0,1500,47.6798554830051,False,False,4.42526580248813
-1672500.0,322500.0,1500,48.07790979054559,False,False,5.91097873465097
-1667500.0,322500.0,1500,45.8846013768924,False,False,7.656201739214766
-1662500.0,322500.0,1500,41.80931692649239,False,False,7.576641202864
-1657500.0,322500.0,1500,33.11619353097612,False,False,7.2091698857422815
-1652500.0,322500.0,1500,26.51316092774484,False,False,7.875496482591902
-2197500.0,327500.0,1500,12.392913385772104,False,False,8.344789934621078
-2192500.0,327500.0,1500,9.539737983085397,False,False,9.589306459939198
-2187500.0,327500.0,1500,4.845579707484836,False,False,8.36995436884279
-2182500.0,327500.0,1500,1.0689891807502818,False,False,6.103457395772215
-2177500.0,327500.0,1500,-0.6404965132219334,False,False,7.3458528532507525
-2172500.0,327500.0,1500,-1.0537992606659012,False,False,9.495233985666292
-2167500.0,327500.0,1500,-1.5281634546356806,False,False,9.321823902315101
-2162500.0,327500.0,1500,-2.084201699267715,False,False,9.607277545190385
-2157500.0,327500.0,1500,-2.908683832814828,False,False,10.321826805813977
-2152500.0,327500.0,1500,-4.7571595415450325,False,False,10.345920159021547
-2147500.0,327500.0,1500,-6.934986801805888,False,False,9.601259194642267
-2142500.0,327500.0,1500,-9.672288763498129,False,False,8.513331021933404
-2137500.0,327500.0,1500,-13.904420287417746,False,False,7.614464302103383
-2132500.0,327500.0,1500,-18.59596461748119,False,False,7.387816206820176
-2127500.0,327500.0,1500,-22.865028139710756,False,False,7.868254379388862
-2122500.0,327500.0,1500,-26.222950899761095,False,False,8.453728204531657
-2117500.0,327500.0,1500,-27.851923384540473,False,False,8.58799422103718
-2112500.0,327500.0,1500,-28.260069192761563,False,False,8.254384822890247
-2107500.0,327500.0,1500,-27.27953376190445,False,False,7.755745445942926
-2102500.0,327500.0,1500,-24.074100852668963,False,False,7.446869414947066
-2097500.0,327500.0,1500,-19.784176334143485,False,False,7.5021135486409065
-2092500.0,327500.0,1500,-15.112553892680065,False,False,7.772850609334743
-2087500.0,327500.0,1500,-9.64410195745627,False,False,8.051238113841546
-2082500.0,327500.0,1500,-4.2802787296425775,False,False,8.37439158422674
-2077500.0,327500.0,1500,-0.01807022413048899,False,False,8.884561626802158
-2072500.0,327500.0,1500,3.445962593152935,False,False,9.448405378351435
-2067500.0,327500.0,1500,5.8638122465912295,False,False,9.708181627477684
-2062500.0,327500.0,1500,6.494128739362211,False,False,9.555346680263563
-2057500.0,327500.0,1500,6.424242481111268,False,False,9.333961878282004
-2052500.0,327500.0,1500,5.467153130651264,False,False,9.523185400489732
-2047500.0,327500.0,1500,2.960744200671823,False,False,10.23331712219365
-2042500.0,327500.0,1500,1.2135960097358611,False,False,11.162103406215927
-2037500.0,327500.0,1500,-0.08415658494061161,False,False,11.974279981819272
-2032500.0,327500.0,1500,-1.91987897055344,False,False,12.519243648032443
-2027500.0,327500.0,1500,-2.2975783387787745,False,False,12.787212069804085
-2022500.0,327500.0,1500,-2.212346049855869,False,False,12.820263581000535
-2017500.0,327500.0,1500,-2.1153668435131845,False,False,12.665930299726472
-2012500.0,327500.0,1500,-0.5613657134502619,False,False,12.364451133244545
-2007500.0,327500.0,1500,0.9708178806983137,False,False,11.949017891377588
-2002500.0,327500.0,1500,2.3663522713903173,False,False,11.449860199979845
-1997500.0,327500.0,1500,3.774858386943229,False,False,10.901413124985318
-1992500.0,327500.0,1500,3.7596545586658707,False,False,10.348190447797764
-1987500.0,327500.0,1500,2.6797869192964936,False,False,9.843179391525085
-1982500.0,327500.0,1500,1.144573459892143,False,False,9.428508966913855
-1977500.0,327500.0,1500,-0.016395642538572258,False,False,9.113323492853006
-1972500.0,327500.0,1500,-0.24767246186693057,False,False,8.907878370216945
-1967500.0,327500.0,1500,-0.6071952995605919,False,False,8.802527303121463
-1962500.0,327500.0,1500,-1.4892182885950809,False,False,8.712719274805963
-1957500.0,327500.0,1500,-2.438130343782653,False,False,8.662499056314857
-1952500.0,327500.0,1500,-3.7141861228905193,False,False,7.936311387026372
-1947500.0,327500.0,1500,-4.678738447855098,False,False,5.7353615282231925
-1942500.0,327500.0,1500,-3.073890572338365,False,False,6.635224202337968
-1937500.0,327500.0,1500,-0.1584501468143012,False,False,9.640842894142148
-1932500.0,327500.0,1500,1.886276139629662,False,False,10.633475806296884
-1927500.0,327500.0,1500,3.8130627952333387,False,False,11.278006319080792
-1922500.0,327500.0,1500,4.328895856633993,False,False,11.768207498454178
-1917500.0,327500.0,1500,4.139130747791572,False,False,12.065558695061842
-1912500.0,327500.0,1500,4.757421435018823,False,False,12.1462891099203
-1907500.0,327500.0,1500,4.083766805301674,False,False,12.006280952204982
-1902500.0,327500.0,1500,2.7559129215044558,False,False,11.652051040781124
-1897500.0,327500.0,1500,-0.8855932551918788,False,False,11.113469446268404
-1892500.0,327500.0,1500,-6.4351805048626405,False,False,10.463417568021582
-1887500.0,327500.0,1500,-9.41664560969804,False,False,9.81124222300836
-1882500.0,327500.0,1500,-10.016469559862287,False,False,9.259242123465956
-1877500.0,327500.0,1500,-10.671508031410783,False,False,8.85065692520406
-1872500.0,327500.0,1500,-12.202538110507593,False,False,8.558513413413953
-1867500.0,327500.0,1500,-17.6381929386626,False,False,8.33664838415017
-1862500.0,327500.0,1500,-24.37262404252774,False,False,8.187425925714985
-1857500.0,327500.0,1500,-24.086356205501954,False,False,8.182692446767579
-1852500.0,327500.0,1500,-17.78235630236832,False,False,8.437186221865778
-1847500.0,327500.0,1500,-13.585393683956465,False,False,8.922991315999647
-1842500.0,327500.0,1500,-13.300582744526398,False,False,9.371609164916647
-1837500.0,327500.0,1500,-6.792478730224102,False,False,9.525755877604801
-1832500.0,327500.0,1500,9.508160656462715,False,False,9.233615538774412
-1827500.0,327500.0,1500,28.20612825264376,False,False,8.530768570339959
-1822500.0,327500.0,1500,37.37555934486748,False,False,7.586689592468941
-1817500.0,327500.0,1500,37.979072677692464,False,False,5.594902918391858
-1812500.0,327500.0,1500,38.17466212313414,False,False,4.948090054888724
-1807500.0,327500.0,1500,43.736590803875366,False,False,6.504458471710296
-1802500.0,327500.0,1500,48.91254826175911,False,False,7.154952966896323
-1797500.0,327500.0,1500,50.778146592800496,False,False,6.7709423351622
-1792500.0,327500.0,1500,57.71710219733901,False,False,6.155338972116014
-1787500.0,327500.0,1500,61.419634754340954,False,False,5.764788576228325
-1782500.0,327500.0,1500,56.521330488398824,False,False,5.592889605122121
-1777500.0,327500.0,1500,45.0180574699457,False,False,5.220236420188706
-1772500.0,327500.0,1500,34.00164464956325,False,False,5.161166740584304
-1767500.0,327500.0,1500,23.078117427956485,False,True,4.920910269481319
-1762500.0,327500.0,1500,7.656169969828993,False,True,4.980917592017812
-1757500.0,327500.0,1500,-1.8001127809748039,False,False,5.17297503520824
-1752500.0,327500.0,1500,-2.3507319618903337,False,False,5.083355943177331
-1747500.0,327500.0,1500,-3.8258240494614273,False,False,4.760477723979469
-1742500.0,327500.0,1500,-9.827352129413311,False,False,4.714899265502528
-1737500.0,327500.0,1500,-15.429350757587237,False,False,4.407429255901126
-1732500.0,327500.0,1500,-16.604299610509806,False,False,4.344471921525056
-1727500.0,327500.0,1500,-14.566418547505233,False,False,4.535231310020254
-1722500.0,327500.0,1500,-13.907818484032571,False,False,4.407798985791405
-1717500.0,327500.0,1500,-13.335465864108013,False,False,4.1220174602825015
-1712500.0,327500.0,1500,-8.930841361963237,False,False,4.124875826735158
-1707500.0,327500.0,1500,-2.3418529144833533,False,False,4.293385038881555
-1702500.0,327500.0,1500,3.1037417223296564,False,False,4.128226602376477
-1697500.0,327500.0,1500,9.704617787454685,False,False,4.3766417054145315
-1692500.0,327500.0,1500,18.917106494027774,False,False,5.748676593863989
-1687500.0,327500.0,1500,29.374625637359884,False,False,7.362465000392824
-1682500.0,327500.0,1500,41.183815646493635,False,False,6.003006916714959
-1677500.0,327500.0,1500,46.79812359522276,False,False,4.2209642516040375
-1672500.0,327500.0,1500,42.003133615509114,False,False,5.57989406100788
-1667500.0,327500.0,1500,33.940476087964676,False,False,7.5295784231765825
-1662500.0,327500.0,1500,29.010664625292865,False,False,6.678312037462174
-1657500.0,327500.0,1500,25.848172492151846,False,False,5.207063851570271
-1652500.0,327500.0,1500,28.48165932920578,False,False,6.1192482937547705
-2197500.0,332500.0,1500,10.171100527902464,False,False,7.489358127100824
-2192500.0,332500.0,1500,6.906245531795441,False,False,9.954492117472062
-2187500.0,332500.0,1500,2.0986847196165557,False,False,9.040240579479441
-2182500.0,332500.0,1500,-2.111657048213201,False,False,6.047759039708634
-2177500.0,332500.0,1500,-3.0445143621677198,False,False,6.8197444294670255
-2172500.0,332500.0,1500,-3.471138670672281,False,False,9.345811427178072
-2167500.0,332500.0,1500,-3.495227716041496,False,False,7.78339265830655
-2162500.0,332500.0,1500,-2.094930341398036,False,False,6.559506204367279
-2157500.0,332500.0,1500,-2.3429645972286104,False,False,7.517006030268091
-2152500.0,332500.0,1500,-4.266020943040993,False,False,8.185124240540718
-2147500.0,332500.0,1500,-6.2964084595861065,False,False,7.808201763048577
-2142500.0,332500.0,1500,-8.75324441741928,False,False,7.254813721655646
-2137500.0,332500.0,1500,-11.754360933249263,False,False,7.4262537874256855
-2132500.0,332500.0,1500,-15.653382753035517,False,False,8.109353842947327
-2127500.0,332500.0,1500,-20.030205609676777,False,False,8.570025883127084
-2122500.0,332500.0,1500,-24.117495738728472,False,False,8.460829703393882
-2117500.0,332500.0,1500,-26.796198118860044,False,False,8.017933456441764
-2112500.0,332500.0,1500,-27.41662698581938,False,False,7.574401062734779
-2107500.0,332500.0,1500,-25.672855409815778,False,False,7.412424464651023
-2102500.0,332500.0,1500,-21.014674766504434,False,False,7.599699167618162
-2097500.0,332500.0,1500,-15.487185671709044,False,False,7.936180115336163
-2092500.0,332500.0,1500,-10.75543591316704,False,False,8.265958699632302
-2087500.0,332500.0,1500,-5.5842346204336915,False,False,8.66703793836156
-2082500.0,332500.0,1500,-1.1787081702037834,False,False,9.210093836170135
-2077500.0,332500.0,1500,1.8376039717460086,False,False,9.727430567081804
-2072500.0,332500.0,1500,4.978304222311239,False,False,9.926772821969232
-2067500.0,332500.0,1500,6.9182240475379935,False,False,9.703314113732477
-2062500.0,332500.0,1500,7.387318512104757,False,False,9.37305874258207
-2057500.0,332500.0,1500,7.548750859710058,False,False,9.442100209726945
-2052500.0,332500.0,1500,6.3876371197702815,False,False,10.072023351912744
-2047500.0,332500.0,1500,4.144434704221328,False,False,10.965315969080764
-2042500.0,332500.0,1500,2.4204014439933172,False,False,11.753318987052307
-2037500.0,332500.0,1500,1.13732792421456,False,False,12.259341980789692
-2032500.0,332500.0,1500,-0.14696240471495506,False,False,12.46530973710256
-2027500.0,332500.0,1500,-0.6345835489859694,False,False,12.415178778556463
-2022500.0,332500.0,1500,-0.2957200500990202,False,False,12.162767697046236
-2017500.0,332500.0,1500,0.06341482434709021,False,False,11.758464329543083
-2012500.0,332500.0,1500,1.5996020293240607,False,False,11.254006573026432
-2007500.0,332500.0,1500,3.9419979600628614,False,False,10.705290599085803
-2002500.0,332500.0,1500,5.178812792792304,False,False,10.169714644763763
-1997500.0,332500.0,1500,6.2366570648930635,False,False,9.701127584484004
-1992500.0,332500.0,1500,6.357287592874211,False,False,9.340240178286962
-1987500.0,332500.0,1500,4.438586188101576,False,False,9.104963412770536
-1982500.0,332500.0,1500,2.2612165468146017,False,False,8.975981947353347
-1977500.0,332500.0,1500,-0.11638799075743025,False,False,8.88760775642105
-1972500.0,332500.0,1500,-1.7995189192489225,False,False,8.80853603739326
-1967500.0,332500.0,1500,-2.1741956791703982,False,False,8.79517319551666
-1962500.0,332500.0,1500,-3.0721750229500824,False,False,8.889186109994613
-1957500.0,332500.0,1500,-4.007744346113315,False,False,9.090787338611584
-1952500.0,332500.0,1500,-4.331588636001496,False,False,8.740496563989002
-1947500.0,332500.0,1500,-4.466685485484124,False,False,5.93933042395738
-1942500.0,332500.0,1500,-2.878686153851353,False,False,6.247319972583437
-1937500.0,332500.0,1500,0.13828560452300562,False,False,9.93407124274465
-1932500.0,332500.0,1500,2.5538752048727145,False,False,11.410658642779222
-1927500.0,332500.0,1500,4.994931252776093,False,False,12.00153547646305
-1922500.0,332500.0,1500,6.8230209049529496,False,False,12.206088950995419
-1917500.0,332500.0,1500,7.100552306200945,False,False,12.154819464583522
-1912500.0,332500.0,1500,7.613739960089315,False,False,11.873588584012634
-1907500.0,332500.0,1500,7.698038188286928,False,False,11.391256099452685
-1902500.0,332500.0,1500,6.959049085495338,False,False,10.763919001640279
-1897500.0,332500.0,1500,5.02534282276961,False,False,10.086614992524485
-1892500.0,332500.0,1500,0.7161114825505834,False,False,9.478710618111927
-1887500.0,332500.0,1500,-1.4075580222749489,False,False,9.013763626688391
-1882500.0,332500.0,1500,-1.7172332723861592,False,False,8.666684745142833
-1877500.0,332500.0,1500,-5.1685087091466455,False,False,8.382444060837203
-1872500.0,332500.0,1500,-10.120604358972061,False,False,8.185424652216176
-1867500.0,332500.0,1500,-14.144763711645377,False,False,8.152342359476823
-1862500.0,332500.0,1500,-14.688720805402232,False,False,8.338219106697622
-1857500.0,332500.0,1500,-11.346343400635966,False,False,8.716004992142496
-1852500.0,332500.0,1500,-8.814174941455093,False,False,9.143714452304078
-1847500.0,332500.0,1500,-9.255301682938656,False,False,9.442021164665858
-1842500.0,332500.0,1500,-10.225986441166592,False,False,9.458349605586694
-1837500.0,332500.0,1500,-9.248843015982297,False,False,9.171616887409245
-1832500.0,332500.0,1500,-5.938657637940032,False,False,8.790270232092917
-1827500.0,332500.0,1500,6.033656365377237,False,False,8.21774869682605
-1822500.0,332500.0,1500,13.860860205171543,False,False,6.524117550474873
-1817500.0,332500.0,1500,15.769548312358,False,False,5.071417882135168
-1812500.0,332500.0,1500,22.868739530468194,False,False,6.252289533990367
-1807500.0,332500.0,1500,32.219498425816106,False,False,7.574623256463088
-1802500.0,332500.0,1500,40.41857914040224,False,False,7.153711143799215
-1797500.0,332500.0,1500,44.933988002014836,False,False,6.443969901054412
-1792500.0,332500.0,1500,52.08452102495466,False,False,6.011738018186442
-1787500.0,332500.0,1500,59.420256390929644,False,False,5.934050327921622
-1782500.0,332500.0,1500,63.616173315429,False,False,5.727238247806051
-1777500.0,332500.0,1500,46.41463516731493,False,True,4.736914003630056
-1772500.0,332500.0,1500,20.825753017864987,False,True,4.828253653332575
-1767500.0,332500.0,1500,9.240434740502101,False,True,5.15674337063296
-1762500.0,332500.0,1500,-0.19195975884535837,False,True,5.25679738349828
-1757500.0,332500.0,1500,-3.8594422066072616,False,True,4.951605776065403
-1752500.0,332500.0,1500,-2.320010760478615,False,True,4.846960857289426
-1747500.0,332500.0,1500,-5.205274425566311,False,False,5.000931198196152
-1742500.0,332500.0,1500,-14.685801109930994,False,False,4.851825121416049
-1737500.0,332500.0,1500,-23.018207088021956,False,False,4.500245303800429
-1732500.0,332500.0,1500,-21.929306447283157,False,False,4.428775733477875
-1727500.0,332500.0,1500,-17.894746152070553,False,False,4.652308749613449
-1722500.0,332500.0,1500,-20.637417587173562,False,False,4.496255278422077
-1717500.0,332500.0,1500,-24.686171529996486,False,False,4.135474256737978
-1712500.0,332500.0,1500,-19.19581255619845,False,False,4.096006189598089
-1707500.0,332500.0,1500,-8.062376109551337,False,False,4.3235506306864
-1702500.0,332500.0,1500,-0.22237312909811802,False,False,4.171525785585604
-1697500.0,332500.0,1500,7.534585393707467,False,False,4.031395706703569
-1692500.0,332500.0,1500,14.784414164686249,False,False,5.304019163619838
-1687500.0,332500.0,1500,23.37777309328681,False,False,7.310750934435823
-1682500.0,332500.0,1500,35.0883658299393,False,False,6.241087226549359
-1677500.0,332500.0,1500,37.80309894466136,False,False,4.2571074908340965
-1672500.0,332500.0,1500,29.346616758092804,False,False,5.387722257544006
-1667500.0,332500.0,1500,18.207405949031454,False,False,7.475191016917218
-1662500.0,332500.0,1500,11.058035470807193,False,False,6.470365121574119
-1657500.0,332500.0,1500,10.854039259614373,False,False,4.511671887314506
-1652500.0,332500.0,1500,17.921203746753854,False,False,5.470754150898809
-2197500.0,337500.0,1500,8.7031764538247,False,False,6.363431529749965
-2192500.0,337500.0,1500,4.548454913774182,False,False,9.61273247262147
-2187500.0,337500.0,1500,-0.6034355362589376,False,False,9.402282076784939
-2182500.0,337500.0,1500,-4.922708574843334,False,False,6.03064343161163
-2177500.0,337500.0,1500,-5.307588953255044,False,False,6.294706724315658
-2172500.0,337500.0,1500,-4.768728908311365,False,False,9.148232994457711
-2167500.0,337500.0,1500,-4.192623260176787,False,False,7.6857132388565885
-2162500.0,337500.0,1500,-1.948219354848774,False,False,5.818638772165189
-2157500.0,337500.0,1500,-2.022405193419446,False,False,5.656636876736854
-2152500.0,337500.0,1500,-4.954981010479763,False,False,5.597799670522142
-2147500.0,337500.0,1500,-7.0569693068350166,False,False,5.440227591998607
-2142500.0,337500.0,1500,-9.05480562088836,False,False,6.033510640388668
-2137500.0,337500.0,1500,-11.352139091805158,False,False,7.32960109895177
-2132500.0,337500.0,1500,-14.200550952505388,False,False,8.278305364917047
-2127500.0,337500.0,1500,-18.828112409645264,False,False,8.25807510875267
-2122500.0,337500.0,1500,-23.477666364098372,False,False,7.700446724916694
-2117500.0,337500.0,1500,-25.896609497038167,False,False,7.368458449982539
-2112500.0,337500.0,1500,-25.878949946724536,False,False,7.43865243484128
-2107500.0,337500.0,1500,-22.81441828877408,False,False,7.738574259565991
-2102500.0,337500.0,1500,-17.203267048779026,False,False,8.051665537534959
-2097500.0,337500.0,1500,-11.721376189783685,False,False,8.405260771330973
-2092500.0,337500.0,1500,-7.269842399029078,False,False,8.934117351452223
-2087500.0,337500.0,1500,-3.080962985932262,False,False,9.558396131802212
-2082500.0,337500.0,1500,0.1429386264625521,False,False,10.040041004987064
-2077500.0,337500.0,1500,2.409289249756233,False,False,10.148210844116885
-2072500.0,337500.0,1500,4.85999136609494,False,False,9.843555622641771
-2067500.0,337500.0,1500,6.530690128751764,False,False,9.422340321395128
-2062500.0,337500.0,1500,7.253193668654163,False,False,9.378898857855262
-2057500.0,337500.0,1500,7.744708274200982,False,False,9.915567504019656
-2052500.0,337500.0,1500,6.784529999766332,False,False,10.752871687391947
-2047500.0,337500.0,1500,4.816742287493763,False,False,11.495389748678281
-2042500.0,337500.0,1500,3.2757618071626866,False,False,11.93989788260481
-2037500.0,337500.0,1500,2.2385521819253826,False,False,12.0623266310955
-2032500.0,337500.0,1500,1.5774807913090234,False,False,11.913518732849063
-2027500.0,337500.0,1500,1.2909190039551726,False,False,11.560846744946737
-2022500.0,337500.0,1500,1.4980843289257233,False,False,11.071930664579725
-2017500.0,337500.0,1500,2.0149216532461085,False,False,10.517155050919413
-2012500.0,337500.0,1500,3.639708340565653,False,False,9.97901818046508
-2007500.0,337500.0,1500,6.363142982537646,False,False,9.536843611680924
-2002500.0,337500.0,1500,7.8133876406846365,False,False,9.23097074719003
-1997500.0,337500.0,1500,8.284393486608346,False,False,9.04804747234019
-1992500.0,337500.0,1500,8.117996547294673,False,False,8.946526645057897
-1987500.0,337500.0,1500,5.5914555144365155,False,False,8.895562470826388
-1982500.0,337500.0,1500,2.42002924326206,False,False,8.88170304044961
-1977500.0,337500.0,1500,-0.4300069074913478,False,False,8.882374438922454
-1972500.0,337500.0,1500,-3.2899764314578936,False,False,8.926052227604865
-1967500.0,337500.0,1500,-4.453656184805254,False,False,9.133734555707779
-1962500.0,337500.0,1500,-4.661783149938972,False,False,9.551247562153184
-1957500.0,337500.0,1500,-5.159016737026288,False,False,9.9958079652558
-1952500.0,337500.0,1500,-4.874658959298331,False,False,9.728899965875591
-1947500.0,337500.0,1500,-3.3996924491827722,False,False,6.741045358733212
-1942500.0,337500.0,1500,-1.6800330338050116,False,False,6.1692215192540525
-1937500.0,337500.0,1500,0.5834813077134251,False,False,9.609927862604051
-1932500.0,337500.0,1500,3.4401077964351603,False,False,11.579303660650822
-1927500.0,337500.0,1500,5.902477653688071,False,False,12.112752222475967
-1922500.0,337500.0,1500,8.498726457676597,False,False,12.0221902400011
-1917500.0,337500.0,1500,10.272462463800945,False,False,11.632522830146797
-1912500.0,337500.0,1500,10.885864915491501,False,False,11.05179837345983
-1907500.0,337500.0,1500,11.50048722566991,False,False,10.378345782204418
-1902500.0,337500.0,1500,10.69160739393389,False,False,9.730037733915577
-1897500.0,337500.0,1500,8.434066853624204,False,False,9.198722479690401
-1892500.0,337500.0,1500,6.219694585142543,False,False,8.803635791357035
-1887500.0,337500.0,1500,6.071377228416755,False,False,8.493444764483204
-1882500.0,337500.0,1500,6.281653325132326,False,False,8.234612661333376
-1877500.0,337500.0,1500,1.0683894004399472,False,False,8.105502103843857
-1872500.0,337500.0,1500,-7.619816917210314,False,False,8.172444677302142
-1867500.0,337500.0,1500,-11.393367750049848,False,False,8.330982347066987
-1862500.0,337500.0,1500,-8.226678511212786,False,False,8.626696577365793
-1857500.0,337500.0,1500,-3.8359349361302635,False,False,9.097635834693316
-1852500.0,337500.0,1500,-3.0774355366975463,False,False,9.35248076185248
-1847500.0,337500.0,1500,-6.738808459662847,False,False,9.232229981357664
-1842500.0,337500.0,1500,-10.091706088483262,False,False,8.95958049332825
-1837500.0,337500.0,1500,-12.207211345629142,False,False,8.668890831103603
-1832500.0,337500.0,1500,-16.041477915099804,False,False,8.383764243577073
-1827500.0,337500.0,1500,-15.063112743689942,False,False,7.350439076539275
-1822500.0,337500.0,1500,-10.692658403709494,False,False,5.535109474132863
-1817500.0,337500.0,1500,-1.5605846101438197,False,False,5.979316004702706
-1812500.0,337500.0,1500,15.016213047219816,False,False,7.511746460718669
-1807500.0,337500.0,1500,31.652611450540636,False,False,7.318646682255922
-1802500.0,337500.0,1500,42.66932690163363,False,False,6.734073132978825
-1797500.0,337500.0,1500,45.05070068124706,False,False,6.467685076105035
-1792500.0,337500.0,1500,46.27017791856916,False,False,6.408753410650843
-1787500.0,337500.0,1500,51.23062984049401,False,False,6.35252608463476
-1782500.0,337500.0,1500,57.326477893633594,False,True,6.024741794041031
-1777500.0,337500.0,1500,43.93548446165643,False,True,4.725690798409587
-1772500.0,337500.0,1500,15.425688255720589,False,True,4.950422911248306
-1767500.0,337500.0,1500,-0.9695350638511147,False,True,5.514127215195843
-1762500.0,337500.0,1500,-4.424992614409792,False,True,5.52533138171211
-1757500.0,337500.0,1500,0.7618780344309398,False,True,4.8418571961043835
-1752500.0,337500.0,1500,2.0662281718748403,False,True,4.664887694276941
-1747500.0,337500.0,1500,-6.06365479658218,False,True,5.113933067166198
-1742500.0,337500.0,1500,-17.175112094999747,False,False,4.964054219091531
-1737500.0,337500.0,1500,-25.506169364480158,False,False,4.524129023326502
-1732500.0,337500.0,1500,-24.237470952946317,False,False,4.418963997084592
-1727500.0,337500.0,1500,-20.815007562835532,False,False,4.689374246362776
-1722500.0,337500.0,1500,-25.51831961191427,False,False,4.5440563094524835
-1717500.0,337500.0,1500,-31.195415162104567,False,False,4.179066481684811
-1712500.0,337500.0,1500,-27.308756934975055,False,False,4.086171958432095
-1707500.0,337500.0,1500,-17.323424911116383,False,False,4.313429381117061
-1702500.0,337500.0,1500,-8.34897093762753,False,False,4.247284822272062
-1697500.0,337500.0,1500,-0.8091800398864526,False,False,4.171982247830918
-1692500.0,337500.0,1500,4.132796992332612,False,False,5.310037280389253
-1687500.0,337500.0,1500,11.56602404293697,False,False,7.349221625979867
-1682500.0,337500.0,1500,22.70549137219804,False,False,6.478744189017499
-1677500.0,337500.0,1500,24.372829878983676,False,False,4.352264360655767
-1672500.0,337500.0,1500,15.757266332878087,False,False,5.211713980679941
-1667500.0,337500.0,1500,6.494441821294211,False,False,7.332577020131904
-1662500.0,337500.0,1500,2.4068092791210556,False,False,6.5235584131036
-1657500.0,337500.0,1500,5.09481446101438,False,False,4.510851056087114
-1652500.0,337500.0,1500,10.310362011320372,False,False,5.230902564453666
-2197500.0,342500.0,1500,7.497068698853911,False,False,5.933276844130139
-2192500.0,342500.0,1500,2.5144483116808143,False,False,8.464239585290816
-2187500.0,342500.0,1500,-2.5276459320673412,False,False,9.360513065625057
-2182500.0,342500.0,1500,-6.658165910006884,False,False,6.164406818184505
-2177500.0,342500.0,1500,-7.026654494611917,False,False,5.988465935157103
-2172500.0,342500.0,1500,-5.4317672236690315,False,False,9.007350209840933
-2167500.0,342500.0,1500,-4.274250318470053,False,False,8.970598627411619
-2162500.0,342500.0,1500,-2.468011082145273,False,False,7.814058681629975
-2157500.0,342500.0,1500,-2.6761121229736498,False,False,6.765021409266188
-2152500.0,342500.0,1500,-6.003165189465089,False,False,6.084021108369548
-2147500.0,342500.0,1500,-8.249998965861481,False,False,5.752452928155786
-2142500.0,342500.0,1500,-9.78988527745355,False,False,5.667576038590269
-2137500.0,342500.0,1500,-12.01829015884761,False,False,5.716904691824592
-2132500.0,342500.0,1500,-14.442414162271596,False,False,6.3395799587205035
-2127500.0,342500.0,1500,-19.244715151479458,False,False,6.720628884467309
-2122500.0,342500.0,1500,-23.977606428610436,False,False,6.7522116494510245
-2117500.0,342500.0,1500,-24.719600465684024,False,False,7.288550432866667
-2112500.0,342500.0,1500,-23.189834699677647,False,False,7.869140824828546
-2107500.0,342500.0,1500,-19.468572915927744,False,False,8.289461747396055
-2102500.0,342500.0,1500,-14.17246417966142,False,False,8.631290500423432
-2097500.0,342500.0,1500,-9.708731585164735,False,False,9.151964087283075
-2092500.0,342500.0,1500,-5.544251803869983,False,False,9.819423674462632
-2087500.0,342500.0,1500,-2.001968910149754,False,False,10.286764813361518
-2082500.0,342500.0,1500,0.1797853536437387,False,False,10.307463189662878
-2077500.0,342500.0,1500,1.9527809903429616,False,False,9.916236749333736
-2072500.0,342500.0,1500,3.6103060262648015,False,False,9.43161576927414
-2067500.0,342500.0,1500,5.338289666323494,False,False,9.309492431104974
-2062500.0,342500.0,1500,6.761195386877896,False,False,9.750652489585848
-2057500.0,342500.0,1500,7.198501070442407,False,False,10.5023338715772
-2052500.0,342500.0,1500,6.617082348160754,False,False,11.167846475800477
-2047500.0,342500.0,1500,4.984497515862458,False,False,11.527282445729579
-2042500.0,342500.0,1500,4.059195940618599,False,False,11.55186462114543
-2037500.0,342500.0,1500,3.930814937415627,False,False,11.303664794590512
-2032500.0,342500.0,1500,3.423159103214567,False,False,10.87210862106814
-2027500.0,342500.0,1500,3.444436264636141,False,False,10.353576990085342
-2022500.0,342500.0,1500,3.553029955062628,False,False,9.841021731288036
-2017500.0,342500.0,1500,4.0894684171013305,False,False,9.411848473001386
-2012500.0,342500.0,1500,5.952512371432116,False,False,9.121276147597715
-2007500.0,342500.0,1500,8.103004517906864,False,False,8.97944096734751
-2002500.0,342500.0,1500,9.426096050506704,False,False,8.928943180953778
-1997500.0,342500.0,1500,9.444752765107273,False,False,8.880758454668197
-1992500.0,342500.0,1500,8.517250123102174,False,False,8.812719379152608
-1987500.0,342500.0,1500,5.956541168464543,False,False,8.803388549495109
-1982500.0,342500.0,1500,2.073456277638694,False,False,8.936936827148745
-1977500.0,342500.0,1500,-1.0079738269184364,False,False,9.209176157030186
-1972500.0,342500.0,1500,-4.157241861339788,False,False,9.588807646117987
-1967500.0,342500.0,1500,-6.33864696354788,False,False,10.092829384567516
-1962500.0,342500.0,1500,-6.11760343341224,False,False,10.673244734763973
-1957500.0,342500.0,1500,-6.17591898124907,False,False,11.089550242422945
-1952500.0,342500.0,1500,-5.739209739217932,False,False,10.689661418159142
-1947500.0,342500.0,1500,-3.3278259605638882,False,False,7.857451547841122
-1942500.0,342500.0,1500,-1.651244881042317,False,False,6.181151121418618
-1937500.0,342500.0,1500,0.22771965675303343,False,False,8.753661948386124
-1932500.0,342500.0,1500,3.7484777515628305,False,False,11.205735827004894
-1927500.0,342500.0,1500,6.8199978427177195,False,False,11.639695457623572
-1922500.0,342500.0,1500,10.10700899420205,False,False,11.28500929407617
-1917500.0,342500.0,1500,13.431578799147427,False,False,10.663883546981019
-1912500.0,342500.0,1500,14.839316141408576,False,False,9.987950358297825
-1907500.0,342500.0,1500,15.198499941316014,False,False,9.405356632159489
-1902500.0,342500.0,1500,14.223010055647334,False,False,8.980984543525881
-1897500.0,342500.0,1500,11.54168366707951,False,False,8.647434286905412
-1892500.0,342500.0,1500,9.867362382445243,False,False,8.342428051719232
-1887500.0,342500.0,1500,10.312142204734597,False,False,8.136247182371662
-1882500.0,342500.0,1500,10.787908925598177,False,False,8.116005435817168
-1877500.0,342500.0,1500,5.091677224706476,False,False,8.23761966682535
-1872500.0,342500.0,1500,-5.239875993537149,False,False,8.209404024633699
-1867500.0,342500.0,1500,-9.041698275392275,False,False,7.5835791218549495
-1862500.0,342500.0,1500,-4.1809791497016695,False,False,7.393978890116404
-1857500.0,342500.0,1500,1.307667758970506,False,False,8.297675713207878
-1852500.0,342500.0,1500,2.7338169096372367,False,False,8.813397461029403
-1847500.0,342500.0,1500,-0.8509100955032096,False,False,8.596557910703556
-1842500.0,342500.0,1500,-4.1544597837676704,False,False,8.433637716529955
-1837500.0,342500.0,1500,-3.321216047393303,False,False,8.226432013075923
-1832500.0,342500.0,1500,-6.009486353906785,False,False,7.3972329306305395
-1827500.0,342500.0,1500,-14.691609094382956,False,False,5.631536900697034
-1822500.0,342500.0,1500,-17.674746750750106,False,False,5.45522333550152
-1817500.0,342500.0,1500,-8.770031021554624,False,False,7.118565890862151
-1812500.0,342500.0,1500,5.247097296310671,False,False,7.587345179170693
-1807500.0,342500.0,1500,20.33531026421485,False,False,7.208427269264217
-1802500.0,342500.0,1500,32.203172444566384,False,False,7.10089022966966
-1797500.0,342500.0,1500,36.40594934462703,False,False,7.088072395936667
-1792500.0,342500.0,1500,42.38305951440411,False,False,6.970306446162995
-1787500.0,342500.0,1500,48.282386816549206,False,True,7.027688489588472
-1782500.0,342500.0,1500,46.82687520317999,False,True,6.811772700679883
-1777500.0,342500.0,1500,39.15635584301683,False,True,4.9655846931496095
-1772500.0,342500.0,1500,15.323391571634724,False,True,5.004326082846755
-1767500.0,342500.0,1500,-7.476582194204594,False,True,5.726045870244773
-1762500.0,342500.0,1500,-9.29527875207294,False,True,5.695809425548695
-1757500.0,342500.0,1500,0.6609135374521478,False,True,4.896282381006687
-1752500.0,342500.0,1500,2.2889904561512107,False,True,4.668199248582145
-1747500.0,342500.0,1500,-8.800688684350874,False,True,5.204337710105636
-1742500.0,342500.0,1500,-19.715167230464324,False,False,5.063883177618734
-1737500.0,342500.0,1500,-26.68654016215465,False,False,4.563414701404744
-1732500.0,342500.0,1500,-27.419237881538237,False,False,4.44044393139882
-1727500.0,342500.0,1500,-25.616445602113163,False,False,4.742415238812984
-1722500.0,342500.0,1500,-26.793847787723763,False,False,4.563327423188998
-1717500.0,342500.0,1500,-28.74418677146541,False,False,4.214969663590902
-1712500.0,342500.0,1500,-27.6757368783787,False,False,4.1133400324094165
-1707500.0,342500.0,1500,-23.405331175981612,False,False,4.332975200998013
-1702500.0,342500.0,1500,-16.264902947893454,False,False,4.285185571956335
-1697500.0,342500.0,1500,-8.522198647570022,False,False,4.179061633422485
-1692500.0,342500.0,1500,-4.439221353366162,False,False,5.206944478144971
-1687500.0,342500.0,1500,-0.6412481308851841,False,False,7.332498498939854
-1682500.0,342500.0,1500,4.7600595497790605,False,False,6.661220947235391
-1677500.0,342500.0,1500,4.729281946792317,False,False,4.429560141512792
-1672500.0,342500.0,1500,-0.37655186102994975,False,False,4.975411488054512
-1667500.0,342500.0,1500,-6.250414064077116,False,False,6.999535967338582
-1662500.0,342500.0,1500,-4.666643404459745,False,False,6.378462545395381
-1657500.0,342500.0,1500,7.1524278142074404,False,False,4.4136723605267445
-1652500.0,342500.0,1500,11.951019188693396,False,False,4.913570908911298
-2197500.0,347500.0,1500,5.808008042114179,False,False,6.179885349455072
-2192500.0,347500.0,1500,0.40094590658024426,False,False,6.465242545177493
-2187500.0,347500.0,1500,-3.9189762565533535,False,False,8.46202676019649
-2182500.0,347500.0,1500,-7.564676678114935,False,False,6.354359620640116
-2177500.0,347500.0,1500,-8.24816964145718,False,False,5.783386215286652
-2172500.0,347500.0,1500,-6.183356965707961,False,False,8.135745964702767
-2167500.0,347500.0,1500,-4.215714946929278,False,False,8.255574036606138
-2162500.0,347500.0,1500,-3.0185680290250914,False,False,7.752893205050242
-2157500.0,347500.0,1500,-3.747529378841046,False,False,7.877493261526933
-2152500.0,347500.0,1500,-6.393627575521274,False,False,8.335479947646611
-2147500.0,347500.0,1500,-8.521165243380425,False,False,8.283363827268962
-2142500.0,347500.0,1500,-9.548873294863542,False,False,7.376348458529405
-2137500.0,347500.0,1500,-11.084307133036994,False,False,6.207542341062975
-2132500.0,347500.0,1500,-13.75218335432645,False,False,5.946368586475639
-2127500.0,347500.0,1500,-18.400185686237613,False,False,5.873942367137062
-2122500.0,347500.0,1500,-23.176018636910584,False,False,5.4009495017009295
-2117500.0,347500.0,1500,-23.426459060710418,False,False,5.603646072240415
-2112500.0,347500.0,1500,-20.225421822502355,False,False,6.547451972380177
-2107500.0,347500.0,1500,-16.7548188877247,False,False,7.669310112581144
-2102500.0,347500.0,1500,-13.404508675097986,False,False,8.63093213829914
-2097500.0,347500.0,1500,-10.067826947548626,False,False,9.479389027646842
-2092500.0,347500.0,1500,-6.558415590030794,False,False,10.130447783919891
-2087500.0,347500.0,1500,-3.04092613074444,False,False,10.324510044899123
-2082500.0,347500.0,1500,-0.7076226755258959,False,False,9.961216794435611
-2077500.0,347500.0,1500,0.5482919488733016,False,False,9.382622439577322
-2072500.0,347500.0,1500,1.9377209988964654,False,False,9.16330271496662
-2067500.0,347500.0,1500,3.719005636997252,False,False,9.527802814097933
-2062500.0,347500.0,1500,5.3841200788956805,False,False,10.180350665583534
-2057500.0,347500.0,1500,6.1148361242728155,False,False,10.720497750195252
-2052500.0,347500.0,1500,6.083850531341208,False,False,10.95919003796203
-2047500.0,347500.0,1500,5.407146751947357,False,False,10.887127793625229
-2042500.0,347500.0,1500,5.3341583869188005,False,False,10.573444783572944
-2037500.0,347500.0,1500,5.899396602553447,False,False,10.127832699018482
-2032500.0,347500.0,1500,5.603945593859885,False,False,9.669158742673371
-2027500.0,347500.0,1500,5.4433979136176385,False,False,9.292754088419674
-2022500.0,347500.0,1500,5.704297717332357,False,False,9.047847386509536
-2017500.0,347500.0,1500,6.20370859044594,False,False,8.926857222655475
-2012500.0,347500.0,1500,7.482423947575482,False,False,8.885951176267618
-2007500.0,347500.0,1500,8.909946051631552,False,False,8.87294122397713
-2002500.0,347500.0,1500,9.524430617104978,False,False,8.85010220470671
-1997500.0,347500.0,1500,9.26013070966006,False,False,8.815303164631128
-1992500.0,347500.0,1500,8.186618097260917,False,False,8.850193686544243
-1987500.0,347500.0,1500,5.513816601108898,False,False,9.085332593216215
-1982500.0,347500.0,1500,1.7216529509179888,False,False,9.546901423335687
-1977500.0,347500.0,1500,-1.5154815523983944,False,False,10.125925262809302
-1972500.0,347500.0,1500,-4.624190528842213,False,False,10.705818822057369
-1967500.0,347500.0,1500,-6.841778584578373,False,False,11.242495396158688
-1962500.0,347500.0,1500,-7.007584498000567,False,False,11.692728966316292
-1957500.0,347500.0,1500,-7.0628892415493585,False,False,11.900216727974836
-1952500.0,347500.0,1500,-6.860565651090913,False,False,11.373815918180693
-1947500.0,347500.0,1500,-5.216689222708235,False,False,8.977724040441936
-1942500.0,347500.0,1500,-3.719970908063134,False,False,6.224989178020114
-1937500.0,347500.0,1500,-1.2356293454049734,False,False,7.6516432295315875
-1932500.0,347500.0,1500,3.4748841556872887,False,False,10.447396146180324
-1927500.0,347500.0,1500,8.00252173669661,False,False,10.734202923040655
-1922500.0,347500.0,1500,12.000297578248956,False,False,10.227903054655384
-1917500.0,347500.0,1500,16.338160402017227,False,False,9.618547307102506
-1912500.0,347500.0,1500,19.1498023799103,False,False,9.126508858483747
-1907500.0,347500.0,1500,19.288369895074375,False,False,8.808890739057807
-1902500.0,347500.0,1500,17.287787529365826,False,False,8.591488857026373
-1897500.0,347500.0,1500,14.027392772815473,False,False,8.351146368226392
-1892500.0,347500.0,1500,12.326024081000254,False,False,8.166489797430721
-1887500.0,347500.0,1500,13.568115121440329,False,False,8.187587690067904
-1882500.0,347500.0,1500,14.12018451477575,False,False,8.242579319147556
-1877500.0,347500.0,1500,7.899944076852205,False,False,7.9334853018928095
-1872500.0,347500.0,1500,-1.675760570850394,False,False,7.115686366736929
-1867500.0,347500.0,1500,-4.6024798460878795,False,False,6.239511649874207
-1862500.0,347500.0,1500,0.7555127633375306,False,False,6.457181559155982
-1857500.0,347500.0,1500,7.091487307147908,False,False,7.088253180979095
-1852500.0,347500.0,1500,10.039977938825738,False,False,7.541353723532742
-1847500.0,347500.0,1500,11.716030644577085,False,False,7.090953768405029
-1842500.0,347500.0,1500,16.17537637279567,False,False,6.956272753193936
-1837500.0,347500.0,1500,20.493919229779486,False,False,6.634751364917206
-1832500.0,347500.0,1500,16.701543320799463,False,False,4.9380789191190235
-1827500.0,347500.0,1500,5.1104659708440785,False,False,4.646997867481222
-1822500.0,347500.0,1500,-3.3226509963075497,False,False,6.255095404546347
-1817500.0,347500.0,1500,-2.7568859652333146,False,False,7.477423830900751
-1812500.0,347500.0,1500,-0.40977565302698793,False,False,7.488085356268868
-1807500.0,347500.0,1500,2.8435282294895616,False,False,7.640151512343485
-1802500.0,347500.0,1500,10.01142015708028,False,False,7.919787935749018
-1797500.0,347500.0,1500,18.15286666236875,False,False,8.181524110451093
-1792500.0,347500.0,1500,35.09372176711058,False,True,8.310527484728462
-1787500.0,347500.0,1500,48.59453918080501,False,True,8.473475970349856
-1782500.0,347500.0,1500,43.03937514702252,False,True,8.007232096881939
-1777500.0,347500.0,1500,30.321729568787074,False,True,5.407874316535841
-1772500.0,347500.0,1500,6.649956861986891,False,True,5.093817419393554
-1767500.0,347500.0,1500,-13.969884428104594,True,True,5.829388153082045
-1762500.0,347500.0,1500,-14.457236886742603,True,True,5.800932718444942
-1757500.0,347500.0,1500,-7.1786389381051965,False,True,4.998214946498007
-1752500.0,347500.0,1500,-4.448341199323391,False,True,4.731714024598057
-1747500.0,347500.0,1500,-11.741383942958464,False,True,5.276758902059571
-1742500.0,347500.0,1500,-20.614105716937377,False,True,5.1439854565253205
-1737500.0,347500.0,1500,-25.765066969842568,False,False,4.619377207338749
-1732500.0,347500.0,1500,-27.681164698051287,False,False,4.477116349658989
-1727500.0,347500.0,1500,-26.556029504654145,False,False,4.817893978662349
-1722500.0,347500.0,1500,-24.146223418192015,False,False,4.63798993435501
-1717500.0,347500.0,1500,-23.05076890198586,False,False,4.300398866335524
-1712500.0,347500.0,1500,-24.656040808668074,False,False,4.167584945984159
-1707500.0,347500.0,1500,-26.715817791894594,False,False,4.312190483501735
-1702500.0,347500.0,1500,-25.171890811967682,False,False,4.2738351250331466
-1697500.0,347500.0,1500,-18.967503935220858,False,False,4.178490481855931
-1692500.0,347500.0,1500,-15.075560973995861,False,False,5.072643631258914
-1687500.0,347500.0,1500,-14.261129786336943,False,False,7.185737512923022
-1682500.0,347500.0,1500,-13.89756961349056,False,False,6.71038441820623
-1677500.0,347500.0,1500,-14.555120422992085,False,False,4.496400217458833
-1672500.0,347500.0,1500,-12.130548435305634,False,False,4.712869302444736
-1667500.0,347500.0,1500,-10.255880021159355,False,False,6.496650629527457
-1662500.0,347500.0,1500,-5.801722058185656,False,False,6.0857333675954965
-1657500.0,347500.0,1500,8.128724178067227,False,False,4.305274001439023
-1652500.0,347500.0,1500,13.147081198188001,False,False,4.75999821111683
-2197500.0,352500.0,1500,4.427400512094615,False,False,8.015814921193176
-2192500.0,352500.0,1500,-0.9005480132419227,False,False,5.5301781268533166
-2187500.0,352500.0,1500,-4.960947311396631,False,False,6.435650507559737
-2182500.0,352500.0,1500,-7.79982569252334,False,False,6.259539802033128
-2177500.0,352500.0,1500,-8.542015413993566,False,False,5.599788568601394
-2172500.0,352500.0,1500,-6.382294023271012,False,False,7.070346995093631
-2167500.0,352500.0,1500,-3.861164844529363,False,False,7.687489824942086
-2162500.0,352500.0,1500,-3.502908916118835,False,False,8.073118646656276
-2157500.0,352500.0,1500,-4.8488915822987515,False,False,8.71192826629218
-2152500.0,352500.0,1500,-6.726001009093394,False,False,8.959246781731924
-2147500.0,352500.0,1500,-8.549990601299934,False,False,8.57862147439597
-2142500.0,352500.0,1500,-8.790450971990918,False,False,8.002880773454761
-2137500.0,352500.0,1500,-8.68010096534961,False,False,7.722707714351953
-2132500.0,352500.0,1500,-10.523406513474688,False,False,7.550037929406285
-2127500.0,352500.0,1500,-13.584936485889486,False,False,7.128413049132334
-2122500.0,352500.0,1500,-17.1693126531028,False,False,6.377490006162901
-2117500.0,352500.0,1500,-18.49709498239016,False,False,5.88005309389689
-2112500.0,352500.0,1500,-16.132125422231862,False,False,5.894116767974565
-2107500.0,352500.0,1500,-14.353870354854338,False,False,5.84914460958705
-2102500.0,352500.0,1500,-14.301781911304689,False,False,6.072095541601372
-2097500.0,352500.0,1500,-12.939679015565774,False,False,7.155022481762254
-2092500.0,352500.0,1500,-10.100851400734264,False,False,8.47428213839293
-2087500.0,352500.0,1500,-5.893147413883487,False,False,9.181081444871483
-2082500.0,352500.0,1500,-2.330110326442525,False,False,9.165837592300962
-2077500.0,352500.0,1500,-1.1959303319510286,False,False,8.963528702525295
-2072500.0,352500.0,1500,0.18472845551517664,False,False,9.188625228279195
-2067500.0,352500.0,1500,2.043302179535796,False,False,9.763549671435342
-2062500.0,352500.0,1500,3.4857901234685635,False,False,10.191784406302173
-2057500.0,352500.0,1500,4.907117044131195,False,False,10.264204708434399
-2052500.0,352500.0,1500,5.382197367598172,False,False,10.08487745978312
-2047500.0,352500.0,1500,5.606062841530076,False,False,9.774356647880738
-2042500.0,352500.0,1500,6.436609538191947,False,False,9.417935613566677
-2037500.0,352500.0,1500,7.2186170060090395,False,False,9.113908993663625
-2032500.0,352500.0,1500,7.483332374395333,False,False,8.92345353654045
-2027500.0,352500.0,1500,7.3222818212969525,False,False,8.840794138437595
-2022500.0,352500.0,1500,7.412525392138368,False,False,8.820654010506779
-2017500.0,352500.0,1500,7.238781656106952,False,False,8.816647257241922
-2012500.0,352500.0,1500,7.373317019865668,False,False,8.815342014888937
-2007500.0,352500.0,1500,8.326880813478272,False,False,8.840096050979591
-2002500.0,352500.0,1500,8.564772368063991,False,False,8.93939548713414
-1997500.0,352500.0,1500,8.179330774208378,False,False,9.148245199170143
-1992500.0,352500.0,1500,7.180525213392964,False,False,9.48670970403469
-1987500.0,352500.0,1500,4.5713126546487635,False,False,9.96704723159296
-1982500.0,352500.0,1500,1.4524395384469346,False,False,10.530143778105542
-1977500.0,352500.0,1500,-1.715629291335322,False,False,11.067491014058717
-1972500.0,352500.0,1500,-4.858874013130373,False,False,11.509626447275275
-1967500.0,352500.0,1500,-6.750499634382189,False,False,11.84186790252098
-1962500.0,352500.0,1500,-7.470900397254344,False,False,12.0543967707715
-1957500.0,352500.0,1500,-7.659875731547204,False,False,12.0643953447426
-1952500.0,352500.0,1500,-7.899509293296506,False,False,11.536172618651015
-1947500.0,352500.0,1500,-7.883654600786169,False,False,9.688429270394515
-1942500.0,352500.0,1500,-6.733309741432435,False,False,6.122710532909439
-1937500.0,352500.0,1500,-3.1619790496639517,False,False,6.4852765564237025
-1932500.0,352500.0,1500,2.89236899085026,False,False,9.457056816324357
-1927500.0,352500.0,1500,8.776435147626666,False,False,9.668924415113791
-1922500.0,352500.0,1500,13.270725514065612,False,False,9.232051302894364
-1917500.0,352500.0,1500,18.077473817670732,False,False,8.851626060331192
-1912500.0,352500.0,1500,21.934114409769414,False,False,8.590414831544638
-1907500.0,352500.0,1500,22.45022045480321,False,False,8.46733629261008
-1902500.0,352500.0,1500,20.06702552602443,False,False,8.444911836075548
-1897500.0,352500.0,1500,16.35030832437497,False,False,8.41499023939284
-1892500.0,352500.0,1500,14.277520638164006,False,False,8.359836252921115
-1887500.0,352500.0,1500,15.54951652168784,False,False,8.158567032858624
-1882500.0,352500.0,1500,16.953956443529467,False,False,7.528818232855346
-1877500.0,352500.0,1500,13.491985001631047,False,False,6.7034664316003605
-1872500.0,352500.0,1500,7.244003475591305,False,False,6.3551147284474245
-1867500.0,352500.0,1500,4.951370145882224,False,False,6.785377685212016
-1862500.0,352500.0,1500,7.613951749190214,False,False,7.460357127418118
-1857500.0,352500.0,1500,11.26939838408005,False,True,6.213253950523242
-1852500.0,352500.0,1500,14.004569908434267,False,True,5.9689559640256045
-1847500.0,352500.0,1500,21.022423526064685,False,False,5.591033008807864
-1842500.0,352500.0,1500,29.88333356117636,False,False,4.837148950149754
-1837500.0,352500.0,1500,34.77312162628327,False,False,4.500709412954168
-1832500.0,352500.0,1500,36.71564756415258,False,False,3.6522188191251077
-1827500.0,352500.0,1500,31.300633072714106,False,False,5.1527841866129815
-1822500.0,352500.0,1500,21.145760716159984,False,False,6.735013115340455
-1817500.0,352500.0,1500,13.255839859469292,False,False,7.467761696723075
-1812500.0,352500.0,1500,5.991597120795599,False,False,7.966907448500274
-1807500.0,352500.0,1500,-0.8757393108806345,False,False,8.453399788067681
-1802500.0,352500.0,1500,-2.5984396695591427,False,False,9.028297714346852
-1797500.0,352500.0,1500,4.982307948595722,False,False,9.7325149609795
-1792500.0,352500.0,1500,20.786341798716197,False,True,10.273716745819847
-1787500.0,352500.0,1500,31.512809449301365,False,True,10.3685950388301
-1782500.0,352500.0,1500,25.68783918348274,False,True,9.349408631014747
-1777500.0,352500.0,1500,10.337602267241621,False,True,5.927492008104438
-1772500.0,352500.0,1500,-5.548660199408614,True,True,5.177656734423394
-1767500.0,352500.0,1500,-15.65177774123012,True,True,5.874166629894847
-1762500.0,352500.0,1500,-17.71282136997201,True,True,5.813462082258172
-1757500.0,352500.0,1500,-15.869360712434029,False,True,5.051906922324605
-1752500.0,352500.0,1500,-10.420955464946092,False,True,4.817280554513122
-1747500.0,352500.0,1500,-9.254384033513182,False,True,5.347472038406143
-1742500.0,352500.0,1500,-12.112565854579943,False,True,5.178821389862558
-1737500.0,352500.0,1500,-14.264048975718959,False,False,4.629624267580415
-1732500.0,352500.0,1500,-16.45379178029253,False,False,4.488834594643869
-1727500.0,352500.0,1500,-16.36695055965795,False,False,4.871981099382008
-1722500.0,352500.0,1500,-15.053722582103207,False,False,4.746140411173043
-1717500.0,352500.0,1500,-14.889953908458354,False,False,4.3919376657013425
-1712500.0,352500.0,1500,-18.935616184230447,False,False,4.198970544709852
-1707500.0,352500.0,1500,-28.086483323786887,False,False,4.323239027873161
-1702500.0,352500.0,1500,-34.21610638712835,False,False,4.292417441301669
-1697500.0,352500.0,1500,-32.17004666088964,False,False,4.146017104903024
-1692500.0,352500.0,1500,-28.409752969171034,False,False,4.8334200251931385
-1687500.0,352500.0,1500,-26.824401566800404,False,False,6.809332526236617
-1682500.0,352500.0,1500,-26.905346173687406,False,False,6.513192742887181
-1677500.0,352500.0,1500,-24.107104402088805,False,False,4.445956685035805
-1672500.0,352500.0,1500,-13.43978464846676,False,False,4.481272777345229
-1667500.0,352500.0,1500,-2.7244426592419346,False,False,6.154283401335011
-1662500.0,352500.0,1500,0.3563323325675176,False,False,5.949048872135418
-1657500.0,352500.0,1500,3.717950423764207,False,False,4.266498086871555
-1652500.0,352500.0,1500,8.330127990640964,False,False,4.745563708095646
-2197500.0,357500.0,1500,3.5980991240366924,False,False,10.111167145853317
-2192500.0,357500.0,1500,-1.2532233041369527,False,False,7.098109783665514
-2187500.0,357500.0,1500,-5.366607615347692,False,False,5.241733117923973
-2182500.0,357500.0,1500,-7.50109911881527,False,False,5.3658187212075905
-2177500.0,357500.0,1500,-7.754202350619297,False,False,5.452929461598925
-2172500.0,357500.0,1500,-5.926702684835015,False,False,6.642773004974661
-2167500.0,357500.0,1500,-4.003169282374006,False,False,8.182833029343277
-2162500.0,357500.0,1500,-4.447353329124654,False,False,8.812376359063702
-2157500.0,357500.0,1500,-5.998652655174032,False,False,8.892544746245477
-2152500.0,357500.0,1500,-7.481653842148652,False,False,8.389946591894955
-2147500.0,357500.0,1500,-8.520323325469013,False,False,7.7515397773424395
-2142500.0,357500.0,1500,-7.651361230375992,False,False,7.521847668413856
-2137500.0,357500.0,1500,-5.917651711620793,False,False,7.840293303493912
-2132500.0,357500.0,1500,-5.735292858233491,False,False,8.203589929628667
-2127500.0,357500.0,1500,-6.8534894800190855,False,False,8.418589725434337
-2122500.0,357500.0,1500,-8.689990094687285,False,False,8.69974565608031
-2117500.0,357500.0,1500,-10.385781522805829,False,False,8.861717257077489
-2112500.0,357500.0,1500,-10.52759796102456,False,False,8.41184785441774
-2107500.0,357500.0,1500,-10.979729944379079,False,False,7.269353511530417
-2102500.0,357500.0,1500,-13.368427185405189,False,False,6.255005104904615
-2097500.0,357500.0,1500,-14.474346538672648,False,False,6.0451698468507455
-2092500.0,357500.0,1500,-12.545186881272924,False,False,6.015019911567262
-2087500.0,357500.0,1500,-8.149420820378658,False,False,6.014657889331793
-2082500.0,357500.0,1500,-3.781591006035715,False,False,6.650334366622838
-2077500.0,357500.0,1500,-2.3934048512989863,False,False,7.636458439856307
-2072500.0,357500.0,1500,-1.6057489917788674,False,False,8.57887732698254
-2067500.0,357500.0,1500,0.4198308141385313,False,False,9.283687259808884
-2062500.0,357500.0,1500,1.9790963651764235,False,False,9.49267049905982
-2057500.0,357500.0,1500,3.155471050757189,False,False,9.31185180227217
-2052500.0,357500.0,1500,4.215488999153747,False,False,9.063572043929168
-2047500.0,357500.0,1500,5.015320145538638,False,False,8.88816269942154
-2042500.0,357500.0,1500,6.549745905388774,False,False,8.785851070638003
-2037500.0,357500.0,1500,8.11854506236335,False,False,8.754072473473121
-2032500.0,357500.0,1500,8.933890949110143,False,False,8.753243749167984
-2027500.0,357500.0,1500,9.180649646297235,False,False,8.742178016862342
-2022500.0,357500.0,1500,8.635443987276027,False,False,8.721638287760648
-2017500.0,357500.0,1500,7.634310787337745,False,False,8.732907306674203
-2012500.0,357500.0,1500,7.000298525497153,False,False,8.827304075339478
-2007500.0,357500.0,1500,6.982876569878539,False,False,9.02634757747312
-2002500.0,357500.0,1500,6.985080769657829,False,False,9.32181850392011
-1997500.0,357500.0,1500,6.482182593699904,False,False,9.677305394541206
-1992500.0,357500.0,1500,5.4217891016322515,False,False,10.043753944690584
-1987500.0,357500.0,1500,3.521494737208494,False,False,10.39388622317711
-1982500.0,357500.0,1500,0.7503819704034214,False,False,10.702638162943456
-1977500.0,357500.0,1500,-2.163313249045798,False,False,10.939974406339498
-1972500.0,357500.0,1500,-4.8378364964473946,False,False,11.092844650139893
-1967500.0,357500.0,1500,-6.761132673022623,False,False,11.164859661083995
-1962500.0,357500.0,1500,-7.4258731142761985,False,False,11.15857902232969
-1957500.0,357500.0,1500,-7.796664824479068,False,False,11.035716947248721
-1952500.0,357500.0,1500,-8.597030268023623,False,False,10.616497816590853
-1947500.0,357500.0,1500,-9.540313811037253,False,False,9.417123871255018
-1942500.0,357500.0,1500,-9.373355040309407,False,False,6.1658748850724105
-1937500.0,357500.0,1500,-5.362071098828824,False,False,5.896978205489076
-1932500.0,357500.0,1500,1.6187881696705306,False,False,8.452710280542265
-1927500.0,357500.0,1500,8.309249722664669,False,False,8.760589724572204
-1922500.0,357500.0,1500,13.373520436487274,False,False,8.519416768141967
-1917500.0,357500.0,1500,17.69397545149269,False,False,8.328690860531815
-1912500.0,357500.0,1500,21.696604948358704,False,False,8.213393321491987
-1907500.0,357500.0,1500,23.141167224843837,False,False,8.31650238584465
-1902500.0,357500.0,1500,21.48408891207335,False,False,8.514242193663998
-1897500.0,357500.0,1500,18.86783203599618,False,False,8.457101223224786
-1892500.0,357500.0,1500,18.277232177520258,False,False,7.879263665258485
-1887500.0,357500.0,1500,20.721199747087233,False,False,7.037635130417328
-1882500.0,357500.0,1500,21.79522308600484,False,False,6.5545638649358935
-1877500.0,357500.0,1500,19.74810829689689,False,False,6.672767850294018
-1872500.0,357500.0,1500,16.46668676543503,False,False,7.3682826718650265
-1867500.0,357500.0,1500,13.773008865215738,False,True,8.125575713439368
-1862500.0,357500.0,1500,13.028826756246133,False,True,8.151122775418278
-1857500.0,357500.0,1500,13.722694076897909,False,True,5.7438805689369765
-1852500.0,357500.0,1500,15.794408220868224,False,True,4.859376610916211
-1847500.0,357500.0,1500,24.40134053489799,False,True,4.794586825723523
-1842500.0,357500.0,1500,32.99053581677339,False,True,4.1756224215507824
-1837500.0,357500.0,1500,38.0536106559882,False,False,4.430849544502378
-1832500.0,357500.0,1500,44.938526069141815,False,False,4.712876538388443
-1827500.0,357500.0,1500,44.8026678293287,False,True,6.018841682831466
-1822500.0,357500.0,1500,37.84081059418838,False,False,6.965658610172795
-1817500.0,357500.0,1500,28.33617745234568,False,False,8.035256728579528
-1812500.0,357500.0,1500,16.563698087116382,False,False,9.13359613254956
-1807500.0,357500.0,1500,3.4218654332716842,False,False,9.912018238128901
-1802500.0,357500.0,1500,-4.735144077243117,False,False,10.619685669344612
-1797500.0,357500.0,1500,0.5731587789067236,False,True,11.288844349054429
-1792500.0,357500.0,1500,7.1083205877479525,False,True,11.781121079398208
-1787500.0,357500.0,1500,7.437117970606944,False,True,11.727064487365299
-1782500.0,357500.0,1500,3.722096052897851,False,True,10.303369978485438
-1777500.0,357500.0,1500,-5.387422782792517,True,True,6.29363245919699
-1772500.0,357500.0,1500,-11.921387092298394,True,True,5.209284691739093
-1767500.0,357500.0,1500,-13.754307025068318,True,True,5.887573643360313
-1762500.0,357500.0,1500,-15.571808697641114,True,True,5.75808839975312
-1757500.0,357500.0,1500,-13.614959537383246,False,True,4.993777999327152
-1752500.0,357500.0,1500,-2.9003481952815777,False,True,4.780497681455763
-1747500.0,357500.0,1500,6.353969993292225,False,True,5.317992372538836
-1742500.0,357500.0,1500,8.005135093403931,False,True,5.158139673325447
-1737500.0,357500.0,1500,5.787580908551821,False,False,4.6521574503915195
-1732500.0,357500.0,1500,2.501006468432084,False,False,4.552271307393588
-1727500.0,357500.0,1500,1.16409358764228,False,False,4.985077494562303
-1722500.0,357500.0,1500,0.8691193486199114,False,False,4.883373012407429
-1717500.0,357500.0,1500,-0.26215385697100274,False,False,4.387738171893947
-1712500.0,357500.0,1500,-8.325296671422011,False,False,4.1772787598707035
-1707500.0,357500.0,1500,-25.249694426714342,False,False,4.477361803813386
-1702500.0,357500.0,1500,-37.40005315770565,False,False,4.458229744327577
-1697500.0,357500.0,1500,-39.895710280595885,False,False,4.0513217694071635
-1692500.0,357500.0,1500,-36.885414569369594,False,False,4.455755174418815
-1687500.0,357500.0,1500,-33.89604205038912,False,False,6.296652425493921
-1682500.0,357500.0,1500,-33.49272550649195,False,False,6.185043506438624
-1677500.0,357500.0,1500,-26.866966325953616,False,False,4.340843133196733
-1672500.0,357500.0,1500,-12.731294867998214,False,False,4.419856917420368
-1667500.0,357500.0,1500,-0.37008983310871574,False,False,6.281006209370805
-1662500.0,357500.0,1500,1.7949182087257358,False,False,6.228469340663541
-1657500.0,357500.0,1500,0.8119118425574954,False,False,4.381993124891335
-1652500.0,357500.0,1500,8.457629546817788,False,False,4.718281806912152
-2197500.0,362500.0,1500,2.7949234375930887,False,False,10.192803624311153
-2192500.0,362500.0,1500,-1.4167794644615728,False,False,8.36214410770927
-2187500.0,362500.0,1500,-5.212823791929432,False,False,6.0238724936167864
-2182500.0,362500.0,1500,-7.488496122633474,False,False,4.776701651413447
-2177500.0,362500.0,1500,-7.032637983056096,False,False,4.77989465606377
-2172500.0,362500.0,1500,-5.069408057830455,False,False,6.503548843868503
-2167500.0,362500.0,1500,-4.0761456361991835,False,False,8.491577047889145
-2162500.0,362500.0,1500,-5.000349788618037,False,False,8.508176435736829
-2157500.0,362500.0,1500,-6.766564029073069,False,False,7.9630651602290214
-2152500.0,362500.0,1500,-7.781451772313751,False,False,7.502232650527991
-2147500.0,362500.0,1500,-7.351002788677719,False,False,7.495455815855386
-2142500.0,362500.0,1500,-5.184235610157789,False,False,7.829534857456938
-2137500.0,362500.0,1500,-2.6739089446870645,False,False,8.302352256263857
-2132500.0,362500.0,1500,-1.4401596840178097,False,False,8.709261056218873
-2127500.0,362500.0,1500,-1.637703338647569,False,False,9.056193924434755
-2122500.0,362500.0,1500,-2.45039346535368,False,False,9.527528678688453
-2117500.0,362500.0,1500,-3.7295230431588386,False,False,10.045740535876638
-2112500.0,362500.0,1500,-5.490766657799797,False,False,10.28093685337545
-2107500.0,362500.0,1500,-7.317198141728968,False,False,10.034966993914779
-2102500.0,362500.0,1500,-10.33303627591182,False,False,9.324695462406032
-2097500.0,362500.0,1500,-12.602939804062595,False,False,8.261224276263603
-2092500.0,362500.0,1500,-11.222734177259863,False,False,6.894485431988568
-2087500.0,362500.0,1500,-7.599565122521107,False,False,5.826269992527501
-2082500.0,362500.0,1500,-4.25538065279344,False,False,5.639925797162079
-2077500.0,362500.0,1500,-3.1699883134352764,False,False,5.716731857776975
-2072500.0,362500.0,1500,-4.110359945196448,False,False,5.885867670675408
-2067500.0,362500.0,1500,-2.846690389443938,False,False,6.624844417209863
-2062500.0,362500.0,1500,0.17734948660586136,False,False,7.510444757723729
-2057500.0,362500.0,1500,1.599892023415232,False,False,8.044969228631112
-2052500.0,362500.0,1500,3.211373550023567,False,False,8.317149698148198
-2047500.0,362500.0,1500,4.448082168200829,False,False,8.435815676599775
-2042500.0,362500.0,1500,5.162560721110831,False,False,8.456412625495767
-2037500.0,362500.0,1500,7.36234334357198,False,False,8.421715704132705
-2032500.0,362500.0,1500,9.46425354371747,False,False,8.344621992256538
-2027500.0,362500.0,1500,10.011811352644909,False,False,8.258945827114744
-2022500.0,362500.0,1500,9.205151313558067,False,False,8.218569320775927
-2017500.0,362500.0,1500,7.8717977224287345,False,False,8.248179862283994
-2012500.0,362500.0,1500,6.636435755960058,False,False,8.330256128054081
-2007500.0,362500.0,1500,5.765394753443003,False,False,8.440000195596767
-2002500.0,362500.0,1500,5.608120848226363,False,False,8.539247395984017
-1997500.0,362500.0,1500,4.900620371561552,False,False,8.591718011774713
-1992500.0,362500.0,1500,3.5664028865002617,False,False,8.57657271793365
-1987500.0,362500.0,1500,2.291718895175258,False,False,8.517325253388545
-1982500.0,362500.0,1500,-0.13335766157102533,False,False,8.410249212270784
-1977500.0,362500.0,1500,-2.60260308303602,False,False,8.259070578875638
-1972500.0,362500.0,1500,-4.562426946024495,False,False,8.077388590035019
-1967500.0,362500.0,1500,-6.596011899946377,False,False,7.8505479004767915
-1962500.0,362500.0,1500,-6.859046596685166,False,False,7.597457859659871
-1957500.0,362500.0,1500,-6.80698459402874,False,False,7.319160683399025
-1952500.0,362500.0,1500,-8.608736989791133,False,False,6.975304527181437
-1947500.0,362500.0,1500,-11.103799779165163,False,False,6.397755354836356
-1942500.0,362500.0,1500,-11.993778058059819,False,False,5.102237327367913
-1937500.0,362500.0,1500,-8.194777964650568,False,False,5.554234864929852
-1932500.0,362500.0,1500,-0.6017975276171756,False,False,7.572079423998781
-1927500.0,362500.0,1500,6.952314830670517,False,False,8.135056336450292
-1922500.0,362500.0,1500,12.264235174507366,False,False,8.035803325281757
-1917500.0,362500.0,1500,15.776572210784769,False,False,8.049783131218227
-1912500.0,362500.0,1500,19.70390556625478,False,False,8.178775487383241
-1907500.0,362500.0,1500,22.18284331550116,False,False,8.371298701764617
-1902500.0,362500.0,1500,23.00633054980581,False,False,8.289150801649035
-1897500.0,362500.0,1500,23.955210856972066,False,False,7.584171935636307
-1892500.0,362500.0,1500,24.51469003037607,False,True,6.6656350508976505
-1887500.0,362500.0,1500,26.733969012125602,False,False,6.350480899052321
-1882500.0,362500.0,1500,26.327569432147136,False,False,6.96951837134021
-1877500.0,362500.0,1500,22.97506384087802,False,False,7.853084116526947
-1872500.0,362500.0,1500,19.96934593049337,False,True,8.22643996049754
-1867500.0,362500.0,1500,16.665169075510896,False,True,8.04857173184697
-1862500.0,362500.0,1500,15.054277359016854,False,True,7.138386002965391
-1857500.0,362500.0,1500,16.512525350325383,False,True,4.9809102599297
-1852500.0,362500.0,1500,20.472544787415433,False,True,4.324216323574004
-1847500.0,362500.0,1500,28.17491168189281,False,True,4.326359637258992
-1842500.0,362500.0,1500,34.77734528234981,False,True,4.505984183617479
-1837500.0,362500.0,1500,37.3167309881006,False,True,4.879566969070533
-1832500.0,362500.0,1500,41.08733336351185,False,True,5.218548068476044
-1827500.0,362500.0,1500,43.34021321593208,False,True,6.836678164162826
-1822500.0,362500.0,1500,40.31028983826747,False,True,8.125775780242558
-1817500.0,362500.0,1500,32.10045553611447,False,True,9.469663737693175
-1812500.0,362500.0,1500,20.63287642393932,False,False,10.62626315534012
-1807500.0,362500.0,1500,8.808985008711371,False,False,11.355683121394446
-1802500.0,362500.0,1500,2.3871836165660025,False,False,11.886042374613137
-1797500.0,362500.0,1500,4.632294761643512,False,True,12.281083535279143
-1792500.0,362500.0,1500,3.35548437304644,False,True,12.457153396788557
-1787500.0,362500.0,1500,-3.5427675619399013,False,True,12.135928715572518
-1782500.0,362500.0,1500,-7.054923848498105,False,True,10.630507590033917
-1777500.0,362500.0,1500,-10.55957671533534,True,True,6.53249647454504
-1772500.0,362500.0,1500,-12.173331714319703,True,True,5.279469828218697
-1767500.0,362500.0,1500,-8.856917768902695,True,True,5.954785276153083
-1762500.0,362500.0,1500,-3.762603526075836,True,True,5.75721945032967
-1757500.0,362500.0,1500,6.036838842784656,False,True,4.957866902663534
-1752500.0,362500.0,1500,18.063819469473035,False,True,4.711089766761187
-1747500.0,362500.0,1500,26.17904358701497,False,True,5.207374157665883
-1742500.0,362500.0,1500,27.078927717340413,False,True,5.11312650267266
-1737500.0,362500.0,1500,22.763638020718158,False,False,4.674476866108565
-1732500.0,362500.0,1500,19.0098471151741,False,False,4.607248404610246
-1727500.0,362500.0,1500,16.827530808784662,False,False,5.07250394637403
-1722500.0,362500.0,1500,15.562602192646601,False,False,5.002749135713537
-1717500.0,362500.0,1500,12.969933252037405,False,False,4.424705719680714
-1712500.0,362500.0,1500,1.189206477906664,False,False,4.166262184031724
-1707500.0,362500.0,1500,-18.57506527161169,False,False,4.558424435242465
-1702500.0,362500.0,1500,-29.99503322096016,False,False,4.631837671327522
-1697500.0,362500.0,1500,-32.058889485901226,False,False,4.113548532140719
-1692500.0,362500.0,1500,-29.88647355976899,False,False,4.299298469521002
-1687500.0,362500.0,1500,-29.200406972243783,False,False,6.069800458783675
-1682500.0,362500.0,1500,-30.882877219023232,False,False,6.147572274599254
-1677500.0,362500.0,1500,-24.56914495931812,False,False,4.390675095199764
-1672500.0,362500.0,1500,-10.972213681338973,False,False,4.505342425084228
-1667500.0,362500.0,1500,0.8961186830533463,False,False,6.643455161374618
-1662500.0,362500.0,1500,6.03889378020896,False,False,6.713111326710897
-1657500.0,362500.0,1500,7.198698570893163,False,False,4.63251958872273
-1652500.0,362500.0,1500,12.953344760937405,False,False,4.719977276560918
-2197500.0,367500.0,1500,1.5779709383080271,False,False,8.929015287377217
-2192500.0,367500.0,1500,-1.9209227160734759,False,False,7.910485173992056
-2187500.0,367500.0,1500,-4.956484316353824,False,False,7.202666600818336
-2182500.0,367500.0,1500,-7.553767900953452,False,False,5.511624767641058
-2177500.0,367500.0,1500,-7.140175528424875,False,False,4.608768346389901
-2172500.0,367500.0,1500,-4.8250293506392055,False,False,6.5358081600899895
-2167500.0,367500.0,1500,-4.15665443015812,False,False,7.920347865300235
-2162500.0,367500.0,1500,-5.41411668744737,False,False,7.581563393196841
-2157500.0,367500.0,1500,-7.059740786848074,False,False,7.310343437236932
-2152500.0,367500.0,1500,-6.924649854077049,False,False,7.43506003009549
-2147500.0,367500.0,1500,-5.014616927149259,False,False,7.804973284057907
-2142500.0,367500.0,1500,-2.3883113561302687,False,False,8.133950063039006
-2137500.0,367500.0,1500,0.08496026843126221,False,False,8.42068881791053
-2132500.0,367500.0,1500,1.5096619009931675,False,False,8.710202884147385
-2127500.0,367500.0,1500,1.8599104634507588,False,False,8.96484775588338
-2122500.0,367500.0,1500,1.7797059472186898,False,False,9.19631229939028
-2117500.0,367500.0,1500,0.6550857234557853,False,False,9.398196287307213
-2112500.0,367500.0,1500,-1.8827558340935278,False,False,9.447110215921576
-2107500.0,367500.0,1500,-4.5368638489355355,False,False,9.265710479619807
-2102500.0,367500.0,1500,-7.371340973768791,False,False,8.888826574945902
-2097500.0,367500.0,1500,-9.168940196225392,False,False,8.386931995081186
-2092500.0,367500.0,1500,-8.026309352153426,False,False,7.819216239577994
-2087500.0,367500.0,1500,-5.506930658734503,False,False,7.191177962993551
-2082500.0,367500.0,1500,-3.867717220005753,False,False,6.407204215717459
-2077500.0,367500.0,1500,-3.2822223541561013,False,False,5.399485795313269
-2072500.0,367500.0,1500,-4.590357219017491,False,False,4.5654551879423915
-2067500.0,367500.0,1500,-4.482085200827696,False,False,4.46719320647008
-2062500.0,367500.0,1500,-0.5548446278053378,False,False,4.8449632081370595
-2057500.0,367500.0,1500,2.109500317308288,False,False,5.316103542233809
-2052500.0,367500.0,1500,3.2429670951784653,False,False,5.870333597519819
-2047500.0,367500.0,1500,4.128523298740792,False,False,6.192676321482114
-2042500.0,367500.0,1500,2.513994579524742,False,False,6.0617469859929365
-2037500.0,367500.0,1500,3.7345003237621306,False,False,5.817648189599111
-2032500.0,367500.0,1500,7.8604042408909365,False,False,5.696274669973514
-2027500.0,367500.0,1500,8.876635351933336,False,False,5.610160798954016
-2022500.0,367500.0,1500,8.395669053175926,False,False,5.622858748018545
-2017500.0,367500.0,1500,7.292930367767337,False,False,5.7188675636469855
-2012500.0,367500.0,1500,5.504041222078397,False,False,5.79606805025356
-2007500.0,367500.0,1500,4.566970362076661,False,False,5.902918860003558
-2002500.0,367500.0,1500,4.496463651877291,False,False,6.0237656308074055
-1997500.0,367500.0,1500,3.66761312464761,False,False,6.1036815715023875
-1992500.0,367500.0,1500,2.3261165243107564,False,False,6.126292245548275
-1987500.0,367500.0,1500,1.1765724597310876,False,False,6.157312965113529
-1982500.0,367500.0,1500,-0.5550079599421711,False,False,6.189939086126591
-1977500.0,367500.0,1500,-2.5535617925746545,False,False,6.193150809907457
-1972500.0,367500.0,1500,-4.173414768419879,False,False,6.188782417834643
-1967500.0,367500.0,1500,-5.73028699803201,False,False,6.132707529169225
-1962500.0,367500.0,1500,-5.811582875071216,False,False,6.043530348845062
-1957500.0,367500.0,1500,-5.022232999742427,False,False,5.923666646562404
-1952500.0,367500.0,1500,-6.704918756776194,False,False,5.7798067196276985
-1947500.0,367500.0,1500,-10.126913379069432,False,False,5.611854771901526
-1942500.0,367500.0,1500,-12.21145627612153,False,False,5.308165967586444
-1937500.0,367500.0,1500,-10.95408044278698,False,False,5.432037849137188
-1932500.0,367500.0,1500,-4.007913195321681,False,False,6.749965890323075
-1927500.0,367500.0,1500,4.437484578150162,False,False,7.719807593664591
-1922500.0,367500.0,1500,9.437357021589873,False,False,7.879935905109013
-1917500.0,367500.0,1500,12.9038333597193,False,False,8.164685310101797
-1912500.0,367500.0,1500,16.630482685438423,False,False,8.256174929118561
-1907500.0,367500.0,1500,20.696803508939976,False,False,8.018142946826735
-1902500.0,367500.0,1500,25.467415341205875,False,True,7.495117610359575
-1897500.0,367500.0,1500,27.661457645490067,False,True,6.875053484036732
-1892500.0,367500.0,1500,27.12944991550678,False,True,6.695917516423792
-1887500.0,367500.0,1500,28.483144445407177,False,True,7.151561889358668
-1882500.0,367500.0,1500,27.86319190479439,False,True,7.708515727182753
-1877500.0,367500.0,1500,26.06825045022066,False,False,7.723364426939795
-1872500.0,367500.0,1500,23.808966645634186,False,True,7.033396250247905
-1867500.0,367500.0,1500,19.360340079309754,False,True,6.378015441567893
-1862500.0,367500.0,1500,17.881380012721245,False,True,5.74478226977816
-1857500.0,367500.0,1500,20.90552180877861,False,True,4.566620593074846
-1852500.0,367500.0,1500,26.587687527740233,False,True,4.601203916748864
-1847500.0,367500.0,1500,33.099531074626135,False,True,4.573532153841666
-1842500.0,367500.0,1500,35.708227401131964,False,True,4.801988283235254
-1837500.0,367500.0,1500,34.75083691282496,False,True,4.725977801119058
-1832500.0,367500.0,1500,36.42022087107757,False,True,5.090150900420779
-1827500.0,367500.0,1500,38.11298468337752,False,True,7.743059426284717
-1822500.0,367500.0,1500,34.58788677907121,False,True,9.736023238031848
-1817500.0,367500.0,1500,27.542152309087978,False,True,11.020775890232404
-1812500.0,367500.0,1500,18.930023058556753,False,True,11.759012929791961
-1807500.0,367500.0,1500,12.251267879491685,False,False,12.17192852922122
-1802500.0,367500.0,1500,11.662571769247062,False,False,12.41033146914575
-1797500.0,367500.0,1500,12.695239069103177,False,True,12.481465149156595
-1792500.0,367500.0,1500,7.613718952797139,False,True,12.370960389035368
-1787500.0,367500.0,1500,-0.9300961395302807,False,True,11.906233310231496
-1782500.0,367500.0,1500,-6.543543691244212,False,True,10.51541638796589
-1777500.0,367500.0,1500,-9.86848561617443,True,True,6.671488343027871
-1772500.0,367500.0,1500,-9.070114407245427,True,True,5.381265289868384
-1767500.0,367500.0,1500,-2.5522017539721875,True,True,6.025690477677848
-1762500.0,367500.0,1500,9.009739845419071,True,True,5.773123338511315
-1757500.0,367500.0,1500,23.485441707747565,False,True,4.904427799019243
-1752500.0,367500.0,1500,32.091524342074834,False,True,4.634821274130609
-1747500.0,367500.0,1500,35.215388508485375,False,True,5.12911309184171
-1742500.0,367500.0,1500,34.84450797176634,False,True,5.108100744503563
-1737500.0,367500.0,1500,30.317182987883392,False,False,4.69319744588429
-1732500.0,367500.0,1500,26.412816790626387,False,False,4.627296897960413
-1727500.0,367500.0,1500,23.9483300240713,False,False,4.971814443625258
-1722500.0,367500.0,1500,20.36606354356866,False,False,4.922360892892472
-1717500.0,367500.0,1500,13.296414049949737,False,False,4.509870809262986
-1712500.0,367500.0,1500,-0.9671742509401977,False,False,4.238110284862901
-1707500.0,367500.0,1500,-17.813436949266553,False,False,4.590337267234454
-1702500.0,367500.0,1500,-20.25394690669071,False,False,4.792916759769296
-1697500.0,367500.0,1500,-12.642866278250652,False,False,4.265407865216725
-1692500.0,367500.0,1500,-10.664304231436487,False,False,4.359026578410707
-1687500.0,367500.0,1500,-15.53652738344415,False,False,6.297171423238728
-1682500.0,367500.0,1500,-20.735889788659563,False,False,6.561595259473367
-1677500.0,367500.0,1500,-18.331266571945992,False,False,4.611312518027495
-1672500.0,367500.0,1500,-7.338462318849615,False,False,4.556787208862781
-1667500.0,367500.0,1500,6.407776222190539,False,False,6.86979911361977
-1662500.0,367500.0,1500,19.028024637996882,False,False,7.071737225273269
-1657500.0,367500.0,1500,24.199365604842097,False,False,4.857504679164512
-1652500.0,367500.0,1500,22.83703345420525,False,False,4.734233073172144
-2197500.0,372500.0,1500,0.13634812211894815,False,False,7.893000109705043
-2192500.0,372500.0,1500,-2.807865235904715,False,False,7.957314566057962
-2187500.0,372500.0,1500,-5.4244695211419875,False,False,8.30449022580854
-2182500.0,372500.0,1500,-7.427263457952667,False,False,7.214461233283131
-2177500.0,372500.0,1500,-7.722996118628392,False,False,5.245186051809521
-2172500.0,372500.0,1500,-6.0098844325320675,False,False,5.82772170752103
-2167500.0,372500.0,1500,-5.694685938294066,False,False,6.617093129120328
-2162500.0,372500.0,1500,-7.876376965017849,False,False,5.9631336534763655
-2157500.0,372500.0,1500,-8.53369094631962,False,False,5.969801255529106
-2152500.0,372500.0,1500,-6.4335607337941525,False,False,6.0520716538041
-2147500.0,372500.0,1500,-3.619896866905705,False,False,5.971181946570181
-2142500.0,372500.0,1500,-1.097041290889785,False,False,5.867946870583026
-2137500.0,372500.0,1500,1.3983830677150835,False,False,5.879900153190203
-2132500.0,372500.0,1500,3.510099565169123,False,False,5.97703271085826
-2127500.0,372500.0,1500,4.8463978328581625,False,False,5.984247440611809
-2122500.0,372500.0,1500,5.203461889148938,False,False,5.974115480598533
-2117500.0,372500.0,1500,3.9332283129104133,False,False,6.123180980929075
-2112500.0,372500.0,1500,1.6862415877424923,False,False,6.1656471865356215
-2107500.0,372500.0,1500,-0.7888377183808548,False,False,6.065594809686944
-2102500.0,372500.0,1500,-3.352902106443859,False,False,6.014432650661556
-2097500.0,372500.0,1500,-4.615296845182016,False,False,5.965527961493761
-2092500.0,372500.0,1500,-4.292708190968752,False,False,5.903341219480688
-2087500.0,372500.0,1500,-3.481830003629653,False,False,5.849902371753351
-2082500.0,372500.0,1500,-2.7510731728583244,False,False,5.847059859251021
-2077500.0,372500.0,1500,-1.9276553781899957,False,False,5.867089827051434
-2072500.0,372500.0,1500,-1.4294862376676207,False,False,5.729631581649468
-2067500.0,372500.0,1500,-0.6775948276023723,False,False,5.392671932651395
-2062500.0,372500.0,1500,2.4865744114004236,False,False,5.045431896170331
-2057500.0,372500.0,1500,5.097243580756414,False,False,4.992158007348458
-2052500.0,372500.0,1500,4.536203372806729,False,False,5.073617944603525
-2047500.0,372500.0,1500,3.960740799163078,False,False,4.595435836457091
-2042500.0,372500.0,1500,2.008286901539297,False,False,3.8534313454757916
-2037500.0,372500.0,1500,1.2970430409962286,False,False,3.775348381674082
-2032500.0,372500.0,1500,4.245309872202234,False,False,4.398488794597359
-2027500.0,372500.0,1500,5.847797249753393,False,False,5.0718195486302795
-2022500.0,372500.0,1500,6.0394022328376025,False,False,5.549033606784336
-2017500.0,372500.0,1500,5.6230384607408475,False,False,5.922345510373329
-2012500.0,372500.0,1500,4.005082498652033,False,False,6.196182769108688
-2007500.0,372500.0,1500,2.9359126221436007,False,False,6.433516067220328
-2002500.0,372500.0,1500,3.087153029813832,False,False,6.660318834804321
-1997500.0,372500.0,1500,2.4732270036398947,False,False,6.870668199880008
-1992500.0,372500.0,1500,1.32344351545007,False,False,7.059116919413379
-1987500.0,372500.0,1500,0.6394360386573011,False,False,7.260353414133766
-1982500.0,372500.0,1500,-0.6841631467756046,False,False,7.468418390090431
-1977500.0,372500.0,1500,-2.563287641186621,False,False,7.642145119377711
-1972500.0,372500.0,1500,-3.609657218753254,False,False,7.787596973235905
-1967500.0,372500.0,1500,-4.341668330603638,False,False,7.869134496020505
-1962500.0,372500.0,1500,-4.156689058786858,False,False,7.879378229500485
-1957500.0,372500.0,1500,-2.8789712570993213,False,False,7.8079706389361725
-1952500.0,372500.0,1500,-3.385546074610905,False,False,7.677849803527146
-1947500.0,372500.0,1500,-5.976812056037117,False,False,7.5596206393614604
-1942500.0,372500.0,1500,-9.276523950982366,False,False,6.975812270318732
-1937500.0,372500.0,1500,-12.050369611159947,False,False,5.474704372442127
-1932500.0,372500.0,1500,-8.021671613959576,False,False,5.48704614427802
-1927500.0,372500.0,1500,-0.15231838061696712,False,False,6.621539038364412
-1922500.0,372500.0,1500,4.9684118472243455,False,False,7.459621189701213
-1917500.0,372500.0,1500,9.46881314071848,False,False,8.055165017111264
-1912500.0,372500.0,1500,13.546347999856918,False,False,7.762659784298006
-1907500.0,372500.0,1500,19.34115655359589,False,True,7.42092984586913
-1902500.0,372500.0,1500,26.414240962735565,False,True,7.355324556874038
-1897500.0,372500.0,1500,26.698153930827434,False,True,7.565679785471107
-1892500.0,372500.0,1500,23.814939603001765,False,True,7.761790843328017
-1887500.0,372500.0,1500,24.866233650855776,False,True,7.648353938658162
-1882500.0,372500.0,1500,25.04570007366697,False,True,7.06124095857247
-1877500.0,372500.0,1500,25.5694508943254,False,True,6.073929657537854
-1872500.0,372500.0,1500,26.305355046817613,False,True,5.204105445251574
-1867500.0,372500.0,1500,24.106425577575926,False,True,5.04325968425644
-1862500.0,372500.0,1500,23.728770362569563,False,True,5.3634743346327625
-1857500.0,372500.0,1500,25.56207847356132,True,True,4.8684621776742425
-1852500.0,372500.0,1500,29.311856735126472,True,True,5.087597444744134
-1847500.0,372500.0,1500,34.571009052523706,False,True,4.967638366371691
-1842500.0,372500.0,1500,35.37216400093071,False,True,4.962907807677257
-1837500.0,372500.0,1500,32.700247875019755,False,True,4.942832678531472
-1832500.0,372500.0,1500,31.471072154352985,False,True,5.432063917773446
-1827500.0,372500.0,1500,29.336428522203402,False,True,8.542623878219679
-1822500.0,372500.0,1500,24.60013702881175,False,True,10.867230403616974
-1817500.0,372500.0,1500,20.37361920932061,False,True,11.73512380530971
-1812500.0,372500.0,1500,15.992472719165827,False,True,11.957452530921142
-1807500.0,372500.0,1500,14.225015874381516,False,False,12.060665192912644
-1802500.0,372500.0,1500,19.50213620753738,False,False,11.935321889425355
-1797500.0,372500.0,1500,22.441959296766623,False,True,11.550335937169525
-1792500.0,372500.0,1500,17.76444817166564,False,True,11.13245928127914
-1787500.0,372500.0,1500,11.193552418886457,False,True,10.5644130614952
-1782500.0,372500.0,1500,2.49035461655223,False,True,9.5210919827285
-1777500.0,372500.0,1500,-6.045505435531656,True,True,6.495399716205819
-1772500.0,372500.0,1500,-5.611015599874175,True,True,5.451095331024005
-1767500.0,372500.0,1500,1.7784813972052966,True,True,6.017572392936016
-1762500.0,372500.0,1500,17.429963788514623,False,True,5.705357585078298
-1757500.0,372500.0,1500,31.41652720994011,False,True,4.843721038534403
-1752500.0,372500.0,1500,34.43877421053412,False,True,4.6005577284886545
-1747500.0,372500.0,1500,36.32881878867411,False,True,5.095115308605791
-1742500.0,372500.0,1500,36.07719972706548,False,False,5.15414080142546
-1737500.0,372500.0,1500,30.98515422302012,False,False,4.747795385807545
-1732500.0,372500.0,1500,25.63829985280266,False,False,4.675661798065959
-1727500.0,372500.0,1500,21.81278451582692,False,True,4.948376150161278
-1722500.0,372500.0,1500,13.657387832628803,False,True,4.95019629247006
-1717500.0,372500.0,1500,-0.8748352832109425,False,False,4.995861873478136
-1712500.0,372500.0,1500,-13.868238226880218,False,False,4.762674885493229
-1707500.0,372500.0,1500,-13.935653326374686,False,False,4.610028942131128
-1702500.0,372500.0,1500,0.2568594430642918,False,False,4.865653477867083
-1697500.0,372500.0,1500,6.7284731171163985,False,False,4.414127843375617
-1692500.0,372500.0,1500,-0.7115595631404816,False,False,4.445064013643173
-1687500.0,372500.0,1500,-7.825308637468629,False,False,6.6458714668863275
-1682500.0,372500.0,1500,-13.319932782322867,False,False,7.09216410591083
-1677500.0,372500.0,1500,-14.017613599734153,False,False,4.890601308202886
-1672500.0,372500.0,1500,-6.249315179537421,False,False,4.556066198970779
-1667500.0,372500.0,1500,8.426845789831622,False,False,6.906428628195442
-1662500.0,372500.0,1500,26.28848465770744,False,False,7.242434796525495
-1657500.0,372500.0,1500,36.375138304845805,False,False,4.956855334609831
-1652500.0,372500.0,1500,35.91441942387337,False,False,4.656774396883047
-2197500.0,377500.0,1500,-0.8442830817098912,False,False,8.275428408857174
-2192500.0,377500.0,1500,-3.4478806934792483,False,False,8.85692403261779
-2187500.0,377500.0,1500,-5.960679688958502,False,False,8.927532737969825
-2182500.0,377500.0,1500,-7.323040408251702,False,False,8.147530813890024
-2177500.0,377500.0,1500,-7.7732617859136495,False,False,6.045968081930875
-2172500.0,377500.0,1500,-6.843206264067829,False,False,5.007564906756665
-2167500.0,377500.0,1500,-6.986291124935057,False,False,5.6336447098827
-2162500.0,377500.0,1500,-9.302725743733824,False,False,5.772334518226286
-2157500.0,377500.0,1500,-8.853755881496502,False,False,5.839244860004807
-2152500.0,377500.0,1500,-5.704814190629083,False,False,5.910118205865118
-2147500.0,377500.0,1500,-3.094223159057634,False,False,5.862263612826739
-2142500.0,377500.0,1500,-0.5990521464853609,False,False,5.824955637931852
-2137500.0,377500.0,1500,2.009077147045104,False,False,5.875346872925778
-2132500.0,377500.0,1500,4.219240741774083,False,False,5.988001650866334
-2127500.0,377500.0,1500,6.200654651869504,False,False,6.015763263720718
-2122500.0,377500.0,1500,7.03737406881452,False,False,6.037109532661295
-2117500.0,377500.0,1500,6.257940064172129,False,False,6.207331576930694
-2112500.0,377500.0,1500,4.938014809248655,False,False,6.272487933758059
-2107500.0,377500.0,1500,3.4199063554936284,False,False,6.207950398920237
-2102500.0,377500.0,1500,1.6880161529010462,False,False,6.21927678296298
-2097500.0,377500.0,1500,0.7944527153493601,False,False,6.3120679325576265
-2092500.0,377500.0,1500,0.4398687504384154,False,False,6.499635515850459
-2087500.0,377500.0,1500,-0.29209994069659917,False,False,6.734672781244473
-2082500.0,377500.0,1500,-0.35802555335003894,False,False,6.985543275845938
-2077500.0,377500.0,1500,0.4458200616388201,False,False,7.22146597365378
-2072500.0,377500.0,1500,2.0145894735345347,False,False,7.346425108047937
-2067500.0,377500.0,1500,4.221349125667243,False,False,7.359708994600707
-2062500.0,377500.0,1500,6.5244502523585295,False,False,7.3572701395058475
-2057500.0,377500.0,1500,8.050637243734107,False,False,7.425776539990551
-2052500.0,377500.0,1500,6.872129743096441,False,False,7.282797960558044
-2047500.0,377500.0,1500,4.437537222331208,False,False,6.516416470578401
-2042500.0,377500.0,1500,2.4364520684570414,False,False,5.656906620149423
-2037500.0,377500.0,1500,0.7393456893123977,False,False,5.283389172711428
-2032500.0,377500.0,1500,0.796884277537741,False,False,5.249358603950651
-2027500.0,377500.0,1500,2.4294807775960425,False,False,5.421371781550241
-2022500.0,377500.0,1500,3.3970548978659783,False,False,5.925864901611271
-2017500.0,377500.0,1500,3.387087038054958,False,False,6.87583147153211
-2012500.0,377500.0,1500,2.466995902549541,False,False,7.673808407291167
-2007500.0,377500.0,1500,1.2302629805641714,False,False,7.828942687564531
-2002500.0,377500.0,1500,1.5348784859839586,False,False,7.741946728407416
-1997500.0,377500.0,1500,1.3974768978067904,False,False,7.649743931861656
-1992500.0,377500.0,1500,0.0890435699975045,False,False,7.513167179159819
-1987500.0,377500.0,1500,-0.10957954234088399,False,False,7.34955947614615
-1982500.0,377500.0,1500,-1.0822691385259038,False,False,7.171177858993142
-1977500.0,377500.0,1500,-2.863733671002317,False,False,6.942302312686171
-1972500.0,377500.0,1500,-3.378542887601995,False,False,6.714054931301836
-1967500.0,377500.0,1500,-3.4002629331485617,False,False,6.491630477345617
-1962500.0,377500.0,1500,-2.453098456195302,False,False,6.2328886244274955
-1957500.0,377500.0,1500,-0.7811700539512709,False,False,5.975218989825178
-1952500.0,377500.0,1500,-1.0042595242236407,False,False,5.750241460474888
-1947500.0,377500.0,1500,-3.3295022353554486,False,False,6.082041829633681
-1942500.0,377500.0,1500,-7.126186412304937,False,False,6.184183192014034
-1937500.0,377500.0,1500,-11.728733501382038,False,False,4.784071895686498
-1932500.0,377500.0,1500,-11.164790361179534,False,False,4.823703817817181
-1927500.0,377500.0,1500,-6.2878443869481115,False,False,5.605042794016778
-1922500.0,377500.0,1500,-1.1730265386608438,False,False,6.4703969754507
-1917500.0,377500.0,1500,5.392061103809639,False,False,7.523123221617531
-1912500.0,377500.0,1500,11.826067997757585,False,False,7.4036932397448885
-1907500.0,377500.0,1500,18.327295248543898,False,True,7.634676755902383
-1902500.0,377500.0,1500,24.370803672893253,False,True,8.03414889097286
-1897500.0,377500.0,1500,23.795843186571528,False,True,8.102606376835377
-1892500.0,377500.0,1500,18.014629097411476,False,True,7.562035960638042
-1887500.0,377500.0,1500,15.294112608790716,False,True,6.684256549111005
-1882500.0,377500.0,1500,16.91165318389006,False,True,5.811744792930666
-1877500.0,377500.0,1500,21.422384531859368,False,True,5.173058441752529
-1872500.0,377500.0,1500,26.874843990384797,False,True,5.083172813974533
-1867500.0,377500.0,1500,30.018817104600355,False,True,5.405616606906296
-1862500.0,377500.0,1500,31.597099938052274,False,True,5.830943684965425
-1857500.0,377500.0,1500,32.04561868255997,False,True,5.132103362508243
-1852500.0,377500.0,1500,34.08804987447179,False,True,5.07643389797056
-1847500.0,377500.0,1500,38.63292532187799,False,True,5.0515541800979396
-1842500.0,377500.0,1500,38.612633662949,False,True,4.988551708512267
-1837500.0,377500.0,1500,32.84505807789278,False,True,5.046300030848345
-1832500.0,377500.0,1500,25.533694601866635,False,True,5.69467866578596
-1827500.0,377500.0,1500,20.78826562733064,True,True,8.88043808577245
-1822500.0,377500.0,1500,17.8586315423508,False,True,11.050030377305221
-1817500.0,377500.0,1500,15.011390904143644,False,True,11.208174667848631
-1812500.0,377500.0,1500,12.808233752609267,False,True,10.875406803184978
-1807500.0,377500.0,1500,16.759418404094546,False,True,10.673441796211318
-1802500.0,377500.0,1500,25.07967268496055,False,True,10.273689488021438
-1797500.0,377500.0,1500,28.402897721114623,False,True,9.093432942936083
-1792500.0,377500.0,1500,25.62085204187428,False,True,8.283564290036988
-1787500.0,377500.0,1500,19.199303973658655,False,True,7.927897173997465
-1782500.0,377500.0,1500,9.207760599261723,True,True,7.519720059662674
-1777500.0,377500.0,1500,-3.3041906849107785,True,True,5.986669464849125
-1772500.0,377500.0,1500,-4.6803051531538005,True,True,5.504840529464371
-1767500.0,377500.0,1500,3.976662070711565,True,True,5.993973669074688
-1762500.0,377500.0,1500,24.46016228213311,False,True,5.658633114058723
-1757500.0,377500.0,1500,37.09064077163062,False,True,5.3268621340868485
-1752500.0,377500.0,1500,32.381816863933906,False,True,5.318706075204156
-1747500.0,377500.0,1500,34.21634840126199,False,True,5.282141561422409
-1742500.0,377500.0,1500,36.74178091023261,False,False,5.204461050105598
-1737500.0,377500.0,1500,31.265800083078457,False,True,5.003418109307265
-1732500.0,377500.0,1500,22.036104317887748,False,True,5.003016846237249
-1727500.0,377500.0,1500,13.20383462972155,False,True,5.182070613123843
-1722500.0,377500.0,1500,-0.9839468458729441,False,True,5.210063798487913
-1717500.0,377500.0,1500,-18.976141471396605,False,True,5.151273247448675
-1712500.0,377500.0,1500,-22.718422611986824,False,True,4.858961111919125
-1707500.0,377500.0,1500,-2.260754858643095,False,False,4.477107111402599
-1702500.0,377500.0,1500,19.781892959435314,False,False,4.81552912510538
-1697500.0,377500.0,1500,9.67568875633584,False,False,4.62478839268292
-1692500.0,377500.0,1500,-11.361084583215588,False,False,4.557914305260716
-1687500.0,377500.0,1500,-13.690374046034064,False,False,6.847038981702637
-1682500.0,377500.0,1500,-12.081226214843307,False,False,7.464819899496337
-1677500.0,377500.0,1500,-12.195301146716165,False,False,5.148119558248594
-1672500.0,377500.0,1500,-6.968134132489827,False,False,4.537652868638529
-1667500.0,377500.0,1500,6.4088451235367785,False,False,6.815667403344378
-1662500.0,377500.0,1500,21.984753107567876,False,False,7.287392520145424
-1657500.0,377500.0,1500,35.37365613841747,False,False,4.974412644033538
-1652500.0,377500.0,1500,44.141433182468774,False,False,4.505267551497111
-2197500.0,382500.0,1500,-1.010242050865967,False,False,9.048578982668543
-2192500.0,382500.0,1500,-3.5734874716770735,False,False,8.966941731308188
-2187500.0,382500.0,1500,-5.735616742017407,False,False,8.314880571889768
-2182500.0,382500.0,1500,-7.0762739363137355,False,False,7.616093785721537
-2177500.0,382500.0,1500,-7.218563615575736,False,False,7.021946805377923
-2172500.0,382500.0,1500,-6.597156458234904,False,False,5.686055401474343
-2167500.0,382500.0,1500,-6.327483649862626,False,False,5.989825636676624
-2162500.0,382500.0,1500,-6.775747058157419,False,False,7.508592033191757
-2157500.0,382500.0,1500,-5.828524961694693,False,False,7.818922764409203
-2152500.0,382500.0,1500,-3.629549814911261,False,False,8.057392413015569
-2147500.0,382500.0,1500,-2.103502685750531,False,False,8.305594661756633
-2142500.0,382500.0,1500,-0.2313856004908364,False,False,8.477416829646973
-2137500.0,382500.0,1500,2.0499126182210343,False,False,8.580096325547672
-2132500.0,382500.0,1500,3.7837930083829336,False,False,8.632030598743228
-2127500.0,382500.0,1500,5.415563426733184,False,False,8.626741270886269
-2122500.0,382500.0,1500,6.52613417719986,False,False,8.560649031775315
-2117500.0,382500.0,1500,6.581577078919676,False,False,8.430420044893681
-2112500.0,382500.0,1500,6.273261999032121,False,False,8.258959398568646
-2107500.0,382500.0,1500,5.768085328267083,False,False,7.959511152779901
-2102500.0,382500.0,1500,5.3561399030771835,False,False,7.613104342638145
-2097500.0,382500.0,1500,5.312716307223852,False,False,7.403163326145301
-2092500.0,382500.0,1500,4.377808555522942,False,False,7.337429630937766
-2087500.0,382500.0,1500,2.6544937601693017,False,False,7.331119046245071
-2082500.0,382500.0,1500,1.8607995679451625,False,False,7.295946341717673
-2077500.0,382500.0,1500,1.5883599201279663,False,False,7.216750141403391
-2072500.0,382500.0,1500,2.5834567166851037,False,False,7.014464128884068
-2067500.0,382500.0,1500,5.433225211363783,False,False,6.730064146987418
-2062500.0,382500.0,1500,8.12724576246075,False,False,6.478291903854558
-2057500.0,382500.0,1500,9.217485383098616,False,False,6.279008195897084
-2052500.0,382500.0,1500,7.777619904883921,False,False,6.10478841392017
-2047500.0,382500.0,1500,4.5913740733465565,False,False,5.890114487967675
-2042500.0,382500.0,1500,2.001763268339967,False,False,5.525085226847238
-2037500.0,382500.0,1500,0.6433867445432394,False,False,5.010337495028666
-2032500.0,382500.0,1500,-0.06456806086599806,False,False,4.352198344169689
-2027500.0,382500.0,1500,0.6241101245390194,False,False,3.865491494215976
-2022500.0,382500.0,1500,1.7336859467069443,False,False,4.017769806340056
-2017500.0,382500.0,1500,1.374839035395824,False,False,4.845890970430931
-2012500.0,382500.0,1500,0.2067251814448142,False,False,5.252905952189173
-2007500.0,382500.0,1500,-0.6082240790900616,False,False,5.089036698804865
-2002500.0,382500.0,1500,-0.428638363617235,False,False,5.259134015981069
-1997500.0,382500.0,1500,-0.32840096275195746,False,False,5.577298191452683
-1992500.0,382500.0,1500,-1.3651600175351193,False,False,5.802283221111978
-1987500.0,382500.0,1500,-1.7192986814824023,False,False,5.904608954139
-1982500.0,382500.0,1500,-1.743853059197833,False,False,5.931120205420838
-1977500.0,382500.0,1500,-2.6685422586683343,False,False,5.858551008159349
-1972500.0,382500.0,1500,-2.829485170633146,False,False,5.746689306003921
-1967500.0,382500.0,1500,-1.767948224933826,False,False,5.632939498807904
-1962500.0,382500.0,1500,-0.40911696696969024,False,False,5.5077003217760705
-1957500.0,382500.0,1500,1.154364433265801,False,False,5.439879022568553
-1952500.0,382500.0,1500,1.4404256134756976,False,False,5.459846332394308
-1947500.0,382500.0,1500,-0.1929623756133123,False,False,6.031465590037918
-1942500.0,382500.0,1500,-3.575949327086007,False,False,6.439933353939988
-1937500.0,382500.0,1500,-9.91046463464954,False,False,5.040294032379672
-1932500.0,382500.0,1500,-13.248593500768472,False,False,5.104342607712449
-1927500.0,382500.0,1500,-12.172749524823079,False,False,5.320104030284732
-1922500.0,382500.0,1500,-8.358703866906673,False,False,5.681272139358786
-1917500.0,382500.0,1500,-0.6437581840592944,False,False,7.339394775598843
-1912500.0,382500.0,1500,8.237122619005875,False,True,7.669638459002101
-1907500.0,382500.0,1500,15.602360748642528,False,True,7.8776292196781315
-1902500.0,382500.0,1500,18.982710606906913,False,True,7.738359203828117
-1897500.0,382500.0,1500,17.16120747028855,False,True,7.0696081861969216
-1892500.0,382500.0,1500,11.19702628423153,True,True,6.385304780573591
-1887500.0,382500.0,1500,6.563587063485978,False,True,6.253245196300874
-1882500.0,382500.0,1500,8.127462845337355,False,True,6.2853322757777645
-1877500.0,382500.0,1500,15.757582643287982,False,True,6.1570381270259915
-1872500.0,382500.0,1500,24.892549218764515,False,True,6.14613675230254
-1867500.0,382500.0,1500,32.18136350006139,False,True,6.422228254792752
-1862500.0,382500.0,1500,37.555458903692106,False,True,6.791816242454434
-1857500.0,382500.0,1500,40.83333208130924,False,True,5.65155984563529
-1852500.0,382500.0,1500,43.02004965225559,False,True,4.946742623051412
-1847500.0,382500.0,1500,44.38569186984679,False,True,4.983467126552248
-1842500.0,382500.0,1500,42.09290147451467,False,True,5.073437540542037
-1837500.0,382500.0,1500,34.27304316257249,False,True,5.200557571214729
-1832500.0,382500.0,1500,23.92781090509175,False,True,5.83952717556584
-1827500.0,382500.0,1500,18.88840174768081,True,True,8.77211175708967
-1822500.0,382500.0,1500,17.258243790918034,False,True,10.650789470318713
-1817500.0,382500.0,1500,13.57752759055443,False,True,9.350172025119397
-1812500.0,382500.0,1500,10.157432843449756,False,True,8.084988673120032
-1807500.0,382500.0,1500,17.12822214192313,False,True,8.032524184940787
-1802500.0,382500.0,1500,26.958567349455063,False,False,7.797545275561194
-1797500.0,382500.0,1500,29.972286744942384,False,True,6.558739106841113
-1792500.0,382500.0,1500,30.52619520087582,False,True,5.854552092426209
-1787500.0,382500.0,1500,24.59553095720341,False,True,6.0333772317795535
-1782500.0,382500.0,1500,12.366274749945529,False,True,6.149312319809717
-1777500.0,382500.0,1500,-2.390326501112537,True,True,5.647066882632709
-1772500.0,382500.0,1500,-5.899109261244567,True,True,5.556361696760295
-1767500.0,382500.0,1500,4.580839003092123,True,True,5.964673241471614
-1762500.0,382500.0,1500,27.121309598867835,False,True,5.702900347787312
-1757500.0,382500.0,1500,36.57846926980324,False,True,6.269105803531565
-1752500.0,382500.0,1500,29.835308408790663,False,True,6.7033988352546485
-1747500.0,382500.0,1500,31.251885442565683,False,True,5.762414774638098
-1742500.0,382500.0,1500,34.33646215288244,False,True,5.2623590395919795
-1737500.0,382500.0,1500,30.52218887449854,False,True,5.22377224960197
-1732500.0,382500.0,1500,19.367928763322933,False,True,5.247090241884387
-1727500.0,382500.0,1500,2.0957182923355715,False,True,5.356280900230299
-1722500.0,382500.0,1500,-19.36584071194659,False,True,5.435865343020847
-1717500.0,382500.0,1500,-32.30911296397996,False,True,4.955326563272296
-1712500.0,382500.0,1500,-26.381968104106228,False,True,4.572632747541339
-1707500.0,382500.0,1500,-3.7677729627035035,False,True,4.310446648468721
-1702500.0,382500.0,1500,11.162503239990567,False,False,4.70143600164845
-1697500.0,382500.0,1500,-7.4460487656090555,False,False,4.776654144513337
-1692500.0,382500.0,1500,-28.177483326943367,False,False,4.640360265402842
-1687500.0,382500.0,1500,-21.501972676968425,False,False,6.898807278078046
-1682500.0,382500.0,1500,-10.740448037597362,False,False,7.682615156929538
-1677500.0,382500.0,1500,-8.217806110310024,False,False,5.3656680720898695
-1672500.0,382500.0,1500,-4.695464267728702,False,False,4.49405545672683
-1667500.0,382500.0,1500,5.43780698345699,False,False,6.611816734670583
-1662500.0,382500.0,1500,14.979846223224756,False,False,7.208034260944757
-1657500.0,382500.0,1500,28.62848599616943,False,False,4.97144563636933
-1652500.0,382500.0,1500,46.8911861671456,False,False,4.35903225234801
-2197500.0,387500.0,1500,0.33067467880132845,False,False,8.74441141442866
-2192500.0,387500.0,1500,-2.1238752300068473,False,False,8.041951961869017
-2187500.0,387500.0,1500,-3.857349512324212,False,False,7.533261569855006
-2182500.0,387500.0,1500,-5.632990442187132,False,False,7.521318028145867
-2177500.0,387500.0,1500,-6.026001622414158,False,False,7.757073381008205
-2172500.0,387500.0,1500,-5.297222000685355,False,False,7.239163160224482
-2167500.0,387500.0,1500,-4.662295908661902,False,False,7.451608459892386
-2162500.0,387500.0,1500,-3.933515801896657,False,False,8.42425276660002
-2157500.0,387500.0,1500,-3.1344169357695697,False,False,7.677125148364818
-2152500.0,387500.0,1500,-2.4331711668391445,False,False,6.690150366193921
-2147500.0,387500.0,1500,-1.7234837272496508,False,False,6.526832268621823
-2142500.0,387500.0,1500,-0.38953802966872936,False,False,6.386942261772387
-2137500.0,387500.0,1500,1.4605939702917694,False,False,6.2266511547226715
-2132500.0,387500.0,1500,3.112093303571354,False,False,6.045755532193918
-2127500.0,387500.0,1500,4.384013657800128,False,False,5.939337025735686
-2122500.0,387500.0,1500,5.465266103567188,False,False,5.897669386603532
-2117500.0,387500.0,1500,6.343599808931735,False,False,5.973427913549678
-2112500.0,387500.0,1500,7.797723985511701,False,False,6.384423848916695
-2107500.0,387500.0,1500,8.712967543831928,False,False,6.211179516183925
-2102500.0,387500.0,1500,8.694701535982071,False,False,5.738115132188508
-2097500.0,387500.0,1500,8.781948276294132,False,False,5.736122752258519
-2092500.0,387500.0,1500,7.677695174521032,False,False,5.810607488723456
-2087500.0,387500.0,1500,5.972470469500438,False,False,5.918908528056856
-2082500.0,387500.0,1500,5.065921133026335,False,False,6.002770128128183
-2077500.0,387500.0,1500,3.9564357982851166,False,False,6.122140669416663
-2072500.0,387500.0,1500,3.393410304243557,False,False,6.163307888374267
-2067500.0,387500.0,1500,4.571077199530624,False,False,6.145386425873705
-2062500.0,387500.0,1500,7.439920727896342,False,False,6.172481406227419
-2057500.0,387500.0,1500,8.903332605348824,False,False,6.196668692292369
-2052500.0,387500.0,1500,6.95770497849018,False,False,6.2074822191964225
-2047500.0,387500.0,1500,4.227318784366232,False,False,6.21646714109405
-2042500.0,387500.0,1500,1.3166405578191955,False,False,6.19706650480412
-2037500.0,387500.0,1500,0.3213021166289015,False,False,6.251695280905533
-2032500.0,387500.0,1500,0.5637994944530195,False,False,6.386944607900292
-2027500.0,387500.0,1500,-0.1020827486384167,False,False,6.518849973151367
-2022500.0,387500.0,1500,0.11726440565703626,False,False,6.679550684630779
-2017500.0,387500.0,1500,-0.5010958263812918,False,False,6.84098861348801
-2012500.0,387500.0,1500,-2.069485707285004,False,False,6.390083931601357
-2007500.0,387500.0,1500,-2.534557952959548,False,False,5.550786681706984
-2002500.0,387500.0,1500,-3.08726192803162,False,False,4.965739896253882
-1997500.0,387500.0,1500,-3.5987867226274712,False,False,4.508364274074124
-1992500.0,387500.0,1500,-3.9680744927536433,False,False,4.6986836610471805
-1987500.0,387500.0,1500,-4.119954296010016,False,False,5.654568255021698
-1982500.0,387500.0,1500,-3.2324752059991915,False,False,6.669492663877623
-1977500.0,387500.0,1500,-2.9601301484935103,False,False,7.277268040874245
-1972500.0,387500.0,1500,-2.5603791350858067,False,False,7.462817965476743
-1967500.0,387500.0,1500,-0.7014505901864352,False,False,7.420749546418833
-1962500.0,387500.0,1500,0.8866276340170772,False,False,7.364399844671553
-1957500.0,387500.0,1500,2.622270077702263,False,False,7.440233675880535
-1952500.0,387500.0,1500,4.540610808775122,False,False,7.627897975686681
-1947500.0,387500.0,1500,4.457240330389231,False,False,7.773089713136159
-1942500.0,387500.0,1500,1.5092190713530431,False,False,7.714461341460565
-1937500.0,387500.0,1500,-6.233818461388404,False,False,6.164054018884965
-1932500.0,387500.0,1500,-13.054411023395428,False,False,5.505078539189833
-1927500.0,387500.0,1500,-15.216297820035306,False,False,5.431070364940428
-1922500.0,387500.0,1500,-13.894672594086485,False,False,5.408429530058424
-1917500.0,387500.0,1500,-7.810846392779221,False,False,6.793636923797932
-1912500.0,387500.0,1500,1.1333817000697397,False,False,7.175727612734473
-1907500.0,387500.0,1500,9.168102403113231,False,True,6.833809234993997
-1902500.0,387500.0,1500,11.820229654441567,False,True,6.62190655493466
-1897500.0,387500.0,1500,8.895551256183506,False,True,6.521905355811224
-1892500.0,387500.0,1500,3.912491230460078,False,True,6.690179715993143
-1887500.0,387500.0,1500,0.8664556549309235,False,True,7.231994894901314
-1882500.0,387500.0,1500,1.90315258521158,False,True,7.457399190859732
-1877500.0,387500.0,1500,9.481882171616265,False,True,7.2723719645222396
-1872500.0,387500.0,1500,20.70744979020541,False,False,7.280885173529361
-1867500.0,387500.0,1500,31.524612862506444,False,True,7.642008789317799
-1862500.0,387500.0,1500,40.88401942807282,False,True,7.812012445370684
-1857500.0,387500.0,1500,46.674492891202895,False,True,6.159253791995502
-1852500.0,387500.0,1500,48.78137416650924,False,True,4.880381485685245
-1847500.0,387500.0,1500,47.34485881716908,False,True,4.866624466434173
-1842500.0,387500.0,1500,42.809354882428,False,True,5.019646088592206
-1837500.0,387500.0,1500,35.23401339470638,False,True,5.283544049972559
-1832500.0,387500.0,1500,25.64473482144387,False,True,5.89103709536063
-1827500.0,387500.0,1500,20.021821036573527,True,True,8.531351926575534
-1822500.0,387500.0,1500,18.377174337282167,True,True,10.31880805482298
-1817500.0,387500.0,1500,15.759238204054602,False,True,8.018406298207173
-1812500.0,387500.0,1500,12.707846572133079,False,True,6.070875972420831
-1807500.0,387500.0,1500,17.55171483464968,False,True,6.254811257830856
-1802500.0,387500.0,1500,24.987602477775372,False,True,6.30788080696029
-1797500.0,387500.0,1500,29.84940705748601,False,True,5.68241461023
-1792500.0,387500.0,1500,34.03627733985716,False,True,5.3278468294598715
-1787500.0,387500.0,1500,27.6472036070115,False,True,5.712993310089095
-1782500.0,387500.0,1500,12.236927748313777,True,True,5.976683709417765
-1777500.0,387500.0,1500,-3.2717162180077453,True,True,5.658034811565055
-1772500.0,387500.0,1500,-8.154849014932486,True,True,5.588136543785179
-1767500.0,387500.0,1500,2.119913394509088,True,True,5.895286669398303
-1762500.0,387500.0,1500,22.038254493365542,False,True,5.711389740340644
-1757500.0,387500.0,1500,30.3852395457415,False,True,6.64959341960806
-1752500.0,387500.0,1500,30.72039368492657,False,True,7.308874072160314
-1747500.0,387500.0,1500,32.05099200273575,False,True,6.004309638921497
-1742500.0,387500.0,1500,30.02017747245418,False,True,5.287139394423775
-1737500.0,387500.0,1500,25.972411099823862,False,True,5.1969367269863245
-1732500.0,387500.0,1500,13.835176184011743,False,True,5.2182668390153175
-1727500.0,387500.0,1500,-11.947623334089627,False,True,5.497215865174424
-1722500.0,387500.0,1500,-36.30550537867518,False,True,5.618096392871463
-1717500.0,387500.0,1500,-39.29936982898087,False,True,5.145470454413207
-1712500.0,387500.0,1500,-28.72741493224378,False,True,4.785722445592144
-1707500.0,387500.0,1500,-16.57472726640562,False,True,4.337654912975947
-1702500.0,387500.0,1500,-11.524881515333162,False,False,4.625102459452276
-1697500.0,387500.0,1500,-21.389970299615644,False,False,4.862540243021138
-1692500.0,387500.0,1500,-29.11597537667027,False,False,4.732759953076765
-1687500.0,387500.0,1500,-19.649770064685196,False,False,6.871718598582262
-1682500.0,387500.0,1500,-8.014341818757687,False,False,7.821071745110873
-1677500.0,387500.0,1500,-3.230373365922754,False,False,5.571026579639097
-1672500.0,387500.0,1500,-0.24305677068722326,False,False,4.448947963002841
-1667500.0,387500.0,1500,5.902574714317379,False,False,6.298380792106227
-1662500.0,387500.0,1500,9.100456558073553,False,False,6.976564483737992
-1657500.0,387500.0,1500,16.130153947258155,False,False,4.9822962922043805
-1652500.0,387500.0,1500,35.97170951571917,False,False,4.292129141681524
-2197500.0,392500.0,1500,2.1478413684148014,False,False,7.796696407528719
-2192500.0,392500.0,1500,0.2776659743224149,False,False,7.494870987050018
-2187500.0,392500.0,1500,-1.368764743487299,False,False,7.691804264648908
-2182500.0,392500.0,1500,-3.5352374367357244,False,False,8.052704084343073
-2177500.0,392500.0,1500,-4.767359618916532,False,False,8.258399946868753
-2172500.0,392500.0,1500,-4.034941349593337,False,False,8.418024599352115
-2167500.0,392500.0,1500,-3.3200045271373875,False,False,8.822656549181948
-2162500.0,392500.0,1500,-2.9500182079308357,False,False,9.041394104865303
-2157500.0,392500.0,1500,-2.587422638056328,False,False,7.610895095627082
-2152500.0,392500.0,1500,-2.650735285334484,False,False,6.082624036160403
-2147500.0,392500.0,1500,-2.0044243638737034,False,False,5.858226825484053
-2142500.0,392500.0,1500,-0.17176236787699822,False,False,5.744644669393367
-2137500.0,392500.0,1500,1.7460315725613265,False,False,5.6410281626227174
-2132500.0,392500.0,1500,3.7502925921855295,False,False,5.554233658363454
-2127500.0,392500.0,1500,5.469562453147437,False,False,5.591506007537531
-2122500.0,392500.0,1500,6.673017286824661,False,False,5.7403055927146145
-2117500.0,392500.0,1500,8.570085383748669,False,False,6.026945073521164
-2112500.0,392500.0,1500,11.580053352570172,False,False,6.625429141634434
-2107500.0,392500.0,1500,13.58418162980284,False,False,6.708289011814541
-2102500.0,392500.0,1500,14.030569529820802,False,False,6.50663192887864
-2097500.0,392500.0,1500,14.23107682132456,False,False,6.651361093594852
-2092500.0,392500.0,1500,13.891552857432348,False,False,6.809145472072757
-2087500.0,392500.0,1500,13.21770908721289,False,False,7.05890414259235
-2082500.0,392500.0,1500,12.526046756797887,False,False,7.413908995798117
-2077500.0,392500.0,1500,10.98519642460372,False,False,7.906221166694094
-2072500.0,392500.0,1500,7.462966172393753,False,False,8.417186069761156
-2067500.0,392500.0,1500,4.697861434113782,False,False,8.883570842536226
-2062500.0,392500.0,1500,5.964165360004478,False,False,9.314542374807022
-2057500.0,392500.0,1500,7.3710087357202365,False,False,9.671948671969169
-2052500.0,392500.0,1500,6.149012748906707,False,False,9.954569976172936
-2047500.0,392500.0,1500,3.9215136638857344,False,False,10.166044793934844
-2042500.0,392500.0,1500,0.552315109005431,False,False,10.323834802917174
-2037500.0,392500.0,1500,-0.5896022575741816,False,False,10.45075858163542
-2032500.0,392500.0,1500,0.23778869405896927,False,False,10.550018520747532
-2027500.0,392500.0,1500,-0.7426052064196622,False,False,10.611568320846859
-2022500.0,392500.0,1500,-1.4646862447672184,False,False,10.62175205302459
-2017500.0,392500.0,1500,-2.0273358552433622,False,False,10.520037894883437
-2012500.0,392500.0,1500,-3.198225653550003,False,False,10.055107803730909
-2007500.0,392500.0,1500,-3.781375007276254,False,False,9.094332490526288
-2002500.0,392500.0,1500,-4.589898401129541,False,False,7.808015089171832
-1997500.0,392500.0,1500,-5.743724288040278,False,False,6.466131746167938
-1992500.0,392500.0,1500,-6.03410234175985,False,False,5.721229911947027
-1987500.0,392500.0,1500,-5.861805593281057,False,False,5.680564649508212
-1982500.0,392500.0,1500,-5.697202945797124,False,False,5.671549664107546
-1977500.0,392500.0,1500,-5.631629457629326,False,False,5.819364777631492
-1972500.0,392500.0,1500,-5.386860891193394,False,False,6.494178233397219
-1967500.0,392500.0,1500,-3.781179717782849,False,False,7.149577141573689
-1962500.0,392500.0,1500,-1.2967109589758836,False,False,7.503094259378507
-1957500.0,392500.0,1500,1.247105530032994,False,False,7.797621753130227
-1952500.0,392500.0,1500,5.084291934447769,False,False,7.941682266783041
-1947500.0,392500.0,1500,7.204974776795848,False,False,7.789399774958389
-1942500.0,392500.0,1500,4.3452482654265285,False,False,7.548928651153938
-1937500.0,392500.0,1500,-2.911576736041008,False,False,6.4543370714274335
-1932500.0,392500.0,1500,-10.454782328075378,False,False,5.395793728064418
-1927500.0,392500.0,1500,-14.74868878522631,False,False,5.540604781176858
-1922500.0,392500.0,1500,-15.766900830588273,False,False,5.237085559341278
-1917500.0,392500.0,1500,-12.918481171482807,False,False,5.546542401064337
-1912500.0,392500.0,1500,-6.401579120171977,False,False,6.284103615260463
-1907500.0,392500.0,1500,0.7364290670363605,False,True,6.385427507756553
-1902500.0,392500.0,1500,3.766932658387047,False,True,6.908755126837361
-1897500.0,392500.0,1500,1.367920917389544,False,True,7.4438886547169885
-1892500.0,392500.0,1500,-2.2953052439519355,False,True,7.650584710493027
-1887500.0,392500.0,1500,-3.267900187745497,False,True,7.702596830635041
-1882500.0,392500.0,1500,-1.225612580051043,False,True,7.84810362494977
-1877500.0,392500.0,1500,6.053570103085181,False,True,8.23102443104226
-1872500.0,392500.0,1500,18.192249422225107,False,False,8.705138171610583
-1867500.0,392500.0,1500,31.012817253963213,False,False,9.07601301212804
-1862500.0,392500.0,1500,42.058287158538796,False,False,8.847837295904121
-1857500.0,392500.0,1500,48.601278832310484,False,True,6.674725029500489
-1852500.0,392500.0,1500,50.493263642983926,False,True,4.897487565825133
-1847500.0,392500.0,1500,48.70146113061459,False,True,4.7894456345609075
-1842500.0,392500.0,1500,43.08083068229796,False,True,4.925224650775985
-1837500.0,392500.0,1500,35.19423104224684,False,True,5.258241990560801
-1832500.0,392500.0,1500,25.498591607988992,True,True,5.832430905895904
-1827500.0,392500.0,1500,19.34236115291123,True,True,8.271302526475992
-1822500.0,392500.0,1500,18.56592965333297,True,True,10.215017433034543
-1817500.0,392500.0,1500,18.835480286910453,False,True,8.064702644540013
-1812500.0,392500.0,1500,18.926560297110534,False,True,5.953165244693867
-1807500.0,392500.0,1500,18.714737993469196,False,True,5.982412559638708
-1802500.0,392500.0,1500,19.044211563515674,False,True,6.081370576770242
-1797500.0,392500.0,1500,22.795904942806754,False,True,5.772257572477262
-1792500.0,392500.0,1500,27.656893552626933,False,True,5.557069606088308
-1787500.0,392500.0,1500,23.46455872476796,False,True,5.8127485155392105
-1782500.0,392500.0,1500,9.875081795012973,False,True,5.990923526964794
-1777500.0,392500.0,1500,-4.188284907690308,True,True,5.7026030512276185
-1772500.0,392500.0,1500,-10.144922749064547,True,True,5.586545174401925
-1767500.0,392500.0,1500,-3.9888193844225297,True,True,5.975342392874211
-1762500.0,392500.0,1500,11.492626866928596,False,True,6.001791720476623
-1757500.0,392500.0,1500,26.144884395607686,False,True,6.682567889768254
-1752500.0,392500.0,1500,33.56062849584571,False,True,7.340795780635844
-1747500.0,392500.0,1500,33.306572653229516,False,True,6.234662284709553
-1742500.0,392500.0,1500,29.274465105851625,False,True,5.359810756682827
-1737500.0,392500.0,1500,20.38285268471449,False,True,5.248572720128967
-1732500.0,392500.0,1500,1.0598059443277186,False,True,5.426476559015645
-1727500.0,392500.0,1500,-27.43013210814166,True,True,5.723698624821889
-1722500.0,392500.0,1500,-45.54024415242007,True,True,5.748040900286435
-1717500.0,392500.0,1500,-38.629294967848644,False,True,5.319552199033117
-1712500.0,392500.0,1500,-25.419270716777618,False,True,4.972602099825778
-1707500.0,392500.0,1500,-24.490900275872576,False,True,4.469848734858675
-1702500.0,392500.0,1500,-27.679529801919646,False,True,4.645235388910458
-1697500.0,392500.0,1500,-26.21486251344997,False,False,4.8748415869137505
-1692500.0,392500.0,1500,-21.7488351880155,False,False,4.771047350834557
-1687500.0,392500.0,1500,-14.200500538114982,False,False,6.758397438381186
-1682500.0,392500.0,1500,-1.4884001970083236,False,False,7.876727683006092
-1677500.0,392500.0,1500,8.017526189945775,False,False,5.752511187835456
-1672500.0,392500.0,1500,7.329845749689885,False,False,4.37508578636148
-1667500.0,392500.0,1500,10.323114019987226,False,False,5.777234166946755
-1662500.0,392500.0,1500,12.296175442333755,False,False,6.465019874475174
-1657500.0,392500.0,1500,8.628353832687553,False,False,4.888558786677333
-1652500.0,392500.0,1500,15.909852037954453,False,False,4.244274564165215
-2197500.0,397500.0,1500,2.9668542358188335,False,False,7.5276913136682
-2192500.0,397500.0,1500,1.8250725255722704,False,False,7.810911974923959
-2187500.0,397500.0,1500,0.21016103108611886,False,False,8.109299319548564
-2182500.0,397500.0,1500,-2.3475661757932094,False,False,8.332580612474194
-2177500.0,397500.0,1500,-4.27571510500936,False,False,8.595408499197926
-2172500.0,397500.0,1500,-4.085485323514399,False,False,9.027073713354369
-2167500.0,397500.0,1500,-3.3628336773172394,False,False,9.56104843523694
-2162500.0,397500.0,1500,-3.1805152514214274,False,False,9.745612309324216
-2157500.0,397500.0,1500,-2.9684199395933435,False,False,9.086563471557273
-2152500.0,397500.0,1500,-2.8281072198447084,False,False,8.39221246673554
-2147500.0,397500.0,1500,-1.819486040693063,False,False,8.242839402393631
-2142500.0,397500.0,1500,0.596960107279255,False,False,8.185130031072566
-2137500.0,397500.0,1500,3.114289585602447,False,False,8.183275577503483
-2132500.0,397500.0,1500,5.910184201980232,False,False,8.265810279710408
-2127500.0,397500.0,1500,8.42279670605786,False,False,8.41409364868036
-2122500.0,397500.0,1500,9.934911028482473,False,False,8.538073556994792
-2117500.0,397500.0,1500,12.222598858318413,False,False,8.573323665263878
-2112500.0,397500.0,1500,15.420372087066106,False,False,8.580890457712547
-2107500.0,397500.0,1500,17.71711266609192,False,False,8.627952840406762
-2102500.0,397500.0,1500,19.138127704839835,False,False,8.687576763882156
-2097500.0,397500.0,1500,20.302663217996013,False,False,8.717616402811734
-2092500.0,397500.0,1500,21.075363776444018,False,False,8.785154234718235
-2087500.0,397500.0,1500,21.321469800440205,False,False,9.014248893690318
-2082500.0,397500.0,1500,21.69296272012882,False,False,9.441824122691232
-2077500.0,397500.0,1500,18.692957805816867,False,False,10.018524358127523
-2072500.0,397500.0,1500,11.578691682948556,False,False,10.63742467657883
-2067500.0,397500.0,1500,6.888306571979043,False,False,11.195809949968062
-2062500.0,397500.0,1500,5.998350904366551,False,False,11.644742795724552
-2057500.0,397500.0,1500,5.88453959902674,False,False,11.974636394814086
-2052500.0,397500.0,1500,4.8179347264444985,False,False,12.195405852550122
-2047500.0,397500.0,1500,2.8740833582836234,False,False,12.324667383355418
-2042500.0,397500.0,1500,0.6979053799387647,False,False,12.380866743021405
-2037500.0,397500.0,1500,-0.6155782232923425,False,False,12.376958543809733
-2032500.0,397500.0,1500,-0.8191190678568719,False,False,12.312593492362822
-2027500.0,397500.0,1500,-1.2732397331763554,False,False,12.175550056501724
-2022500.0,397500.0,1500,-2.328048726801869,False,False,11.955055037620497
-2017500.0,397500.0,1500,-2.8748567854437037,False,False,11.616567700172844
-2012500.0,397500.0,1500,-3.4360359943974985,False,False,11.091321178394814
-2007500.0,397500.0,1500,-4.250433294425651,False,False,10.388310646384683
-2002500.0,397500.0,1500,-4.721617361877023,False,False,9.608938124239796
-1997500.0,397500.0,1500,-5.68477313429986,False,False,8.809532252460537
-1992500.0,397500.0,1500,-6.068822077607077,False,False,7.958377137301528
-1987500.0,397500.0,1500,-5.7795504710538985,False,False,7.023250539341343
-1982500.0,397500.0,1500,-6.492085351934574,False,False,6.071478367550786
-1977500.0,397500.0,1500,-7.568258946715328,False,False,5.587233954701311
-1972500.0,397500.0,1500,-8.470320425836912,False,False,5.673384657422139
-1967500.0,397500.0,1500,-8.68378285634575,False,False,5.605253330025501
-1962500.0,397500.0,1500,-7.299555589860639,False,False,5.599284417344165
-1957500.0,397500.0,1500,-4.464894918700278,False,False,6.432023814033953
-1952500.0,397500.0,1500,0.793474688225262,False,False,7.235677580169282
-1947500.0,397500.0,1500,5.840774760322988,False,False,7.368826323784365
-1942500.0,397500.0,1500,5.0055669146097905,False,False,7.3558259824079455
-1937500.0,397500.0,1500,-1.7294407847263036,False,False,6.3431200890793615
-1932500.0,397500.0,1500,-8.933368008111335,False,False,4.93698592128589
-1927500.0,397500.0,1500,-13.445309628377068,False,False,5.2765376018773935
-1922500.0,397500.0,1500,-15.317830237025404,False,False,5.36340083860157
-1917500.0,397500.0,1500,-14.800740654217774,False,False,5.548653564652408
-1912500.0,397500.0,1500,-12.350681541535222,False,False,6.718147592357548
-1907500.0,397500.0,1500,-8.055594649478962,False,False,7.354487723735208
-1902500.0,397500.0,1500,-5.2939275054461215,False,True,7.764790463216794
-1897500.0,397500.0,1500,-6.144360487081221,False,True,7.817375636173456
-1892500.0,397500.0,1500,-6.915015361412009,False,True,7.795220302126057
-1887500.0,397500.0,1500,-5.209635795843846,False,True,8.09889316261589
-1882500.0,397500.0,1500,-1.3738471584463925,False,True,8.834068305995977
-1877500.0,397500.0,1500,5.8295339389885115,False,False,9.786875357980891
-1872500.0,397500.0,1500,17.2806970938137,False,False,10.3665028778298
-1867500.0,397500.0,1500,29.92166697726286,False,False,10.41381227624204
-1862500.0,397500.0,1500,40.42038641324917,False,False,9.73390778889393
-1857500.0,397500.0,1500,47.104642276446114,False,True,7.204608083236855
-1852500.0,397500.0,1500,48.796292152279165,False,True,5.050950559786392
-1847500.0,397500.0,1500,45.42154012499606,False,True,4.916802071586487
-1842500.0,397500.0,1500,40.226026497236674,False,True,5.0157956904538885
-1837500.0,397500.0,1500,34.40688666955626,False,True,5.25962367663504
-1832500.0,397500.0,1500,23.470072879872415,False,True,5.727654327203757
-1827500.0,397500.0,1500,16.099039104856068,True,True,7.996181867898368
-1822500.0,397500.0,1500,16.283492443832195,True,True,10.136708539236155
-1817500.0,397500.0,1500,17.969758420939357,False,True,8.256509910747248
-1812500.0,397500.0,1500,17.432561640356358,False,True,5.998112556378395
-1807500.0,397500.0,1500,12.51126727038336,False,True,5.906085789601893
-1802500.0,397500.0,1500,10.52438052229796,False,True,6.060909480103735
-1797500.0,397500.0,1500,11.74483361774137,False,True,5.8920305970761735
-1792500.0,397500.0,1500,10.43455906045376,False,True,5.719473085018384
-1787500.0,397500.0,1500,10.556861276309919,False,True,5.871834506626867
-1782500.0,397500.0,1500,6.988136829983249,True,True,6.02361778064359
-1777500.0,397500.0,1500,-4.550277657597234,True,True,5.925480809293817
-1772500.0,397500.0,1500,-11.733848850883115,True,True,5.904239143897888
-1767500.0,397500.0,1500,-7.695563592379138,True,True,6.168181728428138
-1762500.0,397500.0,1500,6.440884798977394,True,True,6.228654181018886
-1757500.0,397500.0,1500,29.362187606667,False,True,6.878430024050467
-1752500.0,397500.0,1500,38.023200446720345,False,True,7.854855890091139
-1747500.0,397500.0,1500,30.939525113499347,False,True,7.07158286827334
-1742500.0,397500.0,1500,23.37080803930217,False,True,5.689535271950607
-1737500.0,397500.0,1500,6.9561084439487555,False,True,5.290055574530305
-1732500.0,397500.0,1500,-15.18432626322213,True,True,5.554889943241747
-1727500.0,397500.0,1500,-35.077347766365506,True,True,5.776965250540607
-1722500.0,397500.0,1500,-42.31818819374722,True,True,5.801822753929677
-1717500.0,397500.0,1500,-29.455540895305564,False,True,5.357385830129267
-1712500.0,397500.0,1500,-16.652173105157654,False,True,4.961580648963941
-1707500.0,397500.0,1500,-22.074507565621172,False,True,4.597116079487713
-1702500.0,397500.0,1500,-29.271289158322496,False,True,4.680518267965681
-1697500.0,397500.0,1500,-27.396237417112463,False,False,4.798365074529439
-1692500.0,397500.0,1500,-22.011678190976635,False,False,4.745108937121842
-1687500.0,397500.0,1500,-16.59484732751095,False,False,6.522469068297809
-1682500.0,397500.0,1500,4.612611803243897,False,False,7.7259039863630585
-1677500.0,397500.0,1500,31.173831666589983,False,False,5.752130254204534
-1672500.0,397500.0,1500,31.566803149206805,False,False,4.150548298204292
-1667500.0,397500.0,1500,27.15730017481175,False,False,4.948922617626005
-1662500.0,397500.0,1500,26.694447830081398,False,False,5.4819259415148185
-1657500.0,397500.0,1500,15.815192062324519,False,False,4.475808044666731
-1652500.0,397500.0,1500,8.002746867472467,False,False,4.139319816199808
-2197500.0,402500.0,1500,3.0933314367626994,False,False,7.921814003800344
-2192500.0,402500.0,1500,2.2774190747051364,False,False,8.15627639935488
-2187500.0,402500.0,1500,0.3631874786697013,False,False,8.319856745422317
-2182500.0,402500.0,1500,-2.7810228214940365,False,False,8.64530336615917
-2177500.0,402500.0,1500,-4.54718850029593,False,False,9.13593210520843
-2172500.0,402500.0,1500,-4.590203095482574,False,False,9.591000886766468
-2167500.0,402500.0,1500,-4.089981914145659,False,False,9.834135382776005
-2162500.0,402500.0,1500,-3.5654743829862907,False,False,9.757789515252899
-2157500.0,402500.0,1500,-3.4230363019832595,False,False,9.414811801587469
-2152500.0,402500.0,1500,-2.793559580787251,False,False,9.054020563029326
-2147500.0,402500.0,1500,-1.1940641072591358,False,False,8.834201269376752
-2142500.0,402500.0,1500,1.4749624502924095,False,False,8.757336005362557
-2137500.0,402500.0,1500,4.897362260619408,False,False,8.803253811169673
-2132500.0,402500.0,1500,8.20522026838074,False,False,8.917365599165255
-2127500.0,402500.0,1500,10.911883988351008,False,False,8.994439959414159
-2122500.0,402500.0,1500,12.685799591720048,False,False,8.928078079879118
-2117500.0,402500.0,1500,14.612536050309211,False,False,8.742690836505009
-2112500.0,402500.0,1500,17.651267860958793,False,False,8.626966184672604
-2107500.0,402500.0,1500,20.122248615098595,False,False,8.715005171012297
-2102500.0,402500.0,1500,21.777445363530465,False,False,8.939030189117572
-2097500.0,402500.0,1500,23.636606823444144,False,False,9.20691006683921
-2092500.0,402500.0,1500,24.98437587923873,False,False,9.536190538672527
-2087500.0,402500.0,1500,25.59553966529547,False,False,9.97307144608936
-2082500.0,402500.0,1500,26.64559194685295,False,False,10.51344599004138
-2077500.0,402500.0,1500,21.667956998074814,False,False,11.109538553751731
-2072500.0,402500.0,1500,16.405180965120337,False,False,11.69413485860216
-2067500.0,402500.0,1500,12.379042328393899,False,False,12.202901567027913
-2062500.0,402500.0,1500,6.499978062986291,False,False,12.601507590583594
-2057500.0,402500.0,1500,4.582784231042757,False,False,12.881436036041665
-2052500.0,402500.0,1500,3.021538527879876,False,False,13.046685441001912
-2047500.0,402500.0,1500,1.538779633857357,False,False,13.106686235428999
-2042500.0,402500.0,1500,0.5551552649247946,False,False,13.068413683875438
-2037500.0,402500.0,1500,-0.45731636158099975,False,False,12.934758403261652
-2032500.0,402500.0,1500,-1.1447546729849327,False,False,12.703162642860624
-2027500.0,402500.0,1500,-1.4501334005612532,False,False,12.365940691404063
-2022500.0,402500.0,1500,-2.3025768998057656,False,False,11.912156336614142
-2017500.0,402500.0,1500,-2.893235009879775,False,False,11.335082330193549
-2012500.0,402500.0,1500,-3.1420645135215257,False,False,10.65207173011037
-2007500.0,402500.0,1500,-3.942024615702622,False,False,9.919949274223892
-2002500.0,402500.0,1500,-4.859918120216505,False,False,9.218372845799369
-1997500.0,402500.0,1500,-5.621478422187931,False,False,8.610966741866363
-1992500.0,402500.0,1500,-5.952556986358477,False,False,8.122968505565368
-1987500.0,402500.0,1500,-5.7832578475727034,False,False,7.812435792103434
-1982500.0,402500.0,1500,-5.938895126533035,False,False,7.737959239322034
-1977500.0,402500.0,1500,-7.10762113014557,False,False,7.73454890437304
-1972500.0,402500.0,1500,-8.419654683970666,False,False,7.349640620319887
-1967500.0,402500.0,1500,-9.597704828583284,False,False,6.444208312090898
-1962500.0,402500.0,1500,-10.443067108488881,False,False,5.682390787917516
-1957500.0,402500.0,1500,-8.919564068322227,False,False,5.749343826728046
-1952500.0,402500.0,1500,-4.679944117429409,False,False,5.75826439342485
-1947500.0,402500.0,1500,0.5419514595262749,False,False,5.472189223642091
-1942500.0,402500.0,1500,2.090088803101563,False,False,5.7490605159110135
-1937500.0,402500.0,1500,-2.7743728076289873,False,False,5.754604560547206
-1932500.0,402500.0,1500,-8.498770841615425,False,False,5.426399135937257
-1927500.0,402500.0,1500,-12.17875744269542,False,False,5.875706430510872
-1922500.0,402500.0,1500,-14.617477693298325,False,False,5.62485868945036
-1917500.0,402500.0,1500,-15.127064555455476,False,False,5.813288902881769
-1912500.0,402500.0,1500,-15.441858067730427,False,False,7.2365872731869505
-1907500.0,402500.0,1500,-14.973088348844026,False,False,7.700953474235158
-1902500.0,402500.0,1500,-13.09854880892496,False,False,7.700333098827614
-1897500.0,402500.0,1500,-11.883447745727185,False,False,7.9148315881549856
-1892500.0,402500.0,1500,-9.653283836598504,False,True,8.499013281467672
-1887500.0,402500.0,1500,-4.827062882290243,False,False,9.412256836440527
-1882500.0,402500.0,1500,1.8423429702609193,False,False,10.43330409473475
-1877500.0,402500.0,1500,10.967515690137066,False,False,11.17716918149822
-1872500.0,402500.0,1500,22.37333823761689,False,False,11.405014331239913
-1867500.0,402500.0,1500,33.34424502240116,False,True,11.219050444048467
-1862500.0,402500.0,1500,40.27153760626123,False,True,10.330463037724243
-1857500.0,402500.0,1500,43.87550625193855,False,True,7.721318370399977
-1852500.0,402500.0,1500,44.70501444653082,False,True,5.283947988949109
-1847500.0,402500.0,1500,40.747144887231684,False,True,5.124109201414737
-1842500.0,402500.0,1500,36.23135498925853,False,True,5.182321452778862
-1837500.0,402500.0,1500,31.662843421041252,False,True,5.376871494436095
-1832500.0,402500.0,1500,20.92769572989676,False,True,5.7102560572269985
-1827500.0,402500.0,1500,12.834012523171754,True,True,7.696620686850347
-1822500.0,402500.0,1500,10.801880453487282,True,True,9.991902356991897
-1817500.0,402500.0,1500,8.363880885231962,False,True,8.403223945029424
-1812500.0,402500.0,1500,4.216854283246584,False,True,6.021605860827288
-1807500.0,402500.0,1500,0.9359538765845343,False,True,5.809356354006722
-1802500.0,402500.0,1500,2.8886947534966896,False,True,6.02358255929052
-1797500.0,402500.0,1500,3.241530637066201,True,True,5.898725317666463
-1792500.0,402500.0,1500,-3.1389245248498714,True,True,5.650007175551796
-1787500.0,402500.0,1500,-0.9416916760471966,True,True,5.732593952532085
-1782500.0,402500.0,1500,3.5936748193766856,True,True,5.960821522896408
-1777500.0,402500.0,1500,-5.531478369927773,True,True,5.983008522271153
-1772500.0,402500.0,1500,-13.22451825885137,True,True,5.93526258014172
-1767500.0,402500.0,1500,-5.830080902200865,True,True,6.014790271464803
-1762500.0,402500.0,1500,11.641687571560873,True,True,5.984174192483184
-1757500.0,402500.0,1500,31.031137426768264,False,True,6.884031101390167
-1752500.0,402500.0,1500,34.60780823959116,False,True,8.518027685953832
-1747500.0,402500.0,1500,22.520058956851503,False,True,8.081481424231022
-1742500.0,402500.0,1500,8.246526612360281,False,True,6.188509743929511
-1737500.0,402500.0,1500,-10.125814630934691,True,True,5.2867458126961875
-1732500.0,402500.0,1500,-25.263475202835814,True,True,5.442311593009413
-1727500.0,402500.0,1500,-29.330173573151303,True,True,5.663122017293796
-1722500.0,402500.0,1500,-25.790938514215274,False,True,5.767336893920113
-1717500.0,402500.0,1500,-17.38977965731684,False,True,5.349031577274543
-1712500.0,402500.0,1500,-11.730525661400932,False,True,4.967561261891452
-1707500.0,402500.0,1500,-17.52424342844983,False,True,4.784829117585067
-1702500.0,402500.0,1500,-22.948659349766057,False,False,4.7529216188408245
-1697500.0,402500.0,1500,-23.3701129774857,False,False,4.725696327167544
-1692500.0,402500.0,1500,-24.58876795046563,False,False,4.763951231845655
-1687500.0,402500.0,1500,-21.943909235794937,False,False,6.129467264041765
-1682500.0,402500.0,1500,-3.651333625480176,False,False,7.138202659867243
-1677500.0,402500.0,1500,29.974387108076126,False,False,5.423919979401875
-1672500.0,402500.0,1500,49.56286990644962,False,False,3.8680488396347177
-1667500.0,402500.0,1500,48.82854456512178,False,False,4.289404774641804
-1662500.0,402500.0,1500,44.34300232292266,False,False,4.866635413697252
-1657500.0,402500.0,1500,35.07090556096466,False,False,4.300283927137329
-1652500.0,402500.0,1500,21.776895344601417,False,False,4.072121616941792
-2197500.0,407500.0,1500,2.3317988928219004,False,False,8.241891665899946
-2192500.0,407500.0,1500,1.375397747713011,False,False,8.39470871882318
-2187500.0,407500.0,1500,-1.238245026251829,False,False,8.701451561490888
-2182500.0,407500.0,1500,-4.102262092779653,False,False,9.131846881276763
-2177500.0,407500.0,1500,-4.888951089256937,False,False,9.465901222434638
-2172500.0,407500.0,1500,-4.747533027259402,False,False,9.544499617757076
-2167500.0,407500.0,1500,-4.237083715490544,False,False,9.39496563480451
-2162500.0,407500.0,1500,-3.5049542183359548,False,False,9.164386136590347
-2157500.0,407500.0,1500,-3.3641034226505386,False,False,8.98919572535877
-2152500.0,407500.0,1500,-2.3296834997899696,False,False,8.929111192246188
-2147500.0,407500.0,1500,0.08019200725191879,False,False,8.964017342352598
-2142500.0,407500.0,1500,3.236100804009752,False,False,9.041267841170518
-2137500.0,407500.0,1500,7.258017270946706,False,False,9.112713015501244
-2132500.0,407500.0,1500,10.795574927827952,False,False,9.108139909576872
-2127500.0,407500.0,1500,13.288079351954023,False,False,8.972408648641538
-2122500.0,407500.0,1500,14.718202448456536,False,False,8.77045011421858
-2117500.0,407500.0,1500,16.139166431302204,False,False,8.663383752794106
-2112500.0,407500.0,1500,18.628353181916246,False,False,8.79373877356936
-2107500.0,407500.0,1500,20.821475311109104,False,False,9.184007118337577
-2102500.0,407500.0,1500,22.578524624655667,False,False,9.712627635927012
-2097500.0,407500.0,1500,24.599085447534122,False,False,10.248604177111076
-2092500.0,407500.0,1500,26.232933946384946,False,False,10.748764987537784
-2087500.0,407500.0,1500,27.152935216378467,False,False,11.221047296182565
-2082500.0,407500.0,1500,27.83881176786562,False,False,11.676016363810646
-2077500.0,407500.0,1500,23.19156210983424,False,False,12.110131811357611
-2072500.0,407500.0,1500,19.338036383768372,False,False,12.505430856431877
-2067500.0,407500.0,1500,13.473593305234694,False,False,12.836860012423006
-2062500.0,407500.0,1500,5.056005372897654,False,False,13.083971098974573
-2057500.0,407500.0,1500,2.8856427517777825,False,False,13.234377321824596
-2052500.0,407500.0,1500,1.538909441523023,False,False,13.280037451624807
-2047500.0,407500.0,1500,0.6716266226089614,False,False,13.214963890136374
-2042500.0,407500.0,1500,0.03824300559469708,False,False,13.033822143148917
-2037500.0,407500.0,1500,-0.4842714044094377,False,False,12.730346796756242
-2032500.0,407500.0,1500,-0.8880788745996356,False,False,12.299099314957674
-2027500.0,407500.0,1500,-1.1830130811132573,False,False,11.740518435824688
-2022500.0,407500.0,1500,-1.6903468722994097,False,False,11.071685076642348
-2017500.0,407500.0,1500,-2.2901399470543113,False,False,10.332519987650006
-2012500.0,407500.0,1500,-2.455649753806431,False,False,9.586506098995345
-2007500.0,407500.0,1500,-3.1542718510645518,False,False,8.921148785157586
-2002500.0,407500.0,1500,-4.700282753304718,False,False,8.409853236041878
-1997500.0,407500.0,1500,-5.7715389789486,False,False,8.083307277224753
-1992500.0,407500.0,1500,-6.3630266774655215,False,False,7.930291605083805
-1987500.0,407500.0,1500,-6.520925623626978,False,False,7.930562272305519
-1982500.0,407500.0,1500,-6.033710449826859,False,False,8.072315078285852
-1977500.0,407500.0,1500,-6.493890043620061,False,False,8.256446729525024
-1972500.0,407500.0,1500,-7.349019693589768,False,False,8.330910439150031
-1967500.0,407500.0,1500,-7.867230898483802,False,False,8.186306033051041
-1962500.0,407500.0,1500,-8.797191932454146,False,False,7.761017683940045
-1957500.0,407500.0,1500,-8.48569468207129,False,False,7.03321456619011
-1952500.0,407500.0,1500,-6.376623251519962,False,False,5.94699734598946
-1947500.0,407500.0,1500,-3.9166625058684836,False,False,5.1095028741278075
-1942500.0,407500.0,1500,-3.2890501517288753,False,False,5.140086178355443
-1937500.0,407500.0,1500,-6.585050672345572,False,False,5.3104675931640415
-1932500.0,407500.0,1500,-11.241914803769173,False,False,5.075069864768021
-1927500.0,407500.0,1500,-13.62384354026599,False,False,5.199817028707652
-1922500.0,407500.0,1500,-14.707491539343119,False,False,5.025784128687961
-1917500.0,407500.0,1500,-15.198122036109046,False,False,5.210077061247817
-1912500.0,407500.0,1500,-15.86628072820332,False,False,6.659821891523161
-1907500.0,407500.0,1500,-17.7529333242268,False,False,7.51363223189746
-1902500.0,407500.0,1500,-17.07538950972722,False,False,7.916236874533816
-1897500.0,407500.0,1500,-14.248939666801006,False,False,8.745038818799971
-1892500.0,407500.0,1500,-9.825989639843423,False,False,9.766584376929899
-1887500.0,407500.0,1500,-1.8903417016845099,False,False,10.7629859384189
-1882500.0,407500.0,1500,8.591531139891448,False,False,11.507574432213696
-1877500.0,407500.0,1500,19.66606422088469,False,False,11.81058397530153
-1872500.0,407500.0,1500,28.965590888304007,False,True,11.841167024634315
-1867500.0,407500.0,1500,35.67999803342784,False,True,11.664709321790824
-1862500.0,407500.0,1500,38.86825508379509,False,True,10.8006587099328
-1857500.0,407500.0,1500,38.98149354237913,False,True,8.305956932455334
-1852500.0,407500.0,1500,36.55311575727936,False,True,5.623270766504753
-1847500.0,407500.0,1500,32.77146834256097,False,True,5.410208512283736
-1842500.0,407500.0,1500,28.523124463571687,False,True,5.396623249174553
-1837500.0,407500.0,1500,23.934815596953214,False,True,5.553217353144797
-1832500.0,407500.0,1500,16.871289930958163,True,True,5.74982393872711
-1827500.0,407500.0,1500,9.110569059457363,True,True,7.3314732191086325
-1822500.0,407500.0,1500,2.9587305679004103,True,True,9.704242737555589
-1817500.0,407500.0,1500,-4.302419209977131,True,True,8.385636960181078
-1812500.0,407500.0,1500,-9.97835243005317,True,True,5.948604301636125
-1807500.0,407500.0,1500,-8.604813799780594,True,True,5.690470247801396
-1802500.0,407500.0,1500,-4.226911662912709,True,True,5.992183847139775
-1797500.0,407500.0,1500,-5.90320491961234,True,True,5.905329746917732
-1792500.0,407500.0,1500,-11.971828962548862,True,True,5.568392822818813
-1787500.0,407500.0,1500,-9.118917067070054,True,True,5.610771206307198
-1782500.0,407500.0,1500,-3.401260995063503,True,True,5.922031906068443
-1777500.0,407500.0,1500,-8.823123267715753,True,True,5.896286189049464
-1772500.0,407500.0,1500,-13.437976908031033,True,True,5.662646805409552
-1767500.0,407500.0,1500,-3.1552460757981304,True,True,5.80666287295483
-1762500.0,407500.0,1500,14.970908602104972,False,True,5.949967237134896
-1757500.0,407500.0,1500,25.01561070749714,False,True,6.968927536671844
-1752500.0,407500.0,1500,21.34729781372645,False,True,9.034504707636156
-1747500.0,407500.0,1500,7.244722336058778,False,True,8.806759654953296
-1742500.0,407500.0,1500,-8.55112115316994,True,True,6.565417392517418
-1737500.0,407500.0,1500,-20.719845239074534,True,True,5.314418492103195
-1732500.0,407500.0,1500,-27.46995476967942,True,True,5.321454080637251
-1727500.0,407500.0,1500,-22.1923820146991,True,True,5.562485432328158
-1722500.0,407500.0,1500,-13.188511084887116,False,True,5.743647590844252
-1717500.0,407500.0,1500,-13.590925087327394,False,True,5.406276333014782
-1712500.0,407500.0,1500,-17.88948192403975,False,True,5.048232685209809
-1707500.0,407500.0,1500,-19.102408034992603,False,True,4.940810241326835
-1702500.0,407500.0,1500,-16.869595579952072,False,False,4.84425080085915
-1697500.0,407500.0,1500,-16.780909703785206,False,False,4.699370515699558
-1692500.0,407500.0,1500,-18.776359688872546,False,False,4.727736011959313
-1687500.0,407500.0,1500,-7.114243796980982,False,False,5.457973518150857
-1682500.0,407500.0,1500,3.389663708070792,False,False,6.073105015211423
-1677500.0,407500.0,1500,17.5952327175816,False,False,4.8572526472324835
-1672500.0,407500.0,1500,42.582304270793664,False,False,3.790456978533441
-1667500.0,407500.0,1500,53.20037747887909,False,False,4.471439672646726
-1662500.0,407500.0,1500,55.70208325431305,False,False,5.4839340752958385
-1657500.0,407500.0,1500,56.13908367208195,False,False,4.825727321838372
-1652500.0,407500.0,1500,47.87077548441178,False,False,4.111586909730409
-2197500.0,412500.0,1500,0.6019316804939856,False,False,8.49828920749416
-2192500.0,412500.0,1500,-0.5827157179349433,False,False,8.743503687396434
-2187500.0,412500.0,1500,-2.9494100519733872,False,False,9.036711234480196
-2182500.0,412500.0,1500,-4.701958325202345,False,False,9.218689635050904
-2177500.0,412500.0,1500,-4.774264394226352,False,False,9.199147566019974
-2172500.0,412500.0,1500,-4.4927023780707245,False,False,9.06562227238359
-2167500.0,412500.0,1500,-3.5590030580248637,False,False,8.969388902720022
-2162500.0,412500.0,1500,-2.5074244231175684,False,False,8.999223506230265
-2157500.0,412500.0,1500,-1.7118150497702578,False,False,9.130522286737078
-2152500.0,412500.0,1500,-0.3071038152915181,False,False,9.263133515635692
-2147500.0,412500.0,1500,2.4008467041439707,False,False,9.299804128594474
-2142500.0,412500.0,1500,6.057682875857497,False,False,9.214173270749919
-2137500.0,412500.0,1500,10.037185196300943,False,False,9.060102005129545
-2132500.0,412500.0,1500,13.77919538331788,False,False,8.86954981017684
-2127500.0,412500.0,1500,16.177452372596267,False,False,8.694542790215703
-2122500.0,412500.0,1500,16.786747554137673,False,False,8.737007536143471
-2117500.0,412500.0,1500,17.413719681831274,False,False,9.106801500577333
-2112500.0,412500.0,1500,18.668867740142876,False,False,9.692298774423499
-2107500.0,412500.0,1500,20.223089769659357,False,False,10.361114782483682
-2102500.0,412500.0,1500,22.229069423710058,False,False,11.009805820863543
-2097500.0,412500.0,1500,24.213292115999767,False,False,11.561225469684473
-2092500.0,412500.0,1500,26.26772714187664,False,False,11.997795310816254
-2087500.0,412500.0,1500,27.913344089853968,False,False,12.342449642575064
-2082500.0,412500.0,1500,28.991747344765898,False,False,12.624792823854296
-2077500.0,412500.0,1500,27.787392367557757,False,False,12.862120993361653
-2072500.0,412500.0,1500,19.914145263914456,False,False,13.055695965612067
-2067500.0,412500.0,1500,8.603031248923234,False,False,13.197084812694733
-2062500.0,412500.0,1500,2.513436426301365,False,False,13.271859389104693
-2057500.0,412500.0,1500,1.0124625732871375,False,False,13.262751014723706
-2052500.0,412500.0,1500,0.267968251260176,False,False,13.151691104219568
-2047500.0,412500.0,1500,-0.29566492484200485,False,False,12.919375806941341
-2042500.0,412500.0,1500,-0.5717445222571264,False,False,12.549729092143266
-2037500.0,412500.0,1500,-0.6176246329408732,False,False,12.037169058809585
-2032500.0,412500.0,1500,-0.8254056465008195,False,False,11.393791627674148
-2027500.0,412500.0,1500,-0.7504694754606611,False,False,10.659395990965924
-2022500.0,412500.0,1500,-1.0007098753596535,False,False,9.902586684316994
-2017500.0,412500.0,1500,-1.6018572250469507,False,False,9.201007526267766
-2012500.0,412500.0,1500,-1.9794767626347767,False,False,8.615281584197886
-2007500.0,412500.0,1500,-2.741360920385906,False,False,8.20483324734586
-2002500.0,412500.0,1500,-4.15303838328185,False,False,8.014099630221653
-1997500.0,412500.0,1500,-5.52717576226459,False,False,8.032010061018674
-1992500.0,412500.0,1500,-6.257718993590196,False,False,8.163080703056302
-1987500.0,412500.0,1500,-6.5072819559077475,False,False,8.256454265292001
-1982500.0,412500.0,1500,-6.433462811209755,False,False,8.260400316183361
-1977500.0,412500.0,1500,-6.667931842931887,False,False,8.182889080437427
-1972500.0,412500.0,1500,-7.560420148606187,False,False,8.017258779377253
-1967500.0,412500.0,1500,-8.114710962212499,False,False,7.813350679337664
-1962500.0,412500.0,1500,-8.280796738079387,False,False,7.543721950130379
-1957500.0,412500.0,1500,-8.152657121052533,False,False,7.10697567941397
-1952500.0,412500.0,1500,-7.2656344386639855,False,False,6.639871500172509
-1947500.0,412500.0,1500,-6.699258712154395,False,False,6.15363293116313
-1942500.0,412500.0,1500,-7.969379628120276,False,False,5.270537727834121
-1937500.0,412500.0,1500,-10.492425850335266,False,False,5.308442306446433
-1932500.0,412500.0,1500,-13.727391927398699,False,False,5.76926852971381
-1927500.0,412500.0,1500,-15.01813125020592,False,False,5.486996399172108
-1922500.0,412500.0,1500,-14.727819719783053,False,False,5.1520975050767035
-1917500.0,412500.0,1500,-15.210130243390509,False,False,4.610703072768638
-1912500.0,412500.0,1500,-15.475844485181842,False,False,4.881991539328043
-1907500.0,412500.0,1500,-17.058262686096935,False,False,5.9937344855103625
-1902500.0,412500.0,1500,-16.80640975873691,False,False,7.247038646216601
-1897500.0,412500.0,1500,-12.92038817782522,False,False,8.626910293108844
-1892500.0,412500.0,1500,-5.97223700992602,False,False,9.810062705693548
-1887500.0,412500.0,1500,2.945358751456251,False,False,10.7846568852544
-1882500.0,412500.0,1500,14.101544625360939,False,False,11.444643148410165
-1877500.0,412500.0,1500,25.890608416287908,False,False,11.814184550796575
-1872500.0,412500.0,1500,32.50781317816595,False,True,12.023383366933023
-1867500.0,412500.0,1500,34.63761534885923,False,True,11.969553715803048
-1862500.0,412500.0,1500,33.74028468779076,False,True,11.257964869482608
-1857500.0,412500.0,1500,30.225517911681628,False,True,8.941863828029488
-1852500.0,412500.0,1500,25.491283944374985,False,True,5.919200375667765
-1847500.0,412500.0,1500,22.75544006809374,True,True,5.584695002894692
-1842500.0,412500.0,1500,20.239185797014436,True,True,5.540163257000312
-1837500.0,412500.0,1500,16.283298711501466,True,True,5.603106838432051
-1832500.0,412500.0,1500,11.227032678305138,True,True,5.689939981341006
-1827500.0,412500.0,1500,2.8382813864581258,True,True,6.861362136069406
-1822500.0,412500.0,1500,-5.801717232142462,True,True,9.162955031038798
-1817500.0,412500.0,1500,-12.652267032048808,True,True,8.15818555010325
-1812500.0,412500.0,1500,-16.570437684185464,True,True,5.903173492848348
-1807500.0,412500.0,1500,-13.418146910919944,True,True,5.687407505576639
-1802500.0,412500.0,1500,-9.745705908581384,True,True,6.05019741193496
-1797500.0,412500.0,1500,-12.968270559247344,True,True,5.963821227140588
-1792500.0,412500.0,1500,-18.275845163911725,True,True,5.491799128924072
-1787500.0,412500.0,1500,-17.244737908259733,True,True,5.535949523524502
-1782500.0,412500.0,1500,-13.861949173119747,True,True,5.955139190875516
-1777500.0,412500.0,1500,-14.787872345950193,True,True,5.938849547728673
-1772500.0,412500.0,1500,-13.636693974048097,True,True,5.586068489163434
-1767500.0,412500.0,1500,-3.586776081324952,True,True,5.70147182182831
-1762500.0,412500.0,1500,9.169432625264154,True,True,6.065930401606744
-1757500.0,412500.0,1500,11.054526078059535,False,True,7.067345052046482
-1752500.0,412500.0,1500,1.5569156656019754,False,True,9.125378068704661
-1747500.0,412500.0,1500,-11.260833232369475,True,True,8.962551191959934
-1742500.0,412500.0,1500,-20.984555854722057,True,True,6.749650100399823
-1737500.0,412500.0,1500,-25.40900729370555,True,True,5.455516939377373
-1732500.0,412500.0,1500,-25.40378774798533,True,True,5.246115192404926
-1727500.0,412500.0,1500,-20.578282178195177,True,True,5.510204062780407
-1722500.0,412500.0,1500,-14.87728201096987,False,True,5.815830025096079
-1717500.0,412500.0,1500,-17.141557286644993,False,True,5.526702304863048
-1712500.0,412500.0,1500,-23.58449133865865,False,True,5.103762647424158
-1707500.0,412500.0,1500,-21.416557694885963,False,True,4.959416788057932
-1702500.0,412500.0,1500,-14.154605101392807,False,False,4.834366718220749
-1697500.0,412500.0,1500,-13.39892868791912,False,False,4.599330853301478
-1692500.0,412500.0,1500,-15.096456294628325,False,False,4.558116433576173
-1687500.0,412500.0,1500,-4.859957530422108,False,False,4.873015505377417
-1682500.0,412500.0,1500,4.783954887322293,False,False,5.550064327294475
-1677500.0,412500.0,1500,13.659692355772034,False,False,4.85863874409284
-1672500.0,412500.0,1500,28.19307888748581,False,False,3.9806403106597803
-1667500.0,412500.0,1500,40.581012481075106,False,False,5.00224852606265
-1662500.0,412500.0,1500,54.200023328352,False,False,6.3978978414095256
-1657500.0,412500.0,1500,65.70090167248395,False,False,5.424298412262667
-1652500.0,412500.0,1500,67.44321117937672,False,False,4.15494464429777
-2197500.0,417500.0,1500,-1.313454899989562,False,False,8.714974689728255
-2192500.0,417500.0,1500,-2.7601755837180644,False,False,8.893774549223128
-2187500.0,417500.0,1500,-3.998002239855857,False,False,8.959442858792812
-2182500.0,417500.0,1500,-4.739398171531896,False,False,8.938814365838587
-2177500.0,417500.0,1500,-4.609296384661877,False,False,8.93090511428225
-2172500.0,417500.0,1500,-4.08879434825514,False,False,9.022897629300381
-2167500.0,417500.0,1500,-2.5578632902517304,False,False,9.206111099491693
-2162500.0,417500.0,1500,-0.48777611625662526,False,False,9.382210788641215
-2157500.0,417500.0,1500,1.1992231889649285,False,False,9.44501619375022
-2152500.0,417500.0,1500,2.9839927633876657,False,False,9.363200875305445
-2147500.0,417500.0,1500,5.875188076679905,False,False,9.176094804082547
-2142500.0,417500.0,1500,9.792164107736705,False,False,8.949373540681822
-2137500.0,417500.0,1500,13.638944231156064,False,False,8.76150309629973
-2132500.0,417500.0,1500,16.99254355137115,False,False,8.663308246136662
-2127500.0,417500.0,1500,19.069669773108746,False,False,8.766685794346822
-2122500.0,417500.0,1500,19.407197950136073,False,False,9.260822235035285
-2117500.0,417500.0,1500,19.012662461853232,False,False,10.075269284256969
-2112500.0,417500.0,1500,18.799838694246226,False,False,10.918021515092372
-2107500.0,417500.0,1500,19.63801988177717,False,False,11.630089868496617
-2102500.0,417500.0,1500,21.350303328237562,False,False,12.190287391047248
-2097500.0,417500.0,1500,23.11653695077395,False,False,12.605592868743887
-2092500.0,417500.0,1500,25.17575543130426,False,False,12.894412691777454
-2087500.0,417500.0,1500,27.307136836580142,False,False,13.08636411246477
-2082500.0,417500.0,1500,29.493953531148986,False,False,13.207693199564766
-2077500.0,417500.0,1500,28.61648643244835,False,False,13.274832633733022
-2072500.0,417500.0,1500,17.49516122279102,False,False,13.292113100025402
-2067500.0,417500.0,1500,4.934210923006862,False,False,13.253791340637267
-2062500.0,417500.0,1500,0.5113542737961051,False,False,13.150523205586964
-2057500.0,417500.0,1500,-0.7880159807947332,False,False,12.965783615681469
-2052500.0,417500.0,1500,-1.3532376538847442,False,False,12.67358359451112
-2047500.0,417500.0,1500,-1.620753034308806,False,False,12.246593793691535
-2042500.0,417500.0,1500,-1.4715311806732636,False,False,11.673165502528377
-2037500.0,417500.0,1500,-1.101030945818312,False,False,10.972475487149252
-2032500.0,417500.0,1500,-0.8805501733383668,False,False,10.202750178434508
-2027500.0,417500.0,1500,-0.7234048821480421,False,False,9.458574703700465
-2022500.0,417500.0,1500,-0.8078161886437908,False,False,8.834171293613402
-2017500.0,417500.0,1500,-1.3114722671520316,False,False,8.37714680533353
-2012500.0,417500.0,1500,-2.271084953465969,False,False,8.104050197780882
-2007500.0,417500.0,1500,-2.9716554312570675,False,False,8.03751018411349
-2002500.0,417500.0,1500,-3.8208086531752605,False,False,8.127901115748205
-1997500.0,417500.0,1500,-5.09567179962676,False,False,8.240354355262578
-1992500.0,417500.0,1500,-5.785599047891459,False,False,8.24709333450419
-1987500.0,417500.0,1500,-6.456993019162465,False,False,8.088688461281855
-1982500.0,417500.0,1500,-7.390303903148833,False,False,7.855829157499733
-1977500.0,417500.0,1500,-8.204146558677717,False,False,7.62230642928453
-1972500.0,417500.0,1500,-9.405020214666447,False,False,7.270632437044593
-1967500.0,417500.0,1500,-10.246267113130976,False,False,6.984435629276041
-1962500.0,417500.0,1500,-9.807826165614513,False,False,6.883013333687124
-1957500.0,417500.0,1500,-9.46691618412591,False,False,6.3848191710319515
-1952500.0,417500.0,1500,-9.122797551885965,False,False,5.3654058207904205
-1947500.0,417500.0,1500,-8.596700848656331,False,False,5.063533077328469
-1942500.0,417500.0,1500,-9.31443524670794,False,False,5.323997500384505
-1937500.0,417500.0,1500,-10.073554976369227,False,False,6.3927202983462825
-1932500.0,417500.0,1500,-11.460044990982126,False,False,7.533797100579074
-1927500.0,417500.0,1500,-13.324767792180918,False,False,7.3081430119680935
-1922500.0,417500.0,1500,-13.871778391168105,False,False,6.677995345416329
-1917500.0,417500.0,1500,-14.878105929432172,False,False,5.0926958096133035
-1912500.0,417500.0,1500,-15.34407392238231,False,False,4.552151864662138
-1907500.0,417500.0,1500,-14.636291214616328,False,False,5.577030756473345
-1902500.0,417500.0,1500,-13.526912880462053,False,False,5.925404263786358
-1897500.0,417500.0,1500,-9.918138865953543,False,False,6.036343420854137
-1892500.0,417500.0,1500,-2.8546422736104455,False,False,6.685270154170482
-1887500.0,417500.0,1500,3.74502749308159,False,False,8.001764118250666
-1882500.0,417500.0,1500,12.16723902251399,False,False,9.790887776731667
-1877500.0,417500.0,1500,22.780904730965055,False,True,11.401142062548853
-1872500.0,417500.0,1500,26.59914036124013,False,True,12.151814724323302
-1867500.0,417500.0,1500,26.21898726035705,False,True,12.244918368375801
-1862500.0,417500.0,1500,24.730227738674298,False,True,11.588395660485478
-1857500.0,417500.0,1500,21.359849871665826,True,True,9.366914314448879
-1852500.0,417500.0,1500,17.956526460556567,True,True,5.967264900016032
-1847500.0,417500.0,1500,15.241278462141512,True,True,5.5148725639853655
-1842500.0,417500.0,1500,12.22285406066054,True,True,5.5155836280292565
-1837500.0,417500.0,1500,6.204092535073205,True,True,5.53482115596033
-1832500.0,417500.0,1500,-1.6066726580970931,True,True,5.58202596771754
-1827500.0,417500.0,1500,-9.827620073482489,True,True,6.313171708192183
-1822500.0,417500.0,1500,-15.779950469299031,True,True,8.343497174296918
-1817500.0,417500.0,1500,-17.00029450134153,True,True,7.7035029949483205
-1812500.0,417500.0,1500,-15.405438667300906,True,True,5.713580981366601
-1807500.0,417500.0,1500,-11.93748344499168,True,True,5.547559758559352
-1802500.0,417500.0,1500,-10.183027585401677,True,True,6.022131835406942
-1797500.0,417500.0,1500,-13.910891470488453,True,True,5.97442154119484
-1792500.0,417500.0,1500,-19.108051559784716,True,True,5.440508162294917
-1787500.0,417500.0,1500,-20.019730411563064,True,True,5.461806742945227
-1782500.0,417500.0,1500,-19.4466855447722,True,True,5.895176834479763
-1777500.0,417500.0,1500,-18.88976835426213,True,True,5.874147620442701
-1772500.0,417500.0,1500,-15.659873686090341,True,True,5.428893935059744
-1767500.0,417500.0,1500,-8.61181356008867,True,True,5.501869090506041
-1762500.0,417500.0,1500,-2.0971415207581177,True,True,6.0552385711684265
-1757500.0,417500.0,1500,-5.3827137954998685,True,True,6.612231232827723
-1752500.0,417500.0,1500,-16.328395705472175,True,True,7.599176683462506
-1747500.0,417500.0,1500,-23.82584278517414,True,True,7.728630788064123
-1742500.0,417500.0,1500,-25.682920835670455,True,True,6.69010768561424
-1737500.0,417500.0,1500,-24.41383826603113,True,True,5.5795493012757085
-1732500.0,417500.0,1500,-20.072307792564654,True,True,5.130060458651799
-1727500.0,417500.0,1500,-16.850138955889687,True,True,5.4287835827640745
-1722500.0,417500.0,1500,-15.754347469625886,True,True,5.8612125928167815
-1717500.0,417500.0,1500,-14.964895361677309,False,True,5.557498981239259
-1712500.0,417500.0,1500,-15.994019141309746,False,True,5.002868029374847
-1707500.0,417500.0,1500,-15.355570571068917,False,True,4.781649217481432
-1702500.0,417500.0,1500,-12.775608743080884,False,True,4.682085340428578
-1697500.0,417500.0,1500,-13.877691478980916,False,False,4.428949803900586
-1692500.0,417500.0,1500,-18.5034916202636,False,False,4.443480744892652
-1687500.0,417500.0,1500,-18.49029158521781,False,False,4.993807455378122
-1682500.0,417500.0,1500,-5.247581958058972,False,False,6.257201242233743
-1677500.0,417500.0,1500,10.137817732504253,False,False,5.61709449779615
-1672500.0,417500.0,1500,19.282854750855282,False,False,4.210417074357272
-1667500.0,417500.0,1500,29.05069247592414,False,False,5.074406317535951
-1662500.0,417500.0,1500,42.01977306750799,False,False,6.548239956848526
-1657500.0,417500.0,1500,57.38504246324255,False,False,5.524546801047059
-1652500.0,417500.0,1500,66.81640531495218,False,False,4.069414849371714
-2197500.0,422500.0,1500,-2.7593756884376783,False,False,8.728525275585708
-2192500.0,422500.0,1500,-4.221911859375564,False,False,8.824347409171553
-2187500.0,422500.0,1500,-4.206634290878722,False,False,8.896241643929514
-2182500.0,422500.0,1500,-3.766012889944881,False,False,9.029372097947203
-2177500.0,422500.0,1500,-3.080126275456323,False,False,9.238914788936277
-2172500.0,422500.0,1500,-1.5255516664886557,False,False,9.444438611759113
-2167500.0,422500.0,1500,0.380551117503285,False,False,9.527156383303497
-2162500.0,422500.0,1500,2.680034145256364,False,False,9.425047645394056
-2157500.0,422500.0,1500,4.710714237521632,False,False,9.19995682882299
-2152500.0,422500.0,1500,6.817341183893527,False,False,8.99765925956175
-2147500.0,422500.0,1500,10.437794755755242,False,False,8.888437412983087
-2142500.0,422500.0,1500,14.64869485560002,False,False,8.81779696454798
-2137500.0,422500.0,1500,18.449131814292077,False,False,8.766267719120293
-2132500.0,422500.0,1500,21.0303989557255,False,False,8.8618616709145
-2127500.0,422500.0,1500,21.91718657730228,False,False,9.300330593277149
-2122500.0,422500.0,1500,21.673016435667666,False,False,10.124571791560784
-2117500.0,422500.0,1500,20.246282313505237,False,False,11.098635820806724
-2112500.0,422500.0,1500,18.836454554666915,False,False,11.940321001199097
-2107500.0,422500.0,1500,18.677146444019847,False,False,12.554325158614365
-2102500.0,422500.0,1500,19.912342152782415,False,False,12.97084347752144
-2097500.0,422500.0,1500,21.879973818910486,False,False,13.23767879969881
-2092500.0,422500.0,1500,23.82764218820096,False,False,13.390501968531824
-2087500.0,422500.0,1500,26.049867383527822,False,False,13.45346711587754
-2082500.0,422500.0,1500,28.53158950801169,False,False,13.443473149710444
-2077500.0,422500.0,1500,23.19814630008764,False,False,13.3655056104218
-2072500.0,422500.0,1500,10.691501754615345,False,False,13.216996752121462
-2067500.0,422500.0,1500,1.9649491431483401,False,False,12.992847600295418
-2062500.0,422500.0,1500,-1.552384426936817,False,False,12.687221298457072
-2057500.0,422500.0,1500,-2.6444359816705725,False,False,12.294830241209377
-2052500.0,422500.0,1500,-3.2852215191848164,False,False,11.800264633197925
-2047500.0,422500.0,1500,-3.0405297390707893,False,False,11.187005917080413
-2042500.0,422500.0,1500,-2.557732131491336,False,False,10.471065852178192
-2037500.0,422500.0,1500,-2.272178273899135,False,False,9.721627428314942
-2032500.0,422500.0,1500,-1.8035687749086518,False,False,9.038317474015926
-2027500.0,422500.0,1500,-1.7402997601717298,False,False,8.518942375494117
-2022500.0,422500.0,1500,-1.8637344347724822,False,False,8.214038395998767
-2017500.0,422500.0,1500,-2.24730296526878,False,False,8.097802112576742
-2012500.0,422500.0,1500,-3.2996113354293395,False,False,8.123207238924449
-2007500.0,422500.0,1500,-3.847712280558392,False,False,8.234572990544704
-2002500.0,422500.0,1500,-4.364516610719103,False,False,8.267287920379637
-1997500.0,422500.0,1500,-5.43522513470725,False,False,8.07589429992157
-1992500.0,422500.0,1500,-6.441178869841322,False,False,7.741678553090888
-1987500.0,422500.0,1500,-7.697930813363469,False,False,7.42287786645349
-1982500.0,422500.0,1500,-8.961595005705124,False,False,7.147252970562766
-1977500.0,422500.0,1500,-10.201694154809498,False,False,6.949981678545278
-1972500.0,422500.0,1500,-11.517839747427908,False,False,6.687175992033453
-1967500.0,422500.0,1500,-12.287375286425647,False,False,6.155188884068609
-1962500.0,422500.0,1500,-11.456479813557126,False,False,5.381732873621877
-1957500.0,422500.0,1500,-10.28145932502654,False,False,5.176242935330945
-1952500.0,422500.0,1500,-9.012513190064043,False,False,5.382498335870633
-1947500.0,422500.0,1500,-7.4464780675565025,False,False,5.971017634263308
-1942500.0,422500.0,1500,-6.7722772187373765,False,False,7.090686577944206
-1937500.0,422500.0,1500,-6.7950149704458145,False,False,7.654259374418654
-1932500.0,422500.0,1500,-8.349485253099612,False,False,7.670122964505583
-1927500.0,422500.0,1500,-10.965050597181074,False,False,7.765878422042631
-1922500.0,422500.0,1500,-12.045399506766158,False,False,8.035689298669508
-1917500.0,422500.0,1500,-12.06749544115015,False,False,6.489804837694299
-1912500.0,422500.0,1500,-12.43112159553411,False,False,5.909129893660529
-1907500.0,422500.0,1500,-11.871631715377003,False,False,7.645000836950909
-1902500.0,422500.0,1500,-11.418142468242909,False,False,7.851556707353075
-1897500.0,422500.0,1500,-9.109824083177454,False,False,6.882151464832193
-1892500.0,422500.0,1500,-4.454686129008862,False,False,6.254726452781858
-1887500.0,422500.0,1500,-0.48446515827573455,False,False,6.232971095224286
-1882500.0,422500.0,1500,5.664005913898344,False,False,8.077098262594397
-1877500.0,422500.0,1500,13.097014355261907,False,False,10.657146269595104
-1872500.0,422500.0,1500,15.755092987062135,False,True,11.732426543699612
-1867500.0,422500.0,1500,16.092699810370362,False,True,11.963359662831913
-1862500.0,422500.0,1500,16.670355213496283,False,True,11.420096664583564
-1857500.0,422500.0,1500,15.382730706368402,False,True,9.426476875030874
-1852500.0,422500.0,1500,13.117120833949064,True,True,5.930395325252998
-1847500.0,422500.0,1500,9.11430201281806,True,True,5.437005925103022
-1842500.0,422500.0,1500,1.3362325049198098,True,True,5.426745646454264
-1837500.0,422500.0,1500,-9.553551790164247,True,True,5.415641912024472
-1832500.0,422500.0,1500,-21.562320059757187,True,True,5.53494903940673
-1827500.0,422500.0,1500,-28.099960627756076,True,True,5.785604087586689
-1822500.0,422500.0,1500,-26.72056781245054,True,True,6.688613099095264
-1817500.0,422500.0,1500,-20.936650138611892,True,True,6.460075500263924
-1812500.0,422500.0,1500,-12.911918799476606,True,True,5.448982502065425
-1807500.0,422500.0,1500,-8.531321023137638,True,True,5.364988161327136
-1802500.0,422500.0,1500,-8.91339905477336,True,True,5.999804719716675
-1797500.0,422500.0,1500,-11.810169667016613,True,True,5.972885124140246
-1792500.0,422500.0,1500,-15.328858597022068,True,True,5.3877551854945445
-1787500.0,422500.0,1500,-16.894513382480298,True,True,5.391319766066102
-1782500.0,422500.0,1500,-17.848628288642146,True,True,5.879091544364914
-1777500.0,422500.0,1500,-18.07083462621508,True,True,5.871460056337098
-1772500.0,422500.0,1500,-16.677132591671153,True,True,5.353127335253914
-1767500.0,422500.0,1500,-13.646931103389296,True,True,5.38318199675026
-1762500.0,422500.0,1500,-11.381507763626479,True,True,6.012705888638746
-1757500.0,422500.0,1500,-15.367359581268762,True,True,6.07922829373777
-1752500.0,422500.0,1500,-23.497613221446432,True,True,5.757980561052319
-1747500.0,422500.0,1500,-26.298939061657165,True,True,6.176252525000375
-1742500.0,422500.0,1500,-23.10982325057225,True,True,6.500368947369928
-1737500.0,422500.0,1500,-19.06592333240707,True,True,5.598931288408962
-1732500.0,422500.0,1500,-14.65009334796094,True,True,5.018702710026733
-1727500.0,422500.0,1500,-10.733824322658883,True,True,5.350459792731831
-1722500.0,422500.0,1500,-6.383862046050004,True,True,5.836163079567898
-1717500.0,422500.0,1500,0.1526288598019013,False,True,5.421923664484507
-1712500.0,422500.0,1500,3.757448005031503,False,True,4.775431605926206
-1707500.0,422500.0,1500,-0.5967870722713983,False,True,4.516711164459199
-1702500.0,422500.0,1500,-7.081723976160621,False,True,4.488831186206538
-1697500.0,422500.0,1500,-11.618889387494816,False,False,4.368946428841333
-1692500.0,422500.0,1500,-16.83861197741646,False,False,4.418594452735108
-1687500.0,422500.0,1500,-13.643216995193113,False,False,5.287783430644653
-1682500.0,422500.0,1500,13.416626769495245,False,False,7.00477566854765
-1677500.0,422500.0,1500,30.364976640887743,False,False,6.16845515513067
-1672500.0,422500.0,1500,27.462819790822902,False,False,4.275808029725452
-1667500.0,422500.0,1500,28.10426905109608,False,False,4.65710826223561
-1662500.0,422500.0,1500,28.00256289456502,False,False,5.840518790175202
-1657500.0,422500.0,1500,33.687911390513726,False,False,5.039457157530968
-1652500.0,422500.0,1500,41.23013928435411,False,False,3.8689071749285557
-2197500.0,427500.0,1500,-3.178615855197299,False,False,8.851573445751555
-2192500.0,427500.0,1500,-3.8449644665513394,False,False,9.053402169026707
-2187500.0,427500.0,1500,-3.0424403105863025,False,False,9.25673429893937
-2182500.0,427500.0,1500,-1.1698971401716076,False,False,9.436513572919232
-2177500.0,427500.0,1500,0.8317902945515795,False,False,9.516187801497136
-2172500.0,427500.0,1500,3.450035330588096,False,False,9.44549985226582
-2167500.0,427500.0,1500,5.535517810546182,False,False,9.248634390465204
-2162500.0,427500.0,1500,6.855229909013416,False,False,9.024616195110713
-2157500.0,427500.0,1500,8.86163266626501,False,False,8.902732062507173
-2152500.0,427500.0,1500,11.498059561414536,False,False,8.937440356757499
-2147500.0,427500.0,1500,15.270387846004004,False,False,9.011199955565424
-2142500.0,427500.0,1500,19.697037630264614,False,False,8.969857609113214
-2137500.0,427500.0,1500,23.20094180179464,False,False,8.93085438419373
-2132500.0,427500.0,1500,25.018936878288425,False,False,9.219922396953606
-2127500.0,427500.0,1500,24.760153446599297,False,False,9.958760738051748
-2122500.0,427500.0,1500,23.13460293673599,False,False,10.943447204826644
-2117500.0,427500.0,1500,20.74541980655133,False,False,11.880972017054727
-2112500.0,427500.0,1500,18.109590935099924,False,False,12.600193453387085
-2107500.0,427500.0,1500,16.867530691600443,False,False,13.076676498268595
-2102500.0,427500.0,1500,17.891905372377778,False,False,13.35955236043096
-2097500.0,427500.0,1500,20.095195904404108,False,False,13.502512259215203
-2092500.0,427500.0,1500,22.4488131496549,False,False,13.541170904025025
-2087500.0,427500.0,1500,25.093060874101166,False,False,13.496512436056717
-2082500.0,427500.0,1500,25.955395042146083,False,False,13.37276996689545
-2077500.0,427500.0,1500,15.998623497911458,False,False,13.161718318769854
-2072500.0,427500.0,1500,3.5999613696520387,False,False,12.84074123716158
-2067500.0,427500.0,1500,-1.4173969833780093,False,False,12.395505679970489
-2062500.0,427500.0,1500,-4.203605404778842,False,False,11.845168870849726
-2057500.0,427500.0,1500,-5.052192075363167,False,False,11.225511414541417
-2052500.0,427500.0,1500,-5.376140976293881,False,False,10.559986031430297
-2047500.0,427500.0,1500,-5.405532841334048,False,False,9.861258730062058
-2042500.0,427500.0,1500,-4.868045718826916,False,False,9.182509075455235
-2037500.0,427500.0,1500,-4.552487407503875,False,False,8.626587238542182
-2032500.0,427500.0,1500,-4.488087530558087,False,False,8.264940474280696
-2027500.0,427500.0,1500,-4.3202907227279574,False,False,8.102674151028951
-2022500.0,427500.0,1500,-4.435749015261963,False,False,8.091885861241474
-2017500.0,427500.0,1500,-4.745703458285919,False,False,8.142478006854649
-2012500.0,427500.0,1500,-5.154334217850894,False,False,8.165281141908443
-2007500.0,427500.0,1500,-5.49276863285069,False,False,8.08518236314189
-2002500.0,427500.0,1500,-5.646861819831491,False,False,7.828695329183075
-1997500.0,427500.0,1500,-6.080364054071085,False,False,7.432728881292302
-1992500.0,427500.0,1500,-7.028573129927933,False,False,7.071139471039812
-1987500.0,427500.0,1500,-8.408061018392578,False,False,6.808026653948616
-1982500.0,427500.0,1500,-9.535926218250111,False,False,6.545410005261745
-1977500.0,427500.0,1500,-10.677231114191978,False,False,6.073740518100477
-1972500.0,427500.0,1500,-12.423088025452808,False,False,5.327403773913504
-1967500.0,427500.0,1500,-13.138108958966814,False,False,5.1922119909333695
-1962500.0,427500.0,1500,-12.223384543914344,False,False,5.4905709996070176
-1957500.0,427500.0,1500,-10.532338216059793,False,False,6.23052492581949
-1952500.0,427500.0,1500,-8.15553956255634,False,False,7.400512459836256
-1947500.0,427500.0,1500,-6.064297532255344,False,False,7.849124155275514
-1942500.0,427500.0,1500,-4.634549851907238,False,False,7.807812657351675
-1937500.0,427500.0,1500,-4.488517039638471,False,False,7.7389334346537355
-1932500.0,427500.0,1500,-6.484483309319656,False,False,7.810997299333463
-1927500.0,427500.0,1500,-8.87111596459986,False,False,8.208959733481137
-1922500.0,427500.0,1500,-9.774488081354118,False,False,8.866413480062898
-1917500.0,427500.0,1500,-10.161870568517926,False,False,8.393509679600363
-1912500.0,427500.0,1500,-12.518402950681155,False,False,8.202617868771702
-1907500.0,427500.0,1500,-13.023049061094598,False,False,9.869753179730953
-1902500.0,427500.0,1500,-11.53095361294402,False,False,11.014302490798194
-1897500.0,427500.0,1500,-9.506243460369129,False,False,10.806380620737936
-1892500.0,427500.0,1500,-7.01571834114339,False,False,9.948480142262538
-1887500.0,427500.0,1500,-4.693622156309161,False,False,8.82864763854537
-1882500.0,427500.0,1500,-0.8481524171283643,False,False,9.025201313412405
-1877500.0,427500.0,1500,3.6899087768166683,False,False,9.848959745036963
-1872500.0,427500.0,1500,8.536188976922523,False,True,10.132445947211043
-1867500.0,427500.0,1500,11.991293043318793,False,True,10.641391553993333
-1862500.0,427500.0,1500,13.601837851684099,False,True,10.603940445867948
-1857500.0,427500.0,1500,12.921986382179618,False,True,9.149006777512918
-1852500.0,427500.0,1500,10.273318444967313,True,True,5.868539557575841
-1847500.0,427500.0,1500,5.682085253230255,True,True,5.38081292549993
-1842500.0,427500.0,1500,-4.789393644769323,True,True,5.463495306815273
-1837500.0,427500.0,1500,-20.100545582950872,True,True,5.423113280325878
-1832500.0,427500.0,1500,-36.70346632246407,True,True,5.415301198681383
-1827500.0,427500.0,1500,-41.40327601270005,True,True,5.426242349460905
-1822500.0,427500.0,1500,-32.29645103348971,True,True,5.407645593939186
-1817500.0,427500.0,1500,-22.497698959211018,True,True,5.4214947067607895
-1812500.0,427500.0,1500,-12.941877350836728,True,True,5.360145763304333
-1807500.0,427500.0,1500,-6.8951667997748265,True,True,5.304618599579326
-1802500.0,427500.0,1500,-5.805376044045884,True,True,5.987000569608053
-1797500.0,427500.0,1500,-5.583393325706985,True,True,5.9648869053654145
-1792500.0,427500.0,1500,-6.5095850906964925,True,True,5.305369550123572
-1787500.0,427500.0,1500,-9.233959588757237,True,True,5.320450771314965
-1782500.0,427500.0,1500,-11.580679363518191,True,True,5.919253327439316
-1777500.0,427500.0,1500,-13.174278645558944,True,True,5.897135489156737
-1772500.0,427500.0,1500,-14.416728234359871,True,True,5.26003175186139
-1767500.0,427500.0,1500,-14.751463741503263,True,True,5.272942304880823
-1762500.0,427500.0,1500,-15.776634295852205,True,True,5.983683933752975
-1757500.0,427500.0,1500,-18.325960053596845,True,True,5.970697028986491
-1752500.0,427500.0,1500,-20.769931053626184,True,True,5.278557930016139
-1747500.0,427500.0,1500,-19.465693850196963,True,True,5.609831052459265
-1742500.0,427500.0,1500,-13.607020022985758,True,True,6.290016475316935
-1737500.0,427500.0,1500,-9.230653918636634,True,True,5.647910413866633
-1732500.0,427500.0,1500,-8.138427614862996,True,True,5.02378358950231
-1727500.0,427500.0,1500,-4.793827442698565,True,True,5.2281453054077485
-1722500.0,427500.0,1500,3.559774364478926,False,True,5.716554498125371
-1717500.0,427500.0,1500,13.020696950066137,False,True,5.245072522566483
-1712500.0,427500.0,1500,16.328079700350244,False,True,4.657178426445462
-1707500.0,427500.0,1500,9.999069683096982,False,True,4.513317533033055
-1702500.0,427500.0,1500,3.5104749705578926,False,False,4.445134052044524
-1697500.0,427500.0,1500,-2.628123070228557,False,False,4.373687728739777
-1692500.0,427500.0,1500,-12.16306127700439,False,False,4.380279820421213
-1687500.0,427500.0,1500,-12.427148147305058,False,False,5.125312384147617
-1682500.0,427500.0,1500,14.786192791810207,False,False,6.862379892266286
-1677500.0,427500.0,1500,39.41712731871032,False,False,6.047085185487832
-1672500.0,427500.0,1500,39.727903202828045,False,False,4.114784740911387
-1667500.0,427500.0,1500,31.810559070086107,False,False,4.082870514037058
-1662500.0,427500.0,1500,17.193271127697624,False,False,5.080054760684525
-1657500.0,427500.0,1500,7.096938218561268,False,False,4.715600542887201
-1652500.0,427500.0,1500,5.51013821612082,False,False,3.8210424291376865
-2197500.0,432500.0,1500,-2.6254993201454786,False,False,9.264312052111304
-2192500.0,432500.0,1500,-2.4948854487404755,False,False,9.415113085891322
-2187500.0,432500.0,1500,-1.3428766113178656,False,False,9.458498023706518
-2182500.0,432500.0,1500,1.3028548473419872,False,False,9.378262693189507
-2177500.0,432500.0,1500,4.484587067243972,False,False,9.1883602455441
-2172500.0,432500.0,1500,7.364200708313654,False,False,8.999428393709277
-2167500.0,432500.0,1500,9.784707824715769,False,False,8.932469905918273
-2162500.0,432500.0,1500,10.97476538598928,False,False,9.01942831810027
-2157500.0,432500.0,1500,12.53200487003497,False,False,9.176574356972406
-2152500.0,432500.0,1500,15.392499372761966,False,False,9.24493156769115
-2147500.0,432500.0,1500,19.04438192235995,False,False,9.155059167545069
-2142500.0,432500.0,1500,23.275235348077224,False,False,9.007234718358502
-2137500.0,432500.0,1500,26.593935241776087,False,False,9.06938842706003
-2132500.0,432500.0,1500,27.85225859636728,False,False,9.606651962284724
-2127500.0,432500.0,1500,26.835493765589607,False,False,10.522504802911055
-2122500.0,432500.0,1500,24.632612051255006,False,False,11.48466980365945
-2117500.0,432500.0,1500,21.697803934445414,False,False,12.278400728280774
-2112500.0,432500.0,1500,17.098416740870007,False,False,12.838449625814153
-2107500.0,432500.0,1500,14.013193927443346,False,False,13.17980663950355
-2102500.0,432500.0,1500,14.969681607059819,False,False,13.347979643318158
-2097500.0,432500.0,1500,17.68430793142492,False,False,13.391097004456306
-2092500.0,432500.0,1500,20.42728827008319,False,False,13.343488989551918
-2087500.0,432500.0,1500,23.373433326918594,False,False,13.218020726612528
-2082500.0,432500.0,1500,20.148853124687992,False,False,13.00694525649693
-2077500.0,432500.0,1500,7.390415553424322,False,False,12.679300944621366
-2072500.0,432500.0,1500,-2.221575792978998,False,False,12.189333771628544
-2067500.0,432500.0,1500,-4.951241896883136,False,False,11.508183966519265
-2062500.0,432500.0,1500,-7.090772249575806,False,False,10.703961470260401
-2057500.0,432500.0,1500,-8.280407434105305,False,False,9.915846029635365
-2052500.0,432500.0,1500,-8.502824807444206,False,False,9.226875163804426
-2047500.0,432500.0,1500,-9.055475509302118,False,False,8.668018751950793
-2042500.0,432500.0,1500,-8.982856190562716,False,False,8.276962034191904
-2037500.0,432500.0,1500,-8.34923670141407,False,False,8.090855529985648
-2032500.0,432500.0,1500,-8.289857273691132,False,False,8.074766886496494
-2027500.0,432500.0,1500,-8.005725475835382,False,False,8.113418913091403
-2022500.0,432500.0,1500,-7.9346965050027745,False,False,8.088454000943326
-2017500.0,432500.0,1500,-7.955709253189436,False,False,7.943903976224343
-2012500.0,432500.0,1500,-7.548408728904199,False,False,7.74931271640072
-2007500.0,432500.0,1500,-7.7128472912099015,False,False,7.556444442467231
-2002500.0,432500.0,1500,-7.247879972009638,False,False,7.342186573506994
-1997500.0,432500.0,1500,-6.1316019091129155,False,False,7.057407227989043
-1992500.0,432500.0,1500,-6.238398780972299,False,False,6.632964512220345
-1987500.0,432500.0,1500,-6.82351600928773,False,False,5.892915270200284
-1982500.0,432500.0,1500,-7.335963665468926,False,False,5.100217537890346
-1977500.0,432500.0,1500,-8.892698383481468,False,False,4.976512589018581
-1972500.0,432500.0,1500,-11.539909237306755,False,False,5.163937690590468
-1967500.0,432500.0,1500,-12.964861182446805,False,False,5.865613872283093
-1962500.0,432500.0,1500,-12.642309771226099,False,False,7.023824955455031
-1957500.0,432500.0,1500,-11.189797453920805,False,False,7.5189773314974335
-1952500.0,432500.0,1500,-9.096494811098799,False,False,7.296077632928254
-1947500.0,432500.0,1500,-7.23840862340428,False,False,6.8039726626156645
-1942500.0,432500.0,1500,-4.93928669272428,False,False,6.460710494274936
-1937500.0,432500.0,1500,-4.352951643973877,False,False,6.233100238841139
-1932500.0,432500.0,1500,-7.133700150749477,False,False,6.068691409887853
-1927500.0,432500.0,1500,-9.883003964708006,False,False,6.2829647855627675
-1922500.0,432500.0,1500,-9.749329096912462,False,False,8.181387434481678
-1917500.0,432500.0,1500,-10.843688968255849,False,False,10.24479770145373
-1912500.0,432500.0,1500,-15.380326842917144,False,False,11.026694745922988
-1907500.0,432500.0,1500,-14.820421185068763,False,False,11.829809446157356
-1902500.0,432500.0,1500,-11.484927222021117,False,False,12.391024772059419
-1897500.0,432500.0,1500,-10.187687394691135,False,False,12.363869657136648
-1892500.0,432500.0,1500,-9.063990578934622,False,False,11.945585846730856
-1887500.0,432500.0,1500,-8.083297596074699,False,False,11.365389429729124
-1882500.0,432500.0,1500,-6.036111165876765,False,False,10.63195796417626
-1877500.0,432500.0,1500,-3.42763562816415,False,False,8.780765690097022
-1872500.0,432500.0,1500,1.0636581200264592,False,True,7.500506528809667
-1867500.0,432500.0,1500,7.019517906005848,False,True,8.6436217788631
-1862500.0,432500.0,1500,11.109082509232852,False,True,9.495688678379654
-1857500.0,432500.0,1500,12.300695968162493,False,True,8.372334638553609
-1852500.0,432500.0,1500,10.373806037238204,True,True,5.514852004599678
-1847500.0,432500.0,1500,6.342388113351547,True,True,4.942152048471545
-1842500.0,432500.0,1500,-2.408392715596464,True,True,4.972519149959582
-1837500.0,432500.0,1500,-18.441134546509353,True,True,4.987416350163061
-1832500.0,432500.0,1500,-38.309990253578235,True,True,4.910867324156952
-1827500.0,432500.0,1500,-44.80664339529139,True,True,4.972475468750292
-1822500.0,432500.0,1500,-34.61766975422244,True,True,4.9982705495126885
-1817500.0,432500.0,1500,-23.52947270062415,True,True,5.0449207513326115
-1812500.0,432500.0,1500,-13.090545715282529,True,True,4.988181871060469
-1807500.0,432500.0,1500,-3.5455267018645102,True,True,4.984624593064387
-1802500.0,432500.0,1500,3.2919275243391697,True,True,5.736958110964478
-1797500.0,432500.0,1500,8.080972521423863,True,True,5.760530308150998
-1792500.0,432500.0,1500,8.746035012407129,True,True,5.0816321795569435
-1787500.0,432500.0,1500,3.770143450322899,True,True,5.117289305706391
-1782500.0,432500.0,1500,0.05144812634351231,True,True,5.684744569312051
-1777500.0,432500.0,1500,-1.1890231802609377,True,True,5.6785026454500045
-1772500.0,432500.0,1500,-5.148163266193708,True,True,4.969773457231762
-1767500.0,432500.0,1500,-10.716409414709531,True,True,4.996956764547273
-1762500.0,432500.0,1500,-15.416886952846381,True,True,5.866685097728557
-1757500.0,432500.0,1500,-15.615655335194644,True,True,5.889397617507987
-1752500.0,432500.0,1500,-11.590605176539274,True,True,5.119914540504666
-1747500.0,432500.0,1500,-7.257415041256531,True,True,5.280926037886634
-1742500.0,432500.0,1500,-2.582211311552725,True,True,6.026030579856067
-1737500.0,432500.0,1500,0.8378869751270879,True,True,5.703135489097902
-1732500.0,432500.0,1500,0.42727792324626906,True,True,4.94123848103907
-1727500.0,432500.0,1500,-0.22836993810889394,True,True,4.92970919614534
-1722500.0,432500.0,1500,5.814697717707948,False,True,5.442940027333344
-1717500.0,432500.0,1500,11.689339442349004,False,True,5.131173603010187
-1712500.0,432500.0,1500,8.058582376511339,False,True,4.605213212011924
-1707500.0,432500.0,1500,6.701131384869794,False,True,4.535424547697343
-1702500.0,432500.0,1500,11.434862245222194,False,False,4.466241032839994
-1697500.0,432500.0,1500,5.423631905234766,False,False,4.271919448466161
-1692500.0,432500.0,1500,-8.752650753350572,False,False,4.245826496593594
-1687500.0,432500.0,1500,-13.906441907122328,False,False,4.680159865120544
-1682500.0,432500.0,1500,1.5333075830450633,False,False,6.046071509100317
-1677500.0,432500.0,1500,25.626506951875523,False,False,5.39971349448389
-1672500.0,432500.0,1500,33.926170075689214,False,False,3.8781911669036657
-1667500.0,432500.0,1500,25.36621406944127,False,False,4.0474010648192
-1662500.0,432500.0,1500,9.058727936766365,False,False,5.414977707495901
-1657500.0,432500.0,1500,-8.013734661349638,False,False,5.269066733315675
-1652500.0,432500.0,1500,-17.505150983139394,False,False,4.011902183204762
-2197500.0,437500.0,1500,-1.8828086106783914,False,False,9.389022005243739
-2192500.0,437500.0,1500,-1.792175219771681,False,False,9.251512863481867
-2187500.0,437500.0,1500,-0.2597946690888526,False,False,9.098619558663604
-2182500.0,437500.0,1500,2.4329452380974406,False,False,8.92878339684142
-2177500.0,437500.0,1500,5.935189131977063,False,False,8.844618140994848
-2172500.0,437500.0,1500,8.92475544011917,False,False,9.00796140930312
-2167500.0,437500.0,1500,11.284896251793723,False,False,9.330841863615923
-2162500.0,437500.0,1500,13.317359089105315,False,False,9.590867159179655
-2157500.0,437500.0,1500,14.649059516799605,False,False,9.573857257318199
-2152500.0,437500.0,1500,16.898558474073013,False,False,8.93765223707148
-2147500.0,437500.0,1500,20.574746525430385,False,False,8.056281091020306
-2142500.0,437500.0,1500,24.628462354055486,False,False,8.007394628987294
-2137500.0,437500.0,1500,28.449686941771557,False,False,8.654962083077335
-2132500.0,437500.0,1500,30.19356541792562,False,False,9.455608011318487
-2127500.0,437500.0,1500,29.39708091481106,False,False,10.369247693017702
-2122500.0,437500.0,1500,27.469021704508005,False,False,11.224842692873699
-2117500.0,437500.0,1500,23.06305209667015,False,False,11.934610471444298
-2112500.0,437500.0,1500,15.835308010450031,False,False,12.437375871313915
-2107500.0,437500.0,1500,10.533215405547498,False,False,12.690308813442474
-2102500.0,437500.0,1500,11.162862760636772,False,False,12.745375162546704
-2097500.0,437500.0,1500,15.295809200174178,False,False,12.690089603154458
-2092500.0,437500.0,1500,18.550807551333076,False,False,12.567868554541102
-2087500.0,437500.0,1500,20.44657328324529,False,False,12.38589778923347
-2082500.0,437500.0,1500,12.806606463436408,False,False,12.124879643623679
-2077500.0,437500.0,1500,-0.2747642811188619,False,False,11.744967038917197
-2072500.0,437500.0,1500,-6.665026397656142,False,False,11.181455172794678
-2067500.0,437500.0,1500,-9.277729072978659,False,False,10.4075022813022
-2062500.0,437500.0,1500,-10.619805920124847,False,False,9.542014982362096
-2057500.0,437500.0,1500,-11.418809057561813,False,False,8.794787268255249
-2052500.0,437500.0,1500,-12.260986498631615,False,False,8.291124343377223
-2047500.0,437500.0,1500,-13.255585867289836,False,False,8.01466415661146
-2042500.0,437500.0,1500,-13.861972614331124,False,False,7.917890257026022
-2037500.0,437500.0,1500,-13.286658553091717,False,False,7.947572819367805
-2032500.0,437500.0,1500,-12.224566025622813,False,False,8.04989600595393
-2027500.0,437500.0,1500,-11.408228505181006,False,False,7.958516830020907
-2022500.0,437500.0,1500,-11.07425171539455,False,False,7.5497166708417955
-2017500.0,437500.0,1500,-10.880014270220977,False,False,7.100680434948097
-2012500.0,437500.0,1500,-10.109037787671639,False,False,6.908175365381808
-2007500.0,437500.0,1500,-9.582215106880927,False,False,6.776940022670717
-2002500.0,437500.0,1500,-8.601537061116257,False,False,6.529896447384276
-1997500.0,437500.0,1500,-6.76249251991428,False,False,6.100880202069014
-1992500.0,437500.0,1500,-5.4865592484332115,False,False,5.150641897428321
-1987500.0,437500.0,1500,-4.623016842672644,False,False,4.241907485730753
-1982500.0,437500.0,1500,-4.780416824172143,False,False,3.64763381064242
-1977500.0,437500.0,1500,-6.8433469780125336,False,False,3.861882141470013
-1972500.0,437500.0,1500,-9.841654325815956,False,False,4.856770049828355
-1967500.0,437500.0,1500,-12.1640742575155,False,False,5.456852310249493
-1962500.0,437500.0,1500,-12.502247641029058,False,False,5.725307974837584
-1957500.0,437500.0,1500,-11.448963007706308,False,False,5.899897795779368
-1952500.0,437500.0,1500,-10.331466682342644,False,False,5.940244277768262
-1947500.0,437500.0,1500,-8.362752208027317,False,False,6.011191607108119
-1942500.0,437500.0,1500,-6.4944934293190775,False,False,6.007601102478482
-1937500.0,437500.0,1500,-6.869173308379204,False,False,5.708180721172458
-1932500.0,437500.0,1500,-6.8762494940355285,False,False,5.118168114622968
-1927500.0,437500.0,1500,-8.578753373077799,False,False,5.180646160396344
-1922500.0,437500.0,1500,-10.351341983509778,False,False,7.992295403875224
-1917500.0,437500.0,1500,-10.840909931898821,False,False,11.162868053885724
-1912500.0,437500.0,1500,-13.193709355713917,False,False,12.258822742818177
-1907500.0,437500.0,1500,-12.723387700963904,False,False,12.711235094561147
-1902500.0,437500.0,1500,-11.338981021642057,False,False,12.831428357493186
-1897500.0,437500.0,1500,-11.071790515335392,False,False,12.650032043265737
-1892500.0,437500.0,1500,-10.600804010320877,False,False,12.228443516580098
-1887500.0,437500.0,1500,-10.300769177934212,False,False,11.613763749894854
-1882500.0,437500.0,1500,-9.358205169039731,False,False,10.690622997975806
-1877500.0,437500.0,1500,-8.778751906827928,False,False,8.450102389436749
-1872500.0,437500.0,1500,-6.79023021111259,False,True,5.817432239170874
-1867500.0,437500.0,1500,0.4064753102371874,False,True,6.724326206045386
-1862500.0,437500.0,1500,7.8433019697086195,False,True,8.612711924506513
-1857500.0,437500.0,1500,10.383336762383275,False,True,7.745889793543911
-1852500.0,437500.0,1500,9.259157666662094,True,True,5.180056109298422
-1847500.0,437500.0,1500,7.213798283615313,True,True,4.435878537835469
-1842500.0,437500.0,1500,1.8253387814900566,True,True,4.336923114066879
-1837500.0,437500.0,1500,-11.387769733340253,True,True,4.321025701220659
-1832500.0,437500.0,1500,-30.554370913525872,True,True,4.3557179173367135
-1827500.0,437500.0,1500,-41.45443725458108,True,True,4.347033125571109
-1822500.0,437500.0,1500,-37.18151398932649,True,True,4.380513241836223
-1817500.0,437500.0,1500,-26.230749097501384,True,True,4.360923166668119
-1812500.0,437500.0,1500,-12.132107421439342,True,True,4.254632376557253
-1807500.0,437500.0,1500,2.033959419499008,True,True,4.230069626648414
-1802500.0,437500.0,1500,15.760113550667194,True,True,4.80207481559121
-1797500.0,437500.0,1500,25.152390109131552,True,True,4.786478012678861
-1792500.0,437500.0,1500,26.297985910251356,True,True,4.375185217125757
-1787500.0,437500.0,1500,17.647611397272975,True,True,4.367471890953275
-1782500.0,437500.0,1500,11.721188392227333,True,True,4.619818743638529
-1777500.0,437500.0,1500,14.899280062702855,True,True,4.574632013155195
-1772500.0,437500.0,1500,11.85203572962459,True,True,4.163624772781638
-1767500.0,437500.0,1500,0.6441744312077444,True,True,4.1380592311821385
-1762500.0,437500.0,1500,-8.99428555895126,True,True,4.64145271797396
-1757500.0,437500.0,1500,-9.84144426866295,True,True,4.630228315061838
-1752500.0,437500.0,1500,-4.532620958591517,True,True,4.127444742699754
-1747500.0,437500.0,1500,0.117706761858345,True,True,4.148558137589162
-1742500.0,437500.0,1500,2.912159666593644,True,True,4.656131935889825
-1737500.0,437500.0,1500,6.531855361126686,True,True,4.578584235619207
-1732500.0,437500.0,1500,6.531020139755879,True,True,4.0643154346508945
-1727500.0,437500.0,1500,-2.052662280172166,True,True,3.976275348525451
-1722500.0,437500.0,1500,-5.225194432925167,False,True,4.406153283372276
-1717500.0,437500.0,1500,-2.137556725209407,False,True,4.309013484557667
-1712500.0,437500.0,1500,-3.2188752847633633,False,True,3.785688351934202
-1707500.0,437500.0,1500,4.013197326341204,False,True,3.743414617739847
-1702500.0,437500.0,1500,13.266021273757424,False,False,3.785537238751925
-1697500.0,437500.0,1500,6.215712240189339,False,False,3.6329647176281386
-1692500.0,437500.0,1500,-5.194894865291907,False,False,3.5832261713362
-1687500.0,437500.0,1500,-9.072087782841026,False,False,4.12561950600514
-1682500.0,437500.0,1500,-3.2178349330619027,False,False,5.278826775313752
-1677500.0,437500.0,1500,7.225418868560119,False,False,5.066784424102923
-1672500.0,437500.0,1500,11.23081793268608,False,False,3.9266535354664645
-1667500.0,437500.0,1500,10.584040341172875,False,False,4.443232537091175
-1662500.0,437500.0,1500,7.390824839038011,False,False,6.291435760953069
-1657500.0,437500.0,1500,-3.199981438009581,False,False,6.030334044645472
-1652500.0,437500.0,1500,-13.412534239979143,False,False,4.165738557480357
-2197500.0,442500.0,1500,-1.5864496589491448,False,False,8.991124168382948
-2192500.0,442500.0,1500,-1.6279552316835029,False,False,8.743752028135447
-2187500.0,442500.0,1500,-0.08800362926506193,False,False,8.54482888095781
-2182500.0,442500.0,1500,2.629679668946551,False,False,8.29606706526833
-2177500.0,442500.0,1500,5.911574538346614,False,False,8.554921400672232
-2172500.0,442500.0,1500,8.728296420432729,False,False,9.424320749150926
-2167500.0,442500.0,1500,10.95905497520466,False,False,10.047487829273253
-2162500.0,442500.0,1500,13.634045440854827,False,False,10.072093560374144
-2157500.0,442500.0,1500,15.82137333545137,False,False,9.59741211044058
-2152500.0,442500.0,1500,18.072438378047913,False,False,8.380280802432607
-2147500.0,442500.0,1500,21.612146806349454,False,False,6.667499405406706
-2142500.0,442500.0,1500,25.810518358679857,False,False,5.7747799192646
-2137500.0,442500.0,1500,30.188878006347874,False,False,5.965414311133473
-2132500.0,442500.0,1500,33.418071147334174,False,False,6.786983462712736
-2127500.0,442500.0,1500,33.956719796079824,False,False,8.06644078225011
-2122500.0,442500.0,1500,30.61785888871822,False,False,9.310593138726913
-2117500.0,442500.0,1500,23.35733852479354,False,False,10.28485262327435
-2112500.0,442500.0,1500,14.14067147007722,False,False,10.931997617703757
-2107500.0,442500.0,1500,7.689696585292047,False,False,11.151286274269921
-2102500.0,442500.0,1500,8.31180306751396,False,False,11.075513015442315
-2097500.0,442500.0,1500,12.923997348491392,False,False,10.878652646734967
-2092500.0,442500.0,1500,16.850883956520864,False,False,10.635242836772441
-2087500.0,442500.0,1500,16.935833696609194,False,False,10.356985150969788
-2082500.0,442500.0,1500,6.386634397352051,False,False,10.001951139743912
-2077500.0,442500.0,1500,-5.987450051502396,False,False,9.549821259399057
-2072500.0,442500.0,1500,-11.85873211636323,False,False,8.958852369913984
-2067500.0,442500.0,1500,-14.940178898577985,False,False,8.594934571478216
-2062500.0,442500.0,1500,-14.92649554242143,False,False,8.22853205191064
-2057500.0,442500.0,1500,-13.633977168443383,False,False,7.179179951890864
-2052500.0,442500.0,1500,-14.071646980044779,False,False,6.311225644563359
-2047500.0,442500.0,1500,-16.885081049489244,False,False,5.948050855982035
-2042500.0,442500.0,1500,-19.65813164560614,False,False,5.721718279312605
-2037500.0,442500.0,1500,-19.168508355306624,False,False,5.754500134315182
-2032500.0,442500.0,1500,-16.042667967352383,False,False,6.741684211095586
-2027500.0,442500.0,1500,-14.191496035464802,False,False,7.189675594041102
-2022500.0,442500.0,1500,-13.90154389607163,False,False,6.03987905953087
-2017500.0,442500.0,1500,-13.222953700204387,False,False,5.365001333915439
-2012500.0,442500.0,1500,-12.218694975876803,False,False,5.676545432044959
-2007500.0,442500.0,1500,-11.429034627251703,False,False,5.401042652432499
-2002500.0,442500.0,1500,-10.339858549798759,False,False,4.681045915818935
-1997500.0,442500.0,1500,-8.304190645303976,False,False,5.067893226419227
-1992500.0,442500.0,1500,-4.887728621952176,False,False,5.432703098704752
-1987500.0,442500.0,1500,-2.6528098830242546,False,False,5.515697953940343
-1982500.0,442500.0,1500,-3.0944718576693835,False,False,5.672794205705357
-1977500.0,442500.0,1500,-4.571229819046134,False,False,5.593247053717677
-1972500.0,442500.0,1500,-7.098430374249619,False,False,5.6203751606083765
-1967500.0,442500.0,1500,-9.668404433066002,False,False,5.691246460849657
-1962500.0,442500.0,1500,-10.071614876527356,False,False,5.9862236423605335
-1957500.0,442500.0,1500,-9.682755240240978,False,False,6.643454824647387
-1952500.0,442500.0,1500,-9.462694603656907,False,False,7.483340469476824
-1947500.0,442500.0,1500,-7.946379076391041,False,False,8.284614674309235
-1942500.0,442500.0,1500,-9.494711932837703,False,False,8.732358900409135
-1937500.0,442500.0,1500,-13.067373345455927,False,False,8.752882377420512
-1932500.0,442500.0,1500,-9.288002421549146,False,False,8.389105365682287
-1927500.0,442500.0,1500,-7.678763425924499,False,False,8.468697798484655
-1922500.0,442500.0,1500,-10.598947570495625,False,False,10.091785492089883
-1917500.0,442500.0,1500,-10.296498041482156,False,False,11.904032715974303
-1912500.0,442500.0,1500,-10.263494479683711,False,False,12.614167848254986
-1907500.0,442500.0,1500,-11.121978408841162,False,False,12.710788820665986
-1902500.0,442500.0,1500,-11.643974790415509,False,False,12.504105392092509
-1897500.0,442500.0,1500,-11.681035851877235,False,False,12.084130231146409
-1892500.0,442500.0,1500,-12.022478793803668,False,False,11.48778088639775
-1887500.0,442500.0,1500,-11.818130693751323,False,False,10.764496758947255
-1882500.0,442500.0,1500,-11.767221430665707,False,False,9.973791014512749
-1877500.0,442500.0,1500,-12.216685712610197,False,False,8.818539928996598
-1872500.0,442500.0,1500,-11.282418366659815,False,True,6.0874474541009365
-1867500.0,442500.0,1500,-5.367570209224425,False,True,5.9199682285435955
-1862500.0,442500.0,1500,1.5496065943875879,False,True,8.238662676844093
-1857500.0,442500.0,1500,2.7460349771719956,False,True,8.168702236059858
-1852500.0,442500.0,1500,3.8544571946969963,True,True,5.511594807685449
-1847500.0,442500.0,1500,5.409005123255546,True,True,4.839751671224371
-1842500.0,442500.0,1500,0.35020022728937555,True,True,4.806447402874901
-1837500.0,442500.0,1500,-11.095275968108268,True,True,4.712872586456199
-1832500.0,442500.0,1500,-26.109618735908633,True,True,4.731322423587458
-1827500.0,442500.0,1500,-36.28289545774137,True,True,4.669613823504294
-1822500.0,442500.0,1500,-35.15724202744892,True,True,4.6832541654323485
-1817500.0,442500.0,1500,-26.269232875014396,True,True,4.627573229849603
-1812500.0,442500.0,1500,-12.671591061335906,True,True,4.561813350019538
-1807500.0,442500.0,1500,2.9669761536078765,True,True,4.471401049808701
-1802500.0,442500.0,1500,19.46685287216282,True,True,4.9494863907763635
-1797500.0,442500.0,1500,33.291841993849964,True,True,4.843717886064828
-1792500.0,442500.0,1500,42.131682389147684,True,True,4.460921252422628
-1787500.0,442500.0,1500,37.25780282661032,False,True,4.311019331351881
-1782500.0,442500.0,1500,28.094266514202328,False,True,4.336422749357517
-1777500.0,442500.0,1500,27.531109410428975,False,True,4.35159199569725
-1772500.0,442500.0,1500,24.26081627638378,False,True,4.2544580775851815
-1767500.0,442500.0,1500,14.030488156663903,True,True,4.229180951451137
-1762500.0,442500.0,1500,3.37248366319018,True,True,4.571861794556014
-1757500.0,442500.0,1500,0.026849138703956055,True,True,4.506180062544825
-1752500.0,442500.0,1500,0.006854443852908676,True,True,4.086254427088009
-1747500.0,442500.0,1500,1.012982757711278,True,True,4.064353673822769
-1742500.0,442500.0,1500,3.445358134775119,True,True,4.616917290281425
-1737500.0,442500.0,1500,6.872579160291147,True,True,4.69433675300478
-1732500.0,442500.0,1500,7.231000930855263,True,True,4.181514665055118
-1727500.0,442500.0,1500,-1.641656945845834,True,True,4.0301733419991415
-1722500.0,442500.0,1500,-7.563704195618573,False,True,4.448795130409422
-1717500.0,442500.0,1500,-6.356537784341121,False,True,4.347439015486058
-1712500.0,442500.0,1500,-3.675612071112084,False,True,3.80670441341975
-1707500.0,442500.0,1500,5.014330059490054,False,True,3.687514040514989
-1702500.0,442500.0,1500,9.276609083015112,False,False,3.713629109130508
-1697500.0,442500.0,1500,2.4607704100822008,False,False,3.511851962831348
-1692500.0,442500.0,1500,-2.4044586370381054,False,False,3.4082084042652463
-1687500.0,442500.0,1500,-5.313286801286436,False,False,4.01541600730778
-1682500.0,442500.0,1500,-8.693122801905517,False,False,5.552745684672046
-1677500.0,442500.0,1500,-7.829443784485763,False,False,5.71305756802053
-1672500.0,442500.0,1500,-2.0479545405899384,False,False,4.266027361856398
-1667500.0,442500.0,1500,7.929163377641338,False,False,4.581693639606177
-1662500.0,442500.0,1500,17.2920512277444,False,False,6.574571967528053
-1657500.0,442500.0,1500,18.02939363635783,False,False,6.262837049325424
-1652500.0,442500.0,1500,16.54706720785637,False,False,4.2148310119348835
-2197500.0,447500.0,1500,-1.9582790966116363,False,False,8.459701478248283
-2192500.0,447500.0,1500,-2.0997084858882493,False,False,8.045407248687768
-2187500.0,447500.0,1500,-0.7089214929015472,False,False,7.451255620581954
-2182500.0,447500.0,1500,2.030691677913709,False,False,6.863763315015527
-2177500.0,447500.0,1500,4.999213974281751,False,False,7.696803119518778
-2172500.0,447500.0,1500,7.562625204819345,False,False,9.476934469255042
-2167500.0,447500.0,1500,10.27755025256277,False,False,10.240612611035745
-2162500.0,447500.0,1500,13.26533358882344,False,False,9.959513878192151
-2157500.0,447500.0,1500,16.49407411453801,False,False,9.1826745066171
-2152500.0,447500.0,1500,19.992897542736188,False,False,8.241995673705501
-2147500.0,447500.0,1500,24.152922257639446,False,False,7.101898257796094
-2142500.0,447500.0,1500,28.73743975384274,False,False,5.9356599860814745
-2137500.0,447500.0,1500,32.56039004404141,False,False,5.218542289800423
-2132500.0,447500.0,1500,35.85013141741402,False,False,5.052914157210699
-2127500.0,447500.0,1500,36.65424225798368,False,False,5.2884740406846
-2122500.0,447500.0,1500,30.258900681858044,False,False,5.713687927769483
-2117500.0,447500.0,1500,21.146570172652492,False,False,6.401942976722027
-2112500.0,447500.0,1500,11.882242283560055,False,False,7.058921443087773
-2107500.0,447500.0,1500,3.6864844360457893,False,False,7.142293508317228
-2102500.0,447500.0,1500,4.591624061400318,False,False,6.8992092416815005
-2097500.0,447500.0,1500,10.807295564017254,False,False,6.600132881964613
-2092500.0,447500.0,1500,14.857370779321647,False,False,6.405890219242858
-2087500.0,447500.0,1500,11.34926555718748,False,False,6.307489279419819
-2082500.0,447500.0,1500,-0.6016273450893567,False,False,6.164553004199958
-2077500.0,447500.0,1500,-10.548000926225896,False,False,6.0704335679225645
-2072500.0,447500.0,1500,-16.129305854897446,False,False,6.026114682580815
-2067500.0,447500.0,1500,-17.926383892705747,False,False,6.715187827969671
-2062500.0,447500.0,1500,-15.164002079702506,False,False,7.346066136789061
-2057500.0,447500.0,1500,-10.168858660558785,False,False,6.465854137278787
-2052500.0,447500.0,1500,-8.28992337316629,False,False,5.645107759083164
-2047500.0,447500.0,1500,-13.15628877864453,False,False,5.439847234964306
-2042500.0,447500.0,1500,-19.995084795296563,False,False,5.249561977787108
-2037500.0,447500.0,1500,-21.305021538450426,False,False,5.365147194690143
-2032500.0,447500.0,1500,-17.924519517064326,False,False,6.474845370162045
-2027500.0,447500.0,1500,-16.563549129996414,False,False,7.136029164028722
-2022500.0,447500.0,1500,-16.46611081528736,False,False,6.214482207999799
-2017500.0,447500.0,1500,-15.402713063530362,False,False,5.023625515821227
-2012500.0,447500.0,1500,-13.952881136112454,False,False,4.553130751132865
-2007500.0,447500.0,1500,-12.691367741309561,False,False,4.8826329538188205
-2002500.0,447500.0,1500,-11.054164620246468,False,False,5.530461797465604
-1997500.0,447500.0,1500,-8.298129610536881,False,False,6.960982946606764
-1992500.0,447500.0,1500,-4.018121706159452,False,False,8.267104948795376
-1987500.0,447500.0,1500,-1.410065826837771,False,False,8.554756770262442
-1982500.0,447500.0,1500,-1.4083041782393109,False,False,8.362570279784832
-1977500.0,447500.0,1500,-1.948030885346676,False,False,8.024760237849183
-1972500.0,447500.0,1500,-3.8775916044574044,False,False,7.753138636920748
-1967500.0,447500.0,1500,-6.135409035876294,False,False,7.743968553244029
-1962500.0,447500.0,1500,-6.638856841158535,False,False,8.139841040388129
-1957500.0,447500.0,1500,-6.913499573400504,False,False,8.968663290633764
-1952500.0,447500.0,1500,-7.307303566118059,False,False,10.024818615803467
-1947500.0,447500.0,1500,-6.316161096868781,False,False,10.92019176108974
-1942500.0,447500.0,1500,-9.817092057577506,False,False,11.433480316531263
-1937500.0,447500.0,1500,-16.30234948043441,False,False,11.578043671427983
-1932500.0,447500.0,1500,-14.273738606866303,False,False,11.49672845452099
-1927500.0,447500.0,1500,-10.281007014262263,False,False,11.49614809697452
-1922500.0,447500.0,1500,-10.035925794372355,False,False,11.825635439640324
-1917500.0,447500.0,1500,-9.24032911450129,False,False,12.231026865420235
-1912500.0,447500.0,1500,-9.442511512268577,False,False,12.302912490512046
-1907500.0,447500.0,1500,-10.964696076726948,False,False,12.023180916930496
-1902500.0,447500.0,1500,-11.85824504105224,False,False,11.53509881307125
-1897500.0,447500.0,1500,-12.606937677523906,False,False,10.924572337141004
-1892500.0,447500.0,1500,-13.492258321591379,False,False,10.257965755051234
-1887500.0,447500.0,1500,-13.518916952430398,False,False,9.624593047009352
-1882500.0,447500.0,1500,-13.895112166951652,False,False,9.193705337978908
-1877500.0,447500.0,1500,-14.27325420574414,False,False,8.868273821096183
-1872500.0,447500.0,1500,-13.362242193197464,False,False,6.966685023911639
-1867500.0,447500.0,1500,-9.86748877706341,False,True,5.981554584049875
-1862500.0,447500.0,1500,-7.274865714047682,False,True,7.988421278621766
-1857500.0,447500.0,1500,-6.869588309774906,False,True,8.937872799422589
-1852500.0,447500.0,1500,-1.2983678827964888,False,True,6.114467138028526
-1847500.0,447500.0,1500,1.7930274026855215,False,True,5.421770834833815
-1842500.0,447500.0,1500,-6.58059178008193,False,True,5.378536073213178
-1837500.0,447500.0,1500,-18.154440960456043,True,True,5.309549010098209
-1832500.0,447500.0,1500,-27.866987622749523,True,True,5.335550997946941
-1827500.0,447500.0,1500,-33.121157852398305,True,True,5.326123186764035
-1822500.0,447500.0,1500,-30.6429403036159,True,True,5.319040076750562
-1817500.0,447500.0,1500,-24.454841545947957,True,True,5.317056466068214
-1812500.0,447500.0,1500,-17.306898763254434,True,True,5.311583953699622
-1807500.0,447500.0,1500,-4.562723027550988,True,True,5.242636366695855
-1802500.0,447500.0,1500,12.159148456349758,True,True,5.770560788093071
-1797500.0,447500.0,1500,30.778087779882103,True,True,5.560917505737788
-1792500.0,447500.0,1500,51.72549723005344,False,True,4.974790590828786
-1787500.0,447500.0,1500,57.801197394389405,False,True,4.720464632440354
-1782500.0,447500.0,1500,48.155241985997435,False,True,4.78189402375857
-1777500.0,447500.0,1500,40.29877645073295,False,True,4.874970099865899
-1772500.0,447500.0,1500,36.41570729420715,False,True,4.747770037819858
-1767500.0,447500.0,1500,30.60311446289487,False,True,4.765106295765019
-1762500.0,447500.0,1500,20.92951350764054,False,True,5.35313488202695
-1757500.0,447500.0,1500,12.354000784811719,True,True,5.47073942403469
-1752500.0,447500.0,1500,3.3394422222809217,True,True,4.958534046348295
-1747500.0,447500.0,1500,-2.0478704295934294,True,True,5.054825404357461
-1742500.0,447500.0,1500,-0.99103616958509,True,True,5.929288856872355
-1737500.0,447500.0,1500,1.7765414729541833,True,True,6.012054778078635
-1732500.0,447500.0,1500,6.349337905825095,True,True,5.121279217698564
-1727500.0,447500.0,1500,9.187517839886697,True,True,4.811515003571727
-1722500.0,447500.0,1500,7.199911607129913,False,True,5.305895036701335
-1717500.0,447500.0,1500,3.1044938121082892,False,True,5.1754691752970565
-1712500.0,447500.0,1500,2.8457910027554107,False,True,4.606471964075797
-1707500.0,447500.0,1500,6.098375070657805,False,True,4.314079997413192
-1702500.0,447500.0,1500,3.706823648845481,False,False,4.27460475229763
-1697500.0,447500.0,1500,-2.818512193242816,False,False,4.085916657294014
-1692500.0,447500.0,1500,-4.705521884833223,False,False,3.990023910966091
-1687500.0,447500.0,1500,-3.5501856730669172,False,False,4.3835314982766125
-1682500.0,447500.0,1500,-4.688783475333364,False,False,6.385542888359462
-1677500.0,447500.0,1500,-4.767423646631641,False,False,6.555694289226169
-1672500.0,447500.0,1500,3.5711076375162234,False,False,4.534882752256995
-1667500.0,447500.0,1500,20.21346449416897,False,False,4.359154508875289
-1662500.0,447500.0,1500,34.02881040666819,False,False,6.078709421931842
-1657500.0,447500.0,1500,39.90129007247515,False,False,5.776836899167737
-1652500.0,447500.0,1500,49.5409773869684,False,False,4.023995085884844
-2197500.0,452500.0,1500,-2.2151913202560922,False,False,7.5073940250459055
-2192500.0,452500.0,1500,-2.813434392453342,False,False,6.880208377312158
-2187500.0,452500.0,1500,-0.32875228685571245,False,False,6.471888527359393
-2182500.0,452500.0,1500,2.592575711335363,False,False,6.424376646169234
-2177500.0,452500.0,1500,4.39465230482997,False,False,7.498472759234355
-2172500.0,452500.0,1500,6.530852113060589,False,False,8.929050069480676
-2167500.0,452500.0,1500,9.376716776869213,False,False,9.103153370162577
-2162500.0,452500.0,1500,12.67702208399786,False,False,8.281870191816282
-2157500.0,452500.0,1500,16.5701922720463,False,False,6.821070091018602
-2152500.0,452500.0,1500,21.452654848711603,False,False,5.932106941550365
-2147500.0,452500.0,1500,26.989980633328514,False,False,5.8310295081845185
-2142500.0,452500.0,1500,31.596144496690474,False,False,5.531325055038936
-2137500.0,452500.0,1500,34.50134149187925,False,False,5.3399030534419
-2132500.0,452500.0,1500,36.15580008925884,False,False,5.174015721864538
-2127500.0,452500.0,1500,34.85711693050144,False,False,4.857133778702522
-2122500.0,452500.0,1500,26.83325020116873,False,False,4.715958121497013
-2117500.0,452500.0,1500,17.156289142535368,False,False,5.035501833256002
-2112500.0,452500.0,1500,9.226233643617437,False,False,5.21834432094877
-2107500.0,452500.0,1500,1.714453408703308,False,False,4.564643147162306
-2102500.0,452500.0,1500,0.8137096083349712,False,False,3.819711450357398
-2097500.0,452500.0,1500,6.913282173215372,False,False,3.73512605018035
-2092500.0,452500.0,1500,11.183035107003665,False,False,4.3262593030710175
-2087500.0,452500.0,1500,5.492721456322626,False,False,5.153813808979552
-2082500.0,452500.0,1500,-4.609191453298187,False,False,5.705996049602572
-2077500.0,452500.0,1500,-9.89601570442398,False,False,5.971328145869416
-2072500.0,452500.0,1500,-11.96656884397878,False,False,6.232151738580218
-2067500.0,452500.0,1500,-11.252796314327053,False,False,6.949159811315902
-2062500.0,452500.0,1500,-7.037580563068761,False,False,7.54497537865706
-2057500.0,452500.0,1500,-1.6561255522072507,False,False,7.312252563490783
-2052500.0,452500.0,1500,0.06843998079862992,False,False,7.070749667173356
-2047500.0,452500.0,1500,-4.048176968718608,False,False,7.065692402032565
-2042500.0,452500.0,1500,-13.146509168845828,False,False,7.081122995510625
-2037500.0,452500.0,1500,-18.812945078683402,False,False,7.252618325271424
-2032500.0,452500.0,1500,-19.121171188635333,False,False,7.203186129231799
-2027500.0,452500.0,1500,-20.138583510740062,False,False,6.441960582714538
-2022500.0,452500.0,1500,-19.515422652255445,False,False,5.974167346661506
-2017500.0,452500.0,1500,-17.517543614327852,False,False,5.984634810957354
-2012500.0,452500.0,1500,-14.997443396700655,False,False,5.969602650585258
-2007500.0,452500.0,1500,-12.467940687869174,False,False,6.980257387411952
-2002500.0,452500.0,1500,-10.43745837106662,False,False,8.465232932832016
-1997500.0,452500.0,1500,-7.257681007361562,False,False,9.301569426994218
-1992500.0,452500.0,1500,-3.7782713102434666,False,False,9.450126375704487
-1987500.0,452500.0,1500,-1.844008254576715,False,False,8.993733614154188
-1982500.0,452500.0,1500,-0.9565928664772112,False,False,8.325905746243354
-1977500.0,452500.0,1500,-0.9745203847588391,False,False,7.939741711700304
-1972500.0,452500.0,1500,-2.5313386687618804,False,False,8.060715024689943
-1967500.0,452500.0,1500,-4.296830853727632,False,False,8.610049401131175
-1962500.0,452500.0,1500,-4.666369982562627,False,False,9.410893070183327
-1957500.0,452500.0,1500,-4.53372155957693,False,False,10.329576412776179
-1952500.0,452500.0,1500,-5.02144655281542,False,False,11.239466566841086
-1947500.0,452500.0,1500,-4.567589664985012,False,False,11.958323911034423
-1942500.0,452500.0,1500,-7.2253918109937185,False,False,12.370618153691384
-1937500.0,452500.0,1500,-13.046777416266773,False,False,12.485398582325416
-1932500.0,452500.0,1500,-13.022248562315983,False,False,12.384314043390894
-1927500.0,452500.0,1500,-9.210305101588194,False,False,12.202232121272255
-1922500.0,452500.0,1500,-7.4932365302769925,False,False,12.024897620843866
-1917500.0,452500.0,1500,-7.6930824560863975,False,False,11.773736682176407
-1912500.0,452500.0,1500,-9.318584154817668,False,False,11.361293997884038
-1907500.0,452500.0,1500,-10.859148227262255,False,False,10.812459949144067
-1902500.0,452500.0,1500,-11.50439097243796,False,False,10.21920689374598
-1897500.0,452500.0,1500,-12.655423482263737,False,False,9.699338774666327
-1892500.0,452500.0,1500,-14.293037167224925,False,False,9.345094667930887
-1887500.0,452500.0,1500,-15.521954214811908,False,False,9.20781606900189
-1882500.0,452500.0,1500,-16.193016662159927,False,False,9.320469779044764
-1877500.0,452500.0,1500,-17.05167751095549,False,False,9.42562475885424
-1872500.0,452500.0,1500,-17.62365866082127,False,False,8.053217465509011
-1867500.0,452500.0,1500,-16.24657619239886,False,True,6.063084571621192
-1862500.0,452500.0,1500,-13.50641912097969,False,True,7.443230730546702
-1857500.0,452500.0,1500,-8.606191878368314,False,True,9.268402579572609
-1852500.0,452500.0,1500,-2.8050711809962867,False,True,6.4678611202507685
-1847500.0,452500.0,1500,-4.930687103708778,False,True,5.52284972811235
-1842500.0,452500.0,1500,-14.986169296770262,False,True,5.454364722768837
-1837500.0,452500.0,1500,-24.03018156103201,False,True,5.404247118172845
-1832500.0,452500.0,1500,-30.11555239648736,True,True,5.383907206196528
-1827500.0,452500.0,1500,-31.552942118249263,True,True,5.3494344491160986
-1822500.0,452500.0,1500,-27.088474480874595,True,True,5.3767567446052995
-1817500.0,452500.0,1500,-21.700074705999327,True,True,5.379765332529448
-1812500.0,452500.0,1500,-19.281387959373408,True,True,5.369115850926261
-1807500.0,452500.0,1500,-11.909816928751082,True,True,5.311962064478982
-1802500.0,452500.0,1500,2.709829469165025,True,True,5.686268818584225
-1797500.0,452500.0,1500,22.395212109656466,False,True,5.386153134792927
-1792500.0,452500.0,1500,46.216443314306574,False,True,4.8999674139263005
-1787500.0,452500.0,1500,57.89032752858262,False,True,4.592012041535883
-1782500.0,452500.0,1500,54.13860657138989,False,True,4.537243016503585
-1777500.0,452500.0,1500,50.52520042444102,False,True,4.473383227975973
-1772500.0,452500.0,1500,50.14608931084693,False,True,4.42609396573514
-1767500.0,452500.0,1500,46.101868019730425,False,True,4.478891870258804
-1762500.0,452500.0,1500,38.93191092710286,False,True,4.9020733480983
-1757500.0,452500.0,1500,26.91340226034256,False,True,5.306031491891674
-1752500.0,452500.0,1500,9.583973011857978,True,True,5.01606355204186
-1747500.0,452500.0,1500,-2.048014590083619,True,True,5.181252529609168
-1742500.0,452500.0,1500,-6.646752077990305,True,True,5.975424247523955
-1737500.0,452500.0,1500,-6.308384427507261,True,True,5.999559441448255
-1732500.0,452500.0,1500,3.60191852292912,True,True,5.194640061955904
-1727500.0,452500.0,1500,14.55458740706744,False,True,4.632502597832017
-1722500.0,452500.0,1500,14.105459696324889,False,True,4.812568502727117
-1717500.0,452500.0,1500,8.925868014703898,False,True,4.804399040140957
-1712500.0,452500.0,1500,9.616891785252712,False,True,4.509488774224276
-1707500.0,452500.0,1500,10.160766953430032,False,False,4.339773614892489
-1702500.0,452500.0,1500,5.797382554653316,False,False,4.291022865201062
-1697500.0,452500.0,1500,0.37388853338639716,False,False,4.228124860623863
-1692500.0,452500.0,1500,-4.230861733579724,False,False,4.20686847383635
-1687500.0,452500.0,1500,-0.6466674193977642,False,False,4.5982288288540865
-1682500.0,452500.0,1500,4.626230442868136,False,False,6.713837056173284
-1677500.0,452500.0,1500,4.620596961704971,False,False,6.819949566564464
-1672500.0,452500.0,1500,10.244555193721652,False,False,4.613610959138525
-1667500.0,452500.0,1500,28.213990322781523,False,False,3.967391122781235
-1662500.0,452500.0,1500,45.56230846610279,False,False,5.051790568219532
-1657500.0,452500.0,1500,52.86990967205008,False,False,4.852397743847317
-1652500.0,452500.0,1500,61.97479152183962,False,False,3.651188893192401
-2197500.0,457500.0,1500,-1.1626663927528624,False,False,6.6514491491179735
-2192500.0,457500.0,1500,-1.17554858132242,False,False,6.430543188889552
-2187500.0,457500.0,1500,2.7185903392771866,False,False,6.194929446032362
-2182500.0,457500.0,1500,5.743198461512371,False,False,5.678103947335227
-2177500.0,457500.0,1500,7.10884972947397,False,False,5.752366907810797
-2172500.0,457500.0,1500,8.451532520671519,False,False,6.073797537914752
-2167500.0,457500.0,1500,9.63154771314496,False,False,5.987189835565005
-2162500.0,457500.0,1500,12.539677677395863,False,False,6.010440750846686
-2157500.0,457500.0,1500,16.8564278777474,False,False,5.73317629243808
-2152500.0,457500.0,1500,21.933549686406607,False,False,5.902349164881036
-2147500.0,457500.0,1500,27.997740842951576,False,False,6.496469836468537
-2142500.0,457500.0,1500,32.47490827607462,False,False,6.673982907886998
-2137500.0,457500.0,1500,34.84494268035169,False,False,6.98300228200937
-2132500.0,457500.0,1500,34.77074802086207,False,False,7.44245598334826
-2127500.0,457500.0,1500,30.91408847745735,False,False,7.801597630013239
-2122500.0,457500.0,1500,23.031021392568313,False,False,8.110518529040373
-2117500.0,457500.0,1500,14.116369754021102,False,False,8.317360812443592
-2112500.0,457500.0,1500,7.616455712126603,False,False,8.041459362002254
-2107500.0,457500.0,1500,2.560262262986655,False,False,7.064173714057991
-2102500.0,457500.0,1500,-0.5448964306440913,False,False,6.030101519068468
-2097500.0,457500.0,1500,-0.5858160625561887,False,False,5.54357133428954
-2092500.0,457500.0,1500,-0.8899501771212484,False,False,5.49978669663247
-2087500.0,457500.0,1500,-4.394887825069421,False,False,6.164773142631627
-2082500.0,457500.0,1500,-5.281259767099258,False,False,7.184702571859808
-2077500.0,457500.0,1500,-1.966894812363883,False,False,7.016488243698797
-2072500.0,457500.0,1500,-0.6524685144490331,False,False,6.799240662003205
-2067500.0,457500.0,1500,-0.9957497246715128,False,False,7.377472593109196
-2062500.0,457500.0,1500,0.3577770335922787,False,False,7.603647903803895
-2057500.0,457500.0,1500,1.926515385410745,False,False,7.5006433629440625
-2052500.0,457500.0,1500,0.7182445345195148,False,False,7.369451742675443
-2047500.0,457500.0,1500,-2.7031976717011656,False,False,7.263947951697418
-2042500.0,457500.0,1500,-10.80462774051967,False,False,6.9327552261391965
-2037500.0,457500.0,1500,-18.47375629875928,False,False,6.091575867803172
-2032500.0,457500.0,1500,-21.563289483972152,False,False,5.427231292908455
-2027500.0,457500.0,1500,-23.200586392710644,False,False,5.430113320040157
-2022500.0,457500.0,1500,-21.843269367198697,False,False,6.174842377970947
-2017500.0,457500.0,1500,-19.118045596821602,False,False,7.59321582097026
-2012500.0,457500.0,1500,-15.894450649340257,False,False,8.672032710917033
-2007500.0,457500.0,1500,-12.577256598595632,False,False,9.220363597539995
-2002500.0,457500.0,1500,-10.373818262553197,False,False,9.46776694901883
-1997500.0,457500.0,1500,-7.282192827009172,False,False,9.295936570925253
-1992500.0,457500.0,1500,-4.554235541816213,False,False,8.770919954252781
-1987500.0,457500.0,1500,-3.3486571303002433,False,False,8.201274650577405
-1982500.0,457500.0,1500,-2.1385523841707843,False,False,8.026011802096
-1977500.0,457500.0,1500,-1.9150028121689668,False,False,8.444987365813589
-1972500.0,457500.0,1500,-3.618265684307692,False,False,9.277364496144227
-1967500.0,457500.0,1500,-4.890913793346291,False,False,10.171639752187946
-1962500.0,457500.0,1500,-4.083104579005388,False,False,10.933784742238
-1957500.0,457500.0,1500,-3.1940547023370747,False,False,11.550606315695005
-1952500.0,457500.0,1500,-3.6116569950026354,False,False,12.036179721112273
-1947500.0,457500.0,1500,-3.660660778405284,False,False,12.354734337287576
-1942500.0,457500.0,1500,-4.664979272486501,False,False,12.462371000087263
-1937500.0,457500.0,1500,-7.500266973580323,False,False,12.355983907608884
-1932500.0,457500.0,1500,-7.926222701434062,False,False,12.071395036504214
-1927500.0,457500.0,1500,-6.126367774108207,False,False,11.660987413642882
-1922500.0,457500.0,1500,-5.558702026876918,False,False,11.170466742108152
-1917500.0,457500.0,1500,-6.632311748647243,False,False,10.629723719562865
-1912500.0,457500.0,1500,-8.326923978790504,False,False,10.081689960673708
-1907500.0,457500.0,1500,-9.962846619325534,False,False,9.617285880945111
-1902500.0,457500.0,1500,-11.110053314625599,False,False,9.34321661698967
-1897500.0,457500.0,1500,-12.505472208772828,False,False,9.328245714674692
-1892500.0,457500.0,1500,-15.111301890287265,False,False,9.569127343247798
-1887500.0,457500.0,1500,-17.699682449254706,False,False,9.98219831785156
-1882500.0,457500.0,1500,-18.882697636189427,False,False,10.430688722410359
-1877500.0,457500.0,1500,-20.530324888279885,False,False,10.542388884330848
-1872500.0,457500.0,1500,-22.74924530898823,False,False,9.249262180390026
-1867500.0,457500.0,1500,-23.51787880957398,False,False,6.0206213920806855
-1862500.0,457500.0,1500,-20.146389439310383,False,True,6.570040386789635
-1857500.0,457500.0,1500,-13.704055043385123,False,True,9.193615324152697
-1852500.0,457500.0,1500,-11.524918299382142,False,True,6.66889654326324
-1847500.0,457500.0,1500,-17.045452141368347,False,True,5.584562241459237
-1842500.0,457500.0,1500,-21.151606648534127,False,True,5.535192103074849
-1837500.0,457500.0,1500,-23.322137148078966,False,True,5.50770986978523
-1832500.0,457500.0,1500,-30.06506817701317,False,True,5.492525586918655
-1827500.0,457500.0,1500,-30.43199922505565,False,True,5.465550230829915
-1822500.0,457500.0,1500,-23.23193949251925,True,True,5.516001070224227
-1817500.0,457500.0,1500,-15.591081236172256,True,True,5.487292948683753
-1812500.0,457500.0,1500,-10.235849518716709,True,True,5.433393356337142
-1807500.0,457500.0,1500,-6.300761510486452,True,True,5.391322016985315
-1802500.0,457500.0,1500,-1.1971410671071459,True,True,5.61170396662493
-1797500.0,457500.0,1500,9.13414450228439,False,True,5.41402085215926
-1792500.0,457500.0,1500,28.882283462290207,False,True,5.041068623767104
-1787500.0,457500.0,1500,46.8918253394972,False,True,4.55043584876315
-1782500.0,457500.0,1500,53.94544806903518,False,True,4.397206364589877
-1777500.0,457500.0,1500,56.21394686037276,False,True,4.249128703536378
-1772500.0,457500.0,1500,56.006211092759244,False,True,4.29295249653719
-1767500.0,457500.0,1500,52.14736022429495,False,True,4.4586117148517905
-1762500.0,457500.0,1500,48.42088153138911,False,True,4.678754618811737
-1757500.0,457500.0,1500,38.176040066731254,False,True,5.090915591082704
-1752500.0,457500.0,1500,20.915034509233504,False,True,5.127042062461703
-1747500.0,457500.0,1500,5.397103484868871,True,True,5.352908120991043
-1742500.0,457500.0,1500,-7.159681496420595,True,True,5.888825577228481
-1737500.0,457500.0,1500,-10.784686361667585,True,True,5.860829730402983
-1732500.0,457500.0,1500,-2.182315276435431,True,True,5.232389908031184
-1727500.0,457500.0,1500,9.726795875195105,False,True,4.660909692067827
-1722500.0,457500.0,1500,13.95626200220086,False,True,4.464229453346871
-1717500.0,457500.0,1500,11.83947966564909,False,True,4.47863248901248
-1712500.0,457500.0,1500,11.518951236773331,False,True,4.501727010061056
-1707500.0,457500.0,1500,11.048018044737715,False,True,4.452652459789618
-1702500.0,457500.0,1500,10.908408423569304,False,False,4.381184717607678
-1697500.0,457500.0,1500,9.660267744079102,False,False,4.083238068316325
-1692500.0,457500.0,1500,2.9071144144865517,False,False,4.043471622139717
-1687500.0,457500.0,1500,2.352611741502121,False,False,4.494932245965829
-1682500.0,457500.0,1500,7.692164477641275,False,False,6.304754961266598
-1677500.0,457500.0,1500,8.939164225407316,False,False,6.292523777831903
-1672500.0,457500.0,1500,10.282087439672319,False,False,4.406769231582211
-1667500.0,457500.0,1500,22.621271652597017,False,False,3.7585851966544315
-1662500.0,457500.0,1500,40.66988777292274,False,False,4.588713915198493
-1657500.0,457500.0,1500,50.34083939047633,False,False,4.660894946702265
-1652500.0,457500.0,1500,54.69488046574462,False,False,3.6969251791501305
-2197500.0,462500.0,1500,0.21122217976703633,False,False,5.4052619969573765
-2192500.0,462500.0,1500,1.1660521030471247,False,False,5.098271280692667
-2187500.0,462500.0,1500,5.765977496845995,False,False,5.128606819832486
-2182500.0,462500.0,1500,8.93550317641461,False,False,4.9958258088852885
-2177500.0,462500.0,1500,10.718904825190457,False,False,5.299341998241648
-2172500.0,462500.0,1500,11.263160069612459,False,False,5.808305761304151
-2167500.0,462500.0,1500,10.867299612841828,False,False,6.175618969672415
-2162500.0,462500.0,1500,12.627866253902894,False,False,7.033034931300492
-2157500.0,462500.0,1500,16.883600807828547,False,False,8.145312238847481
-2152500.0,462500.0,1500,21.361307171213312,False,False,9.329887581834265
-2147500.0,462500.0,1500,26.72251813188934,False,False,10.233317594132334
-2142500.0,462500.0,1500,31.98920063230215,False,False,10.703729202041515
-2137500.0,462500.0,1500,34.02630243761603,False,False,10.956678315367585
-2132500.0,462500.0,1500,32.21191650585371,False,False,11.085595964303762
-2127500.0,462500.0,1500,27.060820359087277,False,False,11.10740010032927
-2122500.0,462500.0,1500,19.396579233562022,False,False,11.019823929653079
-2117500.0,462500.0,1500,12.388420551841273,False,False,10.767196854257271
-2112500.0,462500.0,1500,7.247989581899782,False,False,10.2484274996729
-2107500.0,462500.0,1500,2.8264592039798457,False,False,9.460884378064698
-2102500.0,462500.0,1500,-0.04247335288423171,False,False,8.552337398637954
-2097500.0,462500.0,1500,-4.449323234951903,False,False,7.640632665574399
-2092500.0,462500.0,1500,-9.645669805793993,False,False,6.758396310406686
-2087500.0,462500.0,1500,-10.524011246516041,False,False,6.614196052066802
-2082500.0,462500.0,1500,-6.2648220487296165,False,False,7.155082985075602
-2077500.0,462500.0,1500,-0.37528663996007006,False,False,6.526711206737726
-2072500.0,462500.0,1500,1.8599162882203841,False,False,5.61106311991797
-2067500.0,462500.0,1500,1.7127525000682788,False,False,5.5667345939998585
-2062500.0,462500.0,1500,1.5525214466960586,False,False,5.7197667797350755
-2057500.0,462500.0,1500,0.7132404223221728,False,False,6.002283373067332
-2052500.0,462500.0,1500,-1.9292561485534048,False,False,6.279526000183942
-2047500.0,462500.0,1500,-6.50103443792386,False,False,5.8588153208048785
-2042500.0,462500.0,1500,-12.812468852372144,False,False,5.240493113841734
-2037500.0,462500.0,1500,-17.97493743552993,False,False,5.089558948253726
-2032500.0,462500.0,1500,-20.715391407842326,False,False,5.4566195901694545
-2027500.0,462500.0,1500,-22.203470532228934,False,False,6.939543267001392
-2022500.0,462500.0,1500,-21.902280462657913,False,False,8.558065765520084
-2017500.0,462500.0,1500,-20.699420419884184,False,False,9.373642502876045
-2012500.0,462500.0,1500,-18.510955045499706,False,False,9.522822869696665
-2007500.0,462500.0,1500,-14.558763768245909,False,False,9.315992391175616
-2002500.0,462500.0,1500,-11.405727850214657,False,False,8.888753186457095
-1997500.0,462500.0,1500,-8.916939613754732,False,False,8.347094147199236
-1992500.0,462500.0,1500,-6.768807271635677,False,False,8.0321187049732
-1987500.0,462500.0,1500,-6.025665668697084,False,False,8.26343641204709
-1982500.0,462500.0,1500,-4.824663775735387,False,False,9.015360483434
-1977500.0,462500.0,1500,-3.8275251200194567,False,False,9.97816155508595
-1972500.0,462500.0,1500,-4.719997636434305,False,False,10.845115327626912
-1967500.0,462500.0,1500,-5.637524294283869,False,False,11.473364107762919
-1962500.0,462500.0,1500,-4.283538116097651,False,False,11.86685637968727
-1957500.0,462500.0,1500,-2.895604372004967,False,False,12.086069682069375
-1952500.0,462500.0,1500,-3.257845159750289,False,False,12.166702424347639
-1947500.0,462500.0,1500,-3.5134933710367804,False,False,12.105252679954333
-1942500.0,462500.0,1500,-3.059646879972131,False,False,11.887892426327571
-1937500.0,462500.0,1500,-3.5596925121725684,False,False,11.514951718294276
-1932500.0,462500.0,1500,-4.422620506590053,False,False,11.01495321451039
-1927500.0,462500.0,1500,-4.389976551931465,False,False,10.451299468421361
-1922500.0,462500.0,1500,-5.042952367108159,False,False,9.91658206168525
-1917500.0,462500.0,1500,-6.290884623154328,False,False,9.50710998882581
-1912500.0,462500.0,1500,-7.19049353271791,False,False,9.30413903855397
-1907500.0,462500.0,1500,-9.177452834577037,False,False,9.358442375322928
-1902500.0,462500.0,1500,-11.282572514013637,False,False,9.668066918298074
-1897500.0,462500.0,1500,-13.206501399845884,False,False,10.173020666243264
-1892500.0,462500.0,1500,-16.45737049229593,False,False,10.770282382338351
-1887500.0,462500.0,1500,-19.395853064224706,False,False,11.339817750107455
-1882500.0,462500.0,1500,-21.001842563265203,False,False,11.739558292920684
-1877500.0,462500.0,1500,-22.996506027140583,False,False,11.654680674372026
-1872500.0,462500.0,1500,-25.419581901039233,False,False,10.337789184745347
-1867500.0,462500.0,1500,-27.279644326178342,False,False,6.418097992655558
-1862500.0,462500.0,1500,-26.741938651847825,False,False,6.042797249917015
-1857500.0,462500.0,1500,-24.68981791468233,False,False,8.85893093765075
-1852500.0,462500.0,1500,-25.174942430774166,False,True,6.838648508705661
-1847500.0,462500.0,1500,-28.2243531006629,False,True,5.673987554810443
-1842500.0,462500.0,1500,-23.013126664936646,False,True,5.611245777898211
-1837500.0,462500.0,1500,-18.50512792937791,False,True,5.5836077492837095
-1832500.0,462500.0,1500,-26.680659031457925,False,True,5.6336721509313
-1827500.0,462500.0,1500,-26.61632985085543,False,True,5.637116739232971
-1822500.0,462500.0,1500,-15.125978303154241,False,True,5.628196251962955
-1817500.0,462500.0,1500,-2.405221040065052,False,True,5.550931155022453
-1812500.0,462500.0,1500,8.69232339874558,False,True,5.498911555363975
-1807500.0,462500.0,1500,12.00008516947235,True,True,5.450168320325301
-1802500.0,462500.0,1500,4.8640051671295375,True,True,5.5513339589503055
-1797500.0,462500.0,1500,2.673625781533204,True,True,5.440571587175689
-1792500.0,462500.0,1500,17.218839060282765,True,True,5.1271466465332125
-1787500.0,462500.0,1500,38.39599801326062,False,True,4.574531566753734
-1782500.0,462500.0,1500,53.232541482670214,False,True,4.450114229838912
-1777500.0,462500.0,1500,58.47095071983309,False,True,4.3637563087146765
-1772500.0,462500.0,1500,57.67675398430785,False,True,4.384374040581868
-1767500.0,462500.0,1500,53.99917923311485,False,True,4.549535986015649
-1762500.0,462500.0,1500,50.540406282545064,False,True,4.615540868002221
-1757500.0,462500.0,1500,44.64134128578232,False,True,4.810237463103217
-1752500.0,462500.0,1500,35.651721860875945,False,True,5.057237847837524
-1747500.0,462500.0,1500,22.374599050547804,False,True,5.323212483674613
-1742500.0,462500.0,1500,5.922539352284676,False,True,5.616035044058769
-1737500.0,462500.0,1500,-3.5130693602050136,True,True,5.623433856654857
-1732500.0,462500.0,1500,-5.807588462780938,True,True,5.1684996563093595
-1727500.0,462500.0,1500,-1.1501187006180158,False,True,4.986733172583767
-1722500.0,462500.0,1500,6.460477032287265,False,True,4.929721558033043
-1717500.0,462500.0,1500,9.529385608824184,False,True,4.519957242467363
-1712500.0,462500.0,1500,8.741666178499251,False,True,4.445061554638343
-1707500.0,462500.0,1500,5.740889772904468,False,True,4.486008441520974
-1702500.0,462500.0,1500,7.383310580433578,False,True,4.343979981425657
-1697500.0,462500.0,1500,10.201862791742855,False,False,4.014673058036899
-1692500.0,462500.0,1500,6.91295808065943,False,False,3.9658942790116636
-1687500.0,462500.0,1500,4.014949491130323,False,False,4.238766793312647
-1682500.0,462500.0,1500,7.028997816953781,False,False,5.4034526404360195
-1677500.0,462500.0,1500,10.18804630090034,False,False,5.415367388775263
-1672500.0,462500.0,1500,9.5215182151369,False,False,4.1737415225225964
-1667500.0,462500.0,1500,15.090382437665658,False,False,3.9134249599199826
-1662500.0,462500.0,1500,27.222743882961897,False,False,5.072360639610394
-1657500.0,462500.0,1500,33.72247956870699,False,False,5.368214153468147
-1652500.0,462500.0,1500,38.09455605257851,False,False,4.111581370965061
-2197500.0,467500.0,1500,2.0077818816225603,False,False,5.898217947792967
-2192500.0,467500.0,1500,3.2148115429941924,False,False,6.193420128067357
-2187500.0,467500.0,1500,7.23426287318303,False,False,6.87189955830031
-2182500.0,467500.0,1500,9.994442393104652,False,False,7.678485388877945
-2177500.0,467500.0,1500,11.324410804614299,False,False,8.263958771510367
-2172500.0,467500.0,1500,11.850809608536307,False,False,8.592744809333519
-2167500.0,467500.0,1500,11.329143118199019,False,False,8.776556763832453
-2162500.0,467500.0,1500,12.390138800384547,False,False,9.184646344525477
-2157500.0,467500.0,1500,16.328207153573604,False,False,9.975633761355137
-2152500.0,467500.0,1500,20.174345404102016,False,False,10.905502631956837
-2147500.0,467500.0,1500,24.582151461417197,False,False,11.643111784846022
-2142500.0,467500.0,1500,29.876023192593692,False,False,12.058235462275377
-2137500.0,467500.0,1500,31.300580287638613,False,False,12.1900056698202
-2132500.0,467500.0,1500,28.591465616917557,False,False,12.108173687643456
-2127500.0,467500.0,1500,23.4825465617939,False,False,11.851759238254385
-2122500.0,467500.0,1500,16.203933669392356,False,False,11.438486837768169
-2117500.0,467500.0,1500,10.367401126119551,False,False,10.858232174697891
-2112500.0,467500.0,1500,6.226106456298316,False,False,10.081074143916396
-2107500.0,467500.0,1500,2.5788792730153127,False,False,9.18025202550774
-2102500.0,467500.0,1500,2.0280084071642013,False,False,8.389773041584649
-2097500.0,467500.0,1500,-0.0646245320175063,False,False,7.875400115123342
-2092500.0,467500.0,1500,-4.688868533519476,False,False,7.620093548702237
-2087500.0,467500.0,1500,-5.848485844428766,False,False,7.54674372087598
-2082500.0,467500.0,1500,-4.054296023167843,False,False,7.507461112811153
-2077500.0,467500.0,1500,-0.46153036203093695,False,False,7.11555651747846
-2072500.0,467500.0,1500,1.207539139793368,False,False,6.40300892806013
-2067500.0,467500.0,1500,1.4307654960540734,False,False,5.708596152819985
-2062500.0,467500.0,1500,2.3182894456285386,False,False,5.134534983624342
-2057500.0,467500.0,1500,1.07972613765439,False,False,4.472614829065673
-2052500.0,467500.0,1500,-1.2232966974628576,False,False,4.470179179654224
-2047500.0,467500.0,1500,-4.124031550788791,False,False,4.1384975626352825
-2042500.0,467500.0,1500,-8.530548737481261,False,False,3.8692037139065607
-2037500.0,467500.0,1500,-12.178693028113804,False,False,5.247320159908588
-2032500.0,467500.0,1500,-15.08833431752164,False,False,6.803412546198225
-2027500.0,467500.0,1500,-18.262403996452846,False,False,8.076028254954078
-2022500.0,467500.0,1500,-19.938063075336537,False,False,9.050989372802889
-2017500.0,467500.0,1500,-20.984199484024003,False,False,9.353220497306857
-2012500.0,467500.0,1500,-20.952048743158073,False,True,8.963449721345478
-2007500.0,467500.0,1500,-17.835605793093308,False,False,8.358560641351193
-2002500.0,467500.0,1500,-14.8882163917816,False,False,7.976867046190788
-1997500.0,467500.0,1500,-12.841079241883033,False,False,8.024752101790137
-1992500.0,467500.0,1500,-10.33481281563265,False,False,8.600558498588132
-1987500.0,467500.0,1500,-8.809427475725345,False,False,9.55515621653672
-1982500.0,467500.0,1500,-7.510911051477746,False,False,10.54492215098401
-1977500.0,467500.0,1500,-5.867613443396256,False,False,11.302813663092143
-1972500.0,467500.0,1500,-4.625138254689362,False,False,11.744022384147893
-1967500.0,467500.0,1500,-4.5068960557456474,False,False,11.91238857254022
-1962500.0,467500.0,1500,-3.41125604242812,False,False,11.901915122908548
-1957500.0,467500.0,1500,-1.5252188308414107,False,False,11.775945498998425
-1952500.0,467500.0,1500,-1.9457409777642731,False,False,11.537017331429718
-1947500.0,467500.0,1500,-2.5504780078185965,False,False,11.179152283681077
-1942500.0,467500.0,1500,-2.2097429354303517,False,False,10.730524174980706
-1937500.0,467500.0,1500,-2.5145135705378694,False,False,10.235891915116337
-1932500.0,467500.0,1500,-2.9448203316397508,False,False,9.759697306133202
-1927500.0,467500.0,1500,-3.5705469358100483,False,False,9.400210437208855
-1922500.0,467500.0,1500,-4.7892381066572645,False,False,9.259010402931692
-1917500.0,467500.0,1500,-5.766637897286948,False,False,9.383273467792154
-1912500.0,467500.0,1500,-6.801816299901422,False,False,9.750148088771326
-1907500.0,467500.0,1500,-9.231309046188855,False,False,10.29291872011963
-1902500.0,467500.0,1500,-11.98426378600412,False,False,10.92149155889036
-1897500.0,467500.0,1500,-14.43816040703274,False,False,11.548661324852901
-1892500.0,467500.0,1500,-17.530611454426047,False,False,12.105656046091196
-1887500.0,467500.0,1500,-20.351937398226653,False,False,12.532579792755222
-1882500.0,467500.0,1500,-22.204485172914705,False,False,12.735109770151723
-1877500.0,467500.0,1500,-24.075483013709704,False,False,12.479205982223373
-1872500.0,467500.0,1500,-26.259423408075,False,False,11.180660519958966
-1867500.0,467500.0,1500,-27.2478828203611,False,False,7.396736110686532
-1862500.0,467500.0,1500,-27.980295114036718,False,False,6.070063902006799
-1857500.0,467500.0,1500,-29.567421823429964,False,False,8.32004702898409
-1852500.0,467500.0,1500,-30.891705241114394,False,False,6.997660920997582
-1847500.0,467500.0,1500,-32.31547086021312,False,False,5.78334535361784
-1842500.0,467500.0,1500,-27.140910456307907,False,True,5.684163116245786
-1837500.0,467500.0,1500,-22.57997074922303,False,True,5.6506109136545515
-1832500.0,467500.0,1500,-25.051202263082796,False,True,5.686034336998857
-1827500.0,467500.0,1500,-18.995356331272923,False,True,5.682597607432125
-1822500.0,467500.0,1500,-2.9674396188079135,False,True,5.695827046781467
-1817500.0,467500.0,1500,14.642743720158931,False,True,5.576991760895069
-1812500.0,467500.0,1500,30.47115590131897,False,True,5.4458233837485714
-1807500.0,467500.0,1500,35.87626046715875,False,True,5.279755263551532
-1802500.0,467500.0,1500,19.971592163220215,False,True,5.339121335040022
-1797500.0,467500.0,1500,9.330749060696121,True,True,5.3437469760736285
-1792500.0,467500.0,1500,22.783045851280807,False,True,5.112451871521295
-1787500.0,467500.0,1500,39.02540634552718,False,True,4.773734930668226
-1782500.0,467500.0,1500,50.18689685715183,False,True,4.671057007870207
-1777500.0,467500.0,1500,56.795687142248134,False,True,4.575731868531891
-1772500.0,467500.0,1500,55.38930392556256,False,True,4.575253842044585
-1767500.0,467500.0,1500,50.01045949601554,False,True,4.677805584087622
-1762500.0,467500.0,1500,46.573025968477545,False,True,4.686250979042748
-1757500.0,467500.0,1500,45.414299260073896,False,True,4.661532083059714
-1752500.0,467500.0,1500,43.50261808786395,False,True,4.757482337840486
-1747500.0,467500.0,1500,37.936039012657865,False,True,4.873160595147259
-1742500.0,467500.0,1500,27.588223907333234,False,True,5.038501679215372
-1737500.0,467500.0,1500,12.673143575932299,False,True,5.305881714607512
-1732500.0,467500.0,1500,-3.8135081306329552,True,True,5.205566641236097
-1727500.0,467500.0,1500,-10.363013697923833,True,True,5.257894157705075
-1722500.0,467500.0,1500,-7.128324589676765,False,True,5.375455914192699
-1717500.0,467500.0,1500,-1.1817152905626782,False,True,4.398791598935209
-1712500.0,467500.0,1500,0.7901604421459708,False,True,4.11046759851452
-1707500.0,467500.0,1500,-2.5268149794403034,False,True,4.5375921673231385
-1702500.0,467500.0,1500,0.14131428678982313,False,True,4.399795740515094
-1697500.0,467500.0,1500,5.463360337620891,False,False,4.260939232689234
-1692500.0,467500.0,1500,6.058851223538994,False,False,4.19966506688665
-1687500.0,467500.0,1500,5.3737950770961,False,False,4.15953624567252
-1682500.0,467500.0,1500,8.592000253364446,False,False,5.090409209966184
-1677500.0,467500.0,1500,11.7942631469103,False,False,5.425836584394743
-1672500.0,467500.0,1500,10.4196900151141,False,False,4.404236484317798
-1667500.0,467500.0,1500,12.17517223214582,False,False,4.160158861348001
-1662500.0,467500.0,1500,18.77091769725976,False,False,5.600647683636158
-1657500.0,467500.0,1500,18.360762439737986,False,False,5.992980501659087
-1652500.0,467500.0,1500,18.0899675012238,False,False,4.424555188160428
-2197500.0,472500.0,1500,4.2880879415027735,False,False,9.191720009671414
-2192500.0,472500.0,1500,6.38155981178212,False,False,9.997039933085968
-2187500.0,472500.0,1500,9.016485589440116,False,False,10.230232521095937
-2182500.0,472500.0,1500,10.652978459242082,False,False,10.015929603281066
-2177500.0,472500.0,1500,11.26101349026177,False,False,9.563872848117146
-2172500.0,472500.0,1500,12.058211015410448,False,False,9.202562733300262
-2167500.0,472500.0,1500,11.935614300511855,False,False,9.256991278679862
-2162500.0,472500.0,1500,12.926322599288786,False,False,9.819067329329304
-2157500.0,472500.0,1500,16.125615662518143,False,False,10.693138820833425
-2152500.0,472500.0,1500,18.98715037280818,False,False,11.542963169140851
-2147500.0,472500.0,1500,22.257230589743088,False,False,12.116671209457861
-2142500.0,472500.0,1500,25.756341588340934,False,False,12.338326268778268
-2137500.0,472500.0,1500,26.210855288746014,False,False,12.242204473041479
-2132500.0,472500.0,1500,23.534644974267092,False,False,11.887999460571507
-2127500.0,472500.0,1500,19.249629819038084,False,False,11.334047572656363
-2122500.0,472500.0,1500,13.187115441021914,False,False,10.642486621830034
-2117500.0,472500.0,1500,7.254425050898076,False,False,9.86664543031635
-2112500.0,472500.0,1500,3.196153841781187,False,False,9.058905299734713
-2107500.0,472500.0,1500,0.6715989907773112,False,False,8.358345124656458
-2102500.0,472500.0,1500,1.1798116622335924,False,False,7.939900049072502
-2097500.0,472500.0,1500,1.9229533955828015,False,False,7.759302713774881
-2092500.0,472500.0,1500,-0.06503487437056024,False,False,7.651694066102989
-2087500.0,472500.0,1500,-1.766354845955257,False,False,7.553721123747814
-2082500.0,472500.0,1500,0.4500564760280113,False,False,7.453347570505581
-2077500.0,472500.0,1500,6.85889338640944,False,False,7.310200150019784
-2072500.0,472500.0,1500,6.277814416644625,False,False,6.806404241627909
-2067500.0,472500.0,1500,2.102183301792122,False,False,5.717280385392085
-2062500.0,472500.0,1500,3.1336992974321882,False,False,5.075598313455891
-2057500.0,472500.0,1500,2.6407911048020267,False,False,4.878358834167759
-2052500.0,472500.0,1500,1.4593368774294166,False,False,5.087470165075804
-2047500.0,472500.0,1500,1.0293995450219742,False,False,5.52060672553139
-2042500.0,472500.0,1500,-2.0459632166986963,False,False,5.628818896986407
-2037500.0,472500.0,1500,-5.133753044868304,False,False,5.755730646573191
-2032500.0,472500.0,1500,-8.147659362670531,False,False,5.616788059674939
-2027500.0,472500.0,1500,-13.042799001179626,False,False,5.725130725702647
-2022500.0,472500.0,1500,-15.946735816518,False,True,6.520359848525483
-2017500.0,472500.0,1500,-18.79723380605647,False,True,7.376514969521973
-2012500.0,472500.0,1500,-21.799427586739,False,True,7.610910442994122
-2007500.0,472500.0,1500,-21.1304633764216,False,True,7.574321204584892
-2002500.0,472500.0,1500,-19.41391716871554,False,True,7.915104923568364
-1997500.0,472500.0,1500,-17.794253506348998,False,False,8.682630244837561
-1992500.0,472500.0,1500,-14.72422563537698,False,False,9.675940369145627
-1987500.0,472500.0,1500,-11.686148938773519,False,False,10.638408025775355
-1982500.0,472500.0,1500,-10.074761628925627,False,False,11.368886821496881
-1977500.0,472500.0,1500,-7.893621176201989,False,False,11.7483090746542
-1972500.0,472500.0,1500,-4.238948921482675,False,False,11.755848346221017
-1967500.0,472500.0,1500,-2.382396214763817,False,False,11.489266413318532
-1962500.0,472500.0,1500,-0.8571170028019509,False,False,11.113400313806245
-1957500.0,472500.0,1500,1.1286065812470625,False,False,10.72809972863825
-1952500.0,472500.0,1500,0.2761807043686644,False,False,10.317208324544104
-1947500.0,472500.0,1500,-0.34707458281628917,False,False,9.879103546572983
-1942500.0,472500.0,1500,-0.23726784799881928,False,False,9.506874831263573
-1937500.0,472500.0,1500,-1.48944353131897,False,False,9.288080975457833
-1932500.0,472500.0,1500,-1.9262903455889724,False,False,9.259594213733745
-1927500.0,472500.0,1500,-2.479402839693852,False,False,9.446477199355979
-1922500.0,472500.0,1500,-4.218422134526334,False,False,9.84843460899795
-1917500.0,472500.0,1500,-5.469584936582839,False,False,10.411144529286048
-1912500.0,472500.0,1500,-6.930523908363653,False,False,11.044189161216217
-1907500.0,472500.0,1500,-9.70930174041381,False,False,11.670138473658685
-1902500.0,472500.0,1500,-12.812251838056742,False,False,12.238400052488048
-1897500.0,472500.0,1500,-15.340131666092303,False,False,12.717306617303267
-1892500.0,472500.0,1500,-18.05010369428077,False,False,13.086924978117741
-1887500.0,472500.0,1500,-20.89901831564723,False,False,13.322411740152027
-1882500.0,472500.0,1500,-22.49605924018321,False,False,13.35880385143453
-1877500.0,472500.0,1500,-24.216276139233997,False,False,13.01819088366264
-1872500.0,472500.0,1500,-26.646425058966052,False,False,11.799597895204805
-1867500.0,472500.0,1500,-27.54497303977764,False,False,8.514370370192161
-1862500.0,472500.0,1500,-28.336010543060436,False,False,6.1377578376923445
-1857500.0,472500.0,1500,-29.983396215509064,False,False,7.524680211568633
-1852500.0,472500.0,1500,-30.7695615012211,False,False,7.078943397222045
-1847500.0,472500.0,1500,-31.24892928157776,False,False,5.839226854261746
-1842500.0,472500.0,1500,-28.86283662081275,False,False,5.734061571416239
-1837500.0,472500.0,1500,-26.7458067456107,False,False,5.696608055612227
-1832500.0,472500.0,1500,-24.568741526049024,False,True,5.682484122992099
-1827500.0,472500.0,1500,-13.060338285828891,False,True,5.648383458476054
-1822500.0,472500.0,1500,7.815681583609391,False,True,5.716889084679027
-1817500.0,472500.0,1500,29.489999198031345,False,True,5.496241189896037
-1812500.0,472500.0,1500,47.729915875601094,False,True,5.2045570890993105
-1807500.0,472500.0,1500,55.59254587721229,False,True,4.989789256152515
-1802500.0,472500.0,1500,38.86161815785746,False,True,5.086010292066524
-1797500.0,472500.0,1500,20.094966198688063,True,True,5.365079130923437
-1792500.0,472500.0,1500,26.686422300215717,False,True,5.284080122043636
-1787500.0,472500.0,1500,40.82838554963609,False,True,4.99181555968816
-1782500.0,472500.0,1500,50.65506984873259,False,True,4.828271780242427
-1777500.0,472500.0,1500,56.82550967816213,False,True,4.708112269802215
-1772500.0,472500.0,1500,53.18606574566542,False,True,4.7504598680549925
-1767500.0,472500.0,1500,44.72568460446809,False,True,4.8839373145544
-1762500.0,472500.0,1500,40.66026980343471,False,True,4.873883047625364
-1757500.0,472500.0,1500,42.838323980269955,False,True,4.66160696149133
-1752500.0,472500.0,1500,43.23197893179374,False,True,4.560581516161844
-1747500.0,472500.0,1500,42.56648436430642,False,True,4.61884936337804
-1742500.0,472500.0,1500,41.77536301513421,False,True,4.749545521260556
-1737500.0,472500.0,1500,28.9509756651638,False,True,5.10512022972691
-1732500.0,472500.0,1500,5.199567604573252,False,True,5.281391233107311
-1727500.0,472500.0,1500,-11.03344867065771,True,True,5.334418977560442
-1722500.0,472500.0,1500,-17.373265124894107,True,True,5.319027165320276
-1717500.0,472500.0,1500,-13.74848567125684,True,True,4.102393086818873
-1712500.0,472500.0,1500,-8.064955932579217,False,True,3.851811850551515
-1707500.0,472500.0,1500,-7.949711706190258,False,True,4.727240957281854
-1702500.0,472500.0,1500,-2.581258735949088,False,True,4.616382414955684
-1697500.0,472500.0,1500,4.009885463421215,False,True,4.46488685181026
-1692500.0,472500.0,1500,5.843034761937407,False,False,4.372552588730108
-1687500.0,472500.0,1500,7.0083552079484255,False,False,4.338575470964514
-1682500.0,472500.0,1500,11.206958246936521,False,False,5.546930069984176
-1677500.0,472500.0,1500,13.120136857096405,False,False,6.1730739369080885
-1672500.0,472500.0,1500,10.759922015843065,False,False,4.828493626248187
-1667500.0,472500.0,1500,8.954074130359928,False,False,4.205682701504195
-1662500.0,472500.0,1500,11.387386465044973,False,False,5.589625806088551
-1657500.0,472500.0,1500,7.771925610349415,False,False,5.949739193313284
-1652500.0,472500.0,1500,2.870155912779828,False,False,4.406441818619779
-2197500.0,477500.0,1500,6.0546369459769,False,False,11.44364046609621
-2192500.0,477500.0,1500,9.214236918934139,False,False,11.308837123166619
-2187500.0,477500.0,1500,11.104253777924361,False,False,10.796572341857509
-2182500.0,477500.0,1500,12.098972679156892,False,False,10.049785615669087
-2177500.0,477500.0,1500,12.563100974105017,False,False,9.426907012307868
-2172500.0,477500.0,1500,12.894238316581752,False,False,9.318540473515238
-2167500.0,477500.0,1500,13.226378348564854,False,False,9.800112092973217
-2162500.0,477500.0,1500,14.031096579197664,False,False,10.594249819869699
-2157500.0,477500.0,1500,15.582101871268314,False,False,11.3649824735113
-2152500.0,477500.0,1500,17.3568729604906,False,False,11.902508782287676
-2147500.0,477500.0,1500,19.160469686608852,False,False,12.118197531396248
-2142500.0,477500.0,1500,20.81772428947461,False,False,12.007350697612601
-2137500.0,477500.0,1500,20.884513900713284,False,False,11.610019062367474
-2132500.0,477500.0,1500,18.32532817055666,False,False,10.987389081482402
-2127500.0,477500.0,1500,14.266508626981723,False,False,10.23133205483734
-2122500.0,477500.0,1500,8.208885215232554,False,False,9.466864940364193
-2117500.0,477500.0,1500,1.8038707555768196,False,False,8.808216582088122
-2112500.0,477500.0,1500,-1.2449348307517327,False,False,8.314739713634745
-2107500.0,477500.0,1500,-2.6687409326766613,False,False,8.037954821769395
-2102500.0,477500.0,1500,-3.6331762406290973,False,False,7.957367445265361
-2097500.0,477500.0,1500,-1.754324109574253,False,False,7.874712242295896
-2092500.0,477500.0,1500,0.0918390452795779,False,False,7.684069118754801
-2087500.0,477500.0,1500,-0.2514303197047273,False,False,7.407401841581328
-2082500.0,477500.0,1500,2.5901701198064635,False,False,6.768871933744452
-2077500.0,477500.0,1500,8.599932768398421,False,False,5.658490640743232
-2072500.0,477500.0,1500,4.972022906156386,False,False,5.106881794715088
-2067500.0,477500.0,1500,-1.4253226498177436,False,False,4.966454116529389
-2062500.0,477500.0,1500,0.36784337599588296,False,False,5.243632331557109
-2057500.0,477500.0,1500,2.2117821121472065,False,False,6.287751929794414
-2052500.0,477500.0,1500,2.6985031733150806,False,False,7.280136245108318
-2047500.0,477500.0,1500,1.1426390857687074,False,False,8.162176172792309
-2042500.0,477500.0,1500,-0.08789365336699236,False,False,8.544315178044279
-2037500.0,477500.0,1500,1.6971190746407012,False,False,7.976530598463447
-2032500.0,477500.0,1500,0.12276754991961868,False,False,6.729035547325046
-2027500.0,477500.0,1500,-5.946541582963724,False,True,5.70592680637273
-2022500.0,477500.0,1500,-9.90311861838854,False,True,5.543156810682673
-2017500.0,477500.0,1500,-14.165378785901105,False,True,5.811338169012089
-2012500.0,477500.0,1500,-20.177855113598127,False,True,5.667828228694752
-2007500.0,477500.0,1500,-21.983016914731998,False,True,5.57762967050966
-2002500.0,477500.0,1500,-22.04041847567503,False,True,6.40054946573298
-1997500.0,477500.0,1500,-22.447498671966173,False,True,7.727103145017049
-1992500.0,477500.0,1500,-20.132258953650744,False,False,9.01640749631505
-1987500.0,477500.0,1500,-16.577740738356567,False,False,10.0608516174596
-1982500.0,477500.0,1500,-14.379823253219618,False,False,10.782134354087155
-1977500.0,477500.0,1500,-10.674700323383211,False,False,11.108046018133972
-1972500.0,477500.0,1500,-5.0714133975934645,False,False,10.994531324538043
-1967500.0,477500.0,1500,-1.438781672800162,False,False,10.521098475970662
-1962500.0,477500.0,1500,0.8787634569327489,False,False,9.94610659068083
-1957500.0,477500.0,1500,2.4234773431860175,False,False,9.515160825194329
-1952500.0,477500.0,1500,1.6862906937431148,False,False,9.249699911966951
-1947500.0,477500.0,1500,0.769988918834752,False,False,9.113070383296087
-1942500.0,477500.0,1500,0.6692395752763288,False,False,9.181775184548783
-1937500.0,477500.0,1500,-0.31652704476289034,False,False,9.490194887295958
-1932500.0,477500.0,1500,-1.092144179858857,False,False,9.968681925940405
-1927500.0,477500.0,1500,-1.5600290406050406,False,False,10.542550864041157
-1922500.0,477500.0,1500,-3.630781787137889,False,False,11.155241812825338
-1917500.0,477500.0,1500,-5.810570752601783,False,False,11.757207677429967
-1912500.0,477500.0,1500,-7.5161105450275985,False,False,12.30729755615862
-1907500.0,477500.0,1500,-10.604992519045107,False,False,12.780005229012714
-1902500.0,477500.0,1500,-13.58713041905821,False,False,13.166092516023687
-1897500.0,477500.0,1500,-15.494810012982077,False,False,13.461683462130265
-1892500.0,477500.0,1500,-18.157926477582116,False,False,13.661958648286923
-1887500.0,477500.0,1500,-20.430895200140554,False,False,13.752522495040793
-1882500.0,477500.0,1500,-21.156188212878885,False,False,13.687188207011099
-1877500.0,477500.0,1500,-22.75972636134324,False,False,13.328375020916361
-1872500.0,477500.0,1500,-25.32679265575813,False,False,12.26047040592308
-1867500.0,477500.0,1500,-27.25658799894729,False,False,9.616777804530793
-1862500.0,477500.0,1500,-28.48585391970878,False,False,6.149674593686508
-1857500.0,477500.0,1500,-29.44581018561118,False,False,6.558521415117237
-1852500.0,477500.0,1500,-30.00838379490534,False,False,7.0822278867218555
-1847500.0,477500.0,1500,-29.159893761731848,False,False,5.870382021612924
-1842500.0,477500.0,1500,-26.168240849225274,False,False,5.768443435582285
-1837500.0,477500.0,1500,-24.065549426417363,False,False,5.727184255605895
-1832500.0,477500.0,1500,-22.947024944089776,False,False,5.691481015215525
-1827500.0,477500.0,1500,-11.924331436408774,False,False,5.617007753432746
-1822500.0,477500.0,1500,10.671824890222334,False,True,5.618670177908624
-1817500.0,477500.0,1500,32.99576503356684,False,True,5.3836066102915705
-1812500.0,477500.0,1500,50.06279572346255,False,True,5.315517719466167
-1807500.0,477500.0,1500,59.990903016055555,False,True,5.405413903505929
-1802500.0,477500.0,1500,53.057287931207796,False,True,5.24058136921939
-1797500.0,477500.0,1500,34.671803367033824,False,True,5.288333028486902
-1792500.0,477500.0,1500,27.95647795637148,True,True,5.3605871843274455
-1787500.0,477500.0,1500,37.443103704505965,False,True,5.094666617556257
-1782500.0,477500.0,1500,49.894848204286404,False,True,4.8406562163555815
-1777500.0,477500.0,1500,55.14060369577177,False,True,4.715900391151199
-1772500.0,477500.0,1500,53.257915534867294,False,True,4.78492347911722
-1767500.0,477500.0,1500,42.874425290528535,False,True,5.0005753659294765
-1762500.0,477500.0,1500,35.237480920121754,False,True,5.032385665551751
-1757500.0,477500.0,1500,40.17879571890094,False,True,4.835189780654626
-1752500.0,477500.0,1500,41.06255180156264,False,True,4.6966866933865505
-1747500.0,477500.0,1500,41.203314938581634,False,True,4.7140416196711765
-1742500.0,477500.0,1500,44.762622879755796,False,True,4.834667432421178
-1737500.0,477500.0,1500,35.002500429582625,False,True,5.07328097814324
-1732500.0,477500.0,1500,11.207912572153738,False,True,5.2286563423607095
-1727500.0,477500.0,1500,-8.627166896611687,True,True,5.311859445852776
-1722500.0,477500.0,1500,-17.800651431468786,True,True,5.230912111921342
-1717500.0,477500.0,1500,-16.182108267055785,True,True,3.9699699343952632
-1712500.0,477500.0,1500,-13.331077768025171,False,True,3.802567354170181
-1707500.0,477500.0,1500,-11.778163239463458,False,True,4.849465360122078
-1702500.0,477500.0,1500,-3.3129265562005763,False,True,4.745464087931644
-1697500.0,477500.0,1500,3.596705669326897,False,True,4.600394762896508
-1692500.0,477500.0,1500,6.87536111475619,False,False,4.522974557806276
-1687500.0,477500.0,1500,11.023005134363764,False,False,4.549547179655405
-1682500.0,477500.0,1500,15.066948849440644,False,False,5.884956056977838
-1677500.0,477500.0,1500,14.357525596043509,False,False,6.634511994822573
-1672500.0,477500.0,1500,10.272555467628164,False,False,5.1177649369761005
-1667500.0,477500.0,1500,5.2087077749499135,False,False,4.140290309080099
-1662500.0,477500.0,1500,3.0642580528408074,False,False,4.973370093091127
-1657500.0,477500.0,1500,1.6840727717778317,False,False,5.148840588692095
-1652500.0,477500.0,1500,3.985115414087608,False,False,4.0634494021166
-2197500.0,482500.0,1500,7.720528305372629,False,False,11.907946128518237
-2192500.0,482500.0,1500,11.430039868720401,False,False,11.21623120543531
-2187500.0,482500.0,1500,13.025331750783792,False,False,10.309003839710174
-2182500.0,482500.0,1500,13.999726582440175,False,False,9.538279214097365
-2177500.0,482500.0,1500,14.62216078573458,False,False,9.336656012102765
-2172500.0,482500.0,1500,14.340417570694775,False,False,9.809478879195009
-2167500.0,482500.0,1500,14.407911968970797,False,False,10.613711080871166
-2162500.0,482500.0,1500,14.446271461659293,False,False,11.33680429790635
-2157500.0,482500.0,1500,14.567956121654577,False,False,11.77141676287863
-2152500.0,482500.0,1500,15.080339509682197,False,False,11.868518478002699
-2147500.0,482500.0,1500,15.378010357323806,False,False,11.64620311575344
-2142500.0,482500.0,1500,16.19028864924046,False,False,11.166784954982676
-2137500.0,482500.0,1500,16.153816522743362,False,False,10.515380542366053
-2132500.0,482500.0,1500,14.264308023837497,False,False,9.779149495570246
-2127500.0,482500.0,1500,10.250493044351495,False,False,9.080484936927617
-2122500.0,482500.0,1500,2.166927443745738,False,False,8.545573850997055
-2117500.0,482500.0,1500,-5.25034916838324,False,False,8.228106487096259
-2112500.0,482500.0,1500,-7.6967641908911615,False,False,8.101115874994552
-2107500.0,482500.0,1500,-9.141996429142598,False,False,8.077781940438287
-2102500.0,482500.0,1500,-10.133852813022408,False,False,8.021668252226991
-2097500.0,482500.0,1500,-6.845873650064156,False,False,7.705515621821702
-2092500.0,482500.0,1500,-3.780072178440759,False,False,6.917985689337409
-2087500.0,482500.0,1500,-4.534605177705124,False,False,5.7529280877042694
-2082500.0,482500.0,1500,-4.693867300465594,False,False,5.210302449768937
-2077500.0,482500.0,1500,-2.5483132567549798,False,False,5.064645753724593
-2072500.0,482500.0,1500,-6.1961028150612245,False,False,5.310415000730151
-2067500.0,482500.0,1500,-9.920698573003552,False,False,6.289917284185808
-2062500.0,482500.0,1500,-5.438164308888035,False,False,7.126592436339525
-2057500.0,482500.0,1500,-0.24579083365251875,False,False,7.929603812023247
-2052500.0,482500.0,1500,4.078857171341634,False,False,8.861096246655965
-2047500.0,482500.0,1500,2.3150812636298266,False,False,9.624260528316308
-2042500.0,482500.0,1500,1.6576797516858466,False,False,9.867062805946805
-2037500.0,482500.0,1500,7.470579017166768,False,False,9.453325346353513
-2032500.0,482500.0,1500,8.273461046356129,False,False,8.622980410876135
-2027500.0,482500.0,1500,3.8114976582909317,False,True,7.807799501311067
-2022500.0,482500.0,1500,-0.2611167269441558,False,True,7.325426757857141
-2017500.0,482500.0,1500,-4.020133761547262,False,True,7.141018666127458
-2012500.0,482500.0,1500,-11.17435757307257,False,True,6.716494686048378
-2007500.0,482500.0,1500,-16.645078531151675,False,True,6.1606079533475935
-2002500.0,482500.0,1500,-18.519815788936764,False,True,6.00797936572064
-1997500.0,482500.0,1500,-20.939063945530368,False,True,6.031898200289195
-1992500.0,482500.0,1500,-21.44551503993567,False,False,6.065349217912796
-1987500.0,482500.0,1500,-20.24502011306946,False,False,6.547052993870556
-1982500.0,482500.0,1500,-18.590816106560375,False,False,7.614008131678185
-1977500.0,482500.0,1500,-14.087893996329466,False,False,8.697166442237883
-1972500.0,482500.0,1500,-7.449336848394391,False,False,9.269334728688516
-1967500.0,482500.0,1500,-2.416866996802751,False,False,9.258485949619047
-1962500.0,482500.0,1500,0.07921661182911406,False,False,9.013011816880612
-1957500.0,482500.0,1500,1.305650321313459,False,False,8.925537346694508
-1952500.0,482500.0,1500,0.9208184846464929,False,False,9.088421263907986
-1947500.0,482500.0,1500,-0.31391784660960986,False,False,9.42051541825409
-1942500.0,482500.0,1500,-0.23070470510103835,False,False,9.90556403378061
-1937500.0,482500.0,1500,-0.45527139572141284,False,False,10.506227867788844
-1932500.0,482500.0,1500,-0.8522810980317859,False,False,11.130553027645677
-1927500.0,482500.0,1500,-0.11157310362844775,False,False,11.717194379834043
-1922500.0,482500.0,1500,-2.0513357585755787,False,False,12.245645325208347
-1917500.0,482500.0,1500,-5.709494217996442,False,False,12.707832957785977
-1912500.0,482500.0,1500,-7.939811958748411,False,False,13.098330057106818
-1907500.0,482500.0,1500,-10.648426515590021,False,False,13.414014820900178
-1902500.0,482500.0,1500,-12.96501749488771,False,False,13.653955243415272
-1897500.0,482500.0,1500,-14.722305942641936,False,False,13.818044032734438
-1892500.0,482500.0,1500,-17.44149241931988,False,False,13.903319865359808
-1887500.0,482500.0,1500,-18.886389001438825,False,False,13.897557088280472
-1882500.0,482500.0,1500,-18.690721210863916,False,False,13.769694865719593
-1877500.0,482500.0,1500,-19.720903731702496,False,False,13.417811022490552
-1872500.0,482500.0,1500,-21.994245151787133,False,False,12.533142510048831
-1867500.0,482500.0,1500,-23.99479289956801,False,False,10.482290804260204
-1862500.0,482500.0,1500,-26.009939872304326,False,False,6.399073532450496
-1857500.0,482500.0,1500,-28.208286013658824,False,False,5.865668872728885
-1852500.0,482500.0,1500,-29.10386286099475,False,False,7.0296153664577465
-1847500.0,482500.0,1500,-28.384183010044065,False,False,6.043425831516672
-1842500.0,482500.0,1500,-26.108791360326798,False,False,5.870508396174525
-1837500.0,482500.0,1500,-22.99028508360878,False,False,5.691157860375837
-1832500.0,482500.0,1500,-21.243576287626826,False,False,5.623800828162279
-1827500.0,482500.0,1500,-12.319740511091542,False,False,5.588421215458766
-1822500.0,482500.0,1500,4.877123444625333,False,False,5.595127097763146
-1817500.0,482500.0,1500,20.171205067840837,False,False,5.591259509273005
-1812500.0,482500.0,1500,35.334386966846715,False,True,6.387888279667593
-1807500.0,482500.0,1500,50.6509841764171,False,True,7.166805452620354
-1802500.0,482500.0,1500,54.18903175616016,False,True,6.110690025453415
-1797500.0,482500.0,1500,46.09351327236047,False,True,5.09407990333762
-1792500.0,482500.0,1500,41.33976993503909,False,True,5.088894552364729
-1787500.0,482500.0,1500,45.98746707981867,False,True,4.962315607410137
-1782500.0,482500.0,1500,51.76943669796682,False,True,4.773431678254758
-1777500.0,482500.0,1500,52.412585792922236,False,True,4.686406395888012
-1772500.0,482500.0,1500,51.1324955295959,False,True,4.754503845021977
-1767500.0,482500.0,1500,38.983005432775094,False,True,5.066276381841645
-1762500.0,482500.0,1500,24.047722250584847,True,True,5.272419631581575
-1757500.0,482500.0,1500,23.986602041300525,False,True,5.21725770165518
-1752500.0,482500.0,1500,25.213058776056265,False,True,5.131706112994924
-1747500.0,482500.0,1500,26.88673108935689,False,True,5.066393433559845
-1742500.0,482500.0,1500,31.089955818618602,False,True,5.038732721730012
-1737500.0,482500.0,1500,23.153552347980746,False,True,5.216005899087156
-1732500.0,482500.0,1500,5.764813986340161,True,True,5.3269345612434655
-1727500.0,482500.0,1500,-6.956525331653215,True,True,5.342887253686886
-1722500.0,482500.0,1500,-11.904097860108612,True,True,5.228182730632669
-1717500.0,482500.0,1500,-12.016210923359957,False,True,4.122172211025231
-1712500.0,482500.0,1500,-12.749394258222909,False,True,4.1327535265530475
-1707500.0,482500.0,1500,-10.599581645237528,False,True,5.210451609550466
-1702500.0,482500.0,1500,-3.056767555347577,False,True,4.987427218688676
-1697500.0,482500.0,1500,1.7279616889681932,False,False,4.720078637721245
-1692500.0,482500.0,1500,9.363173322671987,False,False,4.6130400786218
-1687500.0,482500.0,1500,19.485478624772103,False,False,4.584498609713919
-1682500.0,482500.0,1500,21.55246133379521,False,False,5.712192449246514
-1677500.0,482500.0,1500,16.879962203614106,False,False,6.40723986274582
-1672500.0,482500.0,1500,10.967369326281748,False,False,5.052954346553719
-1667500.0,482500.0,1500,4.211776125892714,False,False,4.029648555852893
-1662500.0,482500.0,1500,0.2000092453916123,False,False,4.4397399197046585
-1657500.0,482500.0,1500,2.1122104612177064,False,False,4.707219132672957
-1652500.0,482500.0,1500,11.734800568477981,False,False,4.044704506276558
-2197500.0,487500.0,1500,9.166729585726038,False,False,11.48498885598421
-2192500.0,487500.0,1500,12.95760751898286,False,False,10.50928039022494
-2187500.0,487500.0,1500,15.409638736847187,False,False,9.63754196413209
-2182500.0,487500.0,1500,16.501346742388513,False,False,9.324863452201273
-2177500.0,487500.0,1500,16.721079658543974,False,False,9.739367070362501
-2172500.0,487500.0,1500,16.290059518860655,False,False,10.550159406925157
-2167500.0,487500.0,1500,15.678915799381196,False,False,11.27777624051682
-2162500.0,487500.0,1500,14.638632642162246,False,False,11.655572984727323
-2157500.0,487500.0,1500,13.461283200024171,False,False,11.636827862974323
-2152500.0,487500.0,1500,12.500825532018075,False,False,11.272241957317519
-2147500.0,487500.0,1500,12.337562471876236,False,False,10.651655655747362
-2142500.0,487500.0,1500,12.914341652409327,False,False,9.92347159291634
-2137500.0,487500.0,1500,11.977277447931286,False,False,9.250818300541658
-2132500.0,487500.0,1500,9.356009288415429,False,False,8.700076434770628
-2127500.0,487500.0,1500,4.5291391534016086,False,False,8.311565251136225
-2122500.0,487500.0,1500,-4.130272552133558,False,False,8.116900554465534
-2117500.0,487500.0,1500,-11.592016981958183,False,False,8.055101977264657
-2112500.0,487500.0,1500,-15.1202953692957,False,False,8.029804746425604
-2107500.0,487500.0,1500,-18.20166150092347,False,False,7.809751919350732
-2102500.0,487500.0,1500,-20.7023710903592,False,False,7.065116236219502
-2097500.0,487500.0,1500,-20.13000658493482,False,False,5.875566454827577
-2092500.0,487500.0,1500,-18.136357391449227,False,False,5.364416933307026
-2087500.0,487500.0,1500,-18.540197668109304,False,False,5.246112614517889
-2082500.0,487500.0,1500,-20.44720382897571,False,False,5.4973355870505065
-2077500.0,487500.0,1500,-19.68805027665827,False,False,6.43304937637234
-2072500.0,487500.0,1500,-19.040220533733862,False,False,7.086486524479243
-2067500.0,487500.0,1500,-16.608910216822988,False,False,7.7380259221132945
-2062500.0,487500.0,1500,-9.68350241438957,False,False,8.660379275958022
-2057500.0,487500.0,1500,-3.9232710622790488,False,False,9.508824934062222
-2052500.0,487500.0,1500,1.3451282155591726,False,False,9.985650780325203
-2047500.0,487500.0,1500,2.336830256738248,False,False,9.97639199938129
-2042500.0,487500.0,1500,1.5757029401087868,False,False,9.481126033699322
-2037500.0,487500.0,1500,6.8667145093336535,False,False,8.713102537228519
-2032500.0,487500.0,1500,12.901707433085713,False,True,7.965942564005855
-2027500.0,487500.0,1500,14.474715792355118,False,True,7.675491663831901
-2022500.0,487500.0,1500,11.133613229695978,False,True,8.088032404833061
-2017500.0,487500.0,1500,7.210567805520756,False,True,8.915238808334102
-2012500.0,487500.0,1500,1.9295173635229894,True,True,9.62204349310402
-2007500.0,487500.0,1500,-5.671241845698692,False,True,9.614308321799177
-2002500.0,487500.0,1500,-10.70900121909065,False,True,8.853226900730023
-1997500.0,487500.0,1500,-14.15541599328975,False,True,7.709965903065665
-1992500.0,487500.0,1500,-17.23474731453558,False,True,6.546916506671298
-1987500.0,487500.0,1500,-19.07544290967542,False,False,5.926360643710559
-1982500.0,487500.0,1500,-19.25466191627223,False,False,5.946053429251485
-1977500.0,487500.0,1500,-16.34952644230448,False,False,6.171788301785071
-1972500.0,487500.0,1500,-10.204006367827892,False,False,6.125190021102235
-1967500.0,487500.0,1500,-4.830920391223593,False,False,6.293050824025092
-1962500.0,487500.0,1500,-2.8791691078638397,False,False,7.047899493432543
-1957500.0,487500.0,1500,-2.328406874185279,False,False,7.922598770807073
-1952500.0,487500.0,1500,-3.317257257186105,False,False,8.773384087864967
-1947500.0,487500.0,1500,-3.9856392840049364,False,False,9.536124497735521
-1942500.0,487500.0,1500,-1.987869255426832,False,False,10.248865368219036
-1937500.0,487500.0,1500,0.06226207472338871,False,False,10.932534808468631
-1932500.0,487500.0,1500,2.1108280284940335,False,False,11.56364434502988
-1927500.0,487500.0,1500,3.7597879204167506,False,False,12.117402038615994
-1922500.0,487500.0,1500,1.1779155809429183,False,False,12.588022678483888
-1917500.0,487500.0,1500,-3.5782187470418894,False,False,12.979581118314195
-1912500.0,487500.0,1500,-6.7791901081958725,False,False,13.297727880650875
-1907500.0,487500.0,1500,-9.440894647152312,False,False,13.547585522021366
-1902500.0,487500.0,1500,-11.939449981747483,False,False,13.729634908149901
-1897500.0,487500.0,1500,-14.212024056791396,False,False,13.836980930827595
-1892500.0,487500.0,1500,-16.349141773558323,False,False,13.858240863296714
-1887500.0,487500.0,1500,-17.26628512678718,False,False,13.781177911993467
-1882500.0,487500.0,1500,-16.137309899958385,False,False,13.590205419786264
-1877500.0,487500.0,1500,-15.738686822379199,False,False,13.223015538232042
-1872500.0,487500.0,1500,-17.211652506992163,False,False,12.486368214762983
-1867500.0,487500.0,1500,-18.426647039657077,False,False,10.916180431456091
-1862500.0,487500.0,1500,-21.414395160680932,False,False,7.224770740826507
-1857500.0,487500.0,1500,-24.323157878812648,False,False,5.7610023666087775
-1852500.0,487500.0,1500,-22.782340303368933,False,False,7.032098738247392
-1847500.0,487500.0,1500,-21.727823182595067,False,False,6.944930307199748
-1842500.0,487500.0,1500,-22.891894632537436,False,False,6.263293317722785
-1837500.0,487500.0,1500,-21.978786142083287,False,False,5.615928062889747
-1832500.0,487500.0,1500,-19.879172504279875,False,False,6.04538300110501
-1827500.0,487500.0,1500,-13.775366327879064,False,False,6.65969441120151
-1822500.0,487500.0,1500,-4.417372024193542,False,False,6.405214952180673
-1817500.0,487500.0,1500,2.8279414522067388,False,False,5.89432451675
-1812500.0,487500.0,1500,16.254622097107237,False,False,7.35891028123274
-1807500.0,487500.0,1500,35.03006569965782,False,True,8.785976769553045
-1802500.0,487500.0,1500,43.56338830776033,False,True,6.958732917546561
-1797500.0,487500.0,1500,44.541726877420146,False,True,4.993390419018165
-1792500.0,487500.0,1500,51.29485442078392,False,True,4.753737314466322
-1787500.0,487500.0,1500,59.50107815818345,False,True,4.697800668061286
-1782500.0,487500.0,1500,56.17271542311924,False,True,4.720701034247748
-1777500.0,487500.0,1500,45.03526682701604,False,True,4.857807063074095
-1772500.0,487500.0,1500,34.73479925410665,False,True,5.067829495457129
-1767500.0,487500.0,1500,19.872094987562516,False,True,5.320413642691203
-1762500.0,487500.0,1500,3.349037656880243,True,True,5.598484441597651
-1757500.0,487500.0,1500,-3.4741023325647995,True,True,5.740869774034932
-1752500.0,487500.0,1500,-3.2810631773664216,True,True,5.570353841858853
-1747500.0,487500.0,1500,0.44701956803229026,True,True,5.377344223214882
-1742500.0,487500.0,1500,5.031305626980642,False,True,5.328754122186354
-1737500.0,487500.0,1500,3.6458612087851665,True,True,5.381194206823476
-1732500.0,487500.0,1500,-3.080095940878269,True,True,5.34686148874267
-1727500.0,487500.0,1500,-8.52541177709901,True,True,5.3120204621893
-1722500.0,487500.0,1500,-11.10085859330756,True,True,5.334987534712516
-1717500.0,487500.0,1500,-10.965966017401566,True,True,4.390318524253876
-1712500.0,487500.0,1500,-7.7303467356841296,False,True,4.326850808657509
-1707500.0,487500.0,1500,-2.7547405146925925,False,True,5.285192126569298
-1702500.0,487500.0,1500,0.7636979070279075,False,True,5.029468264385758
-1697500.0,487500.0,1500,4.5373571463583575,False,True,4.744269255487907
-1692500.0,487500.0,1500,16.400114563346563,False,False,4.552154722987664
-1687500.0,487500.0,1500,28.076695999226,False,False,4.418170764476191
-1682500.0,487500.0,1500,27.18097833271109,False,False,5.100732463155679
-1677500.0,487500.0,1500,19.707381391903244,False,False,5.641204065151463
-1672500.0,487500.0,1500,13.011047472119959,False,False,4.711470546828795
-1667500.0,487500.0,1500,7.2435987867895335,False,False,3.9922013419041535
-1662500.0,487500.0,1500,3.6961992016272482,False,False,4.515638262534137
-1657500.0,487500.0,1500,4.036262541353998,False,False,5.077467027785117
-1652500.0,487500.0,1500,8.870823620637974,False,False,4.3795235865267585
-2197500.0,492500.0,1500,10.836298864205862,False,False,10.710117867679418
-2192500.0,492500.0,1500,13.967137443732526,False,False,9.770856715465127
-2187500.0,492500.0,1500,17.550881296752973,False,False,9.330511727519333
-2182500.0,492500.0,1500,18.747551551203497,False,False,9.631970666198995
-2177500.0,492500.0,1500,19.074365824648428,False,False,10.390847975731798
-2172500.0,492500.0,1500,19.078319935089244,False,False,11.094699903046383
-2167500.0,492500.0,1500,17.284546696343227,False,False,11.434217385868388
-2162500.0,492500.0,1500,15.180334318270788,False,False,11.342560094086748
-2157500.0,492500.0,1500,12.370686538462662,False,False,10.874977363434832
-2152500.0,492500.0,1500,9.756271536449443,False,False,10.159023026182744
-2147500.0,492500.0,1500,9.760009469977087,False,False,9.369276282037763
-2142500.0,492500.0,1500,10.456878879170029,False,False,8.70302965322261
-2137500.0,492500.0,1500,8.96850186817769,False,False,8.299310925610547
-2132500.0,492500.0,1500,5.139664498210541,False,False,8.107920035936674
-2127500.0,492500.0,1500,-0.7377479034266197,False,False,8.023671213821924
-2122500.0,492500.0,1500,-8.601052834969947,False,False,7.957027482444857
-2117500.0,492500.0,1500,-15.675132493043765,False,False,7.694286665328288
-2112500.0,492500.0,1500,-20.485338288558317,False,False,6.848817945882202
-2107500.0,492500.0,1500,-24.29666931195425,False,False,5.905720362824735
-2102500.0,492500.0,1500,-28.952712280031324,False,False,5.589928825528103
-2097500.0,492500.0,1500,-33.35144516792036,False,False,5.395382465210671
-2092500.0,492500.0,1500,-33.466835008517954,False,False,5.710997307828759
-2087500.0,492500.0,1500,-31.31664293032258,False,False,6.461444695738937
-2082500.0,492500.0,1500,-29.955981257573047,False,False,6.898709025895892
-2077500.0,492500.0,1500,-27.46166353275365,False,False,7.5469868384962355
-2072500.0,492500.0,1500,-22.109486612161103,False,False,8.501400059430432
-2067500.0,492500.0,1500,-15.511259593266525,False,False,9.407612260292176
-2062500.0,492500.0,1500,-10.044894741106669,False,False,10.030467529054487
-2057500.0,492500.0,1500,-6.684972848981728,False,False,10.195937156171372
-2052500.0,492500.0,1500,-4.356419204594443,False,False,9.830044240767302
-2047500.0,492500.0,1500,-1.5125315211593504,False,False,9.095751779460743
-2042500.0,492500.0,1500,0.7947543018095862,False,False,8.365280301467235
-2037500.0,492500.0,1500,6.710182171917858,False,False,7.985795085860554
-2032500.0,492500.0,1500,14.810898090848394,False,False,7.993630385417697
-2027500.0,492500.0,1500,17.578704687480233,False,True,8.400265444462875
-2022500.0,492500.0,1500,14.700038920608515,False,True,9.117612488783225
-2017500.0,492500.0,1500,10.264434627820677,False,True,9.90066610687598
-2012500.0,492500.0,1500,7.800692301681111,False,True,10.56576926704098
-2007500.0,492500.0,1500,2.8157741927351396,False,True,10.75923612127216
-2002500.0,492500.0,1500,-4.009733933109402,False,True,10.419478699622141
-1997500.0,492500.0,1500,-8.944338815716401,False,True,9.838913022991338
-1992500.0,492500.0,1500,-12.873457517585333,False,False,9.189326864633218
-1987500.0,492500.0,1500,-15.166538493590927,False,False,8.516982214572224
-1982500.0,492500.0,1500,-16.106441018473234,False,False,7.813085273379228
-1977500.0,492500.0,1500,-14.926920772416024,False,False,7.1703714981740365
-1972500.0,492500.0,1500,-11.97323368359102,False,False,6.451822942101291
-1967500.0,492500.0,1500,-9.74437695383118,False,False,6.044447795692163
-1962500.0,492500.0,1500,-8.896636101303782,False,False,6.04039771469931
-1957500.0,492500.0,1500,-8.472723446019366,False,False,5.940593112037323
-1952500.0,492500.0,1500,-8.05087864261105,False,False,6.050083286726506
-1947500.0,492500.0,1500,-6.177986941137889,False,False,6.793794744244002
-1942500.0,492500.0,1500,-1.5628529847494586,False,False,8.041141660951721
-1937500.0,492500.0,1500,7.24577918101156,False,False,9.285865298932062
-1932500.0,492500.0,1500,12.68117345300069,False,False,10.298378401399827
-1927500.0,492500.0,1500,10.60856795254815,False,False,11.091800227807177
-1922500.0,492500.0,1500,6.859803384595974,False,False,11.727013457823796
-1917500.0,492500.0,1500,2.2704660875634004,False,False,12.25628281853329
-1912500.0,492500.0,1500,-2.338716779084565,False,False,12.700647177023985
-1907500.0,492500.0,1500,-6.268285088946887,False,False,13.060526307527583
-1902500.0,492500.0,1500,-10.288687164005722,False,False,13.323803762298418
-1897500.0,492500.0,1500,-13.52256123413118,False,False,13.472688210717106
-1892500.0,492500.0,1500,-15.227384191627914,False,False,13.485527496532615
-1887500.0,492500.0,1500,-15.791424727885435,False,False,13.344071866011076
-1882500.0,492500.0,1500,-13.876716987491038,False,False,13.044344074877152
-1877500.0,492500.0,1500,-11.811942880119757,False,False,12.570271527122173
-1872500.0,492500.0,1500,-11.738714910724228,False,False,11.83767651976225
-1867500.0,492500.0,1500,-12.169897358793397,False,False,10.589238190258909
-1862500.0,492500.0,1500,-15.234736866387637,False,False,8.035187403918695
-1857500.0,492500.0,1500,-18.067363333375653,False,False,5.723409678732473
-1852500.0,492500.0,1500,-12.812452440321527,False,False,6.342511433233176
-1847500.0,492500.0,1500,-9.441050457378108,False,False,7.464715662474122
-1842500.0,492500.0,1500,-15.00198042603641,False,False,6.9585315298135715
-1837500.0,492500.0,1500,-19.641887727520277,False,False,6.579399935339756
-1832500.0,492500.0,1500,-19.944659280392038,False,False,7.666635415039227
-1827500.0,492500.0,1500,-17.41509111926222,False,False,8.743241034260356
-1822500.0,492500.0,1500,-13.666798742495255,False,False,7.7666436222408715
-1817500.0,492500.0,1500,-9.667849266512244,False,False,6.00396675784343
-1812500.0,492500.0,1500,1.7082853431082747,False,False,7.23568648572673
-1807500.0,492500.0,1500,20.09780923237555,False,False,8.808053011074282
-1802500.0,492500.0,1500,31.090333259896944,False,True,7.0049781543066265
-1797500.0,492500.0,1500,36.762332661459546,False,True,4.902056013852097
-1792500.0,492500.0,1500,48.64910484192942,False,True,4.617522300145807
-1787500.0,492500.0,1500,56.695487936313704,False,True,4.72136820621953
-1782500.0,492500.0,1500,45.473456832266926,False,True,5.0163889587922
-1777500.0,492500.0,1500,26.151890022947548,False,True,5.224054917433374
-1772500.0,492500.0,1500,9.419891947705704,True,True,5.43276028574519
-1767500.0,492500.0,1500,-5.49398620236407,True,True,5.508689532140183
-1762500.0,492500.0,1500,-14.409580836209356,True,True,5.613794059227899
-1757500.0,492500.0,1500,-18.258566703944997,True,True,5.77312305625668
-1752500.0,492500.0,1500,-18.845204207471756,True,True,5.610609656347036
-1747500.0,492500.0,1500,-16.247914560374575,True,True,5.400660656157571
-1742500.0,492500.0,1500,-11.594826751655576,True,True,5.3401639911497405
-1737500.0,492500.0,1500,-8.783802960775638,True,True,5.346317433257163
-1732500.0,492500.0,1500,-10.603719385269512,True,True,5.297131065401509
-1727500.0,492500.0,1500,-14.19632315797172,True,True,5.319872792432579
-1722500.0,492500.0,1500,-16.059346495008064,True,True,5.457417699723317
-1717500.0,492500.0,1500,-13.922874235824082,True,True,4.954255830665183
-1712500.0,492500.0,1500,-5.563505280136846,False,True,4.689412090346896
-1707500.0,492500.0,1500,4.216069526132174,False,True,5.028607579956458
-1702500.0,492500.0,1500,7.782498408232179,False,True,4.909872858327324
-1697500.0,492500.0,1500,12.606524182786167,False,True,4.888301146466663
-1692500.0,492500.0,1500,23.404865724124956,False,False,4.566987561289388
-1687500.0,492500.0,1500,29.391880985482263,False,False,4.281541546847709
-1682500.0,492500.0,1500,26.853639975982986,False,False,4.68439134120401
-1677500.0,492500.0,1500,20.123483549263128,False,False,5.340627485786422
-1672500.0,492500.0,1500,12.958724202417516,False,False,4.781208484121315
-1667500.0,492500.0,1500,8.623492948006286,False,False,4.142953576029546
-1662500.0,492500.0,1500,6.978194373839557,False,False,4.7495484985602
-1657500.0,492500.0,1500,6.505043313314707,False,False,5.45830053521178
-1652500.0,492500.0,1500,7.300168715554637,False,False,4.649053262636741
-2197500.0,497500.0,1500,12.370052604043876,False,False,9.928157695731091
-2192500.0,497500.0,1500,15.09565435103871,False,False,9.386790549865408
-2187500.0,497500.0,1500,18.816570474852472,False,False,9.546508767584204
-2182500.0,497500.0,1500,20.618134858512786,False,False,10.19937162920802
-2177500.0,497500.0,1500,21.69002175014426,False,False,10.834011722654767
-2172500.0,497500.0,1500,22.370776711769953,False,False,11.091663221914692
-2167500.0,497500.0,1500,20.313310021931102,False,False,10.90560573530097
-2162500.0,497500.0,1500,17.69224561282557,False,False,10.37582918478851
-2157500.0,497500.0,1500,13.555706497461413,False,False,9.646821898022113
-2152500.0,497500.0,1500,9.099125828070411,False,False,8.894493377610488
-2147500.0,497500.0,1500,8.94296268372173,False,False,8.321609465928159
-2142500.0,497500.0,1500,9.741603098943212,False,False,8.034585734069461
-2137500.0,497500.0,1500,7.902203984048942,False,False,7.9682407666662005
-2132500.0,497500.0,1500,4.494098347333847,False,False,7.930385312904558
-2127500.0,497500.0,1500,-1.228235941496483,False,False,7.659149681106497
-2122500.0,497500.0,1500,-9.743096683876558,False,False,6.753804485804719
-2117500.0,497500.0,1500,-17.090511778650956,False,False,5.724449209083739
-2112500.0,497500.0,1500,-21.36510766839674,False,False,5.416073073544957
-2107500.0,497500.0,1500,-24.08239737038204,False,False,5.582714969160833
-2102500.0,497500.0,1500,-27.6042877573432,False,False,6.085925252268319
-2097500.0,497500.0,1500,-32.14247323996699,False,False,6.638167916124752
-2092500.0,497500.0,1500,-34.2712832231083,False,False,6.8865235359684185
-2087500.0,497500.0,1500,-32.095794856344995,False,False,7.27323904442707
-2082500.0,497500.0,1500,-27.9183808294836,False,False,8.112750838791854
-2077500.0,497500.0,1500,-22.757997253970863,False,False,9.160746358031613
-2072500.0,497500.0,1500,-14.95298068757543,False,False,9.990454025655948
-2067500.0,497500.0,1500,-8.746166753844689,False,False,10.3386514574518
-2062500.0,497500.0,1500,-6.933897725901189,False,False,10.163434122603991
-2057500.0,497500.0,1500,-6.094966032343934,False,False,9.563604842949404
-2052500.0,497500.0,1500,-5.645352480235069,False,False,8.74057473087022
-2047500.0,497500.0,1500,-3.0169583144368075,False,False,8.121509849387817
-2042500.0,497500.0,1500,2.06563067624133,False,False,8.12481575137032
-2037500.0,497500.0,1500,9.3641538159096,False,False,8.59139476361071
-2032500.0,497500.0,1500,15.686685208878828,False,False,9.176276651306939
-2027500.0,497500.0,1500,18.054685736828645,False,True,9.695317769886131
-2022500.0,497500.0,1500,17.959795658570105,False,True,10.02879078331939
-2017500.0,497500.0,1500,15.56045842635809,False,True,10.252448911542977
-2012500.0,497500.0,1500,11.939282686395496,False,True,10.408611536017446
-2007500.0,497500.0,1500,6.303931856861452,False,True,10.342317603111397
-2002500.0,497500.0,1500,0.17967876623481183,False,True,9.986033415357248
-1997500.0,497500.0,1500,-5.578222732479887,False,True,9.54674523602663
-1992500.0,497500.0,1500,-10.235971908698282,False,False,9.221424485638263
-1987500.0,497500.0,1500,-12.985300133390522,False,False,9.081496052066695
-1982500.0,497500.0,1500,-14.288036494773806,False,False,9.172454689548065
-1977500.0,497500.0,1500,-13.302430461881585,False,False,9.453285208313817
-1972500.0,497500.0,1500,-12.266628065066145,False,False,9.667546682918884
-1967500.0,497500.0,1500,-12.481095392082851,False,False,9.476459775846893
-1962500.0,497500.0,1500,-11.251986475000223,False,False,8.718248688470965
-1957500.0,497500.0,1500,-7.76236419058622,False,False,7.585599952431785
-1952500.0,497500.0,1500,-0.8625194114393135,False,False,6.606781308820892
-1947500.0,497500.0,1500,6.317487539676941,False,False,6.197962216604137
-1942500.0,497500.0,1500,8.83685576048468,False,False,6.190177137722487
-1937500.0,497500.0,1500,19.63138983528227,False,False,6.194995184643744
-1932500.0,497500.0,1500,29.934480187516826,False,False,6.496342298633534
-1927500.0,497500.0,1500,27.17267562543818,False,False,7.4618797261911105
-1922500.0,497500.0,1500,22.529737111687513,False,False,8.638775897978697
-1917500.0,497500.0,1500,16.220203515043753,False,False,9.782192942325608
-1912500.0,497500.0,1500,8.06173119612022,False,False,10.795944513376675
-1907500.0,497500.0,1500,0.7953337764888997,False,False,11.517464516576883
-1902500.0,497500.0,1500,-5.18587367473448,False,False,12.059898612960149
-1897500.0,497500.0,1500,-10.10412614920042,False,False,12.426233314592936
-1892500.0,497500.0,1500,-13.403793498927408,False,True,12.575936212132977
-1887500.0,497500.0,1500,-13.49811932285908,False,False,12.424678807381273
-1882500.0,497500.0,1500,-10.97708417189051,False,False,11.942851543820312
-1877500.0,497500.0,1500,-8.209572198079359,False,False,11.217529655129509
-1872500.0,497500.0,1500,-6.495503361249599,False,False,10.308783452585093
-1867500.0,497500.0,1500,-7.04614737030526,False,False,9.209292914259343
-1862500.0,497500.0,1500,-9.095593230272591,False,False,7.833895895801957
-1857500.0,497500.0,1500,-12.043798433175375,False,False,5.418233750520272
-1852500.0,497500.0,1500,-7.254854354707435,False,False,5.612387112363125
-1847500.0,497500.0,1500,-2.000519466238226,False,False,7.876565311325981
-1842500.0,497500.0,1500,-7.786283966700439,False,False,8.469709129453815
-1837500.0,497500.0,1500,-15.383509452626358,False,False,8.849210756922428
-1832500.0,497500.0,1500,-19.280954872066676,False,False,9.595985330137832
-1827500.0,497500.0,1500,-20.692971606745523,False,False,9.960934848070908
-1822500.0,497500.0,1500,-20.31067301130686,False,False,8.458982968776047
-1817500.0,497500.0,1500,-17.358487184225254,False,False,5.955185881848642
-1812500.0,497500.0,1500,-10.088849153427102,False,False,6.437072632758694
-1807500.0,497500.0,1500,5.635384799857792,False,False,7.825448565119582
-1802500.0,497500.0,1500,21.099267444617393,False,True,6.647144630060005
-1797500.0,497500.0,1500,31.141345638658674,False,True,4.924839776482214
-1792500.0,497500.0,1500,37.72451137303921,False,True,4.846198076529802
-1787500.0,497500.0,1500,34.001151996078626,False,True,5.046812838346886
-1782500.0,497500.0,1500,18.29743552980381,False,True,5.382783166652324
-1777500.0,497500.0,1500,2.2725818471580737,True,True,5.427384153225963
-1772500.0,497500.0,1500,-8.088688286657906,True,True,5.460610042824687
-1767500.0,497500.0,1500,-14.345299689015588,True,True,5.457293088170752
-1762500.0,497500.0,1500,-12.521725727760742,True,True,5.409998764023702
-1757500.0,497500.0,1500,-6.965707103517051,True,True,5.383743306486109
-1752500.0,497500.0,1500,-8.565861338500174,True,True,5.295558819712434
-1747500.0,497500.0,1500,-13.392397784703157,True,True,5.28621212737961
-1742500.0,497500.0,1500,-13.032084099577498,True,True,5.275213719393095
-1737500.0,497500.0,1500,-12.96695318860978,True,True,5.3519461051124235
-1732500.0,497500.0,1500,-16.19365400754938,True,True,5.406551727168719
-1727500.0,497500.0,1500,-19.979273127518674,True,True,5.402546898573852
-1722500.0,497500.0,1500,-18.974160573643818,True,True,5.421412786331555
-1717500.0,497500.0,1500,-13.153197143752745,True,True,5.36211360752227
-1712500.0,497500.0,1500,-4.787030552689155,False,True,5.126132956499141
-1707500.0,497500.0,1500,5.174339038111629,False,True,4.990057124028533
-1702500.0,497500.0,1500,11.326902010541824,False,True,4.773663099843368
-1697500.0,497500.0,1500,16.961777724141445,False,True,4.764339237158036
-1692500.0,497500.0,1500,23.55494414653219,False,False,4.469124941098828
-1687500.0,497500.0,1500,24.544681031690615,False,False,4.265353760360407
-1682500.0,497500.0,1500,21.90402570376409,False,False,4.725691206540812
-1677500.0,497500.0,1500,17.631504597737287,False,False,5.655822848222654
-1672500.0,497500.0,1500,10.292680022738866,False,False,5.170122036365474
-1667500.0,497500.0,1500,5.223460660577703,False,False,4.348369690225178
-1662500.0,497500.0,1500,6.032855415692309,False,False,4.920840342817327
-1657500.0,497500.0,1500,8.909606274216577,False,False,5.7121063278633155
-1652500.0,497500.0,1500,11.202816016245402,False,False,4.845226536795813
-2197500.0,502500.0,1500,13.401705617250983,False,False,9.446199786168515
-2192500.0,502500.0,1500,16.542986381665003,False,False,9.481728701418909
-2187500.0,502500.0,1500,20.131903966635413,False,False,10.014461027560287
-2182500.0,502500.0,1500,22.685771081985695,False,False,10.543356341673322
-2177500.0,502500.0,1500,24.68697768198884,False,False,10.68185566860965
-2172500.0,502500.0,1500,25.993966481516388,False,False,10.359467351549057
-2167500.0,502500.0,1500,25.866104380603264,False,False,9.732236472447733
-2162500.0,502500.0,1500,24.93601473387964,False,False,9.030434467755283
-2157500.0,502500.0,1500,20.36491343273593,False,False,8.443753143307939
-2152500.0,502500.0,1500,12.919065075348785,False,False,8.06529609341786
-2147500.0,502500.0,1500,10.445132444490893,False,False,7.89792608056924
-2142500.0,502500.0,1500,10.491537744955275,False,False,7.844495822654608
-2137500.0,502500.0,1500,7.734611758155163,False,False,7.612039145436601
-2132500.0,502500.0,1500,4.410189574388801,False,False,6.734259155485042
-2127500.0,502500.0,1500,-0.8407967169261457,False,False,5.8088727371174045
-2122500.0,502500.0,1500,-7.951071192318398,False,False,5.549775471143223
-2117500.0,502500.0,1500,-12.244764864561525,False,False,5.613272603563417
-2112500.0,502500.0,1500,-13.71607720102711,False,False,6.219516316433421
-2107500.0,502500.0,1500,-16.120193363423855,False,False,6.8523413343015145
-2102500.0,502500.0,1500,-19.619313022124935,False,False,6.931163352452284
-2097500.0,502500.0,1500,-22.36308576766758,False,False,7.1499177447997715
-2092500.0,502500.0,1500,-24.44710992891546,False,False,7.8755216372679
-2087500.0,502500.0,1500,-21.83457143624328,False,False,8.913839085845094
-2082500.0,502500.0,1500,-15.594733104226544,False,False,9.84034352798544
-2077500.0,502500.0,1500,-10.363064080478317,False,False,10.365109029910329
-2072500.0,502500.0,1500,-4.733421544569007,False,False,10.37403481561259
-2067500.0,502500.0,1500,-1.091742439206322,False,False,9.895465491584282
-2062500.0,502500.0,1500,-1.6032336089163524,False,False,9.121296235994047
-2057500.0,502500.0,1500,-2.8665735760490514,False,False,8.433497593780737
-2052500.0,502500.0,1500,-3.562506184376429,False,False,8.150898186066964
-2047500.0,502500.0,1500,-1.75953083271169,False,False,8.426622160120196
-2042500.0,502500.0,1500,3.8850149080795644,False,False,9.18108737943471
-2037500.0,502500.0,1500,12.23860287570592,False,True,9.800163565066386
-2032500.0,502500.0,1500,19.574772354147836,False,False,10.010898227723793
-2027500.0,502500.0,1500,25.69196053177108,False,False,9.961679155075643
-2022500.0,502500.0,1500,30.14812739251351,False,True,9.727798901358309
-2017500.0,502500.0,1500,27.90303148856475,False,True,9.499442328628515
-2012500.0,502500.0,1500,18.997281966264367,False,True,9.42573584889861
-2007500.0,502500.0,1500,8.727583158374069,False,True,9.389490230468855
-2002500.0,502500.0,1500,1.558251629230381,False,True,9.263082523745025
-1997500.0,502500.0,1500,-4.099991673996876,False,True,9.219841469843466
-1992500.0,502500.0,1500,-9.47037575603823,False,False,9.354439684178175
-1987500.0,502500.0,1500,-13.53911537541362,False,False,9.633429555644705
-1982500.0,502500.0,1500,-15.649428467324583,False,False,10.054174244762567
-1977500.0,502500.0,1500,-15.526051225985363,False,False,10.614803515514463
-1972500.0,502500.0,1500,-14.776956799638466,False,False,11.196162000881369
-1967500.0,502500.0,1500,-14.537654852253844,False,False,11.590569721450418
-1962500.0,502500.0,1500,-11.73369963235852,False,False,11.65503578791018
-1957500.0,502500.0,1500,-4.561839191769177,False,False,11.371470941089036
-1952500.0,502500.0,1500,6.965699461861562,False,False,10.77207571401968
-1947500.0,502500.0,1500,18.558264148076532,False,False,9.861576400119194
-1942500.0,502500.0,1500,21.959413509145154,False,False,8.691885384789098
-1937500.0,502500.0,1500,27.294917642718886,False,False,7.415797533441678
-1932500.0,502500.0,1500,38.762901064521955,False,False,6.5029080499412615
-1927500.0,502500.0,1500,43.84879786563241,False,False,6.119837165827666
-1922500.0,502500.0,1500,42.171387154209825,False,False,5.888489832962575
-1917500.0,502500.0,1500,37.011362129709525,False,False,5.9255865915939365
-1912500.0,502500.0,1500,26.879846397594164,False,False,6.531096290580438
-1907500.0,502500.0,1500,14.586798608597034,False,False,7.699164784024365
-1902500.0,502500.0,1500,4.397903775565563,False,True,9.010648863518062
-1897500.0,502500.0,1500,-4.093284291051483,False,True,10.034762705780336
-1892500.0,502500.0,1500,-9.467637583683151,False,True,10.671699035603098
-1887500.0,502500.0,1500,-10.006953800383297,False,True,10.751026152291523
-1882500.0,502500.0,1500,-7.842061045630121,False,True,10.19575834591031
-1877500.0,502500.0,1500,-4.471380010804225,False,False,9.26448459469046
-1872500.0,502500.0,1500,-2.230005601221913,False,False,8.37420590474704
-1867500.0,502500.0,1500,-3.89520800352232,False,False,7.826629958600386
-1862500.0,502500.0,1500,-5.811254032940914,False,False,7.5289250990506655
-1857500.0,502500.0,1500,-8.29643082681581,False,False,5.438945164912014
-1852500.0,502500.0,1500,-6.040052131015242,False,False,5.835217205975788
-1847500.0,502500.0,1500,-1.3655824875887188,False,False,8.999745879141036
-1842500.0,502500.0,1500,-5.062989978323152,False,False,10.08313908785206
-1837500.0,502500.0,1500,-12.566988342364922,False,False,10.357334834902382
-1832500.0,502500.0,1500,-18.47209754590113,False,False,10.223262059780259
-1827500.0,502500.0,1500,-22.51109792389416,False,False,9.661553662366464
-1822500.0,502500.0,1500,-23.666276698639624,False,False,8.144521838776505
-1817500.0,502500.0,1500,-20.91735988159037,False,False,5.700249106309306
-1812500.0,502500.0,1500,-17.848196473520183,False,False,5.78821865517559
-1807500.0,502500.0,1500,-9.80684227821184,False,True,7.3013590259575905
-1802500.0,502500.0,1500,7.431689603484487,False,True,6.891820538261461
-1797500.0,502500.0,1500,22.66918851212459,False,True,5.2973212611922555
-1792500.0,502500.0,1500,21.475371878098432,False,True,5.284843049027429
-1787500.0,502500.0,1500,5.836918647135137,True,True,5.4092661034316745
-1782500.0,502500.0,1500,-10.461141284778135,False,True,5.51115558352418
-1777500.0,502500.0,1500,-19.70083136797569,True,True,5.433739684812663
-1772500.0,502500.0,1500,-16.835943921390818,True,True,5.389609137503756
-1767500.0,502500.0,1500,-5.802770496425978,True,True,5.363304612119674
-1762500.0,502500.0,1500,7.103923858056511,True,True,5.1468907975955425
-1757500.0,502500.0,1500,19.795129131869352,False,True,5.075488362464606
-1752500.0,502500.0,1500,14.157914783838288,False,True,5.151753625617762
-1747500.0,502500.0,1500,-2.8450985306436936,False,True,5.271242412839219
-1742500.0,502500.0,1500,-10.517925570197063,True,True,5.359294866590882
-1737500.0,502500.0,1500,-15.50737666519883,True,True,5.429692827881014
-1732500.0,502500.0,1500,-19.13422644284695,True,True,5.4484291314808
-1727500.0,502500.0,1500,-20.90021285073271,True,True,5.410731062553235
-1722500.0,502500.0,1500,-17.925073593507086,True,True,5.37439828520246
-1717500.0,502500.0,1500,-11.429488809662876,False,True,5.344476334690494
-1712500.0,502500.0,1500,-5.281884586150956,False,True,5.0014445427945375
-1707500.0,502500.0,1500,1.8729207535313024,False,True,4.812627416387855
-1702500.0,502500.0,1500,8.760898289422284,False,True,4.551622135205657
-1697500.0,502500.0,1500,15.773247408886476,False,False,4.531082667480344
-1692500.0,502500.0,1500,20.195335204348755,False,False,4.390193316435514
-1687500.0,502500.0,1500,18.42646174287028,False,False,4.299760801512948
-1682500.0,502500.0,1500,15.198821569910615,False,False,4.847298892019879
-1677500.0,502500.0,1500,12.343004267661378,False,False,6.023342794099286
-1672500.0,502500.0,1500,5.6198523715242485,False,False,5.466597027381253
-1667500.0,502500.0,1500,0.09574578325823961,False,False,4.354666087218297
-1662500.0,502500.0,1500,2.8017525462341992,False,False,4.754580759736711
-1657500.0,502500.0,1500,9.011154462712748,False,False,5.465841525395261
-1652500.0,502500.0,1500,12.179918146368548,False,False,4.6183702535714275
-2197500.0,507500.0,1500,14.587442392134493,False,False,9.405658201804322
-2192500.0,507500.0,1500,17.735337694116847,False,False,9.810774106540869
-2187500.0,507500.0,1500,21.26669837084303,False,False,10.22087686135757
-2182500.0,507500.0,1500,24.518070157848538,False,False,10.245645361393604
-2177500.0,507500.0,1500,27.89049723282917,False,False,9.811019396751394
-2172500.0,507500.0,1500,29.860974690234027,False,False,9.096717474562801
-2167500.0,507500.0,1500,31.27059387316541,False,False,8.41761885343016
-2162500.0,507500.0,1500,32.111836401537786,False,False,8.004222987966354
-2157500.0,507500.0,1500,29.726810264004296,False,False,7.84793683064791
-2152500.0,507500.0,1500,21.72496764286737,False,False,7.780192294616869
-2147500.0,507500.0,1500,14.226286291483886,False,False,7.43356309683239
-2142500.0,507500.0,1500,10.80835678883283,False,False,6.524427297207331
-2137500.0,507500.0,1500,7.601224066532167,False,False,5.790833894779387
-2132500.0,507500.0,1500,4.8835591556414775,False,False,5.620871748046324
-2127500.0,507500.0,1500,1.4040013795751738,False,False,5.801490096260588
-2122500.0,507500.0,1500,-1.6539350868385285,False,False,6.567630761730165
-2117500.0,507500.0,1500,-2.096109414479462,False,False,7.131910302681488
-2112500.0,507500.0,1500,-2.4676297271142973,False,False,7.021200805163337
-2107500.0,507500.0,1500,-5.537776991632716,False,False,7.0299443568425
-2102500.0,507500.0,1500,-10.027985478426206,False,False,7.616305805865824
-2097500.0,507500.0,1500,-13.574497758475877,False,False,8.642842848319107
-2092500.0,507500.0,1500,-16.161294751561446,False,False,9.680425949584757
-2087500.0,507500.0,1500,-12.902792217996103,False,False,10.363436784845447
-2082500.0,507500.0,1500,-3.10022866766874,False,False,10.534451044626469
-2077500.0,507500.0,1500,2.515815776908767,False,False,10.20086898813741
-2072500.0,507500.0,1500,3.762254090162379,False,False,9.48435081415914
-2067500.0,507500.0,1500,5.001977879309158,False,False,8.66248172223486
-2062500.0,507500.0,1500,4.026338511954407,False,False,8.140505570004455
-2057500.0,507500.0,1500,1.8838968755758383,False,False,8.235448990883754
-2052500.0,507500.0,1500,0.9616498065262593,False,False,8.857297453636818
-2047500.0,507500.0,1500,2.316878960854556,False,True,9.626174731035956
-2042500.0,507500.0,1500,8.126115819537475,False,True,10.245005327337035
-2037500.0,507500.0,1500,18.121285693410535,False,True,10.270807268157471
-2032500.0,507500.0,1500,27.247225631984808,False,True,9.772158473104763
-2027500.0,507500.0,1500,34.17962504793192,False,True,9.187461678287356
-2022500.0,507500.0,1500,37.51859031956953,False,True,8.713856034949249
-2017500.0,507500.0,1500,31.420799909010725,False,True,8.528423676376342
-2012500.0,507500.0,1500,19.58140892041405,False,True,8.708546477972126
-2007500.0,507500.0,1500,9.101669109394736,False,True,9.116900221893676
-2002500.0,507500.0,1500,1.0928245634256988,False,True,9.527160921872717
-1997500.0,507500.0,1500,-4.885270771265375,False,True,9.964316017079845
-1992500.0,507500.0,1500,-10.603389126607494,False,True,10.442467891907123
-1987500.0,507500.0,1500,-15.46861444812637,False,False,10.904625645233331
-1982500.0,507500.0,1500,-18.208841381210227,False,False,11.352624594794172
-1977500.0,507500.0,1500,-19.630402880216096,False,False,11.823581210693117
-1972500.0,507500.0,1500,-19.479498288822242,False,False,12.309037929579093
-1967500.0,507500.0,1500,-18.140973818145895,False,False,12.72209976753155
-1962500.0,507500.0,1500,-14.636125988739668,False,False,12.959654822003607
-1957500.0,507500.0,1500,-6.598197787746864,False,False,12.976892580185664
-1952500.0,507500.0,1500,5.525582315503017,False,False,12.793443782928845
-1947500.0,507500.0,1500,21.03966420948183,False,False,12.316259549820394
-1942500.0,507500.0,1500,31.07726283950518,False,False,11.843953746257807
-1937500.0,507500.0,1500,33.06938339462655,False,False,11.365110573511386
-1932500.0,507500.0,1500,38.726372550719205,False,False,10.492567597270188
-1927500.0,507500.0,1500,45.43127575199733,False,False,9.17815915510124
-1922500.0,507500.0,1500,48.148135037921826,False,False,7.61346537754296
-1917500.0,507500.0,1500,48.19434267632266,False,False,6.252466754022703
-1912500.0,507500.0,1500,41.79751447002146,False,False,5.5695673634161
-1907500.0,507500.0,1500,33.303146548780205,False,True,5.659169674890929
-1902500.0,507500.0,1500,22.77163686986649,False,True,5.996872997363982
-1897500.0,507500.0,1500,6.495498571193291,False,True,6.225397493612841
-1892500.0,507500.0,1500,-4.622680561339584,False,True,6.697303275284761
-1887500.0,507500.0,1500,-6.09651341517258,False,True,7.436510879863387
-1882500.0,507500.0,1500,-4.2465815253624575,False,True,7.731573408541491
-1877500.0,507500.0,1500,-1.7911338574843723,False,True,7.551888066235676
-1872500.0,507500.0,1500,-0.9765234513409035,False,False,7.515536968729127
-1867500.0,507500.0,1500,-3.032009779250296,False,False,7.943436458281655
-1862500.0,507500.0,1500,-5.402488231310015,False,False,8.356923240547873
-1857500.0,507500.0,1500,-6.60252865470254,False,False,6.8999353261491
-1852500.0,507500.0,1500,-5.034445038957668,False,False,7.151195704334315
-1847500.0,507500.0,1500,-3.0944565253933822,False,False,9.586418712613206
-1842500.0,507500.0,1500,-5.58873871302951,False,False,10.189186535045799
-1837500.0,507500.0,1500,-11.603720165280698,False,False,9.73243929246594
-1832500.0,507500.0,1500,-18.173985389327544,False,False,8.642699042086955
-1827500.0,507500.0,1500,-23.251608967829874,False,False,7.881165444109807
-1822500.0,507500.0,1500,-25.217865863371543,False,False,7.2963966924279955
-1817500.0,507500.0,1500,-23.248154291966994,False,False,5.427950670624677
-1812500.0,507500.0,1500,-21.607694970506017,False,False,5.778972215834009
-1807500.0,507500.0,1500,-20.76762104444312,False,False,7.718222478551726
-1802500.0,507500.0,1500,-13.759830406616244,False,True,7.52310012492782
-1797500.0,507500.0,1500,-4.945422849700071,False,True,5.644919588581342
-1792500.0,507500.0,1500,-8.591973246199757,False,True,5.515993789984817
-1787500.0,507500.0,1500,-21.695362670163686,False,True,5.499096706703277
-1782500.0,507500.0,1500,-29.398154257515994,False,True,5.457549870750481
-1777500.0,507500.0,1500,-26.59069398098255,True,True,5.368072092170205
-1772500.0,507500.0,1500,-10.970982224448905,True,True,5.210020083742505
-1767500.0,507500.0,1500,11.279247591719445,True,True,5.208127016047176
-1762500.0,507500.0,1500,26.323366215174325,False,True,5.02671872032698
-1757500.0,507500.0,1500,32.843691712297385,False,True,5.065231245542189
-1752500.0,507500.0,1500,22.271699457298393,False,True,5.314561171026858
-1747500.0,507500.0,1500,2.177447169659104,True,True,5.314000143556422
-1742500.0,507500.0,1500,-10.108310393198884,True,True,5.339380151642214
-1737500.0,507500.0,1500,-18.27058548386968,True,True,5.508230597980986
-1732500.0,507500.0,1500,-20.758438601472605,True,True,5.470244223626733
-1727500.0,507500.0,1500,-20.651893550228973,True,True,5.288298464404762
-1722500.0,507500.0,1500,-18.51893629378185,True,True,5.156342814418681
-1717500.0,507500.0,1500,-15.546727504855253,False,True,5.1501609191963755
-1712500.0,507500.0,1500,-10.96585838183538,False,True,4.83184075784451
-1707500.0,507500.0,1500,-4.195546513732529,False,True,4.774197407354688
-1702500.0,507500.0,1500,1.418117344498097,False,True,4.64652412328856
-1697500.0,507500.0,1500,9.184218812989327,False,False,4.701118359112452
-1692500.0,507500.0,1500,14.293273643347463,False,False,4.556945799734699
-1687500.0,507500.0,1500,11.614514183719768,False,False,4.356055965457949
-1682500.0,507500.0,1500,7.794730945227241,False,False,4.925648637479332
-1677500.0,507500.0,1500,5.978904823003168,False,False,6.310224226249309
-1672500.0,507500.0,1500,1.9247682587601322,False,False,5.638611571645505
-1667500.0,507500.0,1500,-0.9707830573851497,False,False,4.180219555336076
-1662500.0,507500.0,1500,3.7691027533204005,False,False,4.2218630681739455
-1657500.0,507500.0,1500,10.085245769824473,False,False,4.924081443307087
-1652500.0,507500.0,1500,10.86048435187223,False,False,4.462991775606351
-2197500.0,512500.0,1500,16.244381216598107,False,False,9.584185784549499
-2192500.0,512500.0,1500,18.82528812872683,False,False,9.865238130201565
-2187500.0,512500.0,1500,22.252146681277726,False,False,9.75923255677391
-2182500.0,512500.0,1500,26.136433907854453,False,False,9.246712747956813
-2177500.0,512500.0,1500,30.164595972080217,False,False,8.586340913367266
-2172500.0,512500.0,1500,32.46878632208958,False,False,8.05568424240284
-2167500.0,512500.0,1500,34.039172243160614,False,False,7.775317158187715
-2162500.0,512500.0,1500,35.05218442276988,False,False,7.662057281385623
-2157500.0,512500.0,1500,33.69422848425377,False,False,7.307162256125969
-2152500.0,512500.0,1500,27.51709543359241,False,False,6.344028698309146
-2147500.0,512500.0,1500,19.34384366291504,False,False,5.536076809457951
-2142500.0,512500.0,1500,12.752452490633257,False,False,5.449589997207716
-2137500.0,512500.0,1500,8.706015577450186,False,False,5.8916642302560795
-2132500.0,512500.0,1500,7.320840249034091,False,False,6.775262569930705
-2127500.0,512500.0,1500,5.651132376825875,False,False,7.331798292101173
-2122500.0,512500.0,1500,5.094796144389672,False,False,7.202820836535208
-2117500.0,512500.0,1500,6.356974697812177,False,False,7.07454312665566
-2112500.0,512500.0,1500,5.057516378730968,False,False,7.432057475555551
-2107500.0,512500.0,1500,1.3735173602222024,False,False,8.323174847642356
-2102500.0,512500.0,1500,-3.1576286499317687,False,False,9.437732530976984
-2097500.0,512500.0,1500,-8.116869001695635,False,False,10.28795164823048
-2092500.0,512500.0,1500,-11.398047111191095,False,False,10.644013623585785
-2087500.0,512500.0,1500,-11.159257607814869,False,False,10.481286596612149
-2082500.0,512500.0,1500,-3.1587092867528104,False,False,9.863705223184791
-2077500.0,512500.0,1500,4.277341437468698,False,False,8.996505468228804
-2072500.0,512500.0,1500,5.884695075200596,False,False,8.268897344885644
-2067500.0,512500.0,1500,7.395759352783681,False,False,8.056238335567242
-2062500.0,512500.0,1500,7.391695094996584,False,False,8.442168772783354
-2057500.0,512500.0,1500,6.0229621713462045,False,False,9.176631461774505
-2052500.0,512500.0,1500,5.97468355038919,False,True,9.872629438707577
-2047500.0,512500.0,1500,7.042014426272084,False,True,10.262552378415362
-2042500.0,512500.0,1500,13.496568288701148,False,True,10.301163475402802
-2037500.0,512500.0,1500,24.058060350072562,False,True,9.747214873542685
-2032500.0,512500.0,1500,32.59576734348636,False,True,8.896195808172724
-2027500.0,512500.0,1500,36.27291124886691,False,True,8.34477693868499
-2022500.0,512500.0,1500,33.347572468036,False,True,8.22217637094027
-2017500.0,512500.0,1500,23.895411023451427,False,True,8.562557732951024
-2012500.0,512500.0,1500,13.26003027483765,False,True,9.230938116310401
-2007500.0,512500.0,1500,6.221041918133779,False,True,10.023682192938749
-2002500.0,512500.0,1500,-0.681667776944068,False,True,10.732720081843306
-1997500.0,512500.0,1500,-7.714906010634405,False,True,11.32296535762522
-1992500.0,512500.0,1500,-13.398938664269949,False,True,11.82159771540054
-1987500.0,512500.0,1500,-18.64467578159538,False,False,12.220152102573413
-1982500.0,512500.0,1500,-22.42018895519403,False,False,12.549066341725464
-1977500.0,512500.0,1500,-24.09322041770123,False,False,12.855922106199891
-1972500.0,512500.0,1500,-23.75560333774678,False,False,13.160059634290786
-1967500.0,512500.0,1500,-20.56899728909654,False,False,13.431477331088683
-1962500.0,512500.0,1500,-15.836648433939189,False,False,13.621148299268814
-1957500.0,512500.0,1500,-7.915873224874684,False,False,13.69921591161909
-1952500.0,512500.0,1500,7.21298177018689,False,False,13.660894210516911
-1947500.0,512500.0,1500,29.076030022341122,False,False,13.159428131304708
-1942500.0,512500.0,1500,41.48411315471959,False,True,12.688564348991559
-1937500.0,512500.0,1500,41.41500785983612,False,False,12.495256479944015
-1932500.0,512500.0,1500,41.49060674270499,False,False,12.051218069911776
-1927500.0,512500.0,1500,40.34014771422247,False,False,11.436099039775565
-1922500.0,512500.0,1500,42.637247754014844,False,False,10.526669057297035
-1917500.0,512500.0,1500,48.452995419383655,False,False,9.389998196560777
-1912500.0,512500.0,1500,48.71339640974466,False,False,8.31530573158814
-1907500.0,512500.0,1500,46.45547917685,False,True,7.29581632215986
-1902500.0,512500.0,1500,40.51657335915745,False,True,6.319497480114181
-1897500.0,512500.0,1500,24.66986870962832,False,True,5.61278087766633
-1892500.0,512500.0,1500,6.588919406605253,False,True,5.425619396762439
-1887500.0,512500.0,1500,-2.1669597696611937,False,True,5.655355602371778
-1882500.0,512500.0,1500,-2.4389493407889744,False,True,5.61880949877357
-1877500.0,512500.0,1500,-2.002263728923073,False,True,5.383510292045567
-1872500.0,512500.0,1500,-3.1938337594261936,False,False,5.847301781611903
-1867500.0,512500.0,1500,-3.993326865930084,False,False,7.294105999438271
-1862500.0,512500.0,1500,-5.215540106895569,False,False,8.803643095344333
-1857500.0,512500.0,1500,-4.862273420881864,False,False,8.823077801562045
-1852500.0,512500.0,1500,-3.2491797697209326,False,False,8.66322265798668
-1847500.0,512500.0,1500,-3.9244913453420707,False,False,8.908040006093561
-1842500.0,512500.0,1500,-6.15969559060026,False,False,8.017294948455682
-1837500.0,512500.0,1500,-10.371318964121347,False,False,6.6211359074550185
-1832500.0,512500.0,1500,-16.345293738105998,False,False,5.916249549727706
-1827500.0,512500.0,1500,-21.531273836728275,False,False,6.62845213818221
-1822500.0,512500.0,1500,-24.319411529031726,False,False,7.241219643615764
-1817500.0,512500.0,1500,-25.16773953472371,False,False,5.454356631358997
-1812500.0,512500.0,1500,-25.711709044944445,False,False,5.628551258676246
-1807500.0,512500.0,1500,-27.58496957770976,False,False,7.772976811306413
-1802500.0,512500.0,1500,-29.930457593978737,False,True,7.724732653262088
-1797500.0,512500.0,1500,-31.853870962695577,False,True,5.6278246131782454
-1792500.0,512500.0,1500,-36.192588561679315,False,True,5.433984789265495
-1787500.0,512500.0,1500,-39.06281350105029,False,True,5.366660009974706
-1782500.0,512500.0,1500,-32.226772666315846,False,True,5.235753326245379
-1777500.0,512500.0,1500,-11.840108526375564,False,True,5.2168825079830246
-1772500.0,512500.0,1500,9.59283389868934,False,True,5.1537878117010525
-1767500.0,512500.0,1500,23.489461948346555,False,True,5.458432300661677
-1762500.0,512500.0,1500,29.09385400912567,False,True,5.483698700746977
-1757500.0,512500.0,1500,23.790923082456686,False,True,5.309881758622964
-1752500.0,512500.0,1500,12.449115542352134,True,True,5.42997417665172
-1747500.0,512500.0,1500,-1.025062509536116,True,True,5.362632030133083
-1742500.0,512500.0,1500,-12.899794875496424,True,True,5.308548536326875
-1737500.0,512500.0,1500,-20.712734333263075,True,True,5.524908582853581
-1732500.0,512500.0,1500,-21.80185857174423,True,True,5.411543922438415
-1727500.0,512500.0,1500,-22.165709727194166,True,True,5.094444465344136
-1722500.0,512500.0,1500,-20.277055782810795,False,True,4.966089127273532
-1717500.0,512500.0,1500,-17.86768770445956,False,True,5.271577145336487
-1712500.0,512500.0,1500,-15.64129253528297,False,True,5.069822183729104
-1707500.0,512500.0,1500,-9.857597742123835,False,True,4.7884882760751815
-1702500.0,512500.0,1500,-4.239065497607903,False,False,4.677051156860086
-1697500.0,512500.0,1500,3.437192245963255,False,False,4.685565718202588
-1692500.0,512500.0,1500,8.832168899546707,False,False,4.506904349521289
-1687500.0,512500.0,1500,6.676083312533946,False,False,4.36313396468014
-1682500.0,512500.0,1500,3.3667250892196137,False,False,4.744360326744555
-1677500.0,512500.0,1500,3.4753194054449064,False,False,5.937448168152802
-1672500.0,512500.0,1500,3.4332238610369283,False,False,5.27382019684868
-1667500.0,512500.0,1500,5.028950666271499,False,False,3.9800858198275697
-1662500.0,512500.0,1500,10.915522191214976,False,False,4.129614456957843
-1657500.0,512500.0,1500,14.75815413506295,False,False,5.16265945705097
-1652500.0,512500.0,1500,11.127416529352743,False,False,4.9298005165586956
-2197500.0,517500.0,1500,17.859329804459815,False,False,9.497032356082055
-2192500.0,517500.0,1500,20.09532638354498,False,False,9.276223133413282
-2187500.0,517500.0,1500,23.19036245984203,False,False,8.718775468923914
-2182500.0,517500.0,1500,27.309363358332646,False,False,8.159697174442844
-2177500.0,517500.0,1500,31.151892045401116,False,False,7.825564506222343
-2172500.0,517500.0,1500,33.62483816110698,False,False,7.66103275879413
-2167500.0,517500.0,1500,35.16475837722259,False,False,7.25455948470783
-2162500.0,517500.0,1500,35.348716118255865,False,False,6.22767494995976
-2157500.0,517500.0,1500,32.31091141806287,False,False,5.485098117259485
-2152500.0,517500.0,1500,26.82134167069593,False,False,5.454444257554076
-2147500.0,517500.0,1500,21.729767573519755,False,False,5.8680616296680865
-2142500.0,517500.0,1500,15.970018497785158,False,False,6.856709551598627
-2137500.0,517500.0,1500,10.879617827789954,False,False,7.534167584972338
-2132500.0,517500.0,1500,9.417032283070585,False,False,7.385042661430134
-2127500.0,517500.0,1500,8.411993326880815,False,False,7.0792005158845495
-2122500.0,517500.0,1500,8.621309428693948,False,False,7.254241530945483
-2117500.0,517500.0,1500,9.751404426241434,False,True,8.064070302224904
-2112500.0,517500.0,1500,7.786612512842669,False,False,9.18652475203073
-2107500.0,517500.0,1500,4.356534102816558,False,False,10.1459721471239
-2102500.0,517500.0,1500,0.3178873543547611,False,False,10.68241254443106
-2097500.0,517500.0,1500,-4.41459139556727,False,False,10.703300296520043
-2092500.0,517500.0,1500,-7.9708409100436315,False,False,10.234282368351645
-2087500.0,517500.0,1500,-10.331392999647514,False,False,9.42037091256355
-2082500.0,517500.0,1500,-9.585210192738366,False,False,8.553708310665456
-2077500.0,517500.0,1500,-4.1836411915108735,False,False,8.035834573486444
-2072500.0,517500.0,1500,1.9197546349055405,False,False,8.136376984717428
-2067500.0,517500.0,1500,5.493900922186666,False,False,8.741971635241962
-2062500.0,517500.0,1500,6.894867797288349,False,False,9.45435004293033
-2057500.0,517500.0,1500,7.595360021538171,False,False,9.918542930431036
-2052500.0,517500.0,1500,8.677876748625893,False,True,10.024144964296127
-2047500.0,517500.0,1500,10.152718304962248,False,True,9.868201006722526
-2042500.0,517500.0,1500,16.219810285687792,False,True,9.597608172034803
-2037500.0,517500.0,1500,25.00070739959852,False,True,9.039552893737142
-2032500.0,517500.0,1500,30.15419586424305,False,True,8.532724762898006
-2027500.0,517500.0,1500,29.073621345567247,False,True,8.563560874715089
-2022500.0,517500.0,1500,22.772866549659454,False,True,9.017564764216702
-2017500.0,517500.0,1500,13.933818891696497,False,True,9.79254673781936
-2012500.0,517500.0,1500,6.85561836188283,False,True,10.645176177716989
-2007500.0,517500.0,1500,2.7584211623308814,True,True,11.426746956175396
-2002500.0,517500.0,1500,-3.572996165093747,False,True,12.067287006830123
-1997500.0,517500.0,1500,-11.356166080680245,False,True,12.538700620736996
-1992500.0,517500.0,1500,-17.07462160674011,False,True,12.901221745556814
-1987500.0,517500.0,1500,-22.06415755951826,False,True,13.170725373079211
-1982500.0,517500.0,1500,-26.607899813481325,False,False,13.378822321519765
-1977500.0,517500.0,1500,-28.375614601132696,False,False,13.55687865880001
-1972500.0,517500.0,1500,-27.250619163484895,False,False,13.719657791968302
-1967500.0,517500.0,1500,-23.191134009915636,False,False,13.859914141448844
-1962500.0,517500.0,1500,-17.1422627213697,False,False,13.956143615814417
-1957500.0,517500.0,1500,-6.089421041998635,False,False,13.94124230455521
-1952500.0,517500.0,1500,14.717964314074246,False,True,13.693805355271019
-1947500.0,517500.0,1500,35.12653815539184,False,True,13.179014356986269
-1942500.0,517500.0,1500,42.58797395148424,False,True,12.701722091765236
-1937500.0,517500.0,1500,45.545164288236386,False,True,12.351294877819067
-1932500.0,517500.0,1500,46.694793762971265,False,True,12.011483573682293
-1927500.0,517500.0,1500,42.41764248347954,False,False,11.600047849258578
-1922500.0,517500.0,1500,43.579719930009134,False,False,10.808980959471548
-1917500.0,517500.0,1500,50.47012368308507,False,False,9.685537161738747
-1912500.0,517500.0,1500,52.40165336728658,False,True,8.571738323773838
-1907500.0,517500.0,1500,47.43297883323038,False,True,7.670770692717972
-1902500.0,517500.0,1500,42.72633707245478,False,True,7.0330692922184825
-1897500.0,517500.0,1500,37.01007658711662,False,True,6.95824465749261
-1892500.0,517500.0,1500,19.915924815895128,True,True,7.329366180147682
-1887500.0,517500.0,1500,3.0818225300227726,False,True,7.492184411658281
-1882500.0,517500.0,1500,-1.4047955203439686,False,True,7.049074425196977
-1877500.0,517500.0,1500,-1.7295614582421912,False,True,6.238539479253234
-1872500.0,517500.0,1500,-2.670147676554806,False,True,5.795999019844217
-1867500.0,517500.0,1500,-4.68472479713064,False,False,6.557627301329258
-1862500.0,517500.0,1500,-5.955232400074084,False,False,8.059942450684778
-1857500.0,517500.0,1500,-3.1779334666828336,False,False,8.297982854168785
-1852500.0,517500.0,1500,-1.3733577606041625,False,False,7.057350684891505
-1847500.0,517500.0,1500,-3.3499814589378643,False,False,6.020688512483881
-1842500.0,517500.0,1500,-5.524446888196684,False,False,5.742854011186261
-1837500.0,517500.0,1500,-8.37163059062001,False,False,5.773328914340287
-1832500.0,517500.0,1500,-13.075250452473002,False,False,6.3819617029484785
-1827500.0,517500.0,1500,-17.78035301596997,False,False,7.537861583370944
-1822500.0,517500.0,1500,-21.38524479176626,False,False,7.830987396066007
-1817500.0,517500.0,1500,-25.281714994025982,False,False,5.589548815854398
-1812500.0,517500.0,1500,-28.943182958529874,False,False,4.39237504033412
-1807500.0,517500.0,1500,-32.001334693301935,False,False,6.438148450608665
-1802500.0,517500.0,1500,-35.64935108150635,False,False,7.566686270214618
-1797500.0,517500.0,1500,-40.18432912203231,False,True,5.514173504850739
-1792500.0,517500.0,1500,-43.63361937161047,False,True,5.222871695638272
-1787500.0,517500.0,1500,-41.17655076792215,False,True,5.197410428862182
-1782500.0,517500.0,1500,-26.165974545586398,False,True,5.158941998384632
-1777500.0,517500.0,1500,6.5036481547953375,False,True,5.249469634266829
-1772500.0,517500.0,1500,27.12977139217578,False,True,5.3034255312910235
-1767500.0,517500.0,1500,25.77813083012115,False,True,5.531956028035606
-1762500.0,517500.0,1500,21.47748117960358,True,True,5.573279013068374
-1757500.0,517500.0,1500,12.458378963402456,True,True,5.3313488091871335
-1752500.0,517500.0,1500,2.841235020333171,True,True,5.340323758571582
-1747500.0,517500.0,1500,-6.9465863298125825,True,True,5.315930036491575
-1742500.0,517500.0,1500,-17.002978965215195,True,True,5.15769044150555
-1737500.0,517500.0,1500,-21.428153461304387,True,True,5.435196923000643
-1732500.0,517500.0,1500,-19.06135668364717,True,True,5.370933593727384
-1727500.0,517500.0,1500,-18.091387755394187,True,True,5.439994997000157
-1722500.0,517500.0,1500,-15.150747493839692,False,True,5.3618453498708405
-1717500.0,517500.0,1500,-11.848597071117497,False,True,5.207633919980119
-1712500.0,517500.0,1500,-14.410031557307027,False,True,5.057097738905965
-1707500.0,517500.0,1500,-14.379697585317116,False,True,4.696217327944998
-1702500.0,517500.0,1500,-7.5069301855641255,False,False,4.533502774734486
-1697500.0,517500.0,1500,1.361939548301774,False,False,4.5228892611172
-1692500.0,517500.0,1500,6.954237325735837,False,False,4.3027522265805755
-1687500.0,517500.0,1500,7.432602905701663,False,False,4.2619858656530525
-1682500.0,517500.0,1500,5.3518046260123535,False,False,4.275000237184785
-1677500.0,517500.0,1500,6.188254354491515,False,False,5.268959645405869
-1672500.0,517500.0,1500,8.909491739162025,False,False,5.0011929712890915
-1667500.0,517500.0,1500,12.686312451732945,False,False,3.9214012916479777
-1662500.0,517500.0,1500,16.33654485898906,False,False,4.329480426770324
-1657500.0,517500.0,1500,16.122972056526656,False,False,5.798809113325543
-1652500.0,517500.0,1500,8.74823570805686,False,False,5.458544624533204
-2197500.0,522500.0,1500,19.303391612833067,False,False,8.859195950668694
-2192500.0,522500.0,1500,20.71507501096007,False,False,8.35988699960356
-2187500.0,522500.0,1500,22.990226471192912,False,False,7.887374284193216
-2182500.0,522500.0,1500,27.04024548127323,False,False,7.605546958675177
-2177500.0,522500.0,1500,31.041143752135152,False,False,7.128840897175026
-2172500.0,522500.0,1500,33.20033331372831,False,False,6.180679222362324
-2167500.0,522500.0,1500,34.63780778112276,False,False,5.557146091931588
-2162500.0,522500.0,1500,34.37880007276172,False,False,5.486165103042529
-2157500.0,522500.0,1500,30.41721676159959,False,False,5.973843080756376
-2152500.0,522500.0,1500,24.834526963059997,False,False,7.10837970801776
-2147500.0,522500.0,1500,20.176979002644476,False,False,7.81166569519701
-2142500.0,522500.0,1500,17.653960646597238,False,False,7.662561824175255
-2137500.0,522500.0,1500,13.786636471788583,False,False,7.2127504314058895
-2132500.0,522500.0,1500,8.884746821044224,False,False,7.124351176766642
-2127500.0,522500.0,1500,8.622005133744228,False,True,7.745903964385747
-2122500.0,522500.0,1500,13.899192479899893,False,True,8.847062285843577
-2117500.0,522500.0,1500,14.603427421091737,False,True,9.93913563989728
-2112500.0,522500.0,1500,9.384228508044137,False,True,10.64719889260381
-2107500.0,522500.0,1500,4.951485355220715,False,True,10.863137113869692
-2102500.0,522500.0,1500,1.337927688417742,False,False,10.59449901441924
-2097500.0,522500.0,1500,-1.6951591162395683,False,False,9.885193558204278
-2092500.0,522500.0,1500,-5.182656021504822,False,False,8.953665178171901
-2087500.0,522500.0,1500,-8.185321985793955,False,False,8.219524735176542
-2082500.0,522500.0,1500,-11.812254244708473,False,False,8.017969281464898
-2077500.0,522500.0,1500,-11.014108514615106,False,False,8.376118859227931
-2072500.0,522500.0,1500,-3.837655997144172,False,False,9.02462554436396
-2067500.0,522500.0,1500,1.0970285144548089,False,False,9.578192477305091
-2062500.0,522500.0,1500,3.7054914012659763,False,False,9.807732618380896
-2057500.0,522500.0,1500,6.491125701391129,False,True,9.709791231569222
-2052500.0,522500.0,1500,8.41692599436295,False,True,9.429298974280403
-2047500.0,522500.0,1500,10.882833598620966,False,True,9.21189280695554
-2042500.0,522500.0,1500,15.294622922190973,False,True,9.216465460344391
-2037500.0,522500.0,1500,21.507736852985584,True,True,9.191022525754748
-2032500.0,522500.0,1500,23.89184681535684,False,True,9.301105385092844
-2027500.0,522500.0,1500,19.421217377641476,False,True,9.816989558789924
-2022500.0,522500.0,1500,12.785904887512098,False,True,10.512887907162707
-2017500.0,522500.0,1500,5.601859483637875,False,True,11.29746898780082
-2012500.0,522500.0,1500,1.9202329723893965,False,True,12.04531488110351
-2007500.0,522500.0,1500,-1.2891267884802315,False,True,12.639440487987189
-2002500.0,522500.0,1500,-8.289015319155258,False,True,13.0662385967218
-1997500.0,522500.0,1500,-14.971747082505924,False,True,13.371590597413647
-1992500.0,522500.0,1500,-20.854200402924214,False,True,13.596055254410576
-1987500.0,522500.0,1500,-25.69068608575942,False,False,13.75410567335992
-1982500.0,522500.0,1500,-29.588254219691894,False,False,13.865238773818048
-1977500.0,522500.0,1500,-32.2028101706105,False,False,13.947022806338243
-1972500.0,522500.0,1500,-30.361895229809928,False,False,14.008486137404518
-1967500.0,522500.0,1500,-25.288616006483334,False,False,14.045423014013984
-1962500.0,522500.0,1500,-18.43155967897936,False,False,14.042648733028514
-1957500.0,522500.0,1500,-4.570108906267187,False,True,13.937358339466906
-1952500.0,522500.0,1500,16.727956505493452,False,True,13.468210355158908
-1947500.0,522500.0,1500,31.9803117790001,False,True,12.909841056013622
-1942500.0,522500.0,1500,37.19341699985199,False,True,12.489772388550408
-1937500.0,522500.0,1500,43.72782346411563,False,True,11.909620239621617
-1932500.0,522500.0,1500,50.31456948310856,False,True,11.194277399583667
-1927500.0,522500.0,1500,52.166865268336544,False,True,10.374439576726596
-1922500.0,522500.0,1500,52.88521947208992,False,False,9.331669367378423
-1917500.0,522500.0,1500,55.0367738498362,False,False,8.11334709954512
-1912500.0,522500.0,1500,53.236264987443086,False,True,7.10259877360376
-1907500.0,522500.0,1500,44.20268481331873,False,True,6.701708610328909
-1902500.0,522500.0,1500,37.625101238501934,False,True,6.900725266482456
-1897500.0,522500.0,1500,33.17179656516239,False,True,7.656309698610968
-1892500.0,522500.0,1500,21.015163500998792,True,True,8.64727800776173
-1887500.0,522500.0,1500,6.5812895274006395,False,True,9.291523025783057
-1882500.0,522500.0,1500,-1.367131800251455,False,True,9.320683955829036
-1877500.0,522500.0,1500,-0.6050419214795484,False,True,8.61461933826891
-1872500.0,522500.0,1500,2.4531442392665066,False,True,7.279420046421866
-1867500.0,522500.0,1500,0.08688552109263863,False,False,6.058768006881056
-1862500.0,522500.0,1500,-2.0568704340995265,False,False,5.662540477805856
-1857500.0,522500.0,1500,-0.29097318710645514,False,False,5.715908010318023
-1852500.0,522500.0,1500,-0.32012675409012503,False,False,5.567097837935684
-1847500.0,522500.0,1500,-2.4060273914933155,False,False,5.729955783115149
-1842500.0,522500.0,1500,-3.7900719513070547,False,False,6.780127159983412
-1837500.0,522500.0,1500,-6.11557403035555,False,False,7.8784358724282395
-1832500.0,522500.0,1500,-10.045722677069195,False,False,8.376018033388226
-1827500.0,522500.0,1500,-14.377092721303871,False,False,8.476342193491988
-1822500.0,522500.0,1500,-19.01134533484084,False,False,8.077118122072909
-1817500.0,522500.0,1500,-24.152457752545875,False,False,5.612006049801849
-1812500.0,522500.0,1500,-28.763814264204026,False,False,3.8411531621759774
-1807500.0,522500.0,1500,-32.340547611182394,False,False,5.286351704281566
-1802500.0,522500.0,1500,-36.39957921691742,False,False,6.755350750279163
-1797500.0,522500.0,1500,-40.51958358806593,False,False,5.314244094570925
-1792500.0,522500.0,1500,-42.084321938723754,False,False,5.1708618552443495
-1787500.0,522500.0,1500,-40.113549371295385,False,True,5.179171194536573
-1782500.0,522500.0,1500,-25.943651376442464,False,True,5.27138513571897
-1777500.0,522500.0,1500,4.315859506829597,False,True,5.483410079358165
-1772500.0,522500.0,1500,22.47365411338324,False,True,5.487799456933173
-1767500.0,522500.0,1500,18.333488823342414,True,True,5.260944733052305
-1762500.0,522500.0,1500,10.895381592177138,True,True,5.253384104812792
-1757500.0,522500.0,1500,2.773396990820012,True,True,5.278511387636906
-1752500.0,522500.0,1500,-4.493701856280375,True,True,5.179591483297283
-1747500.0,522500.0,1500,-10.216502029550776,True,True,5.109174213349549
-1742500.0,522500.0,1500,-16.507745995180663,True,True,4.978010292468176
-1737500.0,522500.0,1500,-15.597611265662605,True,True,5.632559740662694
-1732500.0,522500.0,1500,-9.859563233370467,True,True,5.683123385632088
-1727500.0,522500.0,1500,-6.270969983331277,False,True,5.391162919159955
-1722500.0,522500.0,1500,-2.299663022251249,False,True,5.220315405347799
-1717500.0,522500.0,1500,-2.511342010833836,False,True,4.765420464015729
-1712500.0,522500.0,1500,-11.559719719220233,False,True,4.678023082240499
-1707500.0,522500.0,1500,-16.92917769839625,False,False,4.663283680822957
-1702500.0,522500.0,1500,-10.276408269420976,False,False,4.420238402581757
-1697500.0,522500.0,1500,-1.6576037500086225,False,False,4.400502200702323
-1692500.0,522500.0,1500,4.783224090454719,False,False,4.101073990114603
-1687500.0,522500.0,1500,8.451585997561303,False,False,4.074708055543008
-1682500.0,522500.0,1500,8.355028337727742,False,False,4.187092631491484
-1677500.0,522500.0,1500,10.33535423489626,False,False,5.499779293335213
-1672500.0,522500.0,1500,14.37296925401816,False,False,5.5219804400422365
-1667500.0,522500.0,1500,15.880508016156746,False,False,4.142282026760953
-1662500.0,522500.0,1500,13.805045665779701,False,False,4.414747781772103
-1657500.0,522500.0,1500,8.707351529489594,False,False,6.0876157738724155
-1652500.0,522500.0,1500,-0.4472821719970448,False,False,5.697635976455752
-2197500.0,527500.0,1500,20.820211156393597,False,False,8.084368246842555
-2192500.0,527500.0,1500,21.787389451298637,False,False,7.688752287976015
-2187500.0,527500.0,1500,22.76841953322805,False,False,7.0424046870335735
-2182500.0,527500.0,1500,25.659792707631752,False,False,5.9863403070501695
-2177500.0,527500.0,1500,29.490336183018087,False,False,5.439162572764735
-2172500.0,527500.0,1500,31.828962572005512,False,False,5.567700252717757
-2167500.0,527500.0,1500,34.49486207055325,False,False,6.140057012840508
-2162500.0,527500.0,1500,34.95042821038425,False,False,7.253757814951044
-2157500.0,527500.0,1500,29.356386596069857,False,False,7.982720961850818
-2152500.0,527500.0,1500,21.653768940084756,False,False,7.944951736838224
-2147500.0,527500.0,1500,15.621691001973481,False,False,7.529688985527829
-2142500.0,527500.0,1500,17.323548459018205,False,False,7.288173681595024
-2137500.0,527500.0,1500,19.028631844549352,False,False,7.59867044967114
-2132500.0,527500.0,1500,13.422906282864266,False,True,8.490791889876387
-2127500.0,527500.0,1500,15.923612205447176,False,True,9.642426289999253
-2122500.0,527500.0,1500,26.661997063565106,False,True,10.526886460219268
-2117500.0,527500.0,1500,24.63956120421739,False,True,10.926586700478826
-2112500.0,527500.0,1500,12.957807980650491,False,True,10.811753373336979
-2107500.0,527500.0,1500,5.908766002610066,False,True,10.261776004773099
-2102500.0,527500.0,1500,2.5718307834189384,False,True,9.47062842395977
-2097500.0,527500.0,1500,0.5958582771451846,False,False,8.646068238866773
-2092500.0,527500.0,1500,-1.5697846857216284,False,False,8.101216276305259
-2087500.0,527500.0,1500,-4.6174193860537125,False,False,8.145420836808364
-2082500.0,527500.0,1500,-9.47001421640233,False,False,8.659553485360917
-2077500.0,527500.0,1500,-11.628488415454495,False,False,9.219755598435901
-2072500.0,527500.0,1500,-7.817300315424915,False,False,9.531081437967632
-2067500.0,527500.0,1500,-3.4347407779183468,False,False,9.55103637335672
-2062500.0,527500.0,1500,-0.012315228152840224,False,False,9.399688671754935
-2057500.0,527500.0,1500,3.650923920484487,False,False,9.235640100787439
-2052500.0,527500.0,1500,6.429322592651997,False,True,9.193894658020453
-2047500.0,527500.0,1500,9.4129510807695,False,True,9.404545221057045
-2042500.0,527500.0,1500,12.341116242370497,False,True,9.885443129720196
-2037500.0,527500.0,1500,16.585797771966053,False,True,10.293223566427788
-2032500.0,527500.0,1500,19.409795967409668,False,True,10.641014340012509
-2027500.0,527500.0,1500,15.884061797410526,False,True,11.171311713869562
-2022500.0,527500.0,1500,9.4864081341739,False,True,11.750158932510672
-2017500.0,527500.0,1500,2.7338264018774754,False,True,12.346568571916233
-2012500.0,527500.0,1500,-1.959654369726407,False,True,12.989056234187109
-2007500.0,527500.0,1500,-6.9191757668102225,False,True,13.454749717176222
-2002500.0,527500.0,1500,-13.3910201771599,False,True,13.692613245672788
-1997500.0,527500.0,1500,-18.72251008809165,False,True,13.8670130161822
-1992500.0,527500.0,1500,-24.59783239053794,False,True,13.98457834244269
-1987500.0,527500.0,1500,-29.60968203243451,False,False,14.054485108790114
-1982500.0,527500.0,1500,-32.91518004896919,False,False,14.087219422779086
-1977500.0,527500.0,1500,-35.23002083257587,False,False,14.090716336583007
-1972500.0,527500.0,1500,-33.745920879434756,False,False,14.065145291516094
-1967500.0,527500.0,1500,-28.676887602324204,False,False,14.000930542780255
-1962500.0,527500.0,1500,-20.74227825711475,False,False,13.88096936472322
-1957500.0,527500.0,1500,-7.526350664191968,False,True,13.683742078743574
-1952500.0,527500.0,1500,7.681673543141803,False,True,13.247376906015205
-1947500.0,527500.0,1500,18.452271348532694,False,True,12.594320677922545
-1942500.0,527500.0,1500,24.846730449855066,False,True,11.889600896586074
-1937500.0,527500.0,1500,32.80283971290831,False,True,10.943446763687778
-1932500.0,527500.0,1500,46.128023106963376,False,True,9.680982711882963
-1927500.0,527500.0,1500,54.04977088234322,False,True,8.454554880105512
-1922500.0,527500.0,1500,52.41543828007114,False,True,7.473473338750579
-1917500.0,527500.0,1500,52.01619651903315,False,False,6.800170615724861
-1912500.0,527500.0,1500,53.17950753071876,False,False,6.611265144501106
-1907500.0,527500.0,1500,47.097322554210116,False,True,7.044225128019155
-1902500.0,527500.0,1500,37.64669748988401,False,True,7.8232526238220395
-1897500.0,527500.0,1500,28.466886118406187,False,True,8.743252186470269
-1892500.0,527500.0,1500,18.638385584357923,False,True,9.169843756749135
-1887500.0,527500.0,1500,10.422913259255767,False,True,8.664543866656125
-1882500.0,527500.0,1500,3.3395902053436037,False,True,7.532665433518288
-1877500.0,527500.0,1500,2.8133064727702237,False,True,6.252136761150132
-1872500.0,527500.0,1500,3.3955811379573393,False,False,5.623039798983035
-1867500.0,527500.0,1500,1.8023004322720377,False,False,5.3982784720869
-1862500.0,527500.0,1500,1.5203629765394282,False,False,5.330368762059222
-1857500.0,527500.0,1500,0.5493424969143519,False,False,6.012321519091165
-1852500.0,527500.0,1500,-0.5426407204778292,False,False,7.164318764649455
-1847500.0,527500.0,1500,-1.2042121632089091,False,False,8.007087157438194
-1842500.0,527500.0,1500,-2.0745212653648157,False,False,8.432547796742975
-1837500.0,527500.0,1500,-4.163603790409168,False,False,8.605481302693788
-1832500.0,527500.0,1500,-7.817936739135094,False,False,8.627495397996158
-1827500.0,527500.0,1500,-12.42801215785855,False,False,8.53323234059998
-1822500.0,527500.0,1500,-17.290594034203497,False,False,8.074300700909161
-1817500.0,527500.0,1500,-22.28778848251665,False,False,5.6444349329431205
-1812500.0,527500.0,1500,-26.810314364859792,False,False,4.6484900732171255
-1807500.0,527500.0,1500,-29.981648110432552,False,False,5.058916231929347
-1802500.0,527500.0,1500,-33.60470602276619,False,False,5.624842232198336
-1797500.0,527500.0,1500,-37.01492588673871,False,False,5.452215863972775
-1792500.0,527500.0,1500,-38.5244032007942,False,False,5.556053253877448
-1787500.0,527500.0,1500,-39.52679420494664,False,True,5.373476732875494
-1782500.0,527500.0,1500,-31.168614740459656,False,True,5.400722666605211
-1777500.0,527500.0,1500,-10.687273509429113,False,True,5.479649632548504
-1772500.0,527500.0,1500,5.3337593800667715,False,True,5.456131977161119
-1767500.0,527500.0,1500,7.212234436899928,True,True,5.2292898294013135
-1762500.0,527500.0,1500,1.026384526518438,True,True,5.1075912084156725
-1757500.0,527500.0,1500,-8.476300735704413,True,True,5.178501999231699
-1752500.0,527500.0,1500,-12.67769757951176,True,True,5.085341315072968
-1747500.0,527500.0,1500,-9.889050997126741,True,True,5.323739877131759
-1742500.0,527500.0,1500,-9.204320979531657,True,True,5.3692244049623765
-1737500.0,527500.0,1500,-5.792061926375312,True,True,5.792528238354025
-1732500.0,527500.0,1500,-1.9091787339498136,True,True,5.757430992275288
-1727500.0,527500.0,1500,2.5342878842269374,False,True,4.8915409805950505
-1722500.0,527500.0,1500,7.248838384959256,False,True,4.6363045272792105
-1717500.0,527500.0,1500,2.0215255513194212,False,True,4.627924157012231
-1712500.0,527500.0,1500,-9.070961966321406,False,True,4.505749946314925
-1707500.0,527500.0,1500,-13.348303071498965,False,False,4.537596032031599
-1702500.0,527500.0,1500,-9.555500118185854,False,False,4.219449279084175
-1697500.0,527500.0,1500,-3.6935770556659295,False,False,4.210183447711682
-1692500.0,527500.0,1500,2.425712475684302,False,False,4.082568406789882
-1687500.0,527500.0,1500,5.472087228872368,False,False,4.054104876796972
-1682500.0,527500.0,1500,7.161968811290299,False,False,4.451010353701438
-1677500.0,527500.0,1500,11.369836931184718,False,False,6.198275733066534
-1672500.0,527500.0,1500,15.031486214220054,False,False,6.1715565665888725
-1667500.0,527500.0,1500,13.185249885679381,False,False,4.3832992905067325
-1662500.0,527500.0,1500,6.816653109132374,False,False,4.321736085866008
-1657500.0,527500.0,1500,0.21992846572040667,False,False,5.711749820316008
-1652500.0,527500.0,1500,-6.603618950858664,False,False,5.267176552473299
-2197500.0,532500.0,1500,20.834016542788945,False,False,7.02347473445628
-2192500.0,532500.0,1500,22.168104036305547,False,False,6.013157713244414
-2187500.0,532500.0,1500,22.58455232705836,False,False,5.51970804432565
-2182500.0,532500.0,1500,23.45219859802898,False,False,5.541995953304234
-2177500.0,532500.0,1500,26.31580488001907,False,False,6.205495971070999
-2172500.0,532500.0,1500,30.442448188704947,False,False,7.449080114894006
-2167500.0,532500.0,1500,35.355871122254335,False,False,8.138778459449393
-2162500.0,532500.0,1500,37.19914077172798,False,False,8.015863643389368
-2157500.0,532500.0,1500,30.742142044511688,False,False,7.556939103460511
-2152500.0,532500.0,1500,20.324110045367586,False,False,7.364448051931181
-2147500.0,532500.0,1500,12.725755543620823,False,False,7.629641175497091
-2142500.0,532500.0,1500,15.123582435859046,False,False,8.354679114049306
-2137500.0,532500.0,1500,20.757949242179638,False,False,9.410647216657981
-2132500.0,532500.0,1500,20.59127355311069,False,True,10.351868622855994
-2127500.0,532500.0,1500,26.147553209293264,False,True,10.906405202664857
-2122500.0,532500.0,1500,33.9675163104571,False,True,10.986364717892197
-2117500.0,532500.0,1500,29.177368713537557,False,True,10.605183649058885
-2112500.0,532500.0,1500,16.808512853588258,False,True,9.834972833015751
-2107500.0,532500.0,1500,9.41313555072297,False,True,8.915484813931377
-2102500.0,532500.0,1500,6.023196912220155,False,True,8.30219364015731
-2097500.0,532500.0,1500,3.5516405625643555,False,True,8.185743818061871
-2092500.0,532500.0,1500,2.3060441314232953,False,False,8.432822754228784
-2087500.0,532500.0,1500,-0.46472494877265697,False,False,8.876973247486024
-2082500.0,532500.0,1500,-5.169230331389125,False,False,9.246290186895548
-2077500.0,532500.0,1500,-8.236080600577209,False,False,9.358999242242568
-2072500.0,532500.0,1500,-7.814130555498389,False,False,9.287930125455317
-2067500.0,532500.0,1500,-5.492623585886692,False,False,9.209941921023518
-2062500.0,532500.0,1500,-2.6174296389106106,False,False,9.275329368105176
-2057500.0,532500.0,1500,0.808407983036338,False,False,9.540699262500688
-2052500.0,532500.0,1500,4.040224159148153,False,True,9.977626257745454
-2047500.0,532500.0,1500,6.908288746437105,False,True,10.546082469005864
-2042500.0,532500.0,1500,9.71172215724176,False,True,11.18955379329286
-2037500.0,532500.0,1500,12.93189213496372,False,True,11.63504373309228
-2032500.0,532500.0,1500,17.444794955179592,False,True,11.851041400627409
-2027500.0,532500.0,1500,17.04548321090032,False,True,12.14166478346404
-2022500.0,532500.0,1500,11.800744817214888,False,True,12.492868306348232
-2017500.0,532500.0,1500,5.733914852789695,False,True,12.9005070267279
-2012500.0,532500.0,1500,-2.251013443505542,False,True,13.490570732216437
-2007500.0,532500.0,1500,-10.57749114250762,False,True,13.90962588462804
-2002500.0,532500.0,1500,-16.81763745346075,False,True,14.03684437787183
-1997500.0,532500.0,1500,-22.01204203790875,False,True,14.115624267098125
-1992500.0,532500.0,1500,-27.598675051205802,False,False,14.148659590538877
-1987500.0,532500.0,1500,-32.20112733129221,False,False,14.140375859315645
-1982500.0,532500.0,1500,-35.873704337830304,False,False,14.095320984840349
-1977500.0,532500.0,1500,-37.0122538814249,False,False,14.012050233422162
-1972500.0,532500.0,1500,-36.425182324542924,False,False,13.880081780909912
-1967500.0,532500.0,1500,-31.86408857685362,False,False,13.680845436929228
-1962500.0,532500.0,1500,-21.528694539375387,False,True,13.38788694853727
-1957500.0,532500.0,1500,-10.443274813981738,False,True,12.966968297077182
-1952500.0,532500.0,1500,-1.0437798591298726,False,True,12.380775240931783
-1947500.0,532500.0,1500,3.346076148525268,False,True,11.514983084301468
-1942500.0,532500.0,1500,7.392404338415971,True,True,10.451278062300753
-1937500.0,532500.0,1500,21.077317692776926,False,True,9.173929243379781
-1932500.0,532500.0,1500,40.81451045013684,False,True,7.801866880507781
-1927500.0,532500.0,1500,51.21552072622002,False,True,7.012918083128167
-1922500.0,532500.0,1500,51.40217903514123,False,True,6.951670424099344
-1917500.0,532500.0,1500,52.99386361679159,False,False,7.215953701648348
-1912500.0,532500.0,1500,56.31044733478316,False,False,7.556314488506084
-1907500.0,532500.0,1500,51.07863444099954,False,True,7.821531516937768
-1902500.0,532500.0,1500,39.841478647959576,False,True,7.6900955789979015
-1897500.0,532500.0,1500,31.434727035422004,False,True,7.222957329745954
-1892500.0,532500.0,1500,25.47493049815745,False,True,6.575452173786582
-1887500.0,532500.0,1500,20.930822577468906,False,True,5.8743584801287145
-1882500.0,532500.0,1500,16.923830221296107,False,True,5.39879106668725
-1877500.0,532500.0,1500,11.126003631332418,False,True,5.199279815737015
-1872500.0,532500.0,1500,1.7836926877301924,False,False,5.6714817555190145
-1867500.0,532500.0,1500,-1.2580981376491178,False,False,6.686700505648382
-1862500.0,532500.0,1500,1.3915056820239595,False,False,7.538203399700409
-1857500.0,532500.0,1500,0.8679950330064901,False,False,8.07059403762776
-1852500.0,532500.0,1500,-0.26368431825119426,False,False,8.374346771339251
-1847500.0,532500.0,1500,-0.5512275194870142,False,False,8.53690529259705
-1842500.0,532500.0,1500,-1.5150649627843298,False,False,8.650101854091554
-1837500.0,532500.0,1500,-3.518644709170047,False,False,8.68918379492839
-1832500.0,532500.0,1500,-7.171194175126975,False,False,8.550810011711551
-1827500.0,532500.0,1500,-11.576788532233495,False,False,8.161837356336086
-1822500.0,532500.0,1500,-15.577858816393489,False,False,7.580024754038172
-1817500.0,532500.0,1500,-19.48629981707633,False,False,5.582824797474351
-1812500.0,532500.0,1500,-23.215252835774546,False,False,5.2920373789994795
-1807500.0,532500.0,1500,-26.0318221466663,False,False,5.597870490452771
-1802500.0,532500.0,1500,-29.391499347384276,False,False,5.226049886149994
-1797500.0,532500.0,1500,-33.46269472902961,False,False,5.04751895450939
-1792500.0,532500.0,1500,-36.1633968421066,False,False,5.617820156633222
-1787500.0,532500.0,1500,-38.20070486532955,False,True,5.346688285995998
-1782500.0,532500.0,1500,-33.82634660823885,False,True,5.341458085897049
-1777500.0,532500.0,1500,-19.931730864329708,False,True,5.3782503105888235
-1772500.0,532500.0,1500,-6.560538053205976,False,True,5.2283293665945845
-1767500.0,532500.0,1500,-1.5348859902340442,True,True,5.506074317594434
-1762500.0,532500.0,1500,-6.054070896701123,True,True,5.449604200551635
-1757500.0,532500.0,1500,-16.54171871981945,True,True,5.47866055691126
-1752500.0,532500.0,1500,-18.488520943751084,True,True,5.554748753583353
-1747500.0,532500.0,1500,-9.047327797832612,True,True,5.482185580505744
-1742500.0,532500.0,1500,-2.820738374496066,True,True,5.512240660689033
-1737500.0,532500.0,1500,-2.08731748815341,True,True,5.6965308254979465
-1732500.0,532500.0,1500,-2.980847836785079,True,True,5.608541411925274
-1727500.0,532500.0,1500,-2.0750642614773995,False,True,4.993830252933661
-1722500.0,532500.0,1500,3.5666822926173913,False,True,4.604562395254908
-1717500.0,532500.0,1500,5.41273533394131,False,True,4.488610214392616
-1712500.0,532500.0,1500,-0.025064484641473456,False,True,4.2158311082308675
-1707500.0,532500.0,1500,-3.0431301522387355,False,False,4.397249328590462
-1702500.0,532500.0,1500,-3.6072473390751996,False,False,4.311605944151415
-1697500.0,532500.0,1500,-2.22684692272532,False,False,4.272965691532308
-1692500.0,532500.0,1500,0.2856667415726683,False,False,4.30085467897721
-1687500.0,532500.0,1500,0.3645546139993926,False,False,4.195738595484322
-1682500.0,532500.0,1500,3.462034230642086,False,False,4.559839971771893
-1677500.0,532500.0,1500,8.989196084372448,False,False,6.45531153569144
-1672500.0,532500.0,1500,11.687900759432855,False,False,6.399976009411282
-1667500.0,532500.0,1500,9.744891773038603,False,False,4.420752380062892
-1662500.0,532500.0,1500,3.2692108809490064,False,False,3.9182569554925077
-1657500.0,532500.0,1500,-2.6387064683860304,False,False,4.8464201914082246
-1652500.0,532500.0,1500,-3.7615277463650916,False,False,4.668933931823865
-2197500.0,537500.0,1500,19.768499776870534,False,False,5.430638132237537
-2192500.0,537500.0,1500,21.665074651505158,False,False,5.749342928853018
-2187500.0,537500.0,1500,23.049060667688426,False,False,6.424415745398956
-2182500.0,537500.0,1500,23.280777106521867,False,False,7.589760467925778
-2177500.0,537500.0,1500,25.219520765557455,False,False,8.281196358375945
-2172500.0,537500.0,1500,29.706843255841672,False,False,8.22915401574147
-2167500.0,537500.0,1500,34.75438694560086,False,False,7.733930549854164
-2162500.0,537500.0,1500,38.63400884709636,False,False,7.2207485224984005
-2157500.0,537500.0,1500,36.64044040274665,False,False,7.200461466244608
-2152500.0,537500.0,1500,27.735708226235836,False,False,7.967218798119012
-2147500.0,537500.0,1500,18.154794197427048,False,False,9.164025849612731
-2142500.0,537500.0,1500,16.412865095586227,False,False,10.212369624622744
-2137500.0,537500.0,1500,22.301181519278696,False,True,10.851684236322
-2132500.0,537500.0,1500,27.43639704011325,False,True,11.030087391160098
-2127500.0,537500.0,1500,32.57200585195266,False,True,10.715737450131174
-2122500.0,537500.0,1500,35.460026474963485,False,True,10.031516037275294
-2117500.0,537500.0,1500,32.52262394698806,True,True,9.2429342489696
-2112500.0,537500.0,1500,23.995820631596615,False,True,8.523509227853134
-2107500.0,537500.0,1500,15.692835852001027,False,True,8.077376172093722
-2102500.0,537500.0,1500,11.315840581319021,False,True,8.146917681281534
-2097500.0,537500.0,1500,8.134100914379522,False,True,8.598655156816829
-2092500.0,537500.0,1500,6.294295539767225,False,False,8.982056761459814
-2087500.0,537500.0,1500,3.318550084681262,False,False,9.148522356883149
-2082500.0,537500.0,1500,-1.2046994237935966,False,False,9.168944886282844
-2077500.0,537500.0,1500,-4.449017364477408,False,False,9.168062067608986
-2072500.0,537500.0,1500,-5.369406716829912,False,False,9.284482182639842
-2067500.0,537500.0,1500,-4.967890247194236,False,False,9.59366682965597
-2062500.0,537500.0,1500,-3.1004932802066074,False,False,10.084025238795183
-2057500.0,537500.0,1500,-0.3293371374334091,False,False,10.680434373865522
-2052500.0,537500.0,1500,2.6048689562600194,False,False,11.294475801062177
-2047500.0,537500.0,1500,5.592867534508646,False,True,11.8748158403729
-2042500.0,537500.0,1500,8.12288893142112,False,True,12.40096012620892
-2037500.0,537500.0,1500,10.610237378177295,False,True,12.672529469978057
-2032500.0,537500.0,1500,15.12307320055288,False,True,12.69695630730715
-2027500.0,537500.0,1500,14.820412660655307,False,True,12.80496868610247
-2022500.0,537500.0,1500,10.986505077840913,False,False,12.982021551340285
-2017500.0,537500.0,1500,7.001833509801642,False,False,13.227570633597358
-2012500.0,537500.0,1500,-2.5634162218607304,False,False,13.755849282042767
-2007500.0,537500.0,1500,-12.58851816641589,False,True,14.14273660299179
-2002500.0,537500.0,1500,-18.89356559387989,False,False,14.190562601853859
-1997500.0,537500.0,1500,-23.815345021886298,False,False,14.19141458650383
-1992500.0,537500.0,1500,-28.641237791254827,False,False,14.140297999225584
-1987500.0,537500.0,1500,-33.16414293615023,False,False,14.034926368895153
-1982500.0,537500.0,1500,-36.56937436891799,False,False,13.876415032576388
-1977500.0,537500.0,1500,-37.088007604038566,False,False,13.660221454551065
-1972500.0,537500.0,1500,-35.43788146301731,False,False,13.363190793303257
-1967500.0,537500.0,1500,-28.156905272482074,False,False,12.947271565214288
-1962500.0,537500.0,1500,-16.408774034132573,False,True,12.371808646220288
-1957500.0,537500.0,1500,-7.949196168721838,False,True,11.603208023212176
-1952500.0,537500.0,1500,-2.761099215969717,False,True,10.62976522745771
-1947500.0,537500.0,1500,-3.005757594559229,False,True,9.460137931419876
-1942500.0,537500.0,1500,-0.7855538304974435,True,True,8.39290534111101
-1937500.0,537500.0,1500,13.836574856123725,True,True,7.722406504903894
-1932500.0,537500.0,1500,32.338698928578296,False,True,7.441050302632221
-1927500.0,537500.0,1500,48.75443132176264,False,True,7.59430940931538
-1922500.0,537500.0,1500,57.84427520104973,False,True,8.018333481362617
-1917500.0,537500.0,1500,58.69005006826947,False,True,8.063754897152506
-1912500.0,537500.0,1500,56.13417386337046,False,True,7.502724560857563
-1907500.0,537500.0,1500,50.519141648630836,False,True,6.492326784151349
-1902500.0,537500.0,1500,43.46585530450779,False,True,5.440387670321379
-1897500.0,537500.0,1500,38.36120427784004,False,True,4.990317681488512
-1892500.0,537500.0,1500,35.14013266847648,False,True,4.99456277641853
-1887500.0,537500.0,1500,29.496479832993842,False,True,5.249978881509903
-1882500.0,537500.0,1500,25.033826374596828,False,True,6.033030990374862
-1877500.0,537500.0,1500,17.111152874829564,False,False,7.026383327111082
-1872500.0,537500.0,1500,4.394452564848577,False,False,7.649457920182847
-1867500.0,537500.0,1500,0.16458263008717333,False,False,8.040259007443119
-1862500.0,537500.0,1500,3.1013577344753482,False,False,8.374082758497853
-1857500.0,537500.0,1500,4.024594328598917,False,False,8.575320957071668
-1852500.0,537500.0,1500,1.7884411306853576,False,False,8.668878437323778
-1847500.0,537500.0,1500,-0.5875117537834154,False,False,8.683293446272524
-1842500.0,537500.0,1500,-2.3512894435658716,False,False,8.569133989079667
-1837500.0,537500.0,1500,-4.537021760468203,False,True,8.212617087833696
-1832500.0,537500.0,1500,-7.7150166124272745,False,False,7.75539516016995
-1827500.0,537500.0,1500,-11.074877688621164,False,False,7.398656155748808
-1822500.0,537500.0,1500,-14.050089839506944,False,False,7.199651248949274
-1817500.0,537500.0,1500,-16.281728558688442,False,False,5.704418578812215
-1812500.0,537500.0,1500,-18.693023828537516,False,False,5.66203363278565
-1807500.0,537500.0,1500,-21.724062349444438,False,False,6.839891658893846
-1802500.0,537500.0,1500,-25.651102059432606,False,False,5.432772880749035
-1797500.0,537500.0,1500,-30.627645855002108,False,False,3.941571565112939
-1792500.0,537500.0,1500,-33.66400414156853,False,True,5.27556030907753
-1787500.0,537500.0,1500,-35.40930603384987,False,True,5.297004056461685
-1782500.0,537500.0,1500,-33.516002340142485,False,True,5.205496101513648
-1777500.0,537500.0,1500,-24.70130481164684,False,True,5.8060108211456605
-1772500.0,537500.0,1500,-14.0630109109231,True,True,5.7794007704093
-1767500.0,537500.0,1500,-8.452485771340582,True,True,5.714555120396806
-1762500.0,537500.0,1500,-11.653071216399374,True,True,5.754440189978157
-1757500.0,537500.0,1500,-20.340665649161213,True,True,5.59994961151121
-1752500.0,537500.0,1500,-21.171236809267977,True,True,5.692383925090981
-1747500.0,537500.0,1500,-10.755022657301836,True,True,5.3507293854093705
-1742500.0,537500.0,1500,-3.3715623013867813,True,True,5.292547221545989
-1737500.0,537500.0,1500,-2.2991959362190717,True,True,5.734291195514775
-1732500.0,537500.0,1500,-2.318269150921077,True,True,5.652395292642969
-1727500.0,537500.0,1500,-5.142481901015795,True,True,5.119751746324354
-1722500.0,537500.0,1500,1.5005367585837392,False,True,4.5744507026369625
-1717500.0,537500.0,1500,14.208724039752573,False,True,4.3551875574371595
-1712500.0,537500.0,1500,12.27357828795861,False,True,4.180081878041626
-1707500.0,537500.0,1500,4.833496273457577,False,True,4.3647114509744265
-1702500.0,537500.0,1500,1.3626112276982298,False,False,4.406416647545487
-1697500.0,537500.0,1500,0.17329497842151098,False,False,4.443089839065085
-1692500.0,537500.0,1500,-1.5609080392305876,False,False,4.428190954194422
-1687500.0,537500.0,1500,-2.747733988043673,False,False,4.244130920126524
-1682500.0,537500.0,1500,1.549536912144424,False,False,4.433962445058998
-1677500.0,537500.0,1500,6.826005861782831,False,False,5.963844688650404
-1672500.0,537500.0,1500,8.838846115989352,False,False,5.77521548225368
-1667500.0,537500.0,1500,9.162306646933187,False,False,4.067721071221204
-1662500.0,537500.0,1500,4.9338590670619125,False,False,3.700454498208968
-1657500.0,537500.0,1500,-0.2162018106312884,False,False,4.818968534908579
-1652500.0,537500.0,1500,2.1897494244494857,False,False,5.059005260376326
-2197500.0,542500.0,1500,21.075640892409876,False,False,6.497747552618522
-2192500.0,542500.0,1500,23.694994286185043,False,False,7.84516965840881
-2187500.0,542500.0,1500,25.225463545378602,False,False,8.42645527185144
-2182500.0,542500.0,1500,25.661796926253192,False,False,8.38302915371628
-2177500.0,542500.0,1500,26.62664236555263,False,False,7.936740300444381
-2172500.0,542500.0,1500,29.450629978060377,False,False,7.356164069240077
-2167500.0,542500.0,1500,32.883132614288186,False,False,7.109677620311483
-2162500.0,542500.0,1500,35.98742823841091,False,False,7.523562198072087
-2157500.0,542500.0,1500,36.831128424133624,False,False,8.545960370293368
-2152500.0,542500.0,1500,31.914081062588963,False,False,9.781849241830084
-2147500.0,542500.0,1500,23.6764734396448,False,False,10.755405992234483
-2142500.0,542500.0,1500,21.77010333502297,False,True,11.219232943182313
-2137500.0,542500.0,1500,27.674995320631577,False,False,11.023466605329586
-2132500.0,542500.0,1500,31.802676297939442,False,True,10.365038114339628
-2127500.0,542500.0,1500,35.911256529258914,False,True,9.412926597933643
-2122500.0,542500.0,1500,39.78975224503527,False,True,8.38104694074609
-2117500.0,542500.0,1500,38.928298204275755,False,True,7.823481434255319
-2112500.0,542500.0,1500,32.223543465640375,True,True,7.920873572771951
-2107500.0,542500.0,1500,22.799714029114906,False,True,8.288115312796629
-2102500.0,542500.0,1500,17.670088290307678,False,True,8.625679204364207
-2097500.0,542500.0,1500,14.167498036437378,False,True,8.886876588968175
-2092500.0,542500.0,1500,10.335048558528532,False,True,9.001168376088536
-2087500.0,542500.0,1500,6.134222658145166,False,False,9.09538421456093
-2082500.0,542500.0,1500,0.9259212108620793,False,False,9.292538925825204
-2077500.0,542500.0,1500,-2.046475595116774,False,False,9.645827669965795
-2072500.0,542500.0,1500,-3.0149551314070377,False,False,10.151163463750967
-2067500.0,542500.0,1500,-3.6308239278410968,False,False,10.751916880626645
-2062500.0,542500.0,1500,-1.9052003713045398,False,False,11.374657698972523
-2057500.0,542500.0,1500,0.5170756614267035,False,False,11.959431139271537
-2052500.0,542500.0,1500,3.1750626853532746,False,False,12.470244765133145
-2047500.0,542500.0,1500,7.072239043265322,False,False,12.89764762568944
-2042500.0,542500.0,1500,12.126998782682913,False,False,13.080725005252082
-2037500.0,542500.0,1500,14.64539841869483,False,True,13.0855773755471
-2032500.0,542500.0,1500,14.108785787671064,False,False,13.122088349344937
-2027500.0,542500.0,1500,10.283924709638846,False,False,13.21373122366106
-2022500.0,542500.0,1500,6.567775969118937,False,False,13.310217011250716
-2017500.0,542500.0,1500,4.157194327623251,False,True,13.457054219879023
-2012500.0,542500.0,1500,-3.6184273315871804,False,True,13.856215502115901
-2007500.0,542500.0,1500,-12.694446732246208,False,True,14.189464967094029
-2002500.0,542500.0,1500,-19.21034162339713,False,True,14.224021963488585
-1997500.0,542500.0,1500,-24.074977835390186,False,True,14.145855459019408
-1992500.0,542500.0,1500,-28.58072912730812,False,False,13.97901932438236
-1987500.0,542500.0,1500,-33.02840287844128,False,False,13.70864291582854
-1982500.0,542500.0,1500,-35.98447836953158,False,False,13.343009446235595
-1977500.0,542500.0,1500,-36.78647178096403,False,False,12.88907492727892
-1972500.0,542500.0,1500,-31.424773208439127,False,False,12.31333751681569
-1967500.0,542500.0,1500,-19.62269123674256,False,False,11.561747539323882
-1962500.0,542500.0,1500,-7.428492121175734,False,True,10.610133868648948
-1957500.0,542500.0,1500,2.094193465993984,False,True,9.524779290982304
-1952500.0,542500.0,1500,4.088885362120661,False,True,8.444897257087048
-1947500.0,542500.0,1500,-1.7192973296629488,False,True,7.78194568883048
-1942500.0,542500.0,1500,-1.2778789613820594,True,True,7.7932229559174395
-1937500.0,542500.0,1500,9.20280844137526,True,True,8.341301292581592
-1932500.0,542500.0,1500,21.769569835676936,False,True,9.02354493224545
-1927500.0,542500.0,1500,40.718478050300924,False,True,9.331079545515733
-1922500.0,542500.0,1500,54.54007767833017,False,True,9.149434382096542
-1917500.0,542500.0,1500,51.64080911755204,False,True,7.869046636053211
-1912500.0,542500.0,1500,45.22541652776556,False,True,6.140540620131155
-1907500.0,542500.0,1500,44.77469795373789,False,True,5.203994098512023
-1902500.0,542500.0,1500,47.39140664559265,False,True,4.847212729403423
-1897500.0,542500.0,1500,46.132242747939465,False,True,5.203332794566402
-1892500.0,542500.0,1500,40.69074894241207,False,True,6.004003757239353
-1887500.0,542500.0,1500,32.16035843196377,False,True,6.694170130453212
-1882500.0,542500.0,1500,25.13275439577917,False,True,7.369651502419726
-1877500.0,542500.0,1500,17.190234888317466,False,True,7.985531102268045
-1872500.0,542500.0,1500,6.15524566094028,False,False,8.357263632577453
-1867500.0,542500.0,1500,0.7685714202435638,False,False,8.55766206951047
-1862500.0,542500.0,1500,2.5729903553390487,False,False,8.69695531563156
-1857500.0,542500.0,1500,4.354931931297469,False,False,8.737407728751517
-1852500.0,542500.0,1500,2.313421686217432,False,False,8.590261014620122
-1847500.0,542500.0,1500,-0.8035102301838842,False,True,8.23874893611788
-1842500.0,542500.0,1500,-3.3294990386724064,False,True,7.761468645313334
-1837500.0,542500.0,1500,-5.567136333858891,False,True,7.3226996734070795
-1832500.0,542500.0,1500,-7.5136105754278395,False,True,7.215810172326654
-1827500.0,542500.0,1500,-9.458259773093811,False,True,7.453294502796237
-1822500.0,542500.0,1500,-12.090199602991765,False,False,7.663785447922917
-1817500.0,542500.0,1500,-14.747082879089218,False,False,6.196457581977167
-1812500.0,542500.0,1500,-17.13119253117049,False,False,5.935228377038778
-1807500.0,542500.0,1500,-19.27577784392485,False,False,7.590324666501677
-1802500.0,542500.0,1500,-22.520982491839426,False,False,6.337936228827555
-1797500.0,542500.0,1500,-27.030673955502,False,False,4.062397449788771
-1792500.0,542500.0,1500,-29.43124539526506,False,False,4.9794577410857634
-1787500.0,542500.0,1500,-30.72126191400099,False,True,5.624813952770972
-1782500.0,542500.0,1500,-30.801294958905547,False,True,5.63767300188069
-1777500.0,542500.0,1500,-27.00892965211135,False,True,5.849018098500067
-1772500.0,542500.0,1500,-18.508967961161265,False,True,5.974446063312815
-1767500.0,542500.0,1500,-11.067748738256533,False,True,5.546126353151631
-1762500.0,542500.0,1500,-11.438175625555346,True,True,5.543838302377824
-1757500.0,542500.0,1500,-17.35191385821628,True,True,5.398959011998908
-1752500.0,542500.0,1500,-19.48321730231328,True,True,5.420961338328184
-1747500.0,542500.0,1500,-15.36781264793696,True,True,5.410116149590408
-1742500.0,542500.0,1500,-11.123155846808036,True,True,5.29587536195186
-1737500.0,542500.0,1500,-3.3685437343545486,True,True,5.717277024489011
-1732500.0,542500.0,1500,5.761130593854372,True,True,5.56177416226077
-1727500.0,542500.0,1500,4.171416706994343,True,True,5.078972260468077
-1722500.0,542500.0,1500,6.229134119169114,False,True,4.791018817909874
-1717500.0,542500.0,1500,16.31597541379789,False,True,4.58460993996113
-1712500.0,542500.0,1500,14.96746545199798,False,True,4.4195097538333785
-1707500.0,542500.0,1500,6.472798006927207,False,True,4.386843886660092
-1702500.0,542500.0,1500,2.195687402155288,False,False,4.302136791009353
-1697500.0,542500.0,1500,-0.017119694417396136,False,False,4.479243883909985
-1692500.0,542500.0,1500,-3.5565377394595616,False,False,4.4251836758766006
-1687500.0,542500.0,1500,-1.8567360810095177,False,False,4.199280306791603
-1682500.0,542500.0,1500,4.546094215330522,False,False,4.098103651846934
-1677500.0,542500.0,1500,7.787054895844714,False,False,5.04798873438466
-1672500.0,542500.0,1500,8.829848175730104,False,False,5.009052417709535
-1667500.0,542500.0,1500,10.847362967573632,False,False,3.881348482696178
-1662500.0,542500.0,1500,9.545700002687024,False,False,3.8923417556740976
-1657500.0,542500.0,1500,5.991112800501955,False,False,5.340661825175269
-1652500.0,542500.0,1500,5.488399958980217,False,False,5.614984481568926
-2197500.0,547500.0,1500,23.925250397763794,False,False,8.59675334407036
-2192500.0,547500.0,1500,26.972495085147997,False,False,8.574728262844726
-2187500.0,547500.0,1500,28.038105017496736,False,False,8.153227154172459
-2182500.0,547500.0,1500,27.673243414891758,False,False,7.636334418207836
-2177500.0,547500.0,1500,25.797270163532797,False,False,7.258085557242446
-2172500.0,547500.0,1500,26.947553381268552,False,False,7.340144329237365
-2167500.0,547500.0,1500,29.993185701672875,False,False,8.146550208337679
-2162500.0,547500.0,1500,30.366085700557164,False,False,9.341443910126484
-2157500.0,547500.0,1500,29.795003100335805,False,False,10.407605544983465
-2152500.0,547500.0,1500,26.90099967178255,False,True,11.084400262986268
-2147500.0,547500.0,1500,21.805092964625175,False,True,11.293415532618997
-2142500.0,547500.0,1500,21.965004623706058,False,True,10.969472445063847
-2137500.0,547500.0,1500,25.916137981175435,False,True,10.064859302482576
-2132500.0,547500.0,1500,28.99000637269816,False,True,8.910792091343417
-2127500.0,547500.0,1500,34.88673091177377,False,True,7.927080706803547
-2122500.0,547500.0,1500,41.675618565392874,False,True,7.334145634858966
-2117500.0,547500.0,1500,43.772307000142796,False,True,7.373077575013538
-2112500.0,547500.0,1500,38.15226599386433,False,True,7.998699912656461
-2107500.0,547500.0,1500,29.15021816921202,False,True,8.613405880189365
-2102500.0,547500.0,1500,23.276101515207795,False,True,8.874597899481362
-2097500.0,547500.0,1500,18.814581297661885,False,True,9.015582826251402
-2092500.0,547500.0,1500,13.217108140739557,False,False,9.246905271489213
-2087500.0,547500.0,1500,7.024705518979557,False,False,9.653158873547136
-2082500.0,547500.0,1500,1.5469738835744038,False,False,10.19650814316611
-2077500.0,547500.0,1500,-0.9368412850285994,False,False,10.804775576948826
-2072500.0,547500.0,1500,-1.630659698849764,False,False,11.421335091381792
-2067500.0,547500.0,1500,-1.7955289024984915,False,False,12.000689246396988
-2062500.0,547500.0,1500,-0.3741068432633955,False,False,12.512016822063416
-2057500.0,547500.0,1500,4.7820126757809165,False,False,12.853821189378573
-2052500.0,547500.0,1500,12.998787787475582,False,False,13.022535362616246
-2047500.0,547500.0,1500,21.082432611174816,False,True,13.137810329742425
-2042500.0,547500.0,1500,29.19688554756253,False,True,13.065993690065651
-2037500.0,547500.0,1500,28.6132531983297,False,True,13.03254540036771
-2032500.0,547500.0,1500,19.24705034617934,False,True,13.196893544583567
-2027500.0,547500.0,1500,11.659024647797509,False,True,13.304037123183747
-2022500.0,547500.0,1500,7.699768988397046,False,True,13.359930037584354
-2017500.0,547500.0,1500,4.721641708207878,False,True,13.494914440800397
-2012500.0,547500.0,1500,-0.9784659171865367,False,True,13.833113444363573
-2007500.0,547500.0,1500,-9.690478236453808,False,True,14.150538928445767
-2002500.0,547500.0,1500,-17.36705222335123,False,True,14.190188669442115
-1997500.0,547500.0,1500,-22.635536081837024,False,True,14.019666692867402
-1992500.0,547500.0,1500,-27.575395448152513,False,True,13.6770365922366
-1987500.0,547500.0,1500,-31.194444580560067,False,False,13.101417265081288
-1982500.0,547500.0,1500,-34.203673071701644,False,False,12.327046573095279
-1977500.0,547500.0,1500,-34.68104291330763,False,False,11.462151874341632
-1972500.0,547500.0,1500,-26.354857737919616,False,False,10.513800103312546
-1967500.0,547500.0,1500,-12.186880625982841,False,False,9.469654070374306
-1962500.0,547500.0,1500,4.798349049121921,False,False,8.352437157026436
-1957500.0,547500.0,1500,21.965973836729667,False,True,7.525887142295716
-1952500.0,547500.0,1500,22.625136016498097,False,True,7.40369938147235
-1947500.0,547500.0,1500,15.165122035205174,False,True,7.979107145134542
-1942500.0,547500.0,1500,15.539065130283138,False,True,8.907423837902135
-1937500.0,547500.0,1500,17.682553126360066,False,True,9.750276037685508
-1932500.0,547500.0,1500,24.171161783561157,False,True,10.153135708842889
-1927500.0,547500.0,1500,38.31019613001463,False,True,9.938843667936126
-1922500.0,547500.0,1500,45.82691603988674,False,True,9.223565905976233
-1917500.0,547500.0,1500,39.23173667592268,False,True,7.679208016904758
-1912500.0,547500.0,1500,30.880114529316693,False,True,6.2609971126110375
-1907500.0,547500.0,1500,32.42020962502258,False,True,6.028711947662002
-1902500.0,547500.0,1500,41.7847253001339,False,True,6.159749092050539
-1897500.0,547500.0,1500,45.99187130281242,False,True,6.37270739067206
-1892500.0,547500.0,1500,42.03617990251255,False,True,6.841815833651781
-1887500.0,547500.0,1500,33.13347535507264,False,True,7.561701247658623
-1882500.0,547500.0,1500,22.006547417678004,False,True,8.24410370172157
-1877500.0,547500.0,1500,12.674665390870882,False,True,8.566440887329422
-1872500.0,547500.0,1500,4.279547620488177,False,True,8.688143873814873
-1867500.0,547500.0,1500,-0.4148259107595391,False,False,8.698995177306582
-1862500.0,547500.0,1500,0.5345769672376806,False,False,8.539411274203587
-1857500.0,547500.0,1500,0.9887959305376416,False,False,8.201851171626979
-1852500.0,547500.0,1500,-0.700887628138564,False,True,7.704540614342858
-1847500.0,547500.0,1500,-2.0249218921451893,False,True,7.346665662219599
-1842500.0,547500.0,1500,-2.8203031489113712,False,True,7.302473810043195
-1837500.0,547500.0,1500,-3.702729889959541,False,True,7.481742741670303
-1832500.0,547500.0,1500,-4.027747911200903,False,True,7.851432872756732
-1827500.0,547500.0,1500,-4.9377638548261285,False,True,8.23380300003651
-1822500.0,547500.0,1500,-8.668137707646547,False,True,8.293452958062854
-1817500.0,547500.0,1500,-13.738141022717764,False,False,6.638840787949436
-1812500.0,547500.0,1500,-16.44725288491296,False,False,6.04644029456508
-1807500.0,547500.0,1500,-16.836114636550874,False,False,7.498349477993594
-1802500.0,547500.0,1500,-18.730588891207198,False,False,7.187294718184493
-1797500.0,547500.0,1500,-22.926466272701166,False,False,5.4446886035119615
-1792500.0,547500.0,1500,-25.86885091147267,False,False,5.397003595142574
-1787500.0,547500.0,1500,-27.52117936047889,False,True,5.651586902794504
-1782500.0,547500.0,1500,-28.15923592419369,False,True,5.800848134034455
-1777500.0,547500.0,1500,-26.176626697345515,False,True,5.519659060784802
-1772500.0,547500.0,1500,-18.649384634321233,False,True,5.5903498034448695
-1767500.0,547500.0,1500,-9.033897107989208,False,True,5.559792237170891
-1762500.0,547500.0,1500,-5.828507935859906,False,True,5.5451558649508135
-1757500.0,547500.0,1500,-8.020954419291405,True,True,5.502000824066757
-1752500.0,547500.0,1500,-12.082902848881792,True,True,5.404608967243328
-1747500.0,547500.0,1500,-19.283040948949385,True,True,5.35583968654323
-1742500.0,547500.0,1500,-22.548798053679654,True,True,5.198263523308761
-1737500.0,547500.0,1500,-8.958526142804844,True,True,5.547508090463232
-1732500.0,547500.0,1500,10.626206141392279,True,True,5.557306982938978
-1727500.0,547500.0,1500,13.246468052359628,True,True,5.190920102570515
-1722500.0,547500.0,1500,8.306397616001394,False,True,5.113294503909717
-1717500.0,547500.0,1500,9.35623404938501,False,True,4.94332183597474
-1712500.0,547500.0,1500,8.422498061112565,False,True,4.599355906429272
-1707500.0,547500.0,1500,4.286592193632037,False,True,4.437066354559377
-1702500.0,547500.0,1500,1.4097964965039713,False,False,4.2875350838627515
-1697500.0,547500.0,1500,-0.4083881942951827,False,False,4.453995966737706
-1692500.0,547500.0,1500,-2.8045886589112015,False,False,4.288277223140611
-1687500.0,547500.0,1500,0.9206863515991562,False,False,4.029213660885236
-1682500.0,547500.0,1500,7.911390845690237,False,False,3.956320967339014
-1677500.0,547500.0,1500,9.093159120632789,False,False,4.950138711385039
-1672500.0,547500.0,1500,9.275542511226204,False,False,5.328054729539416
-1667500.0,547500.0,1500,10.36082378931972,False,False,4.326880369483845
-1662500.0,547500.0,1500,11.373987175207073,False,False,4.1100941561793185
-1657500.0,547500.0,1500,12.07707035623809,False,False,5.32162328179813
-1652500.0,547500.0,1500,8.676633607275658,False,False,5.51735358958115
-2197500.0,552500.0,1500,26.008260367831355,False,False,8.36400755210605
-2192500.0,552500.0,1500,29.14035039420535,False,False,7.737381379628577
-2187500.0,552500.0,1500,30.69537250731409,False,False,7.181576348904118
-2182500.0,552500.0,1500,29.04994840747829,False,False,7.264639010687915
-2177500.0,552500.0,1500,22.842354647394384,False,False,7.976546539322819
-2172500.0,552500.0,1500,20.603483843565606,False,False,8.9940114029693
-2167500.0,552500.0,1500,24.40260669115951,False,False,10.06068587393963
-2162500.0,552500.0,1500,25.758438013321474,False,False,10.859952529480406
-2157500.0,552500.0,1500,24.344869176204764,False,True,11.210367702653329
-2152500.0,552500.0,1500,22.062438478093977,False,True,11.10077494123636
-2147500.0,552500.0,1500,18.429962723465067,False,True,10.619063534841745
-2142500.0,552500.0,1500,17.616038633598233,False,True,9.73180443495475
-2137500.0,552500.0,1500,20.599857640853042,False,True,8.556076514784271
-2132500.0,552500.0,1500,27.569035805551234,False,True,7.5690119901909325
-2127500.0,552500.0,1500,37.021708117751885,False,True,7.132784364328744
-2122500.0,552500.0,1500,45.41691387616706,False,True,7.185410619747804
-2117500.0,552500.0,1500,49.837854295339994,False,True,7.518202983280252
-2112500.0,552500.0,1500,44.35533163825072,False,True,8.06559433668256
-2107500.0,552500.0,1500,34.3192858228623,False,True,8.738068799123548
-2102500.0,552500.0,1500,26.39727401812927,False,True,9.266372208213838
-2097500.0,552500.0,1500,20.55431788740092,False,True,9.679653394692242
-2092500.0,552500.0,1500,13.78739167810241,False,False,10.190687757412856
-2087500.0,552500.0,1500,5.652396513111859,False,False,10.763146448003013
-2082500.0,552500.0,1500,0.8608810052135598,False,False,11.352997156024701
-2077500.0,552500.0,1500,-0.7435989118423287,False,False,11.928864417116447
-2072500.0,552500.0,1500,-1.2147028431313986,False,False,12.45953143858079
-2067500.0,552500.0,1500,-0.4918194263407736,False,False,12.916348767491035
-2062500.0,552500.0,1500,0.5506883946690486,False,False,13.287153008622639
-2057500.0,552500.0,1500,8.788263457733521,False,False,13.48705965336287
-2052500.0,552500.0,1500,19.98037524479096,False,True,13.438365338110664
-2047500.0,552500.0,1500,26.192339778253142,False,True,13.306591181586143
-2042500.0,552500.0,1500,31.66833860803153,False,True,13.209474714238223
-2037500.0,552500.0,1500,29.969385255380928,False,True,13.19991284880664
-2032500.0,552500.0,1500,21.419632707737446,False,True,13.25964637888905
-2027500.0,552500.0,1500,17.496012875148324,False,True,13.237777965964536
-2022500.0,552500.0,1500,16.290198103186043,False,True,13.218530278050425
-2017500.0,552500.0,1500,12.59179928805929,False,True,13.38058358926687
-2012500.0,552500.0,1500,5.194250420657073,False,True,13.77673702177185
-2007500.0,552500.0,1500,-6.272151444855742,False,True,14.122222232571021
-2002500.0,552500.0,1500,-14.884665384815326,False,True,14.131848790958335
-1997500.0,552500.0,1500,-20.228442709166906,False,True,13.86648794825133
-1992500.0,552500.0,1500,-24.93373701678612,False,True,13.30133528175238
-1987500.0,552500.0,1500,-27.349490918143978,False,False,12.262119403794049
-1982500.0,552500.0,1500,-29.857556433805744,False,False,10.798195370161366
-1977500.0,552500.0,1500,-29.549149582339,False,False,9.411602014248528
-1972500.0,552500.0,1500,-22.486629939744812,False,False,8.46311247521006
-1967500.0,552500.0,1500,-10.151453157133215,False,True,7.968836980583592
-1962500.0,552500.0,1500,9.04947275518213,False,True,7.747613113997112
-1957500.0,552500.0,1500,26.220141105246604,False,True,7.906348566660634
-1952500.0,552500.0,1500,27.249334074256726,False,True,8.599579434919999
-1947500.0,552500.0,1500,26.885082557907246,False,True,9.34810598550849
-1942500.0,552500.0,1500,33.281805861593796,False,True,9.800699152581787
-1937500.0,552500.0,1500,34.62293294853074,False,True,9.93483402007699
-1932500.0,552500.0,1500,37.92769797365678,False,True,9.641665439784248
-1927500.0,552500.0,1500,45.11219903325603,False,True,8.906963279653985
-1922500.0,552500.0,1500,41.523160407221454,False,True,8.03232990205661
-1917500.0,552500.0,1500,31.50197631860979,False,True,7.266094753953164
-1912500.0,552500.0,1500,22.846910408662254,False,True,7.019460787960193
-1907500.0,552500.0,1500,21.496152130480606,True,True,7.113297266274072
-1902500.0,552500.0,1500,28.969186479785492,False,True,7.192170071257754
-1897500.0,552500.0,1500,34.6825967382921,False,True,7.477509692396827
-1892500.0,552500.0,1500,34.00784784959571,False,True,7.868948527899545
-1887500.0,552500.0,1500,26.518567573176153,False,True,8.330695041091152
-1882500.0,552500.0,1500,16.35464650212965,False,True,8.63009770523347
-1877500.0,552500.0,1500,7.403464773113024,False,True,8.635009591224899
-1872500.0,552500.0,1500,1.2647100482270774,False,True,8.49191333389284
-1867500.0,552500.0,1500,-1.749404415086167,False,True,8.079251489245914
-1862500.0,552500.0,1500,-3.1641292434544748,False,False,7.524844260080087
-1857500.0,552500.0,1500,-3.657897988060514,False,False,7.275134092828785
-1852500.0,552500.0,1500,-2.9323352597826764,False,True,7.304471307083892
-1847500.0,552500.0,1500,-0.7225410881710063,False,True,7.549988597832632
-1842500.0,552500.0,1500,4.223517984893397,False,True,8.007504454779827
-1837500.0,552500.0,1500,7.6496624027169515,False,True,8.389603656937055
-1832500.0,552500.0,1500,7.13009871934242,False,True,8.615393872596439
-1827500.0,552500.0,1500,3.799525410190192,False,True,8.686458004286072
-1822500.0,552500.0,1500,-3.214821788445014,False,True,8.451325564713523
-1817500.0,552500.0,1500,-11.233777501887335,False,True,6.8294367626032075
-1812500.0,552500.0,1500,-15.041420550826055,False,False,5.992960516267912
-1807500.0,552500.0,1500,-14.817968066064667,False,False,6.8588390582703225
-1802500.0,552500.0,1500,-16.62789715708607,False,False,7.057713249079319
-1797500.0,552500.0,1500,-22.1274796185221,False,True,6.083722971086094
-1792500.0,552500.0,1500,-26.233011543568967,False,True,5.243188388899539
-1787500.0,552500.0,1500,-27.885354014986643,False,True,4.951806901035705
-1782500.0,552500.0,1500,-27.53777441748375,False,True,5.566305331269873
-1777500.0,552500.0,1500,-24.444399664078095,False,True,5.616265439023059
-1772500.0,552500.0,1500,-17.417036490667897,False,True,5.646757478290398
-1767500.0,552500.0,1500,-7.89356774113864,False,True,5.643456077622091
-1762500.0,552500.0,1500,-2.763820818461057,False,True,5.541776230347322
-1757500.0,552500.0,1500,-0.7429227808316566,True,True,5.466001313457763
-1752500.0,552500.0,1500,-3.7493206275664677,True,True,5.295247057261216
-1747500.0,552500.0,1500,-19.44055111682336,True,True,5.214121624422678
-1742500.0,552500.0,1500,-30.517277327163136,True,True,5.246998570904303
-1737500.0,552500.0,1500,-16.583235390266555,True,True,5.607937945637537
-1732500.0,552500.0,1500,7.461669600667152,True,True,5.750046076489424
-1727500.0,552500.0,1500,15.316568434661537,False,True,5.43031678637935
-1722500.0,552500.0,1500,10.422582185028174,False,True,5.213150213845033
-1717500.0,552500.0,1500,7.583240642859776,False,True,5.0456374104086805
-1712500.0,552500.0,1500,5.22555223267397,False,True,4.700125262071354
-1707500.0,552500.0,1500,1.3083849985644935,False,False,4.461370980584567
-1702500.0,552500.0,1500,-0.5975743228830938,False,False,4.204385146184953
-1697500.0,552500.0,1500,2.431336402870622,False,False,4.273844641777682
-1692500.0,552500.0,1500,3.882790089902984,False,False,4.165962659149154
-1687500.0,552500.0,1500,3.9029287356629823,False,False,3.973069851370858
-1682500.0,552500.0,1500,6.4444494714730665,False,False,4.0889073566189005
-1677500.0,552500.0,1500,7.294205992835133,False,False,5.312140750800623
-1672500.0,552500.0,1500,8.182422588791827,False,False,5.806373151542322
-1667500.0,552500.0,1500,7.642393295910187,False,False,4.584925213378236
-1662500.0,552500.0,1500,9.071316635265099,False,False,4.077123369768003
-1657500.0,552500.0,1500,14.424819326447547,False,False,5.1687686688927466
-1652500.0,552500.0,1500,13.504995604772049,False,False,5.4968401800964175
-2197500.0,557500.0,1500,27.060894390798087,False,False,7.429674113413277
-2192500.0,557500.0,1500,30.49469138839334,False,False,7.098738219507323
-2187500.0,557500.0,1500,32.53688382246583,False,False,7.450189309733577
-2182500.0,557500.0,1500,30.57129262647409,False,False,8.515359678871068
-2177500.0,557500.0,1500,24.039873927325676,False,False,9.745073852640143
-2172500.0,557500.0,1500,20.370412103214843,False,False,10.629991445523506
-2167500.0,557500.0,1500,22.294713079803817,False,False,11.089704153050377
-2162500.0,557500.0,1500,23.68828597742636,False,False,11.160036680816738
-2157500.0,557500.0,1500,20.918520412891144,False,True,10.744087454562017
-2152500.0,557500.0,1500,21.935026383161063,False,True,9.828944360328999
-2147500.0,557500.0,1500,22.70082134740738,False,True,8.957454410383216
-2142500.0,557500.0,1500,16.786956981257692,False,True,8.257416584483117
-2137500.0,557500.0,1500,21.23737797596933,False,True,7.45666040540135
-2132500.0,557500.0,1500,37.134384099280155,False,True,7.010480800744887
-2127500.0,557500.0,1500,47.80838784524728,False,True,7.127548285685453
-2122500.0,557500.0,1500,53.419381308725974,False,True,7.4379413219008566
-2117500.0,557500.0,1500,54.74581992073044,False,True,7.813997366735514
-2112500.0,557500.0,1500,48.18551523324431,False,True,8.277267242194558
-2107500.0,557500.0,1500,39.57459665752771,False,True,8.94335013423947
-2102500.0,557500.0,1500,30.238208652335278,False,True,9.783366001544763
-2097500.0,557500.0,1500,21.62388887023417,False,False,10.553504169929235
-2092500.0,557500.0,1500,13.49855636825915,False,False,11.147492534164929
-2087500.0,557500.0,1500,4.8516735509665985,False,False,11.58045292966056
-2082500.0,557500.0,1500,0.010749510430080447,False,False,12.011924405995554
-2077500.0,557500.0,1500,-1.4335685344881772,False,False,12.521256301603348
-2072500.0,557500.0,1500,-1.5164968031581434,False,False,13.026904743417521
-2067500.0,557500.0,1500,-0.7463466505768951,False,False,13.437662027635293
-2062500.0,557500.0,1500,0.7712605476088897,False,False,13.734101568169145
-2057500.0,557500.0,1500,6.2051404087328725,False,False,13.93413609627358
-2052500.0,557500.0,1500,11.61410779263242,False,True,13.974116505941364
-2047500.0,557500.0,1500,13.303126723053651,False,True,13.91321705938961
-2042500.0,557500.0,1500,14.46623524179841,False,True,13.8201095577095
-2037500.0,557500.0,1500,12.567106768702425,False,True,13.719299079003207
-2032500.0,557500.0,1500,11.398002582696694,False,True,13.557549080865092
-2027500.0,557500.0,1500,17.484570098116116,False,True,13.26753478192499
-2022500.0,557500.0,1500,22.526729383470297,False,True,13.119692422804608
-2017500.0,557500.0,1500,18.426324532934554,False,True,13.310612392308723
-2012500.0,557500.0,1500,7.972592917707264,False,True,13.764176674926194
-2007500.0,557500.0,1500,-3.81564225336817,True,True,14.105553880907394
-2002500.0,557500.0,1500,-12.349263442331866,False,True,14.078859034302273
-1997500.0,557500.0,1500,-17.74118678735007,False,True,13.756625856008728
-1992500.0,557500.0,1500,-21.17917523339358,False,True,13.040577517019557
-1987500.0,557500.0,1500,-23.146739238594165,False,True,11.65453638003328
-1982500.0,557500.0,1500,-24.466747228205495,False,False,9.67545466227093
-1977500.0,557500.0,1500,-24.239193642323826,False,False,8.24802299380462
-1972500.0,557500.0,1500,-21.17379496970485,False,True,8.081152657737737
-1967500.0,557500.0,1500,-13.078210303300606,False,True,8.640430641863661
-1962500.0,557500.0,1500,0.9468025226674018,False,True,9.384082776260954
-1957500.0,557500.0,1500,8.779225174822448,False,True,10.022181118726674
-1952500.0,557500.0,1500,11.6140748313361,False,True,10.287901831635544
-1947500.0,557500.0,1500,20.636863559429106,False,True,10.109501254907482
-1942500.0,557500.0,1500,30.74449338361294,False,True,9.678313867024055
-1937500.0,557500.0,1500,39.204098710069225,False,True,8.984609874168603
-1932500.0,557500.0,1500,51.057207844671915,False,True,7.998169438211216
-1927500.0,557500.0,1500,52.68212410073042,False,True,7.125646511719049
-1922500.0,557500.0,1500,37.58865227289296,False,True,6.75012536615923
-1917500.0,557500.0,1500,30.579688877442166,False,True,6.738585279084611
-1912500.0,557500.0,1500,26.428801549615116,False,True,7.205818633630752
-1907500.0,557500.0,1500,20.546870300777545,True,True,7.8128546817554945
-1902500.0,557500.0,1500,21.14715464113038,True,True,8.095192283035818
-1897500.0,557500.0,1500,22.90528185281049,True,True,8.257113059648523
-1892500.0,557500.0,1500,20.43208540298421,False,True,8.360791064185879
-1887500.0,557500.0,1500,13.25514840181119,True,True,8.394127088537779
-1882500.0,557500.0,1500,7.669955929260408,False,True,8.285952366867122
-1877500.0,557500.0,1500,2.127934819503751,False,True,7.988376282700774
-1872500.0,557500.0,1500,-1.6502342016710876,False,True,7.612915416078077
-1867500.0,557500.0,1500,-2.2694569769074957,False,True,7.295542572648067
-1862500.0,557500.0,1500,-3.7120931200449214,False,True,7.176553557459553
-1857500.0,557500.0,1500,-3.2713428562149955,False,True,7.506377498966632
-1852500.0,557500.0,1500,0.4355960023421951,False,True,8.04750680469056
-1847500.0,557500.0,1500,8.14455065195786,False,True,8.422998269984825
-1842500.0,557500.0,1500,21.334851538164397,False,True,8.562172495671863
-1837500.0,557500.0,1500,30.492483721272006,True,True,8.533554925261058
-1832500.0,557500.0,1500,30.99992551130138,False,True,8.464818253709971
-1827500.0,557500.0,1500,24.899140817908993,False,True,8.220816278515077
-1822500.0,557500.0,1500,9.667843051265983,False,True,7.747915317667649
-1817500.0,557500.0,1500,-8.909353119874815,False,True,6.582565081548122
-1812500.0,557500.0,1500,-18.11721762165079,False,True,5.98471922123432
-1807500.0,557500.0,1500,-18.030567464042484,False,True,6.78548403310994
-1802500.0,557500.0,1500,-18.916835738675285,False,True,7.453868896835271
-1797500.0,557500.0,1500,-25.017658250045322,False,True,6.295391826759962
-1792500.0,557500.0,1500,-29.292899844554135,False,True,4.402396552579996
-1787500.0,557500.0,1500,-29.310774449606953,False,True,4.205077716484721
-1782500.0,557500.0,1500,-27.705360309893216,False,True,5.398769103818971
-1777500.0,557500.0,1500,-24.378623667815827,False,True,5.625230047669586
-1772500.0,557500.0,1500,-19.888796252781127,False,True,5.569783432389169
-1767500.0,557500.0,1500,-13.352977909039009,False,True,5.53604589005783
-1762500.0,557500.0,1500,-6.6008961604481025,False,True,5.4074204711418625
-1757500.0,557500.0,1500,0.33245503407187194,False,True,5.34631274122549
-1752500.0,557500.0,1500,0.624254076473124,True,True,5.351039832674489
-1747500.0,557500.0,1500,-17.005648677991484,True,True,5.357579316272925
-1742500.0,557500.0,1500,-32.47147188740932,True,True,5.48151692027849
-1737500.0,557500.0,1500,-22.657177415531176,True,True,5.783068255791482
-1732500.0,557500.0,1500,-1.0182185257299048,True,True,5.854326438168908
-1727500.0,557500.0,1500,12.839932656991941,False,True,5.488965290324108
-1722500.0,557500.0,1500,15.98052030580869,False,True,5.091532437924712
-1717500.0,557500.0,1500,12.205366961433567,False,True,4.899255102683828
-1712500.0,557500.0,1500,6.078764070518364,False,True,4.594925097630585
-1707500.0,557500.0,1500,0.07619362146998247,False,False,4.3164805747243555
-1702500.0,557500.0,1500,-1.0164093161954253,False,False,4.136521891253031
-1697500.0,557500.0,1500,5.47303287031508,False,False,4.183948213566161
-1692500.0,557500.0,1500,9.137845941499824,False,False,4.207819825977657
-1687500.0,557500.0,1500,6.920312883532279,False,False,4.10663670512368
-1682500.0,557500.0,1500,6.753041951640388,False,False,4.1635297994234
-1677500.0,557500.0,1500,9.310955216377238,False,False,5.256283086535873
-1672500.0,557500.0,1500,10.814490820582497,False,False,5.743459274018814
-1667500.0,557500.0,1500,8.655764110806476,False,False,4.530080992879951
-1662500.0,557500.0,1500,9.234472181539166,False,False,3.9316006062525126
-1657500.0,557500.0,1500,15.023189311629249,False,False,5.02850448973769
-1652500.0,557500.0,1500,15.801412917910627,False,False,5.596288158265319
-2197500.0,562500.0,1500,27.25453511283374,False,False,7.418339942741051
-2192500.0,562500.0,1500,31.62978323119219,False,False,8.1755697516482
-2187500.0,562500.0,1500,33.555312298154895,False,False,9.259033604283877
-2182500.0,562500.0,1500,32.54274034308299,False,False,10.28057700080224
-2177500.0,562500.0,1500,28.62319760171371,False,False,10.914097648815932
-2172500.0,562500.0,1500,25.79499390111003,False,False,11.089591633440518
-2167500.0,562500.0,1500,24.757581943290937,False,False,10.897885003827959
-2162500.0,562500.0,1500,23.130212845350016,False,True,10.403304644454256
-2157500.0,562500.0,1500,19.955794932681123,False,True,9.393849353660334
-2152500.0,562500.0,1500,23.588859665165913,False,True,7.946314829200252
-2147500.0,562500.0,1500,27.481466115494857,False,True,7.351493069115004
-2142500.0,562500.0,1500,20.067367044480495,True,True,7.563439360526474
-2137500.0,562500.0,1500,26.708944531916092,False,True,7.434614480232732
-2132500.0,562500.0,1500,44.52309287376143,False,True,7.408235113383566
-2127500.0,562500.0,1500,48.23340641140454,False,True,7.798110886805332
-2122500.0,562500.0,1500,49.64859652387089,False,True,8.202300925619223
-2117500.0,562500.0,1500,51.09124903212255,False,False,8.551666165410076
-2112500.0,562500.0,1500,46.29875551141938,False,True,8.681795820295196
-2107500.0,562500.0,1500,40.49319916803683,False,True,8.676388463590111
-2102500.0,562500.0,1500,32.12066882779778,False,True,9.480142423167557
-2097500.0,562500.0,1500,22.287741654170308,False,False,10.741400551950093
-2092500.0,562500.0,1500,13.229423210548928,False,False,11.349181736267253
-2087500.0,562500.0,1500,4.699070887486137,False,False,11.447927059867894
-2082500.0,562500.0,1500,-0.931508228847376,False,False,11.717944357724962
-2077500.0,562500.0,1500,-2.2528522924927343,False,False,12.39548628611243
-2072500.0,562500.0,1500,-1.9096066646319214,False,False,13.12278238467367
-2067500.0,562500.0,1500,-1.3421139644450455,False,False,13.635599339955139
-2062500.0,562500.0,1500,0.9507908682333109,False,False,13.936541832948853
-2057500.0,562500.0,1500,3.0811883001359925,False,True,14.093831776266203
-2052500.0,562500.0,1500,5.194289924306044,False,True,14.157764468879801
-2047500.0,562500.0,1500,8.019548500752677,False,True,14.157599947539385
-2042500.0,562500.0,1500,6.950749198149174,False,True,14.056434119988843
-2037500.0,562500.0,1500,2.200534984261703,True,True,13.88480311859861
-2032500.0,562500.0,1500,4.396289635519212,False,True,13.56516212765077
-2027500.0,562500.0,1500,16.15809895403721,False,True,13.15809253992386
-2022500.0,562500.0,1500,23.76242492807769,False,True,13.02301153213857
-2017500.0,562500.0,1500,17.52202675737069,False,True,13.285583413204321
-2012500.0,562500.0,1500,5.412003921802569,False,True,13.80382608722687
-2007500.0,562500.0,1500,-3.7422616643287023,False,True,14.110000281724785
-2002500.0,562500.0,1500,-10.527461513736968,False,True,14.030451973335452
-1997500.0,562500.0,1500,-14.89358001117344,False,True,13.717034950026088
-1992500.0,562500.0,1500,-17.32431796131036,False,True,13.040844566734188
-1987500.0,562500.0,1500,-19.37887126198188,False,False,11.788029340373352
-1982500.0,562500.0,1500,-19.98972985120949,False,False,10.137687293554855
-1977500.0,562500.0,1500,-20.27510437995815,False,False,9.187375715405638
-1972500.0,562500.0,1500,-20.487099958712765,False,True,9.37459427512753
-1967500.0,562500.0,1500,-16.8792253114676,False,True,9.970964760318513
-1962500.0,562500.0,1500,-9.826177505823132,False,True,10.558001637318197
-1957500.0,562500.0,1500,-5.8825279268857,False,True,10.815892266774224
-1952500.0,562500.0,1500,-2.622954954388557,False,True,10.457884484488632
-1947500.0,562500.0,1500,4.86561308170679,False,True,9.617923737157414
-1942500.0,562500.0,1500,12.044975902959258,False,True,8.659023013915762
-1937500.0,562500.0,1500,23.796473181376157,False,True,7.697300812522979
-1932500.0,562500.0,1500,51.014298765713164,False,True,6.787785594018907
-1927500.0,562500.0,1500,56.86232298069183,False,True,6.4850392932326635
-1922500.0,562500.0,1500,38.825666046863695,False,True,6.758663347564697
-1917500.0,562500.0,1500,34.10324989331929,False,True,7.154983549697574
-1912500.0,562500.0,1500,28.15077473275917,False,True,7.73543326765912
-1907500.0,562500.0,1500,19.720035776232795,False,True,8.186802575593799
-1902500.0,562500.0,1500,17.2286491472091,True,True,8.247661680047806
-1897500.0,562500.0,1500,14.533234259313366,True,True,8.156870041238527
-1892500.0,562500.0,1500,7.61031803901776,True,True,7.998705077713147
-1887500.0,562500.0,1500,0.8453472231340601,True,True,7.724014305721374
-1882500.0,562500.0,1500,-2.3539209763271667,False,True,7.439391723785564
-1877500.0,562500.0,1500,-3.954251516640271,False,True,7.2957681182854115
-1872500.0,562500.0,1500,-3.383033352271172,False,True,7.381883946711945
-1867500.0,562500.0,1500,-1.3579279018304515,False,True,7.698189436147301
-1862500.0,562500.0,1500,-0.11887339366720477,False,True,8.09100285715266
-1857500.0,562500.0,1500,1.2199922190944403,False,True,8.437045871720365
-1852500.0,562500.0,1500,6.929687535951657,False,True,8.653963986515798
-1847500.0,562500.0,1500,20.840408395022948,False,True,8.593589517050656
-1842500.0,562500.0,1500,37.14067774790327,False,True,8.238774686213592
-1837500.0,562500.0,1500,49.26034229832611,False,True,7.747787440250717
-1832500.0,562500.0,1500,54.680102740811506,False,True,7.291963889746965
-1827500.0,562500.0,1500,48.84979333010635,False,True,6.933886268986682
-1822500.0,562500.0,1500,30.421492172733956,False,True,6.750773771485758
-1817500.0,562500.0,1500,1.1800554877973064,False,True,6.2546776396316845
-1812500.0,562500.0,1500,-20.90599275409449,False,True,5.988708458791902
-1807500.0,562500.0,1500,-25.5934534167653,False,True,7.263243962120628
-1802500.0,562500.0,1500,-25.228915685296066,False,True,8.446054979664837
-1797500.0,562500.0,1500,-28.343235511254132,False,True,7.029572677433258
-1792500.0,562500.0,1500,-31.045918387793,False,True,4.841203903815925
-1787500.0,562500.0,1500,-30.368307598369864,False,True,4.017800015785506
-1782500.0,562500.0,1500,-28.26935758039441,False,True,4.739647180092804
-1777500.0,562500.0,1500,-26.218808077567974,False,True,5.378423226213082
-1772500.0,562500.0,1500,-24.173339798276643,False,True,5.341129536896056
-1767500.0,562500.0,1500,-18.689727749988158,False,True,5.349023198676982
-1762500.0,562500.0,1500,-9.062882276051512,False,True,5.4089337656627885
-1757500.0,562500.0,1500,1.4494813612340742,False,True,5.470602517289718
-1752500.0,562500.0,1500,6.4082398491784875,False,True,5.551904420942644
-1747500.0,562500.0,1500,-8.001043633480045,True,True,5.535314066312799
-1742500.0,562500.0,1500,-29.043876205868777,True,True,5.521513193158215
-1737500.0,562500.0,1500,-26.51121542348776,True,True,5.736955543941714
-1732500.0,562500.0,1500,-8.975604183629702,True,True,5.839967379321278
-1727500.0,562500.0,1500,7.4402810051450246,False,True,5.429268030884519
-1722500.0,562500.0,1500,14.808899388892323,False,True,4.835516631659648
-1717500.0,562500.0,1500,7.882128092628797,False,True,4.5993403724654005
-1712500.0,562500.0,1500,0.48524482166878186,False,True,4.497868043735572
-1707500.0,562500.0,1500,-1.8107415989364646,False,False,4.449929940648515
-1702500.0,562500.0,1500,-0.1449482742725667,False,False,4.489617189282434
-1697500.0,562500.0,1500,4.518419351944101,False,False,4.405418206376355
-1692500.0,562500.0,1500,7.08913202850971,False,False,4.290919520775745
-1687500.0,562500.0,1500,8.730037743585045,False,False,4.173255891793575
-1682500.0,562500.0,1500,10.592790243742767,False,False,4.154462761653308
-1677500.0,562500.0,1500,14.352754911498199,False,False,5.073608570853874
-1672500.0,562500.0,1500,16.520212859882882,False,False,5.508718697683971
-1667500.0,562500.0,1500,13.327387404285242,False,False,4.399607536798452
-1662500.0,562500.0,1500,12.818872453115102,False,False,3.782263893617321
-1657500.0,562500.0,1500,16.431548990019923,False,False,4.733327944290256
-1652500.0,562500.0,1500,15.790042416167095,False,False,5.459282884353151
-2197500.0,567500.0,1500,27.75606218548086,False,False,8.930719629795707
-2192500.0,567500.0,1500,32.736322124890016,False,False,10.001075398891077
-2187500.0,567500.0,1500,34.52688530135268,False,False,10.70753629863012
-2182500.0,567500.0,1500,34.119716171746006,False,False,11.008545330400322
-2177500.0,567500.0,1500,31.034106180003853,False,False,10.892979459061117
-2172500.0,567500.0,1500,27.833057856663878,False,False,10.441487688767817
-2167500.0,567500.0,1500,25.821201004632446,False,False,9.841015379209399
-2162500.0,567500.0,1500,23.05924162788889,False,False,9.112899302853851
-2157500.0,567500.0,1500,20.39577553453286,False,True,7.9076547876907055
-2152500.0,567500.0,1500,24.940277955112194,False,True,6.923795905731403
-2147500.0,567500.0,1500,32.402631949943405,False,True,7.216883460768651
-2142500.0,567500.0,1500,28.10295169529107,False,True,7.934336797872942
-2137500.0,567500.0,1500,27.38005241840794,False,True,8.040224486041721
-2132500.0,567500.0,1500,33.83541960359138,False,True,8.130497907448486
-2127500.0,567500.0,1500,33.62359695139586,False,True,8.73392755971972
-2122500.0,567500.0,1500,35.986229736561576,False,False,9.301642466401999
-2117500.0,567500.0,1500,40.42333025031842,False,True,9.394401100389382
-2112500.0,567500.0,1500,40.728702147417664,False,True,8.681241692812014
-2107500.0,567500.0,1500,38.02015616042428,False,True,7.7122161541320295
-2102500.0,567500.0,1500,32.88151888583857,False,True,8.548910422211486
-2097500.0,567500.0,1500,23.8793564663202,False,True,10.325466523586499
-2092500.0,567500.0,1500,13.19713699339675,False,True,10.716247679433241
-2087500.0,567500.0,1500,4.084333854819694,False,False,10.1820438677809
-2082500.0,567500.0,1500,-1.705180047091261,False,False,10.386374405273315
-2077500.0,567500.0,1500,-2.5945400345343876,False,False,11.668754070080626
-2072500.0,567500.0,1500,-2.1545237975228018,False,False,12.904518457428898
-2067500.0,567500.0,1500,-1.049286061852608,False,False,13.626705773670297
-2062500.0,567500.0,1500,1.208357834751207,False,False,13.969693980363235
-2057500.0,567500.0,1500,3.376663353371057,False,False,14.098324103550052
-2052500.0,567500.0,1500,7.218716074613098,False,True,14.043631625186627
-2047500.0,567500.0,1500,11.4743340447698,False,True,13.891607334751379
-2042500.0,567500.0,1500,12.660319323849997,False,True,13.64452282649646
-2037500.0,567500.0,1500,11.666452446659454,False,True,13.269643203145872
-2032500.0,567500.0,1500,14.191789873132512,False,True,12.866175864354346
-2027500.0,567500.0,1500,21.824224395104565,False,True,12.611552063824735
-2022500.0,567500.0,1500,24.422692322689915,False,True,12.726748614405773
-2017500.0,567500.0,1500,15.710796338991406,False,True,13.194177832958859
-2012500.0,567500.0,1500,3.8957691077164487,False,True,13.775895762612487
-2007500.0,567500.0,1500,-4.163566656868615,False,True,14.03988020361602
-2002500.0,567500.0,1500,-9.09560499255699,False,True,13.936212727614125
-1997500.0,567500.0,1500,-12.08361607777393,False,True,13.653611041048446
-1992500.0,567500.0,1500,-14.251266450140617,False,True,13.106232064851183
-1987500.0,567500.0,1500,-15.333497769913588,False,False,12.211521222228377
-1982500.0,567500.0,1500,-16.02395990410904,False,False,11.113474627661187
-1977500.0,567500.0,1500,-17.453938250069697,False,True,10.246474022292077
-1972500.0,567500.0,1500,-19.300893455108092,False,True,9.588921400902924
-1967500.0,567500.0,1500,-19.615257112289306,False,True,9.168871307850326
-1962500.0,567500.0,1500,-16.41880675323225,False,True,9.545237142244769
-1957500.0,567500.0,1500,-12.90105688189781,True,True,9.742810450331609
-1952500.0,567500.0,1500,-12.603076888466305,True,True,9.039701663055816
-1947500.0,567500.0,1500,-10.467525489568038,True,True,8.203375733786709
-1942500.0,567500.0,1500,-4.531596014166603,False,True,7.6592481006715225
-1937500.0,567500.0,1500,5.320081630552054,False,True,7.425218955481111
-1932500.0,567500.0,1500,26.600918975531695,False,True,7.269566820638757
-1927500.0,567500.0,1500,34.20277208089548,False,True,7.288275845734525
-1922500.0,567500.0,1500,30.304459692315223,False,True,7.357014255946983
-1917500.0,567500.0,1500,29.782041821224443,False,True,7.424666164286427
-1912500.0,567500.0,1500,21.942050708579814,False,True,7.5221182356182865
-1907500.0,567500.0,1500,16.77933770654251,False,True,7.622746366605867
-1902500.0,567500.0,1500,14.06262203784523,True,True,7.67179169058381
-1897500.0,567500.0,1500,9.007206963508521,True,True,7.491035821823557
-1892500.0,567500.0,1500,2.3028368987666994,True,True,7.220222406712207
-1887500.0,567500.0,1500,-1.8609576198223519,True,True,7.038794280832212
-1882500.0,567500.0,1500,-4.927009396461097,True,True,7.128146160277662
-1877500.0,567500.0,1500,-6.077068746766345,False,True,7.408351911685571
-1872500.0,567500.0,1500,-3.873640656577542,False,True,7.768430274427345
-1867500.0,567500.0,1500,-1.4427522148154306,False,True,8.10283461936751
-1862500.0,567500.0,1500,0.819035334684087,False,True,8.312986858210728
-1857500.0,567500.0,1500,3.50938868717231,False,True,8.418383750417199
-1852500.0,567500.0,1500,11.972792818003796,False,True,8.381001593498372
-1847500.0,567500.0,1500,27.629773863597883,False,True,8.007037114008124
-1842500.0,567500.0,1500,42.53752215664013,False,True,7.350289005010735
-1837500.0,567500.0,1500,55.35962403357129,False,True,6.740302550708276
-1832500.0,567500.0,1500,61.68521829319806,False,True,6.31212496647704
-1827500.0,567500.0,1500,53.71332614875378,False,True,6.306268342133095
-1822500.0,567500.0,1500,38.56614801592496,False,True,6.676600303105577
-1817500.0,567500.0,1500,16.871149877327532,False,True,6.392717263249889
-1812500.0,567500.0,1500,-4.450650888219188,False,True,5.8888979119140235
-1807500.0,567500.0,1500,-19.516064662917703,False,True,7.141246988360846
-1802500.0,567500.0,1500,-29.30965458000606,False,True,8.438624900656647
-1797500.0,567500.0,1500,-31.723075895726982,False,True,7.128412134049754
-1792500.0,567500.0,1500,-32.808971969171346,False,True,5.361870727354432
-1787500.0,567500.0,1500,-32.9732309017371,False,True,4.494359679628767
-1782500.0,567500.0,1500,-30.83660400670327,True,True,4.585877517799399
-1777500.0,567500.0,1500,-28.72150740667439,False,True,5.150921547192554
-1772500.0,567500.0,1500,-25.066252783667473,False,True,5.222105463001128
-1767500.0,567500.0,1500,-15.483427751414169,False,True,5.366778984979616
-1762500.0,567500.0,1500,-2.946012324923889,False,True,5.474928214296344
-1757500.0,567500.0,1500,6.677777562097448,False,True,5.570684277479727
-1752500.0,567500.0,1500,14.668639907367208,False,True,5.572061758953874
-1747500.0,567500.0,1500,6.327018124126602,False,True,5.432074258907795
-1742500.0,567500.0,1500,-19.411586941262705,True,True,5.379196989830159
-1737500.0,567500.0,1500,-27.08838209695058,True,True,5.563699394869301
-1732500.0,567500.0,1500,-14.02209159465014,True,True,5.64683506124058
-1727500.0,567500.0,1500,2.0110059680763537,False,True,5.304030942623531
-1722500.0,567500.0,1500,8.611422287064814,False,True,4.8915569369297405
-1717500.0,567500.0,1500,0.00427810088813485,False,True,4.6676483899550165
-1712500.0,567500.0,1500,-7.487743525685791,False,True,4.628888751726013
-1707500.0,567500.0,1500,-5.704614299848227,False,False,4.622090150597337
-1702500.0,567500.0,1500,-1.1403139866634753,False,False,4.614843280420663
-1697500.0,567500.0,1500,1.0232990413818595,False,False,4.481910377771992
-1692500.0,567500.0,1500,2.6160360678838512,False,False,4.348406808988604
-1687500.0,567500.0,1500,7.531444028241815,False,False,4.202083426056328
-1682500.0,567500.0,1500,10.709448462606286,False,False,4.087539978435277
-1677500.0,567500.0,1500,13.533220899511381,False,False,4.6850918742235645
-1672500.0,567500.0,1500,16.77614148875132,False,False,5.025796223796434
-1667500.0,567500.0,1500,15.397393952147516,False,False,4.186618457775132
-1662500.0,567500.0,1500,14.35058361484836,False,False,3.727342361076857
-1657500.0,567500.0,1500,15.409967946505942,False,False,4.592286179494278
-1652500.0,567500.0,1500,12.435814151602749,False,False,5.332193332766651
-2197500.0,572500.0,1500,29.181254351146137,False,False,10.412374065294173
-2192500.0,572500.0,1500,33.69848448851861,False,False,10.8639669780455
-2187500.0,572500.0,1500,35.86444234988558,False,False,10.907986362346955
-2182500.0,572500.0,1500,34.940509315796,False,False,10.579171428872629
-2177500.0,572500.0,1500,31.367401158263622,False,False,9.926845820186552
-2172500.0,572500.0,1500,27.842873327966203,False,False,9.14610200753891
-2167500.0,572500.0,1500,25.094377143241417,False,False,8.552251941681607
-2162500.0,572500.0,1500,22.964287589315983,False,False,7.967726510130692
-2157500.0,572500.0,1500,20.967105406750573,False,True,7.12525681949618
-2152500.0,572500.0,1500,26.33493127612788,False,True,7.305245648843247
-2147500.0,572500.0,1500,35.709427284571014,False,True,8.28095757910568
-2142500.0,572500.0,1500,33.07111028149939,False,True,8.533701796666234
-2137500.0,572500.0,1500,25.2635919287087,False,True,8.002471534324583
-2132500.0,572500.0,1500,23.576303249925733,False,True,7.936500071249679
-2127500.0,572500.0,1500,24.653408788781295,False,True,9.072540998812865
-2122500.0,572500.0,1500,26.482679456908564,False,True,9.966766520205915
-2117500.0,572500.0,1500,30.162265151400838,False,True,9.608817938348018
-2112500.0,572500.0,1500,35.72418714408926,False,True,8.101108360579381
-2107500.0,572500.0,1500,37.802339161113736,False,True,7.2259743974477875
-2102500.0,572500.0,1500,34.827299238414774,False,True,8.561329053784272
-2097500.0,572500.0,1500,26.09399650021795,False,True,10.065431618420678
-2092500.0,572500.0,1500,14.022787508194153,False,True,9.71143435275383
-2087500.0,572500.0,1500,4.646300107607603,False,True,8.58318463584748
-2082500.0,572500.0,1500,-0.820168365659886,False,False,9.06218666838761
-2077500.0,572500.0,1500,-2.534461514759172,False,False,11.068699684218839
-2072500.0,572500.0,1500,-2.168949814420319,False,False,12.702007499123535
-2067500.0,572500.0,1500,-0.4794960090773661,False,False,13.542881293196984
-2062500.0,572500.0,1500,1.2082568038239325,False,False,13.880456814862129
-2057500.0,572500.0,1500,3.680074777959932,False,False,13.949761542227947
-2052500.0,572500.0,1500,10.424658002658346,False,True,13.801586777850535
-2047500.0,572500.0,1500,17.97980340400058,False,True,13.405699256786724
-2042500.0,572500.0,1500,22.11627099058653,False,True,12.8468565775314
-2037500.0,572500.0,1500,24.787444864008258,False,True,12.183947655032295
-2032500.0,572500.0,1500,27.669175040825987,False,True,11.599000452155044
-2027500.0,572500.0,1500,29.989294814654073,False,True,11.51245550704894
-2022500.0,572500.0,1500,25.391138571200685,False,True,12.083797223291135
-2017500.0,572500.0,1500,14.148703875114606,False,True,12.999371160618203
-2012500.0,572500.0,1500,3.4348761559612933,False,True,13.656424059436919
-2007500.0,572500.0,1500,-3.455433899225419,False,True,13.817725214734654
-2002500.0,572500.0,1500,-7.378018545938997,False,True,13.691184957563745
-1997500.0,572500.0,1500,-10.519738009182202,False,True,13.36224589968535
-1992500.0,572500.0,1500,-12.49302696349441,False,False,12.766621042917436
-1987500.0,572500.0,1500,-12.52285123443558,False,False,11.856323064001133
-1982500.0,572500.0,1500,-12.60972901746598,False,False,10.632554664062337
-1977500.0,572500.0,1500,-14.186106123305322,False,True,8.955699185345093
-1972500.0,572500.0,1500,-16.718022476164013,False,True,6.939029513386121
-1967500.0,572500.0,1500,-16.530137004202683,False,True,6.346516343537042
-1962500.0,572500.0,1500,-11.134155544019592,False,True,7.477710376592257
-1957500.0,572500.0,1500,-10.194204828141917,True,True,7.9138976560306205
-1952500.0,572500.0,1500,-14.758814144485791,False,True,7.589422401294535
-1947500.0,572500.0,1500,-12.7308680583897,True,True,7.595685802983161
-1942500.0,572500.0,1500,-7.186835559536645,True,True,7.830229040065914
-1937500.0,572500.0,1500,-3.640342363348516,True,True,8.061173580341288
-1932500.0,572500.0,1500,4.44125765692043,False,True,8.005967424497102
-1927500.0,572500.0,1500,8.170601911632154,False,True,7.759388343654237
-1922500.0,572500.0,1500,14.40863351580747,False,True,7.463748176674171
-1917500.0,572500.0,1500,21.855163796096853,False,True,7.122684444663902
-1912500.0,572500.0,1500,22.364577670633214,False,True,6.154590390480518
-1907500.0,572500.0,1500,23.080690934162018,False,True,5.283341958734108
-1902500.0,572500.0,1500,19.2906593244136,False,True,5.246362999180768
-1897500.0,572500.0,1500,14.578464289386048,False,True,5.273417249918958
-1892500.0,572500.0,1500,10.93620426030685,True,True,5.136887175258874
-1887500.0,572500.0,1500,7.162387183810467,True,True,5.235350413004283
-1882500.0,572500.0,1500,1.4518906373345846,True,True,6.045913713489386
-1877500.0,572500.0,1500,-2.9936218898165716,True,True,6.067365983817809
-1872500.0,572500.0,1500,-3.4184845267336845,True,True,5.533964521490422
-1867500.0,572500.0,1500,-2.6409494169748626,True,True,5.571125281148824
-1862500.0,572500.0,1500,-1.8919275014706636,False,True,5.625208275092305
-1857500.0,572500.0,1500,3.1669003840431844,False,True,5.707811387626146
-1852500.0,572500.0,1500,16.878636581165004,False,True,6.080900010802505
-1847500.0,572500.0,1500,33.195901576976645,False,True,5.818156007344603
-1842500.0,572500.0,1500,45.5668199768251,False,True,5.044471405472126
-1837500.0,572500.0,1500,53.74416632281034,False,True,4.8417843921313715
-1832500.0,572500.0,1500,54.80885513702566,False,True,4.75994287737014
-1827500.0,572500.0,1500,42.22825878362713,False,True,4.867776318761143
-1822500.0,572500.0,1500,28.34739557440243,False,True,5.110661727555725
-1817500.0,572500.0,1500,28.025186944354818,True,True,5.016533964883037
-1812500.0,572500.0,1500,27.820277298894965,False,True,4.677244197449802
-1807500.0,572500.0,1500,4.44202923279078,False,True,5.102640674359171
-1802500.0,572500.0,1500,-23.851588099607508,False,True,5.671702227665209
-1797500.0,572500.0,1500,-32.54189145555357,True,True,5.160980081861808
-1792500.0,572500.0,1500,-33.921854695454236,True,True,4.393476571165936
-1787500.0,572500.0,1500,-34.86629362861705,True,True,4.055371231450043
-1782500.0,572500.0,1500,-33.0286348430863,True,True,3.9975270880720633
-1777500.0,572500.0,1500,-28.72354659010877,True,True,4.128596944871929
-1772500.0,572500.0,1500,-21.905939678379948,False,True,4.219529544617124
-1767500.0,572500.0,1500,-10.280517670837542,False,True,4.294219825779568
-1762500.0,572500.0,1500,1.5229314400617668,False,True,4.255511363555026
-1757500.0,572500.0,1500,8.855212624666478,False,True,4.23377983594526
-1752500.0,572500.0,1500,16.60934291800665,False,True,4.2647156139005755
-1747500.0,572500.0,1500,14.407291636951397,False,True,4.278162927358339
-1742500.0,572500.0,1500,-7.797628195821144,True,True,4.300300821919448
-1737500.0,572500.0,1500,-24.78050477708494,True,True,4.464030907835637
-1732500.0,572500.0,1500,-17.971117403193443,True,True,4.505007454939761
-1727500.0,572500.0,1500,0.9411060216836244,False,True,4.257472867327788
-1722500.0,572500.0,1500,10.512061149310753,False,True,4.148822176523562
-1717500.0,572500.0,1500,1.6721825896931546,False,True,4.222714162755756
-1712500.0,572500.0,1500,-10.399451266075683,False,True,4.185092602117691
-1707500.0,572500.0,1500,-11.644431640750684,False,False,3.877830467294728
-1702500.0,572500.0,1500,-6.511390814853244,False,False,3.9784418632064096
-1697500.0,572500.0,1500,-3.497234592846414,False,False,4.378601780695874
-1692500.0,572500.0,1500,-1.6047469971647303,False,False,4.401365794089075
-1687500.0,572500.0,1500,3.8879902292169977,False,False,4.174213455436031
-1682500.0,572500.0,1500,7.380201070155331,False,False,3.965813616306338
-1677500.0,572500.0,1500,9.094802155154364,False,False,4.415136638867196
-1672500.0,572500.0,1500,12.777964620952774,False,False,4.989089477461179
-1667500.0,572500.0,1500,12.959541011645113,False,False,4.409537103521019
-1662500.0,572500.0,1500,11.682670464902564,False,False,3.846963424500439
-1657500.0,572500.0,1500,10.556585735445333,False,False,4.617529814958328
-1652500.0,572500.0,1500,4.302082583216659,False,False,5.364954174630431
-2197500.0,577500.0,1500,30.853168086176,False,False,10.717850955915077
-2192500.0,577500.0,1500,33.3943863860497,False,False,10.565110298423495
-2187500.0,577500.0,1500,35.94190671083968,False,False,10.139512505225994
-2182500.0,577500.0,1500,35.11930951183862,False,False,9.44089788872421
-2177500.0,577500.0,1500,30.663053440260587,False,False,8.604377347133248
-2172500.0,577500.0,1500,26.39634630053981,False,False,8.00675161839615
-2167500.0,577500.0,1500,23.171026980247824,False,False,7.775239135428569
-2162500.0,577500.0,1500,21.927317886001205,False,False,7.340820465810282
-2157500.0,577500.0,1500,21.721971176567614,False,False,7.215027243649384
-2152500.0,577500.0,1500,25.818488715972695,False,True,8.361722180604188
-2147500.0,577500.0,1500,32.39935142939864,False,True,9.224775371850463
-2142500.0,577500.0,1500,33.463540509402925,False,True,8.562351580880827
-2137500.0,577500.0,1500,28.53229657874376,False,True,7.295899778111187
-2132500.0,577500.0,1500,23.883462880908393,False,True,7.501451814478187
-2127500.0,577500.0,1500,21.69038571978687,False,False,9.232543752624533
-2122500.0,577500.0,1500,20.74408934640284,False,True,10.008889204630414
-2117500.0,577500.0,1500,24.782073012810084,False,True,8.992308748508927
-2112500.0,577500.0,1500,32.70914744617596,False,True,7.492927358964971
-2107500.0,577500.0,1500,36.13672484760504,False,True,7.808201695613983
-2102500.0,577500.0,1500,32.892179910998415,False,True,9.425085718296295
-2097500.0,577500.0,1500,24.739997448466223,False,True,9.842332828646821
-2092500.0,577500.0,1500,14.21332763136869,False,True,8.682941671355646
-2087500.0,577500.0,1500,6.49730178975786,False,True,7.876191425174557
-2082500.0,577500.0,1500,1.5865493154745751,False,False,9.11634575966459
-2077500.0,577500.0,1500,-1.1543919347818345,False,False,11.259645394784917
-2072500.0,577500.0,1500,-1.1946435039734429,False,False,12.73763395651807
-2067500.0,577500.0,1500,-0.10467832404089364,False,False,13.438130624505419
-2062500.0,577500.0,1500,1.1611191608381433,False,False,13.65180190258182
-2057500.0,577500.0,1500,3.757857833913353,False,False,13.582076656961942
-2052500.0,577500.0,1500,9.440522140679988,False,False,13.316615778478562
-2047500.0,577500.0,1500,14.988652919120481,False,True,12.73677012547146
-2042500.0,577500.0,1500,20.510540081582082,False,True,11.804862975772153
-2037500.0,577500.0,1500,29.6789681978835,False,True,10.626467073506943
-2032500.0,577500.0,1500,36.616231019157595,False,True,9.607878973998695
-2027500.0,577500.0,1500,36.73709595745953,False,True,9.702533412770073
-2022500.0,577500.0,1500,27.828587742759634,False,False,11.027321078928123
-2017500.0,577500.0,1500,13.874327442897767,False,False,12.560017925308376
-2012500.0,577500.0,1500,3.2474385035869355,False,False,13.34659012578457
-2007500.0,577500.0,1500,-3.0603908641931956,False,True,13.399965523817206
-2002500.0,577500.0,1500,-7.305009703751189,False,False,13.115761391591356
-1997500.0,577500.0,1500,-10.631829154737176,False,False,12.497555626743525
-1992500.0,577500.0,1500,-12.300119766356696,False,False,11.489329980190632
-1987500.0,577500.0,1500,-11.41373520649135,False,False,9.903638680758338
-1982500.0,577500.0,1500,-9.431789796933757,False,False,7.625772273182245
-1977500.0,577500.0,1500,-9.227074355108746,False,False,5.921919057694527
-1972500.0,577500.0,1500,-10.576357425302797,False,True,5.3450962359246095
-1967500.0,577500.0,1500,-5.238542754915379,False,True,5.837119979520514
-1962500.0,577500.0,1500,4.390265951181657,False,True,6.771022039532193
-1957500.0,577500.0,1500,4.1306095296756915,False,True,7.043123520055085
-1952500.0,577500.0,1500,-3.818013008023064,False,True,7.373334553646887
-1947500.0,577500.0,1500,-2.408952567138364,False,True,7.789140490032244
-1942500.0,577500.0,1500,-0.17535196873178255,False,True,8.032508992266427
-1937500.0,577500.0,1500,-0.6481576075915311,True,True,8.05452738330719
-1932500.0,577500.0,1500,8.721742500563114,False,True,7.733205128871542
-1927500.0,577500.0,1500,16.870074854520293,False,True,7.35122083577767
-1922500.0,577500.0,1500,22.350657745710354,False,True,6.969178132129382
-1917500.0,577500.0,1500,26.037165663479982,False,True,6.499810531685893
-1912500.0,577500.0,1500,27.5315090927428,False,True,5.5004422783606195
-1907500.0,577500.0,1500,28.486622515206008,False,True,4.73974783064631
-1902500.0,577500.0,1500,29.694925571884948,False,True,4.846750435528505
-1897500.0,577500.0,1500,26.541419785523296,False,True,5.259211380414337
-1892500.0,577500.0,1500,16.984309044118667,False,True,5.554719098309732
-1887500.0,577500.0,1500,10.440816615059815,True,True,5.724726592295934
-1882500.0,577500.0,1500,5.445858688363059,True,True,6.306682040160814
-1877500.0,577500.0,1500,0.4959380077335893,True,True,6.040841475129993
-1872500.0,577500.0,1500,-2.2156498927809407,True,True,5.260650265559654
-1867500.0,577500.0,1500,-2.8814184992498992,True,True,5.119372983163478
-1862500.0,577500.0,1500,-2.2676977545527897,True,True,5.001422365563795
-1857500.0,577500.0,1500,4.485792013210649,True,True,5.0026028531106315
-1852500.0,577500.0,1500,19.7254315856641,False,True,5.537034776835393
-1847500.0,577500.0,1500,37.546846415758964,False,True,5.614661701090747
-1842500.0,577500.0,1500,48.50042891284411,False,True,5.277940916716295
-1837500.0,577500.0,1500,48.747609662979585,False,True,5.3962314675976515
-1832500.0,577500.0,1500,45.107073200371225,False,True,5.347481790794481
-1827500.0,577500.0,1500,34.49765951201991,False,True,5.241706748379194
-1822500.0,577500.0,1500,23.115157912306003,False,True,5.209074330568125
-1817500.0,577500.0,1500,32.20063878490515,False,True,4.961925614024395
-1812500.0,577500.0,1500,40.96169747257651,False,True,4.477728353232083
-1807500.0,577500.0,1500,16.30032759306209,True,True,4.531719185047668
-1802500.0,577500.0,1500,-17.900862524490098,True,True,4.83235892532023
-1797500.0,577500.0,1500,-32.108029206554995,True,True,4.783465723167913
-1792500.0,577500.0,1500,-33.81728979858012,True,True,4.323457293428075
-1787500.0,577500.0,1500,-34.35153837994894,True,True,4.2801571355679755
-1782500.0,577500.0,1500,-33.80122543761148,True,True,3.9338290547579664
-1777500.0,577500.0,1500,-27.953048843975584,True,True,3.5758634694895344
-1772500.0,577500.0,1500,-17.71546180376444,True,True,3.89831340705757
-1767500.0,577500.0,1500,-6.51779448519823,True,True,4.257442130784788
-1762500.0,577500.0,1500,1.8004836699756244,False,True,4.209751733334568
-1757500.0,577500.0,1500,5.837872206985996,False,True,4.134417104105601
-1752500.0,577500.0,1500,10.41122381512045,False,True,4.159504246277936
-1747500.0,577500.0,1500,13.745605364495303,False,True,4.151412619702808
-1742500.0,577500.0,1500,5.144706933001824,True,True,4.201025908201434
-1737500.0,577500.0,1500,-11.56137118348345,True,True,4.418524898193624
-1732500.0,577500.0,1500,-14.115850176135444,True,True,4.658969638365617
-1727500.0,577500.0,1500,0.20090480116878195,True,True,4.500360887769394
-1722500.0,577500.0,1500,11.927312079343052,False,True,4.2356874475275585
-1717500.0,577500.0,1500,7.8844714134407,False,True,4.157287417401701
-1712500.0,577500.0,1500,-4.9179619016319185,False,True,4.132440883722332
-1707500.0,577500.0,1500,-12.161660383402356,False,True,3.8819502281952953
-1702500.0,577500.0,1500,-11.788343181091088,False,False,4.0355576370310535
-1697500.0,577500.0,1500,-9.233140981342462,False,False,4.351903573563664
-1692500.0,577500.0,1500,-7.392335534488689,False,False,4.303972426543821
-1687500.0,577500.0,1500,-2.23353586883753,False,False,4.117460869104917
-1682500.0,577500.0,1500,1.7152639436610668,False,False,4.005718299682499
-1677500.0,577500.0,1500,4.273723294393569,False,False,4.574494746879619
-1672500.0,577500.0,1500,8.787230262317824,False,False,5.431008239710564
-1667500.0,577500.0,1500,9.54864879046363,False,False,4.868515548674803
-1662500.0,577500.0,1500,8.186450501484455,False,False,4.038932781528844
-1657500.0,577500.0,1500,5.7895822618336075,False,False,4.649393630018226
-1652500.0,577500.0,1500,-1.5001698767397564,False,False,5.399819988282679
-2197500.0,582500.0,1500,32.73654786802166,False,False,10.054071454579004
-2192500.0,582500.0,1500,32.235985375099574,False,False,9.59920349384924
-2187500.0,582500.0,1500,33.22345804119317,False,False,8.980680164130991
-2182500.0,582500.0,1500,33.548049908254775,False,False,8.27019121022075
-2177500.0,582500.0,1500,29.384793155241603,False,False,7.793541726550071
-2172500.0,582500.0,1500,24.85064071548026,False,False,7.761238098850884
-2167500.0,582500.0,1500,22.31414941400511,False,False,7.601246400632843
-2162500.0,582500.0,1500,21.529076792699467,False,False,7.184100687247238
-2157500.0,582500.0,1500,23.42531176827183,False,False,7.893922263729071
-2152500.0,582500.0,1500,25.60415928897909,False,False,9.374639637194793
-2147500.0,582500.0,1500,28.760942609251533,False,False,9.545671468325835
-2142500.0,582500.0,1500,32.0946549117065,False,True,8.13753834877513
-2137500.0,582500.0,1500,30.193179724198327,False,False,7.197218047185365
-2132500.0,582500.0,1500,26.250086172699117,False,False,8.24157465753072
-2127500.0,582500.0,1500,22.36541405305226,False,True,9.74007082115953
-2122500.0,582500.0,1500,19.82236041885169,False,True,9.580163393903245
-2117500.0,582500.0,1500,23.076092441826468,False,True,8.009929530319877
-2112500.0,582500.0,1500,26.945434065075002,False,True,7.510678429316071
-2107500.0,582500.0,1500,28.123683330317004,True,True,8.857083046418744
-2102500.0,582500.0,1500,26.803651313433637,True,True,9.86243870245382
-2097500.0,582500.0,1500,19.717078451863014,False,True,9.17217437413568
-2092500.0,582500.0,1500,11.545021813344794,False,True,7.905180328202846
-2087500.0,582500.0,1500,6.699291380542919,False,True,8.25298893974184
-2082500.0,582500.0,1500,2.8922757674250588,False,True,10.145379863136174
-2077500.0,582500.0,1500,0.9963972988168225,False,False,11.868195229487617
-2072500.0,582500.0,1500,0.12569605959925012,False,False,12.845657374040522
-2067500.0,582500.0,1500,0.013652423914214867,False,False,13.20419916793592
-2062500.0,582500.0,1500,1.214641876386719,False,False,13.160839763502226
-2057500.0,582500.0,1500,2.8359786249364367,False,False,12.82751734051574
-2052500.0,582500.0,1500,8.089306516229174,False,True,12.1691385789939
-2047500.0,582500.0,1500,15.344482796397399,False,True,11.165776328196376
-2042500.0,582500.0,1500,24.75236199856905,False,True,9.83172798619827
-2037500.0,582500.0,1500,37.230523073755016,False,True,8.326316811780817
-2032500.0,582500.0,1500,42.45348563654725,False,True,7.311715911574805
-2027500.0,582500.0,1500,37.464449656995825,False,True,8.007638312717473
-2022500.0,582500.0,1500,27.23549214920009,False,True,10.173341988229518
-2017500.0,582500.0,1500,13.680555319610985,False,False,12.039342848636664
-2012500.0,582500.0,1500,2.833116106769889,False,False,12.751502794855107
-2007500.0,582500.0,1500,-3.5336715655841235,False,False,12.56085739386053
-2002500.0,582500.0,1500,-8.843876578366542,False,True,11.837120855017478
-1997500.0,582500.0,1500,-12.352537155181173,False,True,10.534679436341987
-1992500.0,582500.0,1500,-14.059875152498293,False,False,8.418752024522263
-1987500.0,582500.0,1500,-12.526051695668373,False,False,6.369801239227027
-1982500.0,582500.0,1500,-8.872333660863898,False,False,5.332638179521276
-1977500.0,582500.0,1500,-6.894600243122088,False,False,5.532245880780984
-1972500.0,582500.0,1500,-5.088387185612136,False,True,6.549066120492947
-1967500.0,582500.0,1500,3.1281415314813104,False,True,7.25661594076043
-1962500.0,582500.0,1500,13.651408559575936,False,True,7.3216315111359425
-1957500.0,582500.0,1500,18.40117248120056,False,True,7.262374312019204
-1952500.0,582500.0,1500,14.965619426875934,False,True,7.472173245246041
-1947500.0,582500.0,1500,16.256409897035446,False,True,7.448120216038783
-1942500.0,582500.0,1500,12.830952166425218,False,True,7.397656760915479
-1937500.0,582500.0,1500,11.693687249901243,False,True,7.353367017316487
-1932500.0,582500.0,1500,24.607593269865298,False,True,6.954988247036126
-1927500.0,582500.0,1500,30.53282028691583,False,True,6.4672743321532025
-1922500.0,582500.0,1500,30.480378901678602,False,True,6.137145512361339
-1917500.0,582500.0,1500,29.70374410443779,False,True,6.032772894505952
-1912500.0,582500.0,1500,29.98526117076915,False,True,5.91770722284398
-1907500.0,582500.0,1500,31.078259834042733,False,True,6.008217158286262
-1902500.0,582500.0,1500,34.8344035358816,False,True,6.429092404539004
-1897500.0,582500.0,1500,26.095222480515616,False,True,7.078364221159159
-1892500.0,582500.0,1500,9.226086016435167,False,True,7.648632118812906
-1887500.0,582500.0,1500,3.8793039783505554,True,True,7.7990775166062924
-1882500.0,582500.0,1500,3.172330762416025,True,True,7.720542361020708
-1877500.0,582500.0,1500,1.7434509952302248,True,True,7.473930761986885
-1872500.0,582500.0,1500,0.40512947630785917,True,True,7.123702650281012
-1867500.0,582500.0,1500,-0.48511920704810674,True,True,6.878473957891606
-1862500.0,582500.0,1500,0.6254379513536565,True,True,6.79921141820255
-1857500.0,582500.0,1500,5.997227243844825,True,True,6.9601862495573155
-1852500.0,582500.0,1500,15.917551694784489,True,True,7.362554073017317
-1847500.0,582500.0,1500,29.73165481717399,False,True,7.688355994430896
-1842500.0,582500.0,1500,38.132496411728376,False,True,7.8374367021685
-1837500.0,582500.0,1500,39.30596615681631,False,True,7.777098878428301
-1832500.0,582500.0,1500,40.734750281970356,False,True,7.46021445302453
-1827500.0,582500.0,1500,36.70950425287807,False,True,7.19886514640499
-1822500.0,582500.0,1500,28.7734255351944,False,True,6.995511873920488
-1817500.0,582500.0,1500,32.50913664321689,False,True,6.19523564424331
-1812500.0,582500.0,1500,32.663571538739276,False,True,5.183929774950604
-1807500.0,582500.0,1500,9.347239087423876,True,True,5.737600138013516
-1802500.0,582500.0,1500,-17.757386041193133,True,True,6.820467042096528
-1797500.0,582500.0,1500,-30.913195295475685,True,True,6.662034443288649
-1792500.0,582500.0,1500,-34.05534627847235,True,True,5.378560110761441
-1787500.0,582500.0,1500,-35.3964799729228,True,True,5.378206843934329
-1782500.0,582500.0,1500,-35.460169561537505,True,True,5.026568647526184
-1777500.0,582500.0,1500,-28.571610407656976,True,True,3.8679382987065445
-1772500.0,582500.0,1500,-15.347610751463943,True,True,4.351495355087678
-1767500.0,582500.0,1500,-4.24412787223546,True,True,5.481493411892833
-1762500.0,582500.0,1500,2.6218570831422614,True,True,5.3065932656840555
-1757500.0,582500.0,1500,4.8979238061631465,True,True,5.178016674265615
-1752500.0,582500.0,1500,3.7848218527607007,True,True,5.214364122861199
-1747500.0,582500.0,1500,8.513438360596824,True,True,5.232592169159974
-1742500.0,582500.0,1500,12.817605690664625,True,True,5.304534134243842
-1737500.0,582500.0,1500,3.780179495551812,True,True,5.440996541196846
-1732500.0,582500.0,1500,-4.528093314717012,True,True,5.780051587525099
-1727500.0,582500.0,1500,1.0824209471500656,True,True,5.618840535173476
-1722500.0,582500.0,1500,11.725793803567583,False,True,5.096598915473743
-1717500.0,582500.0,1500,13.54664111194619,False,True,4.661896464627717
-1712500.0,582500.0,1500,4.552095111781554,False,True,4.588554269522514
-1707500.0,582500.0,1500,-6.54584438490423,False,True,4.366246244508535
-1702500.0,582500.0,1500,-13.187909851435066,False,False,4.259921545862164
-1697500.0,582500.0,1500,-15.457542594198527,False,False,4.235556261195323
-1692500.0,582500.0,1500,-14.888388565299948,False,False,4.300558533902951
-1687500.0,582500.0,1500,-10.53599702092384,False,False,4.228076655284125
-1682500.0,582500.0,1500,-6.920110911816651,False,False,4.097701959748322
-1677500.0,582500.0,1500,-3.599605184825414,False,False,4.67235996396086
-1672500.0,582500.0,1500,0.953351936061894,False,False,5.670572818961298
-1667500.0,582500.0,1500,1.9839638147205219,False,False,5.083532850148905
-1662500.0,582500.0,1500,1.3276879876013035,False,False,4.053536273911708
-1657500.0,582500.0,1500,0.704428816259501,False,False,4.429934407160738
-1652500.0,582500.0,1500,-2.8602474209040394,False,False,5.086740413185909
-2197500.0,587500.0,1500,31.032400352061885,False,False,9.09154275250012
-2192500.0,587500.0,1500,29.69959445450848,False,False,8.568673809989559
-2187500.0,587500.0,1500,28.48114307361567,False,False,8.063609828416208
-2182500.0,587500.0,1500,28.528095419607332,False,False,7.858477516546829
-2177500.0,587500.0,1500,26.153548248349317,False,False,8.042362182339378
-2172500.0,587500.0,1500,23.06394466484582,False,False,8.089755425983798
-2167500.0,587500.0,1500,21.237758514274184,False,False,7.457735377783637
-2162500.0,587500.0,1500,20.549498738344464,False,False,7.470036967019188
-2157500.0,587500.0,1500,22.756065549937883,False,False,8.895304844231932
-2152500.0,587500.0,1500,24.764350389363827,False,False,9.867018122275788
-2147500.0,587500.0,1500,25.991556235529384,False,False,9.085781101128767
-2142500.0,587500.0,1500,27.653978508063705,False,False,7.621549514766628
-2137500.0,587500.0,1500,26.70594119542291,False,False,7.92797828342801
-2132500.0,587500.0,1500,24.562512159289064,False,False,9.680123617650354
-2127500.0,587500.0,1500,22.672907197486655,False,False,10.516442366375967
-2122500.0,587500.0,1500,21.518854812456617,False,True,9.50216963935927
-2117500.0,587500.0,1500,21.41682267796192,False,True,7.9988000591463875
-2112500.0,587500.0,1500,19.080872516606867,False,True,8.425751133898489
-2107500.0,587500.0,1500,16.886678979882877,False,True,9.752945196355183
-2102500.0,587500.0,1500,15.876214185983248,False,True,9.639015399981531
-2097500.0,587500.0,1500,11.345689270088945,False,True,8.246360907152857
-2092500.0,587500.0,1500,7.018722043542477,False,True,7.759300069469495
-2087500.0,587500.0,1500,4.704442428258298,False,True,9.239249124746168
-2082500.0,587500.0,1500,2.1764853991234068,False,False,11.110739808928566
-2077500.0,587500.0,1500,1.5344181517176119,False,False,12.232235336579816
-2072500.0,587500.0,1500,0.6370243402374892,False,False,12.642539141053021
-2067500.0,587500.0,1500,-0.07822254550753328,False,False,12.555875752709465
-2062500.0,587500.0,1500,0.4954939642402742,False,False,12.132852211604078
-2057500.0,587500.0,1500,0.717451583429778,False,True,11.40319173589737
-2052500.0,587500.0,1500,5.473805305068524,False,True,10.292261526663767
-2047500.0,587500.0,1500,16.458455252802356,False,True,8.88954009844985
-2042500.0,587500.0,1500,29.39383911972176,False,True,7.626971751821108
-2037500.0,587500.0,1500,38.34462160488313,False,True,6.972350843489571
-2032500.0,587500.0,1500,37.66621022756634,False,True,7.101290777668
-2027500.0,587500.0,1500,29.357256618079713,False,True,8.363849305347149
-2022500.0,587500.0,1500,19.860802425186048,False,True,10.339919368369785
-2017500.0,587500.0,1500,9.514639926536887,False,True,11.618169460303037
-2012500.0,587500.0,1500,0.020292762501932265,False,True,11.701979068377891
-2007500.0,587500.0,1500,-6.422170303010987,False,True,10.84279844360614
-2002500.0,587500.0,1500,-11.44087465109058,False,True,9.03748911454352
-1997500.0,587500.0,1500,-15.080965935575108,False,True,6.866713605394414
-1992500.0,587500.0,1500,-17.269983227201706,False,True,5.565950152661915
-1987500.0,587500.0,1500,-15.696665433454072,False,True,5.423535687489088
-1982500.0,587500.0,1500,-11.835422989446823,False,False,6.247627132319836
-1977500.0,587500.0,1500,-8.555254095578059,False,True,7.141606414880362
-1972500.0,587500.0,1500,-4.935226585507833,False,True,7.464412944174729
-1967500.0,587500.0,1500,1.0178524475194968,False,True,7.6690935495914045
-1962500.0,587500.0,1500,8.935294019675633,False,True,7.7401599302812105
-1957500.0,587500.0,1500,22.35098025713261,False,True,7.498894101603279
-1952500.0,587500.0,1500,28.455659608574653,False,True,7.270410610066463
-1947500.0,587500.0,1500,26.445901818798024,False,True,7.101136594571777
-1942500.0,587500.0,1500,21.253311244941386,False,True,6.86063876455019
-1937500.0,587500.0,1500,21.3699640564344,False,True,6.518042213568786
-1932500.0,587500.0,1500,30.506741693659876,False,True,6.096742916569486
-1927500.0,587500.0,1500,27.950732503756914,False,True,5.902631977446704
-1922500.0,587500.0,1500,23.982635063042405,False,True,6.063674461589093
-1917500.0,587500.0,1500,27.402344204592605,False,True,6.381733209251905
-1912500.0,587500.0,1500,31.65733940539784,False,True,5.913627533352023
-1907500.0,587500.0,1500,32.882670699666726,False,True,5.113050513230311
-1902500.0,587500.0,1500,27.891728176720065,False,True,5.097250429152956
-1897500.0,587500.0,1500,13.75261341979813,False,True,5.479165196120101
-1892500.0,587500.0,1500,0.3559740525049467,True,True,5.759508908928898
-1887500.0,587500.0,1500,-2.1293178304651055,True,True,5.804402855519142
-1882500.0,587500.0,1500,0.3565172374895877,True,True,5.727045551092076
-1877500.0,587500.0,1500,3.737424304982408,True,True,5.602055967656564
-1872500.0,587500.0,1500,6.448997909594413,True,True,5.412036630499634
-1867500.0,587500.0,1500,6.4572008111436014,True,True,5.341535202632873
-1862500.0,587500.0,1500,4.2290830987897,True,True,5.474625776318316
-1857500.0,587500.0,1500,3.418283828697539,True,True,5.726227300416931
-1852500.0,587500.0,1500,7.90491480113513,True,True,6.06677425301339
-1847500.0,587500.0,1500,17.196787947119518,True,True,6.320693851536549
-1842500.0,587500.0,1500,21.73634983818949,False,True,6.439917525014074
-1837500.0,587500.0,1500,27.835062528980956,False,True,6.343029766652396
-1832500.0,587500.0,1500,38.51785954793774,False,True,6.0010822757573274
-1827500.0,587500.0,1500,40.1971670745996,False,True,5.73101204994168
-1822500.0,587500.0,1500,36.10095793320688,False,True,5.498394798130837
-1817500.0,587500.0,1500,37.121543406293945,False,True,4.977325507004171
-1812500.0,587500.0,1500,28.694752522235472,False,True,4.474158319610103
-1807500.0,587500.0,1500,3.716166638083077,False,True,5.294687310142436
-1802500.0,587500.0,1500,-17.323327356024404,True,True,6.522121044516851
-1797500.0,587500.0,1500,-27.702124949745038,True,True,6.509156213566776
-1792500.0,587500.0,1500,-33.211182407688554,True,True,5.2245549703670315
-1787500.0,587500.0,1500,-37.20354085692903,True,True,5.155610082464498
-1782500.0,587500.0,1500,-37.599052395407675,True,True,5.058190901048181
-1777500.0,587500.0,1500,-30.23223645718857,True,True,3.9593257107114592
-1772500.0,587500.0,1500,-16.974301655127615,True,True,4.086454077345334
-1767500.0,587500.0,1500,-6.795845783416688,True,True,5.117075576033871
-1762500.0,587500.0,1500,1.24494291737731,False,True,4.986597984776791
-1757500.0,587500.0,1500,6.43268927725079,True,True,5.042025117118608
-1752500.0,587500.0,1500,3.091368596136324,True,True,5.407202177440548
-1747500.0,587500.0,1500,4.354213935364707,True,True,5.542732572567167
-1742500.0,587500.0,1500,9.958686939167123,True,True,5.305262389896491
-1737500.0,587500.0,1500,6.568607500332595,True,True,5.329860138136489
-1732500.0,587500.0,1500,1.513097071527454,True,True,5.69969443442331
-1727500.0,587500.0,1500,5.766943564976503,False,True,5.440056916546836
-1722500.0,587500.0,1500,14.083906971906217,False,True,4.850329119360222
-1717500.0,587500.0,1500,17.159004692224137,False,True,4.452942991323144
-1712500.0,587500.0,1500,12.254529028210753,False,True,4.41975920554775
-1707500.0,587500.0,1500,0.5324097584246512,False,False,3.815713185217149
-1702500.0,587500.0,1500,-11.111166781441359,False,False,3.733823559079782
-1697500.0,587500.0,1500,-19.543007169152663,False,False,4.179297915804659
-1692500.0,587500.0,1500,-22.40089762062744,False,False,4.370225492858699
-1687500.0,587500.0,1500,-17.64960550526228,False,False,4.292376218303478
-1682500.0,587500.0,1500,-12.663706692246608,False,False,4.041535496035374
-1677500.0,587500.0,1500,-9.95532970329294,False,False,4.580783231544489
-1672500.0,587500.0,1500,-7.316843676586145,False,False,5.70799367885588
-1667500.0,587500.0,1500,-8.003846981203056,False,False,5.09532900179443
-1662500.0,587500.0,1500,-7.962089466400526,False,False,3.856689572669125
-1657500.0,587500.0,1500,-5.656963468985645,False,False,4.0569710455716645
-1652500.0,587500.0,1500,-5.954637768240613,False,False,4.90677576561737
-2197500.0,592500.0,1500,22.853574534019987,False,False,8.290593891461729
-2192500.0,592500.0,1500,23.87094385212424,False,False,7.956156051812304
-2187500.0,592500.0,1500,22.614613264974178,False,False,8.011963755975524
-2182500.0,592500.0,1500,20.620035184585774,False,False,8.467870214784995
-2177500.0,592500.0,1500,19.605350965854676,False,False,8.719361483109756
-2172500.0,592500.0,1500,19.910694231163983,False,False,8.033740937831976
-2167500.0,592500.0,1500,19.742124728073602,False,False,7.336882504706107
-2162500.0,592500.0,1500,20.00588656589634,False,False,8.26671980967234
-2157500.0,592500.0,1500,21.14295218850173,False,False,9.700871382280763
-2152500.0,592500.0,1500,23.624276548191187,False,False,9.627637776926736
-2147500.0,592500.0,1500,25.1359914626263,False,False,8.121769515833705
-2142500.0,592500.0,1500,24.76570292564145,False,False,7.534014954260243
-2137500.0,592500.0,1500,23.8676032875938,False,False,9.123392128195409
-2132500.0,592500.0,1500,21.131310897850607,False,False,10.958999695026382
-2127500.0,592500.0,1500,18.772797436654667,False,False,11.455544466112482
-2122500.0,592500.0,1500,18.69609700847213,False,True,10.546339902103645
-2117500.0,592500.0,1500,16.30826172338523,False,True,9.591979989566969
-2112500.0,592500.0,1500,12.291183312191018,False,True,9.824401447342767
-2107500.0,592500.0,1500,9.208987922565047,False,True,10.041232124593332
-2102500.0,592500.0,1500,5.594687546181079,False,True,8.92361190051733
-2097500.0,592500.0,1500,3.1569425731985197,False,True,7.717109597825873
-2092500.0,592500.0,1500,2.6697243481141704,False,True,8.438205149410809
-2087500.0,592500.0,1500,2.207274794247144,False,True,10.36583420381852
-2082500.0,592500.0,1500,1.5697431481603183,False,False,11.690111456967784
-2077500.0,592500.0,1500,1.0975241692681732,False,False,12.089348435171964
-2072500.0,592500.0,1500,0.5378434846179957,False,False,11.827367904090819
-2067500.0,592500.0,1500,-0.2838224787284312,False,False,11.177881002197628
-2062500.0,592500.0,1500,-0.820428031896199,False,False,10.27016632606604
-2057500.0,592500.0,1500,-1.289941866348247,False,True,9.175593625714509
-2052500.0,592500.0,1500,-0.17971231377902336,False,True,8.149184237765793
-2047500.0,592500.0,1500,7.450251588396577,False,True,7.560107405428532
-2042500.0,592500.0,1500,18.975533918750692,False,True,7.597697775651428
-2037500.0,592500.0,1500,25.35579032255167,False,True,8.220730699931776
-2032500.0,592500.0,1500,24.969169420045393,False,True,9.096291814256073
-2027500.0,592500.0,1500,19.78639512251613,False,True,9.961024646958355
-2022500.0,592500.0,1500,12.124796951858256,False,True,10.644653662951406
-2017500.0,592500.0,1500,3.3948145714078413,False,True,10.615784189208906
-2012500.0,592500.0,1500,-5.2621825610634065,False,True,9.438066624624419
-2007500.0,592500.0,1500,-11.49063851916895,False,True,7.3631890402801625
-2002500.0,592500.0,1500,-14.941168525428486,False,True,5.805821770727353
-1997500.0,592500.0,1500,-17.823047051215557,False,True,5.359711126015504
-1992500.0,592500.0,1500,-19.20904206659557,False,True,5.996183998753953
-1987500.0,592500.0,1500,-16.842438735549177,False,True,7.012741187869048
-1982500.0,592500.0,1500,-13.429989789910975,False,True,7.447325043877562
-1977500.0,592500.0,1500,-10.150114202830135,False,True,7.674874719686179
-1972500.0,592500.0,1500,-7.47246338416361,False,True,7.800847206988993
-1967500.0,592500.0,1500,-5.484123714802029,False,True,7.845134843509168
-1962500.0,592500.0,1500,-1.9831748002465448,False,True,7.802591843223712
-1957500.0,592500.0,1500,10.491472097754146,False,True,7.1553834521187945
-1952500.0,592500.0,1500,22.179236528876242,False,True,6.569705368322617
-1947500.0,592500.0,1500,21.611254070002083,False,True,6.668872838015062
-1942500.0,592500.0,1500,21.51244618067765,False,True,6.46505878331662
-1937500.0,592500.0,1500,24.94777050967168,False,True,6.040520183244489
-1932500.0,592500.0,1500,26.512641590044144,False,True,6.01953206548672
-1927500.0,592500.0,1500,23.156433192197365,False,True,6.3381762255972225
-1922500.0,592500.0,1500,21.133286403566427,False,True,6.651513278814145
-1917500.0,592500.0,1500,23.727874230092272,False,True,6.587993595003919
-1912500.0,592500.0,1500,25.558536316882666,False,True,6.020041459207906
-1907500.0,592500.0,1500,19.756676903259514,False,True,5.445963375544355
-1902500.0,592500.0,1500,9.506855256502465,False,True,5.3448926440105575
-1897500.0,592500.0,1500,3.3767278753977705,True,True,5.411699395106238
-1892500.0,592500.0,1500,0.06148607408283162,True,True,5.368718064468523
-1887500.0,592500.0,1500,0.015216489134980735,True,True,5.30045242328951
-1882500.0,592500.0,1500,2.3057953667263127,True,True,5.379082129798913
-1877500.0,592500.0,1500,6.094547620388475,True,True,5.565250720904534
-1872500.0,592500.0,1500,10.076969104459009,True,True,5.65204012412398
-1867500.0,592500.0,1500,11.754515637526971,True,True,5.701246890586642
-1862500.0,592500.0,1500,9.036040190155276,True,True,5.7388711957963245
-1857500.0,592500.0,1500,4.872030040972565,True,True,5.709230671213233
-1852500.0,592500.0,1500,6.284016832731532,True,True,5.6688270084043495
-1847500.0,592500.0,1500,13.270928326203903,True,True,5.593671180546931
-1842500.0,592500.0,1500,18.415530931883048,True,True,5.43710940664484
-1837500.0,592500.0,1500,28.36955032130068,False,True,5.130753147354085
-1832500.0,592500.0,1500,39.088525456754965,False,True,4.826391368989173
-1827500.0,592500.0,1500,39.07607642516322,False,True,4.793531014170801
-1822500.0,592500.0,1500,38.00101624775056,False,True,4.790084578227012
-1817500.0,592500.0,1500,40.95016046581051,False,True,4.4891631015135145
-1812500.0,592500.0,1500,32.467478619773836,False,True,4.140447246274963
-1807500.0,592500.0,1500,8.009496631739607,False,True,4.807065734461448
-1802500.0,592500.0,1500,-12.594535041458755,True,True,5.680397273171558
-1797500.0,592500.0,1500,-22.92096256629442,True,True,5.674588558189933
-1792500.0,592500.0,1500,-30.269673826107258,True,True,4.618529558565994
-1787500.0,592500.0,1500,-37.34756901008601,True,True,4.3845647740727545
-1782500.0,592500.0,1500,-40.15227143604724,True,True,4.366336859656613
-1777500.0,592500.0,1500,-33.84660534105421,True,True,3.9958312537302527
-1772500.0,592500.0,1500,-22.479673326061253,True,True,3.9999678340006097
-1767500.0,592500.0,1500,-11.80636235318062,True,True,4.2670464213912265
-1762500.0,592500.0,1500,-2.3331701332931725,True,True,4.283596795693321
-1757500.0,592500.0,1500,4.35648454233289,True,True,4.3836367713589866
-1752500.0,592500.0,1500,3.4066196589062585,True,True,4.745180220277671
-1747500.0,592500.0,1500,2.923260358009646,True,True,4.699098598207495
-1742500.0,592500.0,1500,4.784066870855998,True,True,4.320791192319316
-1737500.0,592500.0,1500,3.6905270070309366,True,True,4.383517295779022
-1732500.0,592500.0,1500,6.1172224425009025,True,True,4.6397600648236645
-1727500.0,592500.0,1500,14.699727582931168,False,True,4.332992615607477
-1722500.0,592500.0,1500,19.007384699591796,False,True,4.079670307769049
-1717500.0,592500.0,1500,19.79026186729973,False,True,3.9295698750173775
-1712500.0,592500.0,1500,17.56524318857585,False,True,3.8235110698991237
-1707500.0,592500.0,1500,5.4874835170687986,False,False,3.2274609466092303
-1702500.0,592500.0,1500,-8.734797846713834,False,False,3.1823271175028456
-1697500.0,592500.0,1500,-20.010615427275383,False,False,3.6624187893031284
-1692500.0,592500.0,1500,-23.632334671999942,False,False,3.880968722956297
-1687500.0,592500.0,1500,-16.599244225151182,False,False,3.885757613560776
-1682500.0,592500.0,1500,-9.799736100771726,False,False,3.636155486317512
-1677500.0,592500.0,1500,-8.915530676542243,False,False,4.293194495122755
-1672500.0,592500.0,1500,-9.663046305000321,False,False,5.307813942115384
-1667500.0,592500.0,1500,-11.117860015981945,False,False,4.823844882937737
-1662500.0,592500.0,1500,-9.836636468736051,False,False,3.738929531621382
-1657500.0,592500.0,1500,-7.651205875364473,False,False,4.128284985224253
-1652500.0,592500.0,1500,-8.306726466653046,False,False,5.3741544156928045
-2197500.0,597500.0,1500,16.061377675498665,False,False,7.955020696701647
-2192500.0,597500.0,1500,17.87508663229177,False,False,8.248793960737213
-2187500.0,597500.0,1500,17.154684042092626,False,False,8.906551512989047
-2182500.0,597500.0,1500,14.528893609527685,False,False,9.33465522682882
-2177500.0,597500.0,1500,13.279703084107142,False,False,8.773443588939053
-2172500.0,597500.0,1500,16.22010444049231,False,False,7.568255021027767
-2167500.0,597500.0,1500,19.06848009962602,False,False,7.735047424093014
-2162500.0,597500.0,1500,20.478729940263072,False,False,9.261057229988815
-2157500.0,597500.0,1500,20.900621434063304,False,False,9.863082139178632
-2152500.0,597500.0,1500,21.899188678071603,False,False,8.737210373949313
-2147500.0,597500.0,1500,22.235309938966047,False,False,7.4916150957542165
-2142500.0,597500.0,1500,21.579307434668316,False,False,8.338028613038718
-2137500.0,597500.0,1500,21.222009314579417,False,False,10.461384131690929
-2132500.0,597500.0,1500,18.623910501812265,False,False,11.886013808136084
-2127500.0,597500.0,1500,15.376593557457472,False,False,12.247318314012245
-2122500.0,597500.0,1500,14.2049257549181,False,False,11.815019721133288
-2117500.0,597500.0,1500,11.480842845894022,False,True,11.18229880497105
-2112500.0,597500.0,1500,7.8830989404203,False,True,10.627148640304634
-2107500.0,597500.0,1500,4.781119704545388,False,True,9.593290215678463
-2102500.0,597500.0,1500,0.6709303059084194,False,True,8.110027205062726
-2097500.0,597500.0,1500,-1.2433085190813271,False,True,7.957709580309031
-2092500.0,597500.0,1500,-0.6014297057202735,False,True,9.591804033485005
-2087500.0,597500.0,1500,0.31298884181702813,False,False,11.204808718226603
-2082500.0,597500.0,1500,1.2487162318807774,False,False,11.78645685215688
-2077500.0,597500.0,1500,1.2794080435300472,False,False,11.349015008395583
-2072500.0,597500.0,1500,0.6499605819161038,False,False,10.248068517818206
-2067500.0,597500.0,1500,-0.24096168573733218,False,False,9.02093654816566
-2062500.0,597500.0,1500,-1.1382994899763448,False,True,8.050854762724018
-2057500.0,597500.0,1500,-2.2547453144544014,False,True,7.570445339660356
-2052500.0,597500.0,1500,-2.8554929884167324,False,True,7.700545779619453
-2047500.0,597500.0,1500,1.5920158075928619,False,True,8.403841179079194
-2042500.0,597500.0,1500,8.633735364777303,True,True,9.348691035891013
-2037500.0,597500.0,1500,12.145037799519802,True,True,10.068885446244591
-2032500.0,597500.0,1500,14.145979824707762,False,True,10.34059049672717
-2027500.0,597500.0,1500,13.451616331227468,False,True,10.165666467039756
-2022500.0,597500.0,1500,7.166029303549395,False,True,9.383998619928315
-2017500.0,597500.0,1500,-2.031029589756648,False,True,7.678904058365904
-2012500.0,597500.0,1500,-10.83606359865228,False,True,6.06965761592548
-2007500.0,597500.0,1500,-15.992520613908061,False,True,5.348620173813092
-2002500.0,597500.0,1500,-17.60207742821378,False,True,5.710879780512556
-1997500.0,597500.0,1500,-18.728199065209992,False,True,6.768403474096533
-1992500.0,597500.0,1500,-18.538434926903054,False,True,7.376107733033718
-1987500.0,597500.0,1500,-15.415345439589483,False,True,7.621993180469534
-1982500.0,597500.0,1500,-10.611987280214615,False,True,7.84539668225259
-1977500.0,597500.0,1500,-6.840370293981488,False,True,8.020983881924337
-1972500.0,597500.0,1500,-6.466217132396678,False,True,7.996543046924786
-1967500.0,597500.0,1500,-8.71234549914413,False,True,7.638390476747532
-1962500.0,597500.0,1500,-11.002582060561853,True,True,6.594118440972622
-1957500.0,597500.0,1500,-7.633318977962673,True,True,5.521800125778338
-1952500.0,597500.0,1500,3.472490852665169,False,True,5.749153724069996
-1947500.0,597500.0,1500,8.502377980104233,False,True,6.586024880863522
-1942500.0,597500.0,1500,11.79842156216197,False,True,6.729214993212354
-1937500.0,597500.0,1500,19.069791178513615,False,True,6.615284338495776
-1932500.0,597500.0,1500,21.69763068610903,False,True,6.782453691198819
-1927500.0,597500.0,1500,26.239215268867383,False,True,6.916021070955186
-1922500.0,597500.0,1500,26.767676785170035,False,True,6.75006318835033
-1917500.0,597500.0,1500,19.883261535401964,False,True,5.849690304967132
-1912500.0,597500.0,1500,12.391191497934502,False,True,5.319655159274719
-1907500.0,597500.0,1500,1.7332496239443256,True,True,5.387241728717526
-1902500.0,597500.0,1500,-5.579691607471272,True,True,5.170168014438323
-1897500.0,597500.0,1500,-4.638229396715102,True,True,5.151557878545702
-1892500.0,597500.0,1500,-1.1458658401340824,True,True,5.264828948140943
-1887500.0,597500.0,1500,1.3215667210715316,True,True,5.485216151594263
-1882500.0,597500.0,1500,2.07939580907003,True,True,5.937178159722998
-1877500.0,597500.0,1500,3.0388656900145987,True,True,6.522866002070039
-1872500.0,597500.0,1500,5.709671999307776,True,True,6.952718252795759
-1867500.0,597500.0,1500,9.911933685216892,True,True,7.179909378303398
-1862500.0,597500.0,1500,13.069504006375453,True,True,7.377806846310573
-1857500.0,597500.0,1500,12.399939990114843,True,True,7.414820544116808
-1852500.0,597500.0,1500,11.277242473542644,True,True,7.263920071246124
-1847500.0,597500.0,1500,13.744017322549565,True,True,6.943858295884626
-1842500.0,597500.0,1500,19.15957788628864,True,True,6.52110605973747
-1837500.0,597500.0,1500,29.373276561066742,False,True,6.162486534641834
-1832500.0,597500.0,1500,36.89915018429719,False,True,6.090780617996839
-1827500.0,597500.0,1500,36.03670020713471,False,True,6.31789469681893
-1822500.0,597500.0,1500,37.93486945643712,False,True,6.364186453704541
-1817500.0,597500.0,1500,44.696995367250416,False,True,5.658577701636434
-1812500.0,597500.0,1500,40.32616793003898,False,True,4.671087175838453
-1807500.0,597500.0,1500,17.772444754860736,False,True,5.451623285096013
-1802500.0,597500.0,1500,-4.479589491954107,True,True,6.634675832205408
-1797500.0,597500.0,1500,-15.60049782237267,True,True,6.3802308763045446
-1792500.0,597500.0,1500,-24.363609490143368,True,True,4.732941431116447
-1787500.0,597500.0,1500,-34.53092250955753,True,True,4.342884666901646
-1782500.0,597500.0,1500,-40.474563636812206,True,True,4.333678626213838
-1777500.0,597500.0,1500,-37.36285493619177,True,True,4.419216116101496
-1772500.0,597500.0,1500,-30.303869254421304,True,True,4.487297715343135
-1767500.0,597500.0,1500,-20.119249382235445,True,True,3.925548894205128
-1762500.0,597500.0,1500,-7.900160312531233,True,True,3.9254483864990255
-1757500.0,597500.0,1500,-0.6517488102412858,True,True,4.4837104747912
-1752500.0,597500.0,1500,-0.16285153447466721,True,True,4.8071658927076095
-1747500.0,597500.0,1500,-0.8229184196440513,True,True,4.683326738169715
-1742500.0,597500.0,1500,-1.3646112562058685,True,True,4.327918243094731
-1737500.0,597500.0,1500,-0.9835941756646188,True,True,4.22920084537688
-1732500.0,597500.0,1500,7.553856901284271,True,True,4.482365395728188
-1727500.0,597500.0,1500,17.314829398165607,False,True,4.245199114581807
-1722500.0,597500.0,1500,13.71482934709444,False,True,4.014307603317121
-1717500.0,597500.0,1500,10.283488460571693,False,True,3.968452270531154
-1712500.0,597500.0,1500,9.310358604792553,False,True,4.034522382749272
-1707500.0,597500.0,1500,-0.4022777778090544,False,False,3.613852629926658
-1702500.0,597500.0,1500,-11.177620393511374,False,False,3.3100520884300315
-1697500.0,597500.0,1500,-17.756624634508523,False,False,3.4945824204701443
-1692500.0,597500.0,1500,-15.669302037947256,False,False,3.7960751147735685
-1687500.0,597500.0,1500,-6.320192409109939,False,False,3.684945509178339
-1682500.0,597500.0,1500,-1.1280708839956592,False,False,3.327883110609299
-1677500.0,597500.0,1500,-4.22669076491933,False,False,3.6372025741094407
-1672500.0,597500.0,1500,-6.906681196163597,False,False,4.720624821994835
-1667500.0,597500.0,1500,-5.400925893522157,False,False,4.67277492360861
-1662500.0,597500.0,1500,-2.872977160162456,False,False,3.784851477942358
-1657500.0,597500.0,1500,-3.5025622041446076,False,False,4.420107254486714
-1652500.0,597500.0,1500,-7.444448347334817,False,False,5.66785211008115
-2197500.0,602500.0,1500,15.178442452105518,False,False,8.555510880212617
-2192500.0,602500.0,1500,14.590452224048503,False,False,9.37923232265066
-2187500.0,602500.0,1500,13.660102164066602,False,False,9.917758435578618
-2182500.0,602500.0,1500,13.085392418484904,False,False,9.516098624821403
-2177500.0,602500.0,1500,11.986374227600436,False,False,8.101306451166916
-2172500.0,602500.0,1500,13.971460425021991,False,False,7.453847545180947
-2167500.0,602500.0,1500,17.869754269858195,False,False,8.686041926752843
-2162500.0,602500.0,1500,19.56543298218764,False,False,9.863114499760485
-2157500.0,602500.0,1500,20.16477569249392,False,False,9.272248152114042
-2152500.0,602500.0,1500,19.47384964197007,False,False,7.6915573807442374
-2147500.0,602500.0,1500,18.226854204074304,False,False,7.685775650005112
-2142500.0,602500.0,1500,17.72692013841737,False,False,9.603913550932948
-2137500.0,602500.0,1500,16.890317286643747,False,False,11.414252369344823
-2132500.0,602500.0,1500,15.540294174570612,False,False,12.344678259175694
-2127500.0,602500.0,1500,13.652416726432989,False,False,12.553073839511624
-2122500.0,602500.0,1500,11.684439443311456,False,False,12.23238441815197
-2117500.0,602500.0,1500,10.032999733420702,False,False,11.483166493985996
-2112500.0,602500.0,1500,6.693867884981678,False,False,10.247594307674882
-2107500.0,602500.0,1500,2.299403317988083,False,True,8.590653338922545
-2102500.0,602500.0,1500,-0.9535597555817099,False,True,7.729980204001348
-2097500.0,602500.0,1500,-2.637531304289143,False,False,8.752249025741555
-2092500.0,602500.0,1500,-1.4889245808055294,False,False,10.499976412367792
-2087500.0,602500.0,1500,0.24655380788439113,False,False,11.511053076134145
-2082500.0,602500.0,1500,0.9140252568217716,False,False,11.481622644850978
-2077500.0,602500.0,1500,2.2300312024316518,False,False,10.328561775371968
-2072500.0,602500.0,1500,2.4106073539029618,False,False,8.586976119988384
-2067500.0,602500.0,1500,1.1488914187129449,False,False,7.51929691913225
-2062500.0,602500.0,1500,-0.011175624981214091,False,True,7.499776861303397
-2057500.0,602500.0,1500,-2.1085028651313054,False,True,8.102605989915627
-2052500.0,602500.0,1500,-3.6835243780512763,False,True,8.965296932144726
-2047500.0,602500.0,1500,-2.097234875545361,False,True,9.738999831390194
-2042500.0,602500.0,1500,0.5339473939116546,True,True,10.216915495364931
-2037500.0,602500.0,1500,1.2452125109049108,True,True,10.208020978594316
-2032500.0,602500.0,1500,2.1250782543305116,True,True,9.517897303678955
-2027500.0,602500.0,1500,3.4719685558340125,True,True,7.988162877995645
-2022500.0,602500.0,1500,0.8316680976126087,True,True,6.27627804030807
-2017500.0,602500.0,1500,-5.399320747465707,False,True,5.333412974737044
-2012500.0,602500.0,1500,-11.39874369021283,False,True,5.533720229875754
-2007500.0,602500.0,1500,-15.331927906871707,False,True,6.513503930011111
-2002500.0,602500.0,1500,-17.087576728790527,True,True,7.1998585319278465
-1997500.0,602500.0,1500,-18.72130892660851,True,True,7.42941289919855
-1992500.0,602500.0,1500,-19.925274429873372,False,True,7.603427594075761
-1987500.0,602500.0,1500,-16.23127481578122,False,True,7.737340899294269
-1982500.0,602500.0,1500,-5.886038555390854,False,True,7.80327297883777
-1977500.0,602500.0,1500,2.604777985619877,False,True,7.6739056667678955
-1972500.0,602500.0,1500,3.796626409733876,False,True,6.9221475477241015
-1967500.0,602500.0,1500,-1.654314871067368,True,True,5.7825903113853965
-1962500.0,602500.0,1500,-11.207661836632964,True,True,5.014912025372
-1957500.0,602500.0,1500,-14.537817381547063,True,True,5.092870952520895
-1952500.0,602500.0,1500,-6.651294397062264,True,True,6.287053571318469
-1947500.0,602500.0,1500,-0.818813683903371,False,True,7.407191086819273
-1942500.0,602500.0,1500,3.314120992307002,False,True,7.552238171359294
-1937500.0,602500.0,1500,10.502141438156357,False,True,7.359756320632868
-1932500.0,602500.0,1500,15.169265629698762,False,True,7.139771113790296
-1927500.0,602500.0,1500,24.163017764465287,False,True,6.912304213787715
-1922500.0,602500.0,1500,26.525967273852046,False,True,6.7842096654251085
-1917500.0,602500.0,1500,14.435123635196534,False,True,6.297830854819745
-1912500.0,602500.0,1500,1.5700541286048415,False,True,5.760229583138361
-1907500.0,602500.0,1500,-6.888995662470093,True,True,5.383349264334305
-1902500.0,602500.0,1500,-10.696124878165227,True,True,5.028277475101146
-1897500.0,602500.0,1500,-8.979032438014686,True,True,5.20807959053983
-1892500.0,602500.0,1500,-4.806779200394351,True,True,5.505244331726943
-1887500.0,602500.0,1500,-2.514781405229629,True,True,5.617767692952636
-1882500.0,602500.0,1500,-2.8709249414898244,True,True,5.703474298348366
-1877500.0,602500.0,1500,-3.925746252699491,True,True,5.8602889845602375
-1872500.0,602500.0,1500,-1.9557001776370113,True,True,5.832939199016734
-1867500.0,602500.0,1500,4.470845595931509,True,True,5.784237162977968
-1862500.0,602500.0,1500,14.590532122225559,True,True,5.9552465541082436
-1857500.0,602500.0,1500,19.8113754637749,True,True,5.767139439786461
-1852500.0,602500.0,1500,14.645701074117842,True,True,5.499650316882002
-1847500.0,602500.0,1500,8.50054911798638,True,True,5.490719539882722
-1842500.0,602500.0,1500,9.677681552000005,True,True,5.645277084192552
-1837500.0,602500.0,1500,16.235721909867422,True,True,5.884834311539412
-1832500.0,602500.0,1500,25.345417751040316,False,True,6.173898965063947
-1827500.0,602500.0,1500,34.32296105007074,False,True,6.501023680717066
-1822500.0,602500.0,1500,41.40376275417142,False,True,6.6221545290810475
-1817500.0,602500.0,1500,46.32832963961633,False,True,6.015815918121193
-1812500.0,602500.0,1500,41.36599975777996,False,True,5.011684223564605
-1807500.0,602500.0,1500,23.937878558464483,False,True,5.8375780505309685
-1802500.0,602500.0,1500,2.6232921614826914,True,True,7.090517598490586
-1797500.0,602500.0,1500,-9.791686600586553,True,True,6.810449528696448
-1792500.0,602500.0,1500,-17.58354604341526,True,True,5.258102337407533
-1787500.0,602500.0,1500,-28.07831503537852,True,True,5.2146122825548105
-1782500.0,602500.0,1500,-36.02293636440132,True,True,4.924640700650446
-1777500.0,602500.0,1500,-37.95030388004224,True,True,5.106610649764235
-1772500.0,602500.0,1500,-36.03481518377665,True,True,5.088427304596305
-1767500.0,602500.0,1500,-29.532601373487147,True,True,4.090322750019528
-1762500.0,602500.0,1500,-18.015355926047057,True,True,4.121006438187823
-1757500.0,602500.0,1500,-9.837969138970115,True,True,5.157903189900642
-1752500.0,602500.0,1500,-8.36793567315669,True,True,5.467467295366866
-1747500.0,602500.0,1500,-11.069612518469668,True,True,5.245339709753052
-1742500.0,602500.0,1500,-13.432029784908378,True,True,5.117826737909999
-1737500.0,602500.0,1500,-10.52042691179886,True,True,5.036561151696146
-1732500.0,602500.0,1500,-0.022848699126453487,True,True,5.398567884327873
-1727500.0,602500.0,1500,7.262633909615469,False,True,5.3448621449777916
-1722500.0,602500.0,1500,4.042133749175831,False,True,4.684719714347991
-1717500.0,602500.0,1500,-0.1779061136907765,False,True,4.441340215493611
-1712500.0,602500.0,1500,-5.2268058418238565,False,True,4.921526592750832
-1707500.0,602500.0,1500,-10.902060248642226,False,False,4.530844046767967
-1702500.0,602500.0,1500,-13.490710259775863,False,False,3.901387461430189
-1697500.0,602500.0,1500,-12.195034662226035,False,False,3.911186007318735
-1692500.0,602500.0,1500,-4.879212706674068,False,False,4.2277442761327
-1687500.0,602500.0,1500,3.9724222811109704,False,False,3.9377510563192257
-1682500.0,602500.0,1500,5.364592310581842,False,False,3.54991961229079
-1677500.0,602500.0,1500,-0.023349268467594303,False,False,3.1681229862617344
-1672500.0,602500.0,1500,-1.542851433633866,False,False,4.398792012540537
-1667500.0,602500.0,1500,2.9365462267877027,False,False,4.674539967659141
-1662500.0,602500.0,1500,5.617580991188222,False,False,3.881397923179676
-1657500.0,602500.0,1500,2.1869410141987653,False,False,4.696288691751784
-1652500.0,602500.0,1500,-4.903689585146882,False,False,5.5825043711670315
-2197500.0,607500.0,1500,16.29353958715095,False,False,9.874105559174392
-2192500.0,607500.0,1500,12.526571603082042,False,False,10.467236118689874
-2187500.0,607500.0,1500,10.87434486233928,False,False,10.206782710668136
-2182500.0,607500.0,1500,11.567613589831225,False,False,8.822417096940946
-2177500.0,607500.0,1500,13.190971186912932,False,False,7.49363955309873
-2172500.0,607500.0,1500,14.31164500804284,False,False,8.09469503557807
-2167500.0,607500.0,1500,15.916650450491325,False,False,9.62237841742203
-2162500.0,607500.0,1500,17.446275319371733,False,False,9.78671707030062
-2157500.0,607500.0,1500,18.07074147602602,False,False,8.297660107602322
-2152500.0,607500.0,1500,16.771882471032715,False,False,7.329704466318129
-2147500.0,607500.0,1500,15.45032538273392,False,False,8.600636001287441
-2142500.0,607500.0,1500,14.874242698575578,False,False,10.480076158145785
-2137500.0,607500.0,1500,13.373620681101096,False,False,11.52714868201359
-2132500.0,607500.0,1500,11.893963079759315,False,False,11.948346205616527
-2127500.0,607500.0,1500,9.768660964213206,False,False,11.950195830649896
-2122500.0,607500.0,1500,7.640865711186351,False,False,11.566704553476509
-2117500.0,607500.0,1500,7.199873857290927,False,False,10.66263579315899
-2112500.0,607500.0,1500,5.467500203084114,False,False,9.127828470237615
-2107500.0,607500.0,1500,1.9308070147034395,False,False,7.752828488312767
-2102500.0,607500.0,1500,-0.5564048596147233,False,False,7.9147525393872815
-2097500.0,607500.0,1500,-1.8216006899031605,False,False,9.252260033189817
-2092500.0,607500.0,1500,-0.9111592458604796,False,False,10.349167910156737
-2087500.0,607500.0,1500,0.9959431338681701,False,False,10.75959341452393
-2082500.0,607500.0,1500,1.969222713958445,False,False,10.475088109692592
-2077500.0,607500.0,1500,4.493812068436854,False,False,9.392089252257897
-2072500.0,607500.0,1500,6.454265886534641,False,False,8.022955074327436
-2067500.0,607500.0,1500,5.117269385731188,False,False,7.587688920770023
-2062500.0,607500.0,1500,2.1106120642139383,False,True,8.049319513143429
-2057500.0,607500.0,1500,-2.3968003600588115,False,True,8.537676449624058
-2052500.0,607500.0,1500,-5.4695014994159905,False,True,8.831575208849268
-2047500.0,607500.0,1500,-5.053797138550317,False,True,8.91047732764182
-2042500.0,607500.0,1500,-5.059438464733319,True,True,8.774702827606744
-2037500.0,607500.0,1500,-7.255502963422203,True,True,8.032353524712459
-2032500.0,607500.0,1500,-9.201047589079018,True,True,6.477457131272867
-2027500.0,607500.0,1500,-9.360461488197062,True,True,5.163311343540661
-2022500.0,607500.0,1500,-9.160329786279908,True,True,4.956415099924985
-2017500.0,607500.0,1500,-10.786060322444905,True,True,5.463465589296302
-2012500.0,607500.0,1500,-12.024392612967258,True,True,5.9543847052224255
-2007500.0,607500.0,1500,-12.89949365847725,True,True,6.064243642430375
-2002500.0,607500.0,1500,-16.8866773263237,True,True,5.8924838626964995
-1997500.0,607500.0,1500,-23.521457692650586,True,True,5.683674524519146
-1992500.0,607500.0,1500,-27.96591439219821,False,True,5.648082481716638
-1987500.0,607500.0,1500,-21.85649953286926,False,True,5.650339456319309
-1982500.0,607500.0,1500,-5.141405216371414,False,True,5.510418617461042
-1977500.0,607500.0,1500,11.686871426814267,False,True,5.191919943487871
-1972500.0,607500.0,1500,21.00534095614576,False,True,4.493476900885415
-1967500.0,607500.0,1500,15.125852388517359,False,True,3.927621002964108
-1962500.0,607500.0,1500,-3.1765930980383708,False,True,4.360628303228752
-1957500.0,607500.0,1500,-14.118429219881877,True,True,5.255920384124506
-1952500.0,607500.0,1500,-9.67178157188197,True,True,6.696349917638503
-1947500.0,607500.0,1500,-0.9762529277314005,True,True,7.821433070587035
-1942500.0,607500.0,1500,8.42466654037229,False,True,7.685132857857193
-1937500.0,607500.0,1500,15.067567038665706,False,True,7.316582206599239
-1932500.0,607500.0,1500,21.418743026980444,False,True,6.878262119908803
-1927500.0,607500.0,1500,26.69558638607565,False,True,6.5860856223122735
-1922500.0,607500.0,1500,20.103016466389725,False,True,6.757151516392211
-1917500.0,607500.0,1500,6.185373136502275,False,True,7.025049731073823
-1912500.0,607500.0,1500,-2.401057312089395,True,True,7.092349198998662
-1907500.0,607500.0,1500,-5.3187567440473416,True,True,7.189694810820107
-1902500.0,607500.0,1500,-7.718980560485909,True,True,7.515100537413479
-1897500.0,607500.0,1500,-6.814651246885896,True,True,7.943244172877053
-1892500.0,607500.0,1500,-4.90435098748102,True,True,8.035223846548032
-1887500.0,607500.0,1500,-3.716288092816532,True,True,7.719960796572403
-1882500.0,607500.0,1500,-4.800337993490889,True,True,7.3333092424397
-1877500.0,607500.0,1500,-7.7685164224244785,True,True,6.988700398420984
-1872500.0,607500.0,1500,-7.288478708904931,True,True,6.430089681519841
-1867500.0,607500.0,1500,-0.31232942174595024,True,True,5.859211033278219
-1862500.0,607500.0,1500,12.22082137562952,False,True,5.555237298930489
-1857500.0,607500.0,1500,20.910105396740004,False,True,5.287015903073319
-1852500.0,607500.0,1500,17.03704269685472,False,True,5.311330604321203
-1847500.0,607500.0,1500,7.6072582141321075,True,True,5.631253646782815
-1842500.0,607500.0,1500,3.7063645386131148,True,True,5.99428166979491
-1837500.0,607500.0,1500,6.081993127361764,True,True,6.049632624364428
-1832500.0,607500.0,1500,14.539758815433773,True,True,5.748409280415991
-1827500.0,607500.0,1500,30.396336386917724,False,True,5.3644284412345975
-1822500.0,607500.0,1500,41.69308505699111,False,True,5.03396907654989
-1817500.0,607500.0,1500,45.43974346264883,False,True,4.697645016612535
-1812500.0,607500.0,1500,43.64082500569429,False,True,4.153788731427752
-1807500.0,607500.0,1500,32.164640249854436,False,True,4.656720933713816
-1802500.0,607500.0,1500,12.243137197335201,False,True,5.415342757512491
-1797500.0,607500.0,1500,-4.463065615558071,True,True,5.276463241503859
-1792500.0,607500.0,1500,-14.170066297331928,True,True,4.51231578655887
-1787500.0,607500.0,1500,-22.52902549519136,True,True,4.9675381582705525
-1782500.0,607500.0,1500,-29.979923045549054,True,True,4.963895063374758
-1777500.0,607500.0,1500,-35.47409318856351,True,True,5.180572412677876
-1772500.0,607500.0,1500,-36.86708916316185,True,True,5.283871034314432
-1767500.0,607500.0,1500,-33.471596437062416,True,True,4.988876160579142
-1762500.0,607500.0,1500,-28.345870217819375,True,True,4.65184102668596
-1757500.0,607500.0,1500,-23.737694477208738,True,True,4.880152762974669
-1752500.0,607500.0,1500,-20.48517723907426,True,True,5.552219208693261
-1747500.0,607500.0,1500,-23.68500066350491,True,True,5.589341256124365
-1742500.0,607500.0,1500,-27.22144919556313,True,True,5.71038234546469
-1737500.0,607500.0,1500,-23.033164540618305,True,True,5.873230570090703
-1732500.0,607500.0,1500,-13.636898160452501,True,True,6.120255565328129
-1727500.0,607500.0,1500,-5.515509834285931,True,True,6.185009327171448
-1722500.0,607500.0,1500,-0.8955488510833728,False,True,5.861842984162805
-1717500.0,607500.0,1500,-0.806667443364486,False,True,5.589322981681352
-1712500.0,607500.0,1500,-5.666123702111639,False,True,5.87005767749532
-1707500.0,607500.0,1500,-9.013735172285488,False,True,5.481672029427925
-1702500.0,607500.0,1500,-7.261138696226928,False,False,4.680087178639793
-1697500.0,607500.0,1500,-1.4383057846277771,False,False,4.451457216297652
-1692500.0,607500.0,1500,5.352999245781825,False,False,4.8221754359820865
-1687500.0,607500.0,1500,8.22323767402891,False,False,4.563076292475325
-1682500.0,607500.0,1500,4.328481149284855,False,False,3.7947512905258702
-1677500.0,607500.0,1500,0.2868535852475178,False,False,3.1583073165586795
-1672500.0,607500.0,1500,2.807621489658245,False,False,4.288118521532207
-1667500.0,607500.0,1500,7.580475340326072,False,False,4.487454604234942
-1662500.0,607500.0,1500,9.207758573323698,False,False,3.9257361261210737
-1657500.0,607500.0,1500,6.3625882771775935,False,False,4.86625619159523
-1652500.0,607500.0,1500,0.9889560723467932,False,False,5.306027619720078
-2197500.0,612500.0,1500,17.789941574588877,False,False,10.978787791566042
-2192500.0,612500.0,1500,12.528006857363595,False,False,10.810291032985655
-2187500.0,612500.0,1500,9.309161525087694,False,False,9.594560456691868
-2182500.0,612500.0,1500,7.028791613401746,False,False,7.855045354412988
-2177500.0,612500.0,1500,11.032428858884673,False,False,7.623636318154316
-2172500.0,612500.0,1500,14.654087341136721,False,False,9.095982682714135
-2167500.0,612500.0,1500,14.841120873692935,False,False,9.954640268985612
-2162500.0,612500.0,1500,15.593016634938824,False,False,9.04434228913594
-2157500.0,612500.0,1500,15.483472538254151,False,False,7.568242579959859
-2152500.0,612500.0,1500,14.762403064394352,False,False,7.925942731053775
-2147500.0,612500.0,1500,14.256531645415773,False,False,9.561974503971317
-2142500.0,612500.0,1500,12.766349140899726,False,False,10.219505864950092
-2137500.0,612500.0,1500,10.28670895829254,False,False,10.090830658506324
-2132500.0,612500.0,1500,7.60277941955233,False,False,9.947731668489428
-2127500.0,612500.0,1500,4.64582727788259,False,False,9.7172045392881
-2122500.0,612500.0,1500,2.5026251875884116,False,False,9.271332516094466
-2117500.0,612500.0,1500,1.8433923735450954,False,False,8.532932995282405
-2112500.0,612500.0,1500,1.7681115985184284,False,False,7.3910996031527105
-2107500.0,612500.0,1500,0.5240601798464236,False,False,6.6320834335819265
-2102500.0,612500.0,1500,-0.9578278040032703,False,False,6.889042322729148
-2097500.0,612500.0,1500,-0.7775830500044594,False,False,7.374844813557005
-2092500.0,612500.0,1500,-0.0621524866704721,False,False,7.512789159400471
-2087500.0,612500.0,1500,1.2390731535715895,False,False,7.378510516496923
-2082500.0,612500.0,1500,3.696359321543618,False,False,7.035664044273392
-2077500.0,612500.0,1500,7.374041210633366,False,False,6.488486209182238
-2072500.0,612500.0,1500,11.89515141788417,False,False,5.846077452988772
-2067500.0,612500.0,1500,11.517284269323229,False,False,5.633322830132559
-2062500.0,612500.0,1500,4.101537712099897,False,True,5.76794701147008
-2057500.0,612500.0,1500,-4.344926439082281,False,True,5.766970551046901
-2052500.0,612500.0,1500,-8.724208008686107,False,True,5.784960476021467
-2047500.0,612500.0,1500,-7.866123846819832,False,True,5.709969256354866
-2042500.0,612500.0,1500,-6.24133242661615,True,True,5.321813143760941
-2037500.0,612500.0,1500,-8.886599252925553,True,True,4.972453513189629
-2032500.0,612500.0,1500,-13.451640878345781,True,True,4.469383300661328
-2027500.0,612500.0,1500,-16.99054603007945,True,True,4.592837360284853
-2022500.0,612500.0,1500,-18.182231814137115,True,True,5.865506369971866
-2017500.0,612500.0,1500,-18.13086478821537,True,True,6.189301369303426
-2012500.0,612500.0,1500,-16.475705263340583,True,True,5.8135544091710045
-2007500.0,612500.0,1500,-14.64210268326644,True,True,5.813024445970514
-2002500.0,612500.0,1500,-19.646401693492177,True,True,5.666991722290998
-1997500.0,612500.0,1500,-30.097839322131698,True,True,5.41731368736631
-1992500.0,612500.0,1500,-36.09531219786877,True,True,5.107496761372144
-1987500.0,612500.0,1500,-25.72870756684876,True,True,4.339052248555891
-1982500.0,612500.0,1500,-3.8391042092494287,True,True,3.801714961893001
-1977500.0,612500.0,1500,17.970334863942604,False,True,4.233125665828658
-1972500.0,612500.0,1500,31.447766644035475,False,True,4.855876078192451
-1967500.0,612500.0,1500,26.84517269232697,False,True,5.312321995813485
-1962500.0,612500.0,1500,9.162304054436742,False,True,5.6691439693836605
-1957500.0,612500.0,1500,-5.586296838741739,True,True,6.055204747281971
-1952500.0,612500.0,1500,-5.408376543371716,True,True,6.956574064454997
-1947500.0,612500.0,1500,6.93445126157987,False,True,6.849242418863456
-1942500.0,612500.0,1500,20.409726874365685,False,True,6.522152080504567
-1937500.0,612500.0,1500,26.044543549861515,False,True,6.877973368933178
-1932500.0,612500.0,1500,30.76175645126144,False,True,6.515135277743818
-1927500.0,612500.0,1500,30.537743493208556,False,True,6.257495354757918
-1922500.0,612500.0,1500,18.1313765445921,False,True,6.397013229643761
-1917500.0,612500.0,1500,3.5868841967537577,True,True,5.891273550109919
-1912500.0,612500.0,1500,-0.798319194926299,True,True,5.720437482679784
-1907500.0,612500.0,1500,0.9509855165722512,True,True,6.78219656071567
-1902500.0,612500.0,1500,-1.0294439479003625,True,True,7.842027247465404
-1897500.0,612500.0,1500,-1.9966497236617073,True,True,8.428751478465779
-1892500.0,612500.0,1500,-1.9160927020090797,True,True,8.438531953787724
-1887500.0,612500.0,1500,-1.8796648935510398,True,True,8.128760367812182
-1882500.0,612500.0,1500,-3.9843236099762707,True,True,7.8078646010715875
-1877500.0,612500.0,1500,-8.242592024318485,True,True,7.479537370633637
-1872500.0,612500.0,1500,-9.521681244185455,True,True,7.119854142316678
-1867500.0,612500.0,1500,-2.1546533262012173,True,True,6.931789710159673
-1862500.0,612500.0,1500,9.970418529523924,True,True,6.997040737837715
-1857500.0,612500.0,1500,20.26046684159288,False,True,7.241665757982694
-1852500.0,612500.0,1500,22.67759492193229,False,True,7.66940368989355
-1847500.0,612500.0,1500,16.71216571097918,False,True,8.013328784721832
-1842500.0,612500.0,1500,10.110233039794043,True,True,8.10861572399695
-1837500.0,612500.0,1500,6.628345346024056,True,True,7.851795246477912
-1832500.0,612500.0,1500,7.141766041231708,True,True,7.134659716426231
-1827500.0,612500.0,1500,20.224278505988607,False,True,5.996869367837274
-1822500.0,612500.0,1500,33.51516343115886,False,True,4.955945948063751
-1817500.0,612500.0,1500,43.43680738454106,False,True,4.414982407393471
-1812500.0,612500.0,1500,50.438712130666445,False,True,3.971459482899944
-1807500.0,612500.0,1500,44.88884965095997,False,True,4.498757288866076
-1802500.0,612500.0,1500,30.091785088565015,False,True,5.388913089379769
-1797500.0,612500.0,1500,8.51785083538384,True,True,5.4383970424245796
-1792500.0,612500.0,1500,-10.370625404894652,True,True,4.445956770312581
-1787500.0,612500.0,1500,-20.017753594328823,True,True,4.496915817175637
-1782500.0,612500.0,1500,-25.258760281671602,True,True,5.035940286936339
-1777500.0,612500.0,1500,-32.622405983305896,True,True,4.922481185112855
-1772500.0,612500.0,1500,-38.065806653682216,True,True,4.7192890635840286
-1767500.0,612500.0,1500,-37.381021334210416,True,True,5.035263635081339
-1762500.0,612500.0,1500,-35.33769779496985,True,True,4.646131458046802
-1757500.0,612500.0,1500,-34.046408205679164,True,True,4.08691286137152
-1752500.0,612500.0,1500,-31.590981783541412,True,True,4.8677124730363355
-1747500.0,612500.0,1500,-33.56603493094235,True,True,5.363256408457143
-1742500.0,612500.0,1500,-36.87614369493628,True,True,5.665280680882704
-1737500.0,612500.0,1500,-34.69104088851226,True,True,6.074585240934437
-1732500.0,612500.0,1500,-28.630972344920632,True,True,6.458295550585305
-1727500.0,612500.0,1500,-18.98139613503527,True,True,6.733406448032911
-1722500.0,612500.0,1500,-8.992008997065724,False,True,6.917367797487708
-1717500.0,612500.0,1500,-3.090243796283635,False,True,6.662783587797314
-1712500.0,612500.0,1500,-2.665712204014686,False,True,6.341265272172781
-1707500.0,612500.0,1500,-5.043390697090572,False,True,5.86187123548286
-1702500.0,612500.0,1500,-4.340486085808095,False,False,4.929674977041838
-1697500.0,612500.0,1500,1.149459839926353,False,False,4.842229421965575
-1692500.0,612500.0,1500,6.888721054106348,False,False,5.637144477705214
-1687500.0,612500.0,1500,6.2907072644883195,False,False,5.2784182178819705
-1682500.0,612500.0,1500,0.09597612913859442,False,False,3.960576729027146
-1677500.0,612500.0,1500,-2.045741727039107,False,False,3.2150842658800642
-1672500.0,612500.0,1500,3.1153109407617277,False,False,4.118469131606473
-1667500.0,612500.0,1500,7.239463629692947,False,False,4.200928757124513
-1662500.0,612500.0,1500,7.611255905044211,False,False,3.8184791175461785
-1657500.0,612500.0,1500,6.570249895810653,False,False,4.644378644678408
-1652500.0,612500.0,1500,3.9915812463788547,False,False,4.763043680516754
-2197500.0,617500.0,1500,15.855409473842885,False,False,11.328347526012834
-2192500.0,617500.0,1500,11.323929770290231,False,False,10.288761602336434
-2187500.0,617500.0,1500,8.764749821415348,False,False,8.44950293445398
-2182500.0,617500.0,1500,5.473788828552393,False,False,7.408525538155545
-2177500.0,617500.0,1500,8.499722576220956,False,False,8.310057383164201
-2172500.0,617500.0,1500,13.30783705121563,False,False,9.507228872056762
-2167500.0,617500.0,1500,14.253433551988897,False,False,9.332149358036354
-2162500.0,617500.0,1500,14.040808045095279,False,False,7.957273125270966
-2157500.0,617500.0,1500,13.585546139510077,False,False,7.533549377251298
-2152500.0,617500.0,1500,13.132803054870635,False,False,9.042620448812308
-2147500.0,617500.0,1500,12.121339767895495,False,False,10.183403770915469
-2142500.0,617500.0,1500,10.414300855600247,False,False,8.818506209783058
-2137500.0,617500.0,1500,7.65514410831259,False,False,6.809557207170912
-2132500.0,617500.0,1500,3.8705517458115217,False,False,6.246979280372537
-2127500.0,617500.0,1500,0.2316068219172203,False,False,6.216054311102647
-2122500.0,617500.0,1500,-2.895793038293285,False,False,6.120813010137819
-2117500.0,617500.0,1500,-3.9872241577950605,False,False,6.026316432446474
-2112500.0,617500.0,1500,-2.7070247518422708,False,False,5.822568800094254
-2107500.0,617500.0,1500,-2.025554265755011,False,False,5.7316550951305905
-2102500.0,617500.0,1500,-1.6606359784471956,False,False,5.94083881702127
-2097500.0,617500.0,1500,0.3051853004492532,False,False,6.078639590983281
-2092500.0,617500.0,1500,1.9430418589973455,False,False,6.093015615529069
-2087500.0,617500.0,1500,3.1671915885545525,False,False,6.0763588513934685
-2082500.0,617500.0,1500,6.244557799958861,False,False,6.024292787939212
-2077500.0,617500.0,1500,10.670884769776487,False,False,5.941343814183173
-2072500.0,617500.0,1500,15.104856861559162,False,False,5.777265235963132
-2067500.0,617500.0,1500,14.295453853971074,False,True,5.7005402336430935
-2062500.0,617500.0,1500,4.56511544703092,False,True,5.6461333665681845
-2057500.0,617500.0,1500,-6.369836288604695,False,True,5.252066779189995
-2052500.0,617500.0,1500,-10.975211291724683,False,True,4.41109244150882
-2047500.0,617500.0,1500,-7.968407575269867,True,True,3.8853071099225236
-2042500.0,617500.0,1500,-2.250846257651113,True,True,4.294972157626837
-2037500.0,617500.0,1500,-3.2746729267987216,True,True,5.326666974313296
-2032500.0,617500.0,1500,-10.146683017677315,True,True,6.173797266018054
-2027500.0,617500.0,1500,-16.22247351779191,True,True,6.633730325645866
-2022500.0,617500.0,1500,-19.442518090884803,True,True,7.354383947735176
-2017500.0,617500.0,1500,-19.79501474497115,True,True,7.74019474611016
-2012500.0,617500.0,1500,-17.81426746052938,True,True,7.754879951731551
-2007500.0,617500.0,1500,-16.42079512977905,True,True,7.793071411026045
-2002500.0,617500.0,1500,-21.397176344776135,True,True,7.475613252729776
-1997500.0,617500.0,1500,-33.66593947836669,True,True,6.578071987051029
-1992500.0,617500.0,1500,-40.958475103840286,True,True,5.4451268860507085
-1987500.0,617500.0,1500,-27.918646064145562,True,True,5.058599393443005
-1982500.0,617500.0,1500,-5.075400339251042,True,True,5.574098550429953
-1977500.0,617500.0,1500,15.818772741714954,False,True,6.383390194309769
-1972500.0,617500.0,1500,29.01289551716479,False,True,6.895555658620992
-1967500.0,617500.0,1500,28.735113033334162,False,True,7.016816216903553
-1962500.0,617500.0,1500,22.33117701974839,False,True,7.081938652549344
-1957500.0,617500.0,1500,10.705802676953986,False,True,7.341728127108543
-1952500.0,617500.0,1500,4.222418415911894,True,True,7.5097020113835296
-1947500.0,617500.0,1500,10.198419640600285,True,True,5.8287837578880275
-1942500.0,617500.0,1500,22.21649339430495,False,True,5.244793524804097
-1937500.0,617500.0,1500,31.280795934132456,False,True,6.336420820578956
-1932500.0,617500.0,1500,33.62349712772972,False,True,6.3052237925369745
-1927500.0,617500.0,1500,30.566581335876478,False,True,6.470170731798076
-1922500.0,617500.0,1500,22.541406859061613,False,True,6.747323291795574
-1917500.0,617500.0,1500,11.380918258618168,False,True,6.051975143858543
-1912500.0,617500.0,1500,6.344690807168508,False,True,5.434624105103416
-1907500.0,617500.0,1500,8.021215983675077,False,True,5.540228250077391
-1902500.0,617500.0,1500,5.5367769036689465,False,True,5.653938247915211
-1897500.0,617500.0,1500,3.345311147234475,True,True,6.096220012896531
-1892500.0,617500.0,1500,5.357657627172888,True,True,6.760829109380856
-1887500.0,617500.0,1500,5.4881555852295305,True,True,7.05864593743727
-1882500.0,617500.0,1500,-0.6201426415042427,True,True,6.907411860638048
-1877500.0,617500.0,1500,-7.753106863609327,True,True,6.869547280194928
-1872500.0,617500.0,1500,-9.078280221610523,True,True,7.118085151410659
-1867500.0,617500.0,1500,-1.528860418085622,True,True,7.592842457830013
-1862500.0,617500.0,1500,10.558017234103966,True,True,8.07956594741172
-1857500.0,617500.0,1500,23.886509744675756,False,True,8.214525786268041
-1852500.0,617500.0,1500,31.721341052820748,False,True,8.245165581505757
-1847500.0,617500.0,1500,26.607950506102565,False,True,8.510271591208465
-1842500.0,617500.0,1500,16.088382617382393,False,True,8.644443250770216
-1837500.0,617500.0,1500,7.316376774226659,True,True,8.29351260858698
-1832500.0,617500.0,1500,0.3365588076757344,True,True,7.445734231724557
-1827500.0,617500.0,1500,6.510738636983081,False,True,6.36154161419217
-1822500.0,617500.0,1500,25.99473756581946,False,True,5.267218848548936
-1817500.0,617500.0,1500,42.92318506271197,False,True,4.559076776972776
-1812500.0,617500.0,1500,49.15725362492378,False,True,4.425031888182787
-1807500.0,617500.0,1500,47.178075198461656,False,True,5.225714095303981
-1802500.0,617500.0,1500,37.06362267361264,False,True,6.4669592744889215
-1797500.0,617500.0,1500,19.320689191430603,False,True,7.019355946886314
-1792500.0,617500.0,1500,-1.26667099921829,True,True,6.226943427432513
-1787500.0,617500.0,1500,-15.061400174040076,True,True,5.879502926263404
-1782500.0,617500.0,1500,-21.451220614775107,True,True,6.188214836084343
-1777500.0,617500.0,1500,-31.249861449261616,True,True,5.682974285607602
-1772500.0,617500.0,1500,-40.14549940466556,True,True,5.166124067614223
-1767500.0,617500.0,1500,-43.4134552303644,True,True,5.096376228955
-1762500.0,617500.0,1500,-42.24444526518294,True,True,4.7052994732957405
-1757500.0,617500.0,1500,-39.66290747181347,True,True,4.7128508650221
-1752500.0,617500.0,1500,-38.531343453011814,True,True,5.35761702893439
-1747500.0,617500.0,1500,-40.28942404188616,True,True,5.5224820772527075
-1742500.0,617500.0,1500,-43.168175487047094,True,True,5.617072678228505
-1737500.0,617500.0,1500,-43.72651145142898,True,True,5.6126077033598305
-1732500.0,617500.0,1500,-39.51679324220059,True,True,5.520989464288422
-1727500.0,617500.0,1500,-28.50075149206425,True,True,5.354458793990389
-1722500.0,617500.0,1500,-16.059456576844443,True,True,5.211239200381035
-1717500.0,617500.0,1500,-7.971500549720448,False,True,4.961067958134187
-1712500.0,617500.0,1500,-5.440477952703187,False,True,4.631070026012701
-1707500.0,617500.0,1500,-5.192894779573518,False,True,4.555900547719974
-1702500.0,617500.0,1500,-7.4994475912781855,False,True,4.027297667713325
-1697500.0,617500.0,1500,-7.651501978422956,False,False,4.1730773761087505
-1692500.0,617500.0,1500,-1.8395431557880912,False,False,5.439658138328478
-1687500.0,617500.0,1500,0.011357158016349136,False,False,5.2807441567291304
-1682500.0,617500.0,1500,-2.7638414386693855,False,False,4.034246074158878
-1677500.0,617500.0,1500,-3.5690853302146937,False,False,3.328009673528653
-1672500.0,617500.0,1500,-0.5176039855544091,False,False,3.860929178011483
-1667500.0,617500.0,1500,2.7104753455112776,False,False,3.837848474976618
-1662500.0,617500.0,1500,2.9083550315530355,False,False,3.7170760174772957
-1657500.0,617500.0,1500,2.1688629660635717,False,False,4.671865811188967
-1652500.0,617500.0,1500,0.7319541971859774,False,False,4.6792983786484745
-2197500.0,622500.0,1500,14.666704116770811,False,False,10.89778293791818
-2192500.0,622500.0,1500,10.420571278910941,False,False,9.142799611869632
-2187500.0,622500.0,1500,8.883213819286397,False,False,7.521971759663282
-2182500.0,622500.0,1500,8.275793003893165,False,False,7.5764461508508
-2177500.0,622500.0,1500,9.663423457320102,False,False,8.449156734824394
-2172500.0,622500.0,1500,12.92229859816377,False,False,8.301640214990567
-2167500.0,622500.0,1500,14.319535356103554,False,False,7.247216862286966
-2162500.0,622500.0,1500,12.401127064136002,False,False,6.907263635889374
-2157500.0,622500.0,1500,11.431790519429113,False,False,8.31937664330543
-2152500.0,622500.0,1500,11.280013143920888,False,False,10.272528325634433
-2147500.0,622500.0,1500,9.911507668962738,False,False,10.964919238095066
-2142500.0,622500.0,1500,8.869067103476803,False,False,9.351458421188198
-2137500.0,622500.0,1500,5.838830513851484,False,False,7.346317772599725
-2132500.0,622500.0,1500,1.0955405581656705,False,False,6.828686135405398
-2127500.0,622500.0,1500,-2.7273883312674663,False,False,6.768720136014833
-2122500.0,622500.0,1500,-5.473213020387985,False,False,6.457776253258365
-2117500.0,622500.0,1500,-4.566025660224136,False,False,6.234934478086048
-2112500.0,622500.0,1500,-1.5097383343197521,False,False,6.669974859582258
-2107500.0,622500.0,1500,-0.2874218849018148,False,False,7.417999281908804
-2102500.0,622500.0,1500,0.16863195970137285,False,False,7.845854162003102
-2097500.0,622500.0,1500,1.5730999070546674,False,False,8.028426185448213
-2092500.0,622500.0,1500,3.782209035671358,False,False,8.276934826197294
-2087500.0,622500.0,1500,6.5647388636885005,False,False,8.525302751451767
-2082500.0,622500.0,1500,10.361718130066524,False,False,8.633146471337199
-2077500.0,622500.0,1500,14.249740960603726,False,False,8.653030351671637
-2072500.0,622500.0,1500,15.984324191131064,False,False,8.575188230446148
-2067500.0,622500.0,1500,13.893819930748752,False,True,8.200931986758052
-2062500.0,622500.0,1500,6.464580948245546,False,True,7.103589471053263
-2057500.0,622500.0,1500,-3.9320297569379283,False,True,5.7339809911143655
-2052500.0,622500.0,1500,-8.544036106296689,False,True,5.159672099798012
-2047500.0,622500.0,1500,-3.998351552916159,True,True,5.509776561768675
-2042500.0,622500.0,1500,2.366943630794552,True,True,6.528261908205883
-2037500.0,622500.0,1500,2.3877679517491277,True,True,7.597778045709873
-2032500.0,622500.0,1500,-4.537374709315684,True,True,8.225472045577554
-2027500.0,622500.0,1500,-11.64966228251059,True,True,8.588726073328678
-2022500.0,622500.0,1500,-15.411940406445476,True,True,8.83384523990176
-2017500.0,622500.0,1500,-17.090658197035193,True,True,8.912705717824828
-2012500.0,622500.0,1500,-16.562196917376838,True,True,8.660464786887724
-2007500.0,622500.0,1500,-14.436275570879634,True,True,7.808371047759235
-2002500.0,622500.0,1500,-18.316334974600135,True,True,6.309213691337394
-1997500.0,622500.0,1500,-32.026633737682694,True,True,5.389532178951222
-1992500.0,622500.0,1500,-40.68366521760495,True,True,5.511761279719176
-1987500.0,622500.0,1500,-29.25032706381119,True,True,6.407818453015043
-1982500.0,622500.0,1500,-9.999568110322109,False,True,7.418576887613963
-1977500.0,622500.0,1500,9.50811351887518,False,True,7.494371640492634
-1972500.0,622500.0,1500,24.21631240763573,False,True,7.179351685521951
-1967500.0,622500.0,1500,31.16197200161746,False,True,6.950424433686607
-1962500.0,622500.0,1500,33.68374387619677,False,True,6.871314479167298
-1957500.0,622500.0,1500,25.57291580059971,False,True,7.049294102132351
-1952500.0,622500.0,1500,13.673888530021447,False,True,7.196365764976519
-1947500.0,622500.0,1500,4.087684442020305,True,True,5.661101094505714
-1942500.0,622500.0,1500,10.152748679238428,False,True,4.999297705084268
-1937500.0,622500.0,1500,26.424916008040242,False,True,6.28067052630143
-1932500.0,622500.0,1500,32.804095520962065,False,True,6.814759206252512
-1927500.0,622500.0,1500,31.67548410883986,False,True,7.165556288136246
-1922500.0,622500.0,1500,24.746064167287326,False,True,7.409945648428468
-1917500.0,622500.0,1500,15.134003273800984,False,True,7.312862756548234
-1912500.0,622500.0,1500,11.182565260885463,False,True,6.908208791091379
-1907500.0,622500.0,1500,12.882319697758097,False,True,6.116220672431547
-1902500.0,622500.0,1500,11.032603129860739,False,True,5.309269863645186
-1897500.0,622500.0,1500,6.981240088959608,False,True,5.0378935266277285
-1892500.0,622500.0,1500,8.17648613707482,False,True,5.361184818589946
-1887500.0,622500.0,1500,9.260166452599274,False,True,5.4337951332447965
-1882500.0,622500.0,1500,1.527999611904055,True,True,5.2106980750669685
-1877500.0,622500.0,1500,-6.854141634249105,True,True,5.894132460340357
-1872500.0,622500.0,1500,-7.0273876548868905,True,True,7.1869522534235415
-1867500.0,622500.0,1500,-1.3446800804323629,True,True,8.185633082951043
-1862500.0,622500.0,1500,9.493391450314617,False,True,8.647803027459506
-1857500.0,622500.0,1500,25.484278988268592,False,True,8.427406774055692
-1852500.0,622500.0,1500,36.89067334466181,False,True,7.903848174067985
-1847500.0,622500.0,1500,32.68197802540945,False,True,7.655197561529486
-1842500.0,622500.0,1500,20.28787450045259,False,True,7.4635783285317485
-1837500.0,622500.0,1500,7.542893346921254,True,True,7.062937941470605
-1832500.0,622500.0,1500,-1.943008732536974,True,True,6.67984408531995
-1827500.0,622500.0,1500,0.00948215317036967,True,True,6.533187638965575
-1822500.0,622500.0,1500,19.571726916716504,False,True,5.812436404702019
-1817500.0,622500.0,1500,38.95596253899217,False,True,4.812290662688412
-1812500.0,622500.0,1500,43.597072516325085,False,True,4.723599115128989
-1807500.0,622500.0,1500,40.013480158680146,False,True,4.895062249467718
-1802500.0,622500.0,1500,27.31089440215457,False,True,5.173646448131136
-1797500.0,622500.0,1500,15.245523818365943,False,True,5.615794583425908
-1792500.0,622500.0,1500,4.546048811018557,True,True,5.827585228410807
-1787500.0,622500.0,1500,-8.05901842875713,True,True,6.183773133274827
-1782500.0,622500.0,1500,-17.439131057249096,True,True,6.495961408605222
-1777500.0,622500.0,1500,-28.279870181997342,True,True,6.497937396528357
-1772500.0,622500.0,1500,-37.95569879451592,True,True,6.596196311298484
-1767500.0,622500.0,1500,-43.69768968659954,True,True,6.295848853831546
-1762500.0,622500.0,1500,-45.457767977997904,True,True,5.366894248035847
-1757500.0,622500.0,1500,-43.81234690606369,True,True,6.2084252977189704
-1752500.0,622500.0,1500,-43.40036903957591,True,True,7.604910917171445
-1747500.0,622500.0,1500,-44.69176825814859,True,True,7.53317726210236
-1742500.0,622500.0,1500,-46.133671463178885,True,True,7.155777788480318
-1737500.0,622500.0,1500,-44.9777684317441,True,True,6.567178816692373
-1732500.0,622500.0,1500,-38.982472477429624,True,True,5.8983505402781695
-1727500.0,622500.0,1500,-25.912999766813194,True,True,5.087076775742633
-1722500.0,622500.0,1500,-16.509034076333467,False,True,4.030717037335265
-1717500.0,622500.0,1500,-13.062448726540664,False,True,3.3443346804612233
-1712500.0,622500.0,1500,-8.066085536551418,False,True,3.381924459330679
-1707500.0,622500.0,1500,-3.740348536208037,False,True,3.825340259336028
-1702500.0,622500.0,1500,-8.741261571780532,False,False,3.656634929442311
-1697500.0,622500.0,1500,-13.742955776472714,False,False,3.7993911490393644
-1692500.0,622500.0,1500,-8.231737766835135,False,False,5.096871078333713
-1687500.0,622500.0,1500,-3.928478094791761,False,False,5.013861299850525
-1682500.0,622500.0,1500,-2.358516989261705,False,False,4.013638803356507
-1677500.0,622500.0,1500,-2.4809733089113966,False,False,3.5389185572835395
-1672500.0,622500.0,1500,-3.2321930305896776,False,False,3.6911659572347335
-1667500.0,622500.0,1500,-3.4973690311397414,False,False,3.4942705060073873
-1662500.0,622500.0,1500,-5.22850839696224,False,False,3.881465834138867
-1657500.0,622500.0,1500,-4.196073661779587,False,False,5.283891891319536
-1652500.0,622500.0,1500,-2.4206198220311776,False,False,5.066159680745277
-2197500.0,627500.0,1500,18.627407014204124,False,False,9.881495925358422
-2192500.0,627500.0,1500,14.476825771717882,False,False,7.944525266920743
-2187500.0,627500.0,1500,12.208669557253351,False,False,7.109640000100274
-2182500.0,627500.0,1500,11.25567555497642,False,False,7.31673535997536
-2177500.0,627500.0,1500,11.257955695106574,False,False,6.9773753311716105
-2172500.0,627500.0,1500,12.383164603404406,False,False,6.185639912708605
-2167500.0,627500.0,1500,12.521878955306509,False,False,5.87004608238221
-2162500.0,627500.0,1500,10.525880669112782,False,False,7.156124500612167
-2157500.0,627500.0,1500,9.759120633256645,False,False,9.547012392398615
-2152500.0,627500.0,1500,9.890640536244511,False,False,11.324404646275106
-2147500.0,627500.0,1500,9.111236061390352,False,False,11.94703187283524
-2142500.0,627500.0,1500,7.855494326808291,False,False,11.534107461205826
-2137500.0,627500.0,1500,4.555248740128851,False,False,10.860653196262202
-2132500.0,627500.0,1500,-0.17669803294561665,False,False,10.292553536428247
-2127500.0,627500.0,1500,-4.12658152310298,False,False,9.415859748505627
-2122500.0,627500.0,1500,-5.781933407057954,False,False,8.128751310156517
-2117500.0,627500.0,1500,-2.8701871593943515,False,False,7.551203250843302
-2112500.0,627500.0,1500,2.0995174625839383,False,False,8.439391057459819
-2107500.0,627500.0,1500,3.9234548419755,False,False,9.427930560214818
-2102500.0,627500.0,1500,2.6888152541499277,False,False,9.310864892875607
-2097500.0,627500.0,1500,2.083177839543879,False,False,8.867535262425179
-2092500.0,627500.0,1500,4.448870864679707,False,False,9.054882322315033
-2087500.0,627500.0,1500,8.829831757259019,False,False,9.364222277454827
-2082500.0,627500.0,1500,13.53860482208429,False,False,9.283997765177107
-2077500.0,627500.0,1500,16.82186112984032,False,False,8.99247754675816
-2072500.0,627500.0,1500,16.79503907132064,False,False,8.115043823202654
-2067500.0,627500.0,1500,14.650251624924616,False,True,6.501016001103125
-2062500.0,627500.0,1500,10.772049333372575,False,True,5.510294238231876
-2057500.0,627500.0,1500,2.993718664438203,False,True,5.610869786036723
-2052500.0,627500.0,1500,-1.6782894607014551,False,True,6.54974684371735
-2047500.0,627500.0,1500,1.3075057570694573,True,True,7.696193100751932
-2042500.0,627500.0,1500,4.229452747646315,True,True,8.255016783978661
-2037500.0,627500.0,1500,2.7713659005289184,True,True,8.614466382250473
-2032500.0,627500.0,1500,-2.9911699487905796,True,True,8.896426393855982
-2027500.0,627500.0,1500,-9.569345516793005,True,True,8.970958812598678
-2022500.0,627500.0,1500,-12.986377924294853,True,True,8.7541896091406
-2017500.0,627500.0,1500,-15.354002272340054,True,True,8.124726422421544
-2012500.0,627500.0,1500,-15.753805334646644,True,True,6.79673313702884
-2007500.0,627500.0,1500,-12.224024133800587,True,True,5.6039044387844
-2002500.0,627500.0,1500,-16.169866903941287,True,True,5.366261031864795
-1997500.0,627500.0,1500,-29.71940555110667,True,True,6.155195501212745
-1992500.0,627500.0,1500,-37.0418647215093,True,True,7.311723464188235
-1987500.0,627500.0,1500,-29.292634485390664,True,True,7.7718788810406245
-1982500.0,627500.0,1500,-14.175361247995053,True,True,7.757729432705281
-1977500.0,627500.0,1500,3.3610075035084668,False,True,7.4881506723919875
-1972500.0,627500.0,1500,20.091161025950413,False,True,7.111042984512891
-1967500.0,627500.0,1500,32.9452323100938,False,True,6.829624526776859
-1962500.0,627500.0,1500,38.43211140490239,False,True,6.692645609813804
-1957500.0,627500.0,1500,35.7645481304634,False,True,6.692902160053318
-1952500.0,627500.0,1500,24.77876558425188,False,True,6.813649057707659
-1947500.0,627500.0,1500,4.166950166016327,False,True,5.846688325932832
-1942500.0,627500.0,1500,0.28813208710755167,False,True,5.093452611560498
-1937500.0,627500.0,1500,19.173260403064383,False,True,6.27864358705282
-1932500.0,627500.0,1500,32.54515570881211,False,True,7.1845717617623635
-1927500.0,627500.0,1500,31.074778968339587,False,True,7.236258166154282
-1922500.0,627500.0,1500,22.234612413011863,False,True,7.238059264731062
-1917500.0,627500.0,1500,15.71611708450379,False,True,7.177416821747201
-1912500.0,627500.0,1500,14.167983262790916,False,True,6.952529032972081
-1907500.0,627500.0,1500,13.268368082901132,False,True,6.600013077522356
-1902500.0,627500.0,1500,12.975965954663712,False,True,6.19395706957269
-1897500.0,627500.0,1500,13.136679651624295,False,True,6.0250271408163085
-1892500.0,627500.0,1500,11.540034553002323,False,True,6.276487443607913
-1887500.0,627500.0,1500,8.797726207264736,False,True,6.288479580642583
-1882500.0,627500.0,1500,2.311592897951819,True,True,5.820602019688833
-1877500.0,627500.0,1500,-5.327605248457343,True,True,5.59417321196227
-1872500.0,627500.0,1500,-7.992918935637154,True,True,5.5684136276668506
-1867500.0,627500.0,1500,-5.84599265471195,True,True,5.807102623864261
-1862500.0,627500.0,1500,3.7305727595987617,True,True,6.587623935364792
-1857500.0,627500.0,1500,18.604960831619447,False,True,7.0521936148024915
-1852500.0,627500.0,1500,29.152344652101355,False,True,6.734938490920876
-1847500.0,627500.0,1500,32.19095189692927,False,True,6.281312930878324
-1842500.0,627500.0,1500,27.048332863519263,False,True,6.385002570614299
-1837500.0,627500.0,1500,13.922927761326527,False,True,6.890486557155323
-1832500.0,627500.0,1500,3.4270648560903147,True,True,7.412115085095549
-1827500.0,627500.0,1500,2.1425508815025753,True,True,7.793900358073548
-1822500.0,627500.0,1500,13.069597110606603,True,True,7.402181655446843
-1817500.0,627500.0,1500,31.259611927784295,False,True,6.424454757247747
-1812500.0,627500.0,1500,42.359161420417536,False,True,5.9658756065527365
-1807500.0,627500.0,1500,40.95232496699505,False,True,5.657910754269205
-1802500.0,627500.0,1500,27.699421959347188,False,True,5.291031134905381
-1797500.0,627500.0,1500,18.405225419001493,True,True,5.074354959593114
-1792500.0,627500.0,1500,14.454809612451935,True,True,5.142734020512313
-1787500.0,627500.0,1500,1.8500924496484294,True,True,5.369052585481073
-1782500.0,627500.0,1500,-10.47765725442702,True,True,5.243603445736194
-1777500.0,627500.0,1500,-21.1844594877991,True,True,5.236117201534054
-1772500.0,627500.0,1500,-32.34732789050148,True,True,5.532769703023069
-1767500.0,627500.0,1500,-39.66341722477043,True,True,5.586652379795456
-1762500.0,627500.0,1500,-44.13719482500516,True,True,5.034145063929868
-1757500.0,627500.0,1500,-46.441622974031525,True,True,6.140463339563275
-1752500.0,627500.0,1500,-47.81501672835298,True,True,7.886008910583468
-1747500.0,627500.0,1500,-49.172023042072574,True,True,7.943932811840429
-1742500.0,627500.0,1500,-48.99210398363985,True,True,7.358705766666711
-1737500.0,627500.0,1500,-45.4979757971818,True,True,6.460718098155242
-1732500.0,627500.0,1500,-37.91301648916572,True,True,5.551967876278834
-1727500.0,627500.0,1500,-19.9234366394579,True,True,4.936796637848675
-1722500.0,627500.0,1500,-6.37406255639407,False,True,4.177684711348553
-1717500.0,627500.0,1500,-3.0436243217902903,False,True,4.229466314786176
-1712500.0,627500.0,1500,-0.23620190234217686,False,True,5.115815970793208
-1707500.0,627500.0,1500,-1.6224087398289488,False,True,5.1998170466944655
-1702500.0,627500.0,1500,-9.591770870572217,False,False,4.2159183765640424
-1697500.0,627500.0,1500,-13.795437618943282,False,False,4.360575597734403
-1692500.0,627500.0,1500,-8.513287017277616,False,False,5.502644599578858
-1687500.0,627500.0,1500,-2.4141939630152374,False,False,4.7473151395642805
-1682500.0,627500.0,1500,2.1348621763383675,False,False,3.9473613520757826
-1677500.0,627500.0,1500,2.6268654399365974,False,False,3.837847543903423
-1672500.0,627500.0,1500,-0.4897793640378343,False,False,3.642413080422483
-1667500.0,627500.0,1500,-6.521386596531176,False,False,3.2681105862897324
-1662500.0,627500.0,1500,-12.004988694435607,False,False,4.109086473983868
-1657500.0,627500.0,1500,-9.61623503599701,False,False,5.763643666417056
-1652500.0,627500.0,1500,-4.274109807812298,False,False,5.196078043552196
-2197500.0,632500.0,1500,21.798814303836753,False,False,8.527939334850657
-2192500.0,632500.0,1500,18.05773234450237,False,False,6.97107594767096
-2187500.0,632500.0,1500,16.257623678636968,False,False,6.461468493225457
-2182500.0,632500.0,1500,13.770619146598577,False,False,6.284051424621512
-2177500.0,632500.0,1500,11.522122908732838,False,False,6.012522480281472
-2172500.0,632500.0,1500,9.83656204910768,False,False,5.942622960335351
-2167500.0,632500.0,1500,8.08595635619602,False,False,6.569883508415299
-2162500.0,632500.0,1500,8.231322978215772,False,False,8.335723572435567
-2157500.0,632500.0,1500,8.733332382503828,False,False,10.510125497166095
-2152500.0,632500.0,1500,8.66843666837941,False,False,11.98518863020746
-2147500.0,632500.0,1500,8.30220997791898,False,False,12.549779869017
-2142500.0,632500.0,1500,6.954330122955352,False,False,12.429413356368407
-2137500.0,632500.0,1500,4.689053255545094,False,False,11.851269177436873
-2132500.0,632500.0,1500,0.7502128382327671,False,False,10.795792069314851
-2127500.0,632500.0,1500,-4.003874346875017,False,False,9.162632781467615
-2122500.0,632500.0,1500,-5.725284930277776,False,False,7.778248387226477
-2117500.0,632500.0,1500,-2.2241683045162475,False,False,7.9810168695765125
-2112500.0,632500.0,1500,3.932958129310922,False,False,9.145703036820432
-2107500.0,632500.0,1500,7.335166776990688,False,False,9.463923973251148
-2102500.0,632500.0,1500,5.7281600400525745,False,False,8.478992047075037
-2097500.0,632500.0,1500,3.741791747038154,False,False,7.754857098560198
-2092500.0,632500.0,1500,5.560300177950898,False,False,8.20655829358993
-2087500.0,632500.0,1500,9.768653677402455,False,False,8.575972358333484
-2082500.0,632500.0,1500,14.682661713045702,False,False,8.121988201872488
-2077500.0,632500.0,1500,17.982733513966796,False,True,6.911003535748012
-2072500.0,632500.0,1500,17.373399888726844,False,False,5.9296695209713945
-2067500.0,632500.0,1500,16.045649988964016,False,True,5.673712640671572
-2062500.0,632500.0,1500,14.342279686364591,False,True,6.480470643793479
-2057500.0,632500.0,1500,9.551570284644786,False,True,7.893399052115257
-2052500.0,632500.0,1500,5.59129764199999,False,True,8.606577930570971
-2047500.0,632500.0,1500,5.108213676543159,True,True,8.87783569429072
-2042500.0,632500.0,1500,4.403167018629608,True,True,8.986337898357295
-2037500.0,632500.0,1500,0.9869880095034032,True,True,8.93489078719163
-2032500.0,632500.0,1500,-4.603178736326514,True,True,8.695816386597723
-2027500.0,632500.0,1500,-10.931725587241154,True,True,8.202197454988248
-2022500.0,632500.0,1500,-16.24863753146712,True,True,7.102347618161434
-2017500.0,632500.0,1500,-19.41181230356031,True,True,5.762933323397868
-2012500.0,632500.0,1500,-19.256498697139783,True,True,5.25291011246658
-2007500.0,632500.0,1500,-17.803486865531607,True,True,5.7951628049320245
-2002500.0,632500.0,1500,-23.032336437891356,True,True,6.957700821111411
-1997500.0,632500.0,1500,-33.863282962337024,True,True,7.7361342315970205
-1992500.0,632500.0,1500,-38.16227955083175,True,True,7.799821673315373
-1987500.0,632500.0,1500,-31.899383853468308,True,True,7.729073660913524
-1982500.0,632500.0,1500,-20.553340351787735,True,True,7.721588069443664
-1977500.0,632500.0,1500,-7.760324235766314,True,True,7.62684103312756
-1972500.0,632500.0,1500,9.84176334271055,False,True,7.182038185515614
-1967500.0,632500.0,1500,27.33593928620515,False,True,6.718840734912794
-1962500.0,632500.0,1500,36.46125124045638,False,True,6.62835252143673
-1957500.0,632500.0,1500,39.295531798164,False,True,6.814943154721799
-1952500.0,632500.0,1500,32.69323313663356,False,True,7.131073284082472
-1947500.0,632500.0,1500,12.152432607379446,False,True,6.502507069923646
-1942500.0,632500.0,1500,-0.3891503824245792,False,True,5.13662697844102
-1937500.0,632500.0,1500,11.303520450904804,False,True,5.814632398911087
-1932500.0,632500.0,1500,28.167514379544105,False,True,6.9788596755074686
-1927500.0,632500.0,1500,31.364361833962946,False,False,6.836206752850567
-1922500.0,632500.0,1500,26.610251706315182,False,False,6.69195170263253
-1917500.0,632500.0,1500,24.760552685092396,False,True,6.422993866518859
-1912500.0,632500.0,1500,22.186256694648776,False,True,6.081695810827489
-1907500.0,632500.0,1500,18.89199048522264,False,True,5.981419140425235
-1902500.0,632500.0,1500,20.257781550656787,False,True,6.198171248604361
-1897500.0,632500.0,1500,24.048859682848136,False,True,6.807717251919676
-1892500.0,632500.0,1500,21.957036959804118,False,True,7.732721395256524
-1887500.0,632500.0,1500,13.42847721043216,False,True,8.386870038507404
-1882500.0,632500.0,1500,4.800710059792927,True,True,8.214041134326708
-1877500.0,632500.0,1500,-3.0451351411943404,True,True,7.3153803062681
-1872500.0,632500.0,1500,-9.344890638486659,True,True,6.130379654992189
-1867500.0,632500.0,1500,-9.720476473967294,True,True,5.307769406888635
-1862500.0,632500.0,1500,-2.256072140577376,True,True,5.189007609879125
-1857500.0,632500.0,1500,9.588153842214625,False,True,5.037504938143794
-1852500.0,632500.0,1500,19.96030145477862,False,True,4.626128634773946
-1847500.0,632500.0,1500,29.532895289882653,False,True,4.892332913515781
-1842500.0,632500.0,1500,32.77507278711335,False,True,6.050744912209634
-1837500.0,632500.0,1500,22.212812494185712,True,True,7.312919238776297
-1832500.0,632500.0,1500,7.369778360630511,True,True,8.03744526708384
-1827500.0,632500.0,1500,2.132968273505568,True,True,8.15811528525246
-1822500.0,632500.0,1500,10.062120889199909,True,True,7.8780615741435644
-1817500.0,632500.0,1500,27.060048494196828,False,True,6.832838543370701
-1812500.0,632500.0,1500,43.58798929842798,False,True,5.727495048595059
-1807500.0,632500.0,1500,45.88923322628035,False,True,5.695508677489799
-1802500.0,632500.0,1500,38.81017444438751,False,True,6.066049434485301
-1797500.0,632500.0,1500,38.55316347392362,False,True,6.100232440364607
-1792500.0,632500.0,1500,32.451555188528445,False,True,6.304025993460989
-1787500.0,632500.0,1500,10.755688077319899,True,True,6.351982711038513
-1782500.0,632500.0,1500,-6.047276118387846,True,True,6.0080578407963205
-1777500.0,632500.0,1500,-16.299320926258915,True,True,5.851881048619406
-1772500.0,632500.0,1500,-27.703052254947725,True,True,5.611248154554442
-1767500.0,632500.0,1500,-36.557396132284815,True,True,5.1828520304572825
-1762500.0,632500.0,1500,-42.91089276512273,True,True,4.418982590136593
-1757500.0,632500.0,1500,-47.54890488535913,True,True,4.673864004224452
-1752500.0,632500.0,1500,-50.74110626440773,True,True,5.646384375597672
-1747500.0,632500.0,1500,-51.92720732390512,True,True,5.876301549976111
-1742500.0,632500.0,1500,-50.153280340669795,True,True,5.479720774496979
-1737500.0,632500.0,1500,-47.18639465791847,True,True,5.034286074765996
-1732500.0,632500.0,1500,-39.53811376313436,True,True,5.106497149075224
-1727500.0,632500.0,1500,-17.24177543598528,True,True,5.165845525014477
-1722500.0,632500.0,1500,7.590908669759423,False,True,4.562804597810533
-1717500.0,632500.0,1500,15.97620608880231,False,True,5.422043932012087
-1712500.0,632500.0,1500,11.319355607660968,False,True,7.011800209683876
-1707500.0,632500.0,1500,1.0307476230666341,False,True,6.291809143369812
-1702500.0,632500.0,1500,-8.593328812535017,False,False,4.547797658873017
-1697500.0,632500.0,1500,-9.572907065240827,False,False,4.646511651662742
-1692500.0,632500.0,1500,-4.711593547898986,False,False,5.4169439655456
-1687500.0,632500.0,1500,0.6435641639214386,False,False,4.133670530872062
-1682500.0,632500.0,1500,5.714382145709875,False,False,3.796883149953112
-1677500.0,632500.0,1500,8.104711965240238,False,False,4.301986262643006
-1672500.0,632500.0,1500,6.278696254439103,False,False,3.7516357369710582
-1667500.0,632500.0,1500,-2.396816303440403,False,False,3.1672065916164787
-1662500.0,632500.0,1500,-10.232896443762444,False,False,4.245820146158314
-1657500.0,632500.0,1500,-9.192993469850688,False,False,5.847037242436044
-1652500.0,632500.0,1500,-3.0410953306060255,False,False,5.003795913742691
-2197500.0,637500.0,1500,23.268261369746135,False,False,6.992166582046348
-2192500.0,637500.0,1500,19.78957060611929,False,False,6.2440761600097785
-2187500.0,637500.0,1500,17.883851324182306,False,False,6.287217879070215
-2182500.0,637500.0,1500,15.232636856885927,False,False,6.536064206163913
-2177500.0,637500.0,1500,11.460672952492878,False,False,6.757870845083899
-2172500.0,637500.0,1500,7.89677742857244,False,False,6.47806080851912
-2167500.0,637500.0,1500,6.710653313837432,False,False,6.201042232430647
-2162500.0,637500.0,1500,7.876629387713594,False,False,8.017270678088376
-2157500.0,637500.0,1500,8.462317378062624,False,False,10.792249225876693
-2152500.0,637500.0,1500,8.285281418395899,False,False,12.17654143149995
-2147500.0,637500.0,1500,8.178223458473337,False,False,12.600146076406705
-2142500.0,637500.0,1500,7.6610897638949496,False,False,12.390231907227406
-2137500.0,637500.0,1500,6.373155734931629,False,False,11.56369136675439
-2132500.0,637500.0,1500,3.329330131843076,False,False,10.0030860804446
-2127500.0,637500.0,1500,-0.9665702010398219,False,False,8.212561047184604
-2122500.0,637500.0,1500,-2.4901052387977036,False,False,7.691248839436188
-2117500.0,637500.0,1500,1.197369282425562,False,False,8.569586542652393
-2112500.0,637500.0,1500,7.542297612147888,False,False,9.185206709681708
-2107500.0,637500.0,1500,11.87823714336468,False,False,8.60185550514997
-2102500.0,637500.0,1500,10.632236214711954,False,False,7.419289525566095
-2097500.0,637500.0,1500,6.839053208912435,False,False,7.225427949263938
-2092500.0,637500.0,1500,6.019447601678392,False,False,7.701157864382887
-2087500.0,637500.0,1500,8.313459757362546,False,True,6.983546995602364
-2082500.0,637500.0,1500,13.457887430859822,False,True,5.770613908907194
-2077500.0,637500.0,1500,18.664374000799903,False,True,5.486536113897948
-2072500.0,637500.0,1500,19.91536052133008,False,True,6.416095523301339
-2067500.0,637500.0,1500,19.24715701111822,False,True,7.923243707897
-2062500.0,637500.0,1500,17.284895286942284,False,True,8.883034730371337
-2057500.0,637500.0,1500,13.435687382524316,False,True,9.204600441271655
-2052500.0,637500.0,1500,9.619987813456083,False,True,9.202178095192743
-2047500.0,637500.0,1500,6.931738348348728,True,True,9.033070143991589
-2042500.0,637500.0,1500,4.885452693965711,True,True,8.685666520391141
-2037500.0,637500.0,1500,1.3640028480655646,True,True,8.13233797347987
-2032500.0,637500.0,1500,-3.2557982486073267,True,True,7.280299790363977
-2027500.0,637500.0,1500,-9.608221534301727,True,True,5.949193966809994
-2022500.0,637500.0,1500,-18.226288706926017,True,True,5.159866400078604
-2017500.0,637500.0,1500,-22.62169731618115,True,True,5.423236837089375
-2012500.0,637500.0,1500,-22.900135345803086,True,True,6.454246381306269
-2007500.0,637500.0,1500,-25.462853090123374,True,True,7.487625620278424
-2002500.0,637500.0,1500,-31.161576630902776,True,True,7.751772698985383
-1997500.0,637500.0,1500,-38.17902320975963,True,True,7.747966543598985
-1992500.0,637500.0,1500,-39.755385366734906,True,True,7.749400184476251
-1987500.0,637500.0,1500,-33.040984480839796,True,True,7.755174355422899
-1982500.0,637500.0,1500,-24.493032426673185,True,True,7.659370722154877
-1977500.0,637500.0,1500,-16.32750669550545,True,True,7.481954665861972
-1972500.0,637500.0,1500,-3.652158490946453,True,True,7.236831195974481
-1967500.0,637500.0,1500,15.65196174548409,False,True,6.9951971491013705
-1962500.0,637500.0,1500,30.60191946566882,False,True,7.073540847075199
-1957500.0,637500.0,1500,33.59087244167116,False,True,7.396967798757924
-1952500.0,637500.0,1500,31.42510451680283,False,True,7.5788761946795
-1947500.0,637500.0,1500,17.671234484436496,False,True,7.090667000496596
-1942500.0,637500.0,1500,3.34442520206695,False,True,5.115930479779798
-1937500.0,637500.0,1500,4.440124280549916,False,True,5.25762864733089
-1932500.0,637500.0,1500,15.809511295681205,False,False,6.7627717691603735
-1927500.0,637500.0,1500,28.817344762473343,False,False,6.424725470980858
-1922500.0,637500.0,1500,35.00336180132129,False,False,6.003494832675123
-1917500.0,637500.0,1500,35.525006669478856,False,False,5.840294038009173
-1912500.0,637500.0,1500,30.945973695902776,False,False,6.0693931401661105
-1907500.0,637500.0,1500,28.348087522521997,False,False,6.615111607151673
-1902500.0,637500.0,1500,29.98241969879817,False,True,7.28333835587651
-1897500.0,637500.0,1500,30.490653271102417,False,True,7.843522865520539
-1892500.0,637500.0,1500,25.85453044657661,False,True,8.251582014079025
-1887500.0,637500.0,1500,17.299056875024817,False,True,8.447906027751445
-1882500.0,637500.0,1500,8.19974655272742,True,True,8.34959822908434
-1877500.0,637500.0,1500,-1.706084296614356,True,True,8.006033119983575
-1872500.0,637500.0,1500,-9.645077508812875,True,True,7.4268770565594675
-1867500.0,637500.0,1500,-10.320838056665774,True,True,6.775658701067319
-1862500.0,637500.0,1500,-4.527262350997833,True,True,6.218805447494608
-1857500.0,637500.0,1500,8.415034440333288,False,True,5.532155654610953
-1852500.0,637500.0,1500,23.581736042363566,False,True,4.925380935803924
-1847500.0,637500.0,1500,31.34982970611454,False,True,5.085882351226347
-1842500.0,637500.0,1500,33.25491195769825,False,True,5.410135209004124
-1837500.0,637500.0,1500,25.01341039555809,True,True,5.47718748000801
-1832500.0,637500.0,1500,6.501270684870069,True,True,6.018767971221952
-1827500.0,637500.0,1500,-2.3650016680592283,True,True,6.833588861186472
-1822500.0,637500.0,1500,5.149657085271476,True,True,7.193543942897352
-1817500.0,637500.0,1500,19.978535274396968,False,True,6.423612292770469
-1812500.0,637500.0,1500,38.50567816909014,False,True,5.223543478408884
-1807500.0,637500.0,1500,48.53804050452582,False,True,4.778664210210286
-1802500.0,637500.0,1500,49.42450137109008,False,True,4.694623604117878
-1797500.0,637500.0,1500,49.8628518991948,False,True,4.75161845559278
-1792500.0,637500.0,1500,36.12141568593033,False,True,5.6079718966789
-1787500.0,637500.0,1500,10.471568815397482,True,True,6.619362407778181
-1782500.0,637500.0,1500,-6.62207225294067,True,True,7.190395232969636
-1777500.0,637500.0,1500,-16.714121348783248,True,True,7.294062588190367
-1772500.0,637500.0,1500,-26.938348705664225,True,True,6.740212182457925
-1767500.0,637500.0,1500,-35.59794935452173,True,True,5.792812467520279
-1762500.0,637500.0,1500,-42.02154071984601,True,True,4.381219272208047
-1757500.0,637500.0,1500,-45.49765338291963,True,True,4.10340613791594
-1752500.0,637500.0,1500,-48.52719022252799,True,True,4.923342989674353
-1747500.0,637500.0,1500,-49.75445966351927,True,True,5.4447408551257634
-1742500.0,637500.0,1500,-46.81136750659086,True,True,5.26822322695816
-1737500.0,637500.0,1500,-44.41458439254908,True,True,4.860938424747289
-1732500.0,637500.0,1500,-37.95817220330288,True,True,5.013271311094892
-1727500.0,637500.0,1500,-17.854571146306878,True,True,5.084995830421796
-1722500.0,637500.0,1500,8.721560342034651,False,True,4.489781142729791
-1717500.0,637500.0,1500,18.456604473861866,False,True,5.155049461842799
-1712500.0,637500.0,1500,13.121411098617013,False,True,6.464921634297736
-1707500.0,637500.0,1500,5.39664110437994,False,True,5.700891714315098
-1702500.0,637500.0,1500,-2.137941255403358,False,False,4.358930090547347
-1697500.0,637500.0,1500,-2.464087437029515,False,False,4.72130928386699
-1692500.0,637500.0,1500,1.5581600292802202,False,False,5.306805632877711
-1687500.0,637500.0,1500,2.48975250570595,False,False,3.878399057837994
-1682500.0,637500.0,1500,4.553105856113004,False,False,3.842978732311891
-1677500.0,637500.0,1500,10.752566823938531,False,False,4.685537773287352
-1672500.0,637500.0,1500,12.311448418786417,False,False,3.8423161291607535
-1667500.0,637500.0,1500,5.005052895415566,False,False,3.209935263901694
-1662500.0,637500.0,1500,-2.10566913277696,False,False,4.266823431221991
-1657500.0,637500.0,1500,-2.965893146932215,False,False,5.456759416571154
-1652500.0,637500.0,1500,0.939543740558241,False,False,4.465582332163371
-2197500.0,642500.0,1500,25.042075569073333,False,False,6.368452506195091
-2192500.0,642500.0,1500,22.713562891004944,False,False,6.689978440430375
-2187500.0,642500.0,1500,20.477874449973722,False,False,7.09817517495693
-2182500.0,642500.0,1500,16.2129168512097,False,False,6.997540761778177
-2177500.0,642500.0,1500,10.803863004589768,False,False,6.173074464619275
-2172500.0,642500.0,1500,6.888784789593174,False,False,5.557291832058745
-2167500.0,642500.0,1500,7.7054612531967965,False,False,5.895084131540993
-2162500.0,642500.0,1500,9.061692228506601,False,False,8.140115086207608
-2157500.0,642500.0,1500,9.090420610585976,False,False,10.872158060134772
-2152500.0,642500.0,1500,8.86076434013524,False,False,11.982495829887775
-2147500.0,642500.0,1500,8.375395610575438,False,False,12.169871164311468
-2142500.0,642500.0,1500,8.554730293356458,False,False,11.736444630354782
-2137500.0,642500.0,1500,8.47150324627555,False,False,10.582179147032566
-2132500.0,642500.0,1500,7.5288050398692405,False,False,8.78726993148008
-2127500.0,642500.0,1500,5.397257185640064,False,False,7.626416880144449
-2122500.0,642500.0,1500,4.256141661638269,False,False,7.976011096742695
-2117500.0,642500.0,1500,7.267026304626526,False,False,8.629414320871916
-2112500.0,642500.0,1500,12.233272435954001,False,False,8.46942101250848
-2107500.0,642500.0,1500,14.8712728334148,False,False,7.560636678727315
-2102500.0,642500.0,1500,11.916456558781777,False,False,6.953631305792914
-2097500.0,642500.0,1500,6.062802067476785,False,False,7.192998406881952
-2092500.0,642500.0,1500,3.434571973529957,False,True,6.585346518374166
-2087500.0,642500.0,1500,5.7452520240738165,False,True,5.648882190576951
-2082500.0,642500.0,1500,12.458868150945374,False,True,5.644099145582499
-2077500.0,642500.0,1500,19.858583999581118,False,True,6.836206540149103
-2072500.0,642500.0,1500,22.98146060217251,False,True,8.5898408758102
-2067500.0,642500.0,1500,22.09989592218175,False,True,9.380668424879506
-2062500.0,642500.0,1500,19.210579119311344,False,True,9.465712352441653
-2057500.0,642500.0,1500,14.371489128151923,False,True,9.206114575431997
-2052500.0,642500.0,1500,9.73836802609379,True,True,8.708068446058265
-2047500.0,642500.0,1500,7.2197704698527305,True,True,8.09755780287181
-2042500.0,642500.0,1500,5.696488501472613,True,True,7.405534359046015
-2037500.0,642500.0,1500,5.060172296192804,True,True,6.232176712548063
-2032500.0,642500.0,1500,3.749837737688636,True,True,5.303584340625265
-2027500.0,642500.0,1500,-2.955494879075896,True,True,5.196113055394542
-2022500.0,642500.0,1500,-13.043297331870933,True,True,5.9301542971299295
-2017500.0,642500.0,1500,-19.998355592259895,True,True,7.030556017576454
-2012500.0,642500.0,1500,-22.92534219563774,True,True,7.580763993961497
-2007500.0,642500.0,1500,-26.48436448942142,True,True,7.7065371900480155
-2002500.0,642500.0,1500,-32.25096586158144,True,True,7.717460319091874
-1997500.0,642500.0,1500,-36.90925143728105,True,True,7.741832574124457
-1992500.0,642500.0,1500,-36.51648556959283,True,True,7.651371125609025
-1987500.0,642500.0,1500,-30.366942793438177,True,True,7.499846632145078
-1982500.0,642500.0,1500,-23.877787444942957,True,True,7.40472250285968
-1977500.0,642500.0,1500,-18.648830558304194,True,True,7.440279986790735
-1972500.0,642500.0,1500,-11.57601742878657,True,True,7.618770723155846
-1967500.0,642500.0,1500,1.7677415747190712,True,True,7.712232889819
-1962500.0,642500.0,1500,14.50153351816148,False,True,7.695060266411773
-1957500.0,642500.0,1500,19.98759284851237,False,True,7.659785802734673
-1952500.0,642500.0,1500,24.22500384493532,False,True,7.5560725031853355
-1947500.0,642500.0,1500,18.662343025311003,False,True,7.210883157410218
-1942500.0,642500.0,1500,11.025052495703818,False,False,5.212425803893585
-1937500.0,642500.0,1500,9.145719489942644,False,False,4.697254746430637
-1932500.0,642500.0,1500,11.923538960815415,False,False,5.89444892663346
-1927500.0,642500.0,1500,26.532568353397618,False,False,5.853083006729908
-1922500.0,642500.0,1500,40.51170651365745,False,False,5.924490856541355
-1917500.0,642500.0,1500,42.8770458042423,False,False,6.366977204578036
-1912500.0,642500.0,1500,37.28598789679698,False,False,7.02831248481021
-1907500.0,642500.0,1500,33.100436976965966,False,False,7.507589233105212
-1902500.0,642500.0,1500,32.224161719260984,False,False,7.708880423898766
-1897500.0,642500.0,1500,30.281859442766553,False,True,7.769905393024373
-1892500.0,642500.0,1500,24.487382874772706,False,True,7.740338218376238
-1887500.0,642500.0,1500,19.814840275573886,False,True,7.485758047538133
-1882500.0,642500.0,1500,11.453212614464878,False,True,7.186057414486272
-1877500.0,642500.0,1500,-2.5116546083598266,False,True,7.060568594140642
-1872500.0,642500.0,1500,-10.08005242454596,True,True,6.976308290288635
-1867500.0,642500.0,1500,-8.3428291638008,True,True,7.037016676261997
-1862500.0,642500.0,1500,-1.9183708919249942,True,True,7.283440275127711
-1857500.0,642500.0,1500,11.013612110020583,False,True,7.297264138767768
-1852500.0,642500.0,1500,27.44130010828823,False,True,7.0053613228161
-1847500.0,642500.0,1500,31.10932646755048,False,True,6.786041594806408
-1842500.0,642500.0,1500,26.220107139360042,False,True,6.367457650245036
-1837500.0,642500.0,1500,19.062898625334917,True,True,5.6266219573648435
-1832500.0,642500.0,1500,4.815477217712197,True,True,5.325931888544771
-1827500.0,642500.0,1500,-3.949589047462179,True,True,5.3906597884901535
-1822500.0,642500.0,1500,4.21766117683991,False,True,5.205462165845338
-1817500.0,642500.0,1500,19.37569342297521,False,True,5.229467235956099
-1812500.0,642500.0,1500,30.446261572203724,False,True,5.391923190960356
-1807500.0,642500.0,1500,40.964803035543085,False,True,5.250199019666641
-1802500.0,642500.0,1500,49.21426944445977,False,True,4.983699306159802
-1797500.0,642500.0,1500,45.078063593779056,False,True,4.7115801509060375
-1792500.0,642500.0,1500,27.347590009703165,False,True,4.850726185956466
-1787500.0,642500.0,1500,7.220580804393521,True,True,5.160609207067028
-1782500.0,642500.0,1500,-6.9049203536784995,True,True,5.554054571215478
-1777500.0,642500.0,1500,-17.45225222602565,True,True,5.775884596620258
-1772500.0,642500.0,1500,-27.22050135479152,True,True,5.717849349779542
-1767500.0,642500.0,1500,-34.96465876331464,True,True,5.6234718220590185
-1762500.0,642500.0,1500,-40.47828583249841,True,True,4.639185020652167
-1757500.0,642500.0,1500,-42.46721799352137,True,True,5.211807001788154
-1752500.0,642500.0,1500,-43.43900348213776,True,True,7.108754245053676
-1747500.0,642500.0,1500,-44.50325070912733,True,True,7.819511291713328
-1742500.0,642500.0,1500,-42.646321999743776,True,True,7.714528620958936
-1737500.0,642500.0,1500,-41.20314425547235,True,True,6.937114572392847
-1732500.0,642500.0,1500,-36.14200930229165,True,True,6.066589002391969
-1727500.0,642500.0,1500,-19.789183841664826,True,True,5.1602589969994765
-1722500.0,642500.0,1500,2.450718976848627,False,True,4.279184012259682
-1717500.0,642500.0,1500,12.70883906584314,False,True,4.360792981121129
-1712500.0,642500.0,1500,12.43874913233478,False,True,4.718962406592025
-1707500.0,642500.0,1500,10.26400636258175,False,True,4.122636544440531
-1702500.0,642500.0,1500,4.901805293850532,False,False,3.6322189954328716
-1697500.0,642500.0,1500,1.4684226112096312,False,False,4.293460491696468
-1692500.0,642500.0,1500,2.975888985414228,False,False,4.881822824240092
-1687500.0,642500.0,1500,1.7597932503981848,False,False,3.7600580936754406
-1682500.0,642500.0,1500,3.815218293248378,False,False,3.941030650309772
-1677500.0,642500.0,1500,13.449367953747394,False,False,4.721066371350509
-1672500.0,642500.0,1500,15.271102890151308,False,False,3.7750859826268663
-1667500.0,642500.0,1500,8.95700851124713,False,False,3.2811736435350105
-1662500.0,642500.0,1500,5.049228789266841,False,False,4.091939666082714
-1657500.0,642500.0,1500,4.028688706974765,False,False,4.830315403499171
-1652500.0,642500.0,1500,4.410892279476661,False,False,3.9243163554415803
-2197500.0,647500.0,1500,27.5209494196456,False,False,6.70674877172724
-2192500.0,647500.0,1500,26.143666075196055,False,False,6.918961905602409
-2187500.0,647500.0,1500,24.75400473453107,False,False,6.54390699926054
-2182500.0,647500.0,1500,18.712069486467666,False,False,6.001943996919119
-2177500.0,647500.0,1500,10.985700234566815,False,False,5.789525428480285
-2172500.0,647500.0,1500,7.171249794507825,False,False,6.559360158703927
-2167500.0,647500.0,1500,8.055707721235928,False,False,8.13800257237233
-2162500.0,647500.0,1500,10.105673865318048,False,False,9.79851628966962
-2157500.0,647500.0,1500,9.816443698007147,False,False,10.991276123824896
-2152500.0,647500.0,1500,8.098049518066132,False,False,11.4047132240469
-2147500.0,647500.0,1500,6.657067442401079,False,False,11.255174202118752
-2142500.0,647500.0,1500,7.10870005354035,False,False,10.587708008167201
-2137500.0,647500.0,1500,9.649698706087806,False,False,9.211134245420388
-2132500.0,647500.0,1500,11.363496696967067,False,False,7.773800179246499
-2127500.0,647500.0,1500,10.681065477932307,False,False,7.572223560070286
-2122500.0,647500.0,1500,9.829207482383469,False,False,8.141130819908845
-2117500.0,647500.0,1500,11.631350887648699,False,False,8.226496736739183
-2112500.0,647500.0,1500,14.251335468413904,False,False,7.654635385753842
-2107500.0,647500.0,1500,12.715330587130252,False,False,6.705102088954902
-2102500.0,647500.0,1500,5.267685100657623,False,True,5.679142092684532
-2097500.0,647500.0,1500,0.45651832841192796,False,True,6.155894300704362
-2092500.0,647500.0,1500,1.7400151135522925,False,True,6.511964211072303
-2087500.0,647500.0,1500,6.349560508596925,False,True,6.461476824745605
-2082500.0,647500.0,1500,13.751565050946244,False,True,7.259708794006242
-2077500.0,647500.0,1500,20.26705196123531,False,True,8.13266193711014
-2072500.0,647500.0,1500,23.047561896601433,False,True,9.087020779309448
-2067500.0,647500.0,1500,21.80529816947464,False,True,9.272421642871189
-2062500.0,647500.0,1500,18.25925081689024,False,True,8.856706114235019
-2057500.0,647500.0,1500,12.847756753309477,True,True,8.208889567655321
-2052500.0,647500.0,1500,7.938062164970794,True,True,7.49989594638924
-2047500.0,647500.0,1500,5.995871378718581,True,True,6.453934631331467
-2042500.0,647500.0,1500,6.150731912325025,True,True,5.334603116953344
-2037500.0,647500.0,1500,8.052012532644438,True,True,5.02458275335293
-2032500.0,647500.0,1500,7.885055191012656,True,True,5.615133515348997
-2027500.0,647500.0,1500,0.6771077474695999,True,True,6.746633796038825
-2022500.0,647500.0,1500,-10.343622606773264,True,True,7.159116273857826
-2017500.0,647500.0,1500,-19.970556340269592,True,True,6.511067272278166
-2012500.0,647500.0,1500,-23.736350635399965,True,True,6.936760434156084
-2007500.0,647500.0,1500,-24.992857148070815,True,True,7.711529883221066
-2002500.0,647500.0,1500,-29.5125396680277,True,True,7.604306533143982
-1997500.0,647500.0,1500,-32.99262716133447,True,True,7.458163262387476
-1992500.0,647500.0,1500,-31.98676280780853,True,True,7.359682305773478
-1987500.0,647500.0,1500,-27.3833821333471,True,True,7.414401578956827
-1982500.0,647500.0,1500,-21.874068925170075,True,True,7.609804407513789
-1977500.0,647500.0,1500,-17.977170075272916,True,True,7.795719346072971
-1972500.0,647500.0,1500,-13.763654492447246,True,True,7.859196815630322
-1967500.0,647500.0,1500,-5.954954568149031,True,True,7.8335066735490635
-1962500.0,647500.0,1500,2.4508333689984045,True,True,7.720227881952194
-1957500.0,647500.0,1500,13.365537805047335,False,True,7.421993334775299
-1952500.0,647500.0,1500,25.963726988073756,False,True,7.032253336237581
-1947500.0,647500.0,1500,25.938391926085377,False,True,6.591112605739096
-1942500.0,647500.0,1500,17.311235142357727,False,True,5.465392955596663
-1937500.0,647500.0,1500,10.38001228491269,False,False,5.096606768886741
-1932500.0,647500.0,1500,9.622886324463394,False,False,5.779156761822046
-1927500.0,647500.0,1500,21.151092649053645,False,False,6.258082101302844
-1922500.0,647500.0,1500,36.35239145279642,False,False,6.778363525823476
-1917500.0,647500.0,1500,42.0182423700134,False,False,7.143156534215398
-1912500.0,647500.0,1500,39.13818289338084,False,False,7.296878345288915
-1907500.0,647500.0,1500,34.178585608264314,False,False,7.2923055853706495
-1902500.0,647500.0,1500,29.459105221276392,False,False,7.175284492526513
-1897500.0,647500.0,1500,24.299589985683962,False,True,6.973649937766345
-1892500.0,647500.0,1500,17.179617887171474,False,True,6.723984475285355
-1887500.0,647500.0,1500,11.477749881726588,False,True,6.508465765256528
-1882500.0,647500.0,1500,3.698020714138594,False,True,6.627053739817937
-1877500.0,647500.0,1500,-5.637588394433083,False,True,7.086594822090725
-1872500.0,647500.0,1500,-7.859578919854119,True,True,7.561892608068472
-1867500.0,647500.0,1500,-3.6068715170135457,True,True,7.907951696159206
-1862500.0,647500.0,1500,1.3999856732994416,True,True,8.041164776813895
-1857500.0,647500.0,1500,9.914703615440551,False,True,7.8300206271246005
-1852500.0,647500.0,1500,22.62381829542622,False,True,7.497644379837147
-1847500.0,647500.0,1500,24.947502979335543,False,True,7.493290359795422
-1842500.0,647500.0,1500,16.991481440427428,False,True,7.584797512355525
-1837500.0,647500.0,1500,9.296918612929131,True,True,7.277431616207675
-1832500.0,647500.0,1500,1.2819042944751113,False,True,6.681542044947455
-1827500.0,647500.0,1500,-3.3648013928939213,True,True,6.053498810916592
-1822500.0,647500.0,1500,7.174178758073704,False,True,5.329121593647773
-1817500.0,647500.0,1500,24.312381581309563,False,True,5.073897933476363
-1812500.0,647500.0,1500,30.414714084914014,False,True,4.959092510458392
-1807500.0,647500.0,1500,35.74885275095964,False,True,4.567716265141454
-1802500.0,647500.0,1500,43.99631371699357,False,True,4.647620645783699
-1797500.0,647500.0,1500,41.03031159739969,False,True,4.901501795272537
-1792500.0,647500.0,1500,26.62086148365999,False,True,4.952737361978033
-1787500.0,647500.0,1500,9.062045379854306,True,True,4.870900930355778
-1782500.0,647500.0,1500,-5.6806892847443535,True,True,5.066977922445024
-1777500.0,647500.0,1500,-15.75757665861248,True,True,5.197603353060552
-1772500.0,647500.0,1500,-24.356938167946776,True,True,4.90306991986102
-1767500.0,647500.0,1500,-31.845741580238947,True,True,4.720458867846853
-1762500.0,647500.0,1500,-37.88377773177442,True,True,4.1736881734146145
-1757500.0,647500.0,1500,-40.651590144243166,True,True,5.348081358337152
-1752500.0,647500.0,1500,-40.63988371620112,True,True,7.700803205315762
-1747500.0,647500.0,1500,-40.67257035294893,True,True,8.745809744462571
-1742500.0,647500.0,1500,-40.47666659483688,True,True,9.109493311009231
-1737500.0,647500.0,1500,-39.959400128720844,True,True,8.738949114653753
-1732500.0,647500.0,1500,-35.12850661826161,True,True,7.960161475683202
-1727500.0,647500.0,1500,-20.252166577460503,True,True,6.583506221259912
-1722500.0,647500.0,1500,-2.341270764073828,False,True,5.033727678072231
-1717500.0,647500.0,1500,7.221232988544416,False,True,5.0593145220983
-1712500.0,647500.0,1500,10.349048829661944,False,True,5.405634700904942
-1707500.0,647500.0,1500,8.726227694393213,False,True,4.273824137120609
-1702500.0,647500.0,1500,4.701519422719711,False,False,3.632606701412206
-1697500.0,647500.0,1500,2.086639812711735,False,False,4.104834103450462
-1692500.0,647500.0,1500,1.713493311051812,False,False,4.1360066464313245
-1687500.0,647500.0,1500,3.347844463617748,False,False,3.29767590312191
-1682500.0,647500.0,1500,11.10869174637036,False,False,3.7378524318773003
-1677500.0,647500.0,1500,18.559464859528696,False,False,4.611642070104921
-1672500.0,647500.0,1500,15.570626346060601,False,False,3.900491711565767
-1667500.0,647500.0,1500,9.744176053583205,False,False,3.4505074570287317
-1662500.0,647500.0,1500,9.082410435003462,False,False,4.3026124299739354
-1657500.0,647500.0,1500,11.393528326340439,False,False,4.970785416952427
-1652500.0,647500.0,1500,12.64554154041428,False,False,3.9097375350112
-2197500.0,652500.0,1500,28.154826777527504,False,False,6.2028951555947245
-2192500.0,652500.0,1500,26.815530959692968,False,False,6.177919869044913
-2187500.0,652500.0,1500,24.980305793901348,False,False,6.101473923122388
-2182500.0,652500.0,1500,19.269988147651652,False,False,6.134189599732988
-2177500.0,652500.0,1500,12.515436805612111,False,False,7.233801248596892
-2172500.0,652500.0,1500,9.852589762295503,False,False,8.934968012011314
-2167500.0,652500.0,1500,9.60764850140828,False,False,10.043939496132609
-2162500.0,652500.0,1500,10.607985458284382,False,False,10.46428343980309
-2157500.0,652500.0,1500,9.860867587259104,False,False,10.51187602524478
-2152500.0,652500.0,1500,6.32455563481923,False,False,10.329582374053613
-2147500.0,652500.0,1500,4.116892195220121,False,False,9.95184790135644
-2142500.0,652500.0,1500,3.6715767523288543,False,False,9.148331539919027
-2137500.0,652500.0,1500,6.068970362166118,False,False,7.8331864232431165
-2132500.0,652500.0,1500,9.510025127857734,False,False,7.268541616788384
-2127500.0,652500.0,1500,10.42639051584329,False,False,7.789262989752116
-2122500.0,652500.0,1500,10.296636099760034,False,False,8.078637991348632
-2117500.0,652500.0,1500,11.357851108575803,False,False,7.607034801313393
-2112500.0,652500.0,1500,12.921968587531577,False,False,6.264048823136704
-2107500.0,652500.0,1500,9.210556953258898,False,True,5.273091826849743
-2102500.0,652500.0,1500,0.5354833637812024,False,True,5.309591272980429
-2097500.0,652500.0,1500,-1.3474109342973921,False,True,6.5959008435569775
-2092500.0,652500.0,1500,3.5417639782800183,False,True,7.725632528068184
-2087500.0,652500.0,1500,8.645656343856954,False,True,7.482448605756112
-2082500.0,652500.0,1500,14.618463656398,False,True,7.590683752799733
-2077500.0,652500.0,1500,19.936496049623315,True,True,8.267946265004163
-2072500.0,652500.0,1500,22.081502369774437,False,True,8.566551514934988
-2067500.0,652500.0,1500,20.44779047147506,False,True,8.201048897583558
-2062500.0,652500.0,1500,15.835889811480701,True,True,7.614391080579848
-2057500.0,652500.0,1500,10.09310587078889,True,True,6.797662838070561
-2052500.0,652500.0,1500,5.516931103975574,True,True,5.590238048917211
-2047500.0,652500.0,1500,4.063642515382417,True,True,4.991319922942141
-2042500.0,652500.0,1500,5.816370479289083,True,True,5.252460191474656
-2037500.0,652500.0,1500,7.186331395101113,True,True,6.181348962601172
-2032500.0,652500.0,1500,4.895573349632319,True,True,7.170528915050254
-2027500.0,652500.0,1500,-2.062361587897282,True,True,7.4889422264645615
-2022500.0,652500.0,1500,-13.480003717213446,True,True,6.555836127481811
-2017500.0,652500.0,1500,-22.990426572457128,True,True,5.502468015274941
-2012500.0,652500.0,1500,-24.567470681870404,True,True,6.425230694483393
-2007500.0,652500.0,1500,-24.252588651846636,True,True,7.24087504629785
-2002500.0,652500.0,1500,-27.300967900065476,True,True,7.026474236220536
-1997500.0,652500.0,1500,-30.494103218579355,True,True,6.8603764330507735
-1992500.0,652500.0,1500,-29.714512086866165,True,True,7.0879194300389665
-1987500.0,652500.0,1500,-25.124976280232385,True,True,7.271901921778472
-1982500.0,652500.0,1500,-19.43106790135795,True,True,6.872338118280655
-1977500.0,652500.0,1500,-14.635592810672156,True,True,6.4413762790383355
-1972500.0,652500.0,1500,-11.295477592186572,True,True,6.109875638296594
-1967500.0,652500.0,1500,-6.145123687347688,True,True,5.847731869373734
-1962500.0,652500.0,1500,2.3488321747125758,True,True,5.626742319903242
-1957500.0,652500.0,1500,17.018494037670443,False,True,5.308477230978252
-1952500.0,652500.0,1500,32.69431612011609,False,True,4.998327520134623
-1947500.0,652500.0,1500,33.30732455894459,False,True,5.3480658455120595
-1942500.0,652500.0,1500,20.63882344410305,False,True,5.955190376670052
-1937500.0,652500.0,1500,10.65792209400997,False,False,6.354531511614559
-1932500.0,652500.0,1500,9.202510299981542,False,False,6.767325771077665
-1927500.0,652500.0,1500,16.510702384143958,False,False,7.033395063051156
-1922500.0,652500.0,1500,28.783610144127042,False,False,7.107254274019945
-1917500.0,652500.0,1500,35.038905664702696,False,False,6.991744038916299
-1912500.0,652500.0,1500,34.68865869379438,False,False,6.78458802522921
-1907500.0,652500.0,1500,30.17800951416054,False,False,6.528752397822802
-1902500.0,652500.0,1500,19.492282431592987,False,False,6.227935776196441
-1897500.0,652500.0,1500,11.282126150810855,False,True,6.001258353221374
-1892500.0,652500.0,1500,2.3719170293426575,False,True,6.115466646278103
-1887500.0,652500.0,1500,-6.685256031694198,False,True,6.657413168190306
-1882500.0,652500.0,1500,-9.769293535767947,False,True,7.379907413709585
-1877500.0,652500.0,1500,-10.446567341835596,True,True,7.923297291325515
-1872500.0,652500.0,1500,-6.255492007431428,True,True,8.145374668825921
-1867500.0,652500.0,1500,-0.7125493966588248,True,True,8.137653186876982
-1862500.0,652500.0,1500,2.6312516892057545,False,True,7.993048936510943
-1857500.0,652500.0,1500,10.78877110040236,False,True,7.598815134750987
-1852500.0,652500.0,1500,25.357205664278887,False,True,7.055536869960667
-1847500.0,652500.0,1500,24.024516271215465,False,True,6.911802797340653
-1842500.0,652500.0,1500,10.006379038843757,True,True,7.043471791477824
-1837500.0,652500.0,1500,3.5202765941530965,True,True,7.010381747133923
-1832500.0,652500.0,1500,-0.44097052242683715,True,True,7.005087636590913
-1827500.0,652500.0,1500,-1.3334870361877702,True,True,7.068675825390876
-1822500.0,652500.0,1500,9.85041940121319,False,True,6.720525730097398
-1817500.0,652500.0,1500,21.957311461768203,False,True,6.004565305451787
-1812500.0,652500.0,1500,28.547684809238714,False,True,5.077607469056806
-1807500.0,652500.0,1500,38.70204563774537,False,True,4.295334372173194
-1802500.0,652500.0,1500,44.825543503593586,False,True,4.2645719176941395
-1797500.0,652500.0,1500,40.610047252908224,False,True,4.397675575723634
-1792500.0,652500.0,1500,29.18487745959288,False,True,4.303831582088775
-1787500.0,652500.0,1500,11.603880731743795,True,True,4.445451940050114
-1782500.0,652500.0,1500,-4.51446309871825,True,True,5.156101002710679
-1777500.0,652500.0,1500,-14.018810085249934,True,True,5.8935113736449924
-1772500.0,652500.0,1500,-21.261941989148447,True,True,5.920317334845789
-1767500.0,652500.0,1500,-28.126910271532513,True,True,5.430545534849199
-1762500.0,652500.0,1500,-34.841786986402795,True,True,4.2773386235358295
-1757500.0,652500.0,1500,-38.86811798285155,True,True,4.470251180358696
-1752500.0,652500.0,1500,-39.781741585661834,True,True,5.682119881561366
-1747500.0,652500.0,1500,-38.92811069239054,True,True,6.313928429636844
-1742500.0,652500.0,1500,-38.08926076585255,True,True,7.17326699667302
-1737500.0,652500.0,1500,-38.49804569414676,True,True,7.464808312539908
-1732500.0,652500.0,1500,-34.03568622540636,True,True,7.2236636687408815
-1727500.0,652500.0,1500,-19.381347801350273,True,True,6.284516981907242
-1722500.0,652500.0,1500,-4.267487107616877,False,True,5.281017686672813
-1717500.0,652500.0,1500,4.513246053657812,False,True,6.3108198141160345
-1712500.0,652500.0,1500,9.182712551830843,False,True,7.341323447533041
-1707500.0,652500.0,1500,7.95145540785265,False,True,5.455786696449835
-1702500.0,652500.0,1500,6.002914932308032,False,False,4.392093430620484
-1697500.0,652500.0,1500,7.481583592849144,False,False,5.228937634455994
-1692500.0,652500.0,1500,7.451860212254733,False,False,4.747706598867868
-1687500.0,652500.0,1500,10.63086907175041,False,False,3.4565969327153816
-1682500.0,652500.0,1500,20.411463152141856,False,False,3.6921448961194487
-1677500.0,652500.0,1500,22.5493043203434,False,False,4.643059997939804
-1672500.0,652500.0,1500,16.90055833239793,False,False,4.094511376777829
-1667500.0,652500.0,1500,14.574359019818798,False,False,3.760837412545969
-1662500.0,652500.0,1500,17.033804184340514,False,False,5.062338095126987
-1657500.0,652500.0,1500,25.050898787697708,False,False,5.665204577390667
-1652500.0,652500.0,1500,31.966207643194117,False,False,4.0985274487565855
-2197500.0,657500.0,1500,27.32015644338254,False,False,6.527196285469895
-2192500.0,657500.0,1500,24.657179782711015,False,False,6.910132493692398
-2187500.0,657500.0,1500,21.4041663134102,False,False,6.938665998371116
-2182500.0,657500.0,1500,17.352145124560483,False,False,7.1328324303793895
-2177500.0,657500.0,1500,13.309452476098508,False,False,8.394332131556
-2172500.0,657500.0,1500,12.09859817167359,False,False,9.666024197937572
-2167500.0,657500.0,1500,12.696881901584726,False,False,10.04220277092583
-2162500.0,657500.0,1500,12.244825922602885,False,False,9.800250776906292
-2157500.0,657500.0,1500,9.700516774770755,False,False,9.4055658711254
-2152500.0,657500.0,1500,6.098122922283556,False,False,9.014866268484392
-2147500.0,657500.0,1500,4.494580232110858,False,False,8.650041361728583
-2142500.0,657500.0,1500,2.4809294167773563,False,False,7.961987176922408
-2137500.0,657500.0,1500,2.4977509626661103,False,False,7.179757582499875
-2132500.0,657500.0,1500,6.068441767556737,False,False,7.37876988479031
-2127500.0,657500.0,1500,7.104052100545987,False,False,7.7597722357120364
-2122500.0,657500.0,1500,6.376462431410956,False,True,6.95285601329731
-2117500.0,657500.0,1500,6.842245093505272,False,True,5.841087428498328
-2112500.0,657500.0,1500,7.704198375200303,False,True,5.327301800286305
-2107500.0,657500.0,1500,4.171848859420418,False,True,5.807825833422452
-2102500.0,657500.0,1500,-0.6913457371436099,False,True,7.273726202001603
-2097500.0,657500.0,1500,0.5922297840050693,False,True,8.168333300813659
-2092500.0,657500.0,1500,5.075510308066685,False,True,7.7570246093623485
-2087500.0,657500.0,1500,8.231994838802386,False,True,7.270286814262653
-2082500.0,657500.0,1500,12.511302973964648,False,True,7.505985055485737
-2077500.0,657500.0,1500,17.858354305290565,True,True,7.730847682255807
-2072500.0,657500.0,1500,20.710223185351722,True,True,7.4504320267857995
-2067500.0,657500.0,1500,19.62455107042879,True,True,6.938549081215113
-2062500.0,657500.0,1500,14.950842864432992,True,True,5.968865093761661
-2057500.0,657500.0,1500,9.22520944156264,True,True,5.109040650924175
-2052500.0,657500.0,1500,5.31100525450387,True,True,4.675734741529141
-2047500.0,657500.0,1500,4.165604997974623,True,True,4.999327965615272
-2042500.0,657500.0,1500,4.27872664652321,True,True,5.899632059222851
-2037500.0,657500.0,1500,2.764070319613585,True,True,6.125862753214491
-2032500.0,657500.0,1500,-1.825137932707291,True,True,5.931167485844025
-2027500.0,657500.0,1500,-8.36155410349541,True,True,5.7560378877024085
-2022500.0,657500.0,1500,-16.592309143223563,True,True,4.829271221127408
-2017500.0,657500.0,1500,-23.021654183636596,True,True,4.319385178483417
-2012500.0,657500.0,1500,-24.367462190587684,True,True,4.9732631496974085
-2007500.0,657500.0,1500,-24.46830853172838,True,True,5.265947216064213
-2002500.0,657500.0,1500,-25.54871636363897,True,True,5.586985078422133
-1997500.0,657500.0,1500,-27.598416461282547,True,True,5.774455604759096
-1992500.0,657500.0,1500,-26.604221050038284,True,True,6.418797710902234
-1987500.0,657500.0,1500,-21.276663108041184,True,True,6.91151674779673
-1982500.0,657500.0,1500,-15.595685346502007,True,True,6.197151093810292
-1977500.0,657500.0,1500,-10.128266463278784,True,True,5.686223100911194
-1972500.0,657500.0,1500,-7.39512604162137,True,True,5.478209014603813
-1967500.0,657500.0,1500,-7.012333641407832,True,True,5.191979307415351
-1962500.0,657500.0,1500,2.0732703494477045,False,True,4.8588718457218185
-1957500.0,657500.0,1500,19.65888605036937,False,True,4.763643331869196
-1952500.0,657500.0,1500,32.55326104646205,False,True,4.990936904469242
-1947500.0,657500.0,1500,33.845818066356145,False,True,5.822675746765071
-1942500.0,657500.0,1500,25.665718105687187,False,False,6.7289979128750135
-1937500.0,657500.0,1500,18.365911022390048,False,False,7.016003011971021
-1932500.0,657500.0,1500,16.811859759199027,False,False,7.03571706808521
-1927500.0,657500.0,1500,19.43523812530089,False,False,6.909823704322055
-1922500.0,657500.0,1500,25.335905553886686,False,False,6.680027040122898
-1917500.0,657500.0,1500,28.278865900640604,False,False,6.305101037717281
-1912500.0,657500.0,1500,25.793835452362174,False,False,5.861157597628935
-1907500.0,657500.0,1500,22.026022515112164,False,False,5.501062115793101
-1902500.0,657500.0,1500,12.820484579188072,False,False,5.439507342804415
-1897500.0,657500.0,1500,15.810567952677998,False,False,5.731278016106391
-1892500.0,657500.0,1500,17.652084962659433,False,True,6.331209444664658
-1887500.0,657500.0,1500,2.2903431099883322,False,True,7.219938516666192
-1882500.0,657500.0,1500,-7.9922394964180885,False,True,7.8502605291019965
-1877500.0,657500.0,1500,-8.730822726080737,False,True,7.917852149947077
-1872500.0,657500.0,1500,-3.7320246255687453,False,True,7.848196378606112
-1867500.0,657500.0,1500,0.7481837387564239,False,True,7.719894058786297
-1862500.0,657500.0,1500,7.037828854294035,False,True,7.331893280248999
-1857500.0,657500.0,1500,16.194677297287615,False,True,6.778524342627734
-1852500.0,657500.0,1500,33.25176149489894,False,True,6.283664028458932
-1847500.0,657500.0,1500,29.240938798941457,False,True,6.367955193952646
-1842500.0,657500.0,1500,7.518554884904042,False,True,6.804522249362731
-1837500.0,657500.0,1500,1.9883240302636247,False,True,6.936797244043486
-1832500.0,657500.0,1500,0.4625038873464018,False,True,6.824882350063391
-1827500.0,657500.0,1500,2.7689419314532886,True,True,6.478319070381364
-1822500.0,657500.0,1500,13.489785371233683,False,True,5.8939454263434605
-1817500.0,657500.0,1500,21.323036815378924,False,True,5.302812481133797
-1812500.0,657500.0,1500,28.239159823355635,False,True,4.848216594517561
-1807500.0,657500.0,1500,40.56448488865911,False,True,4.948883323201465
-1802500.0,657500.0,1500,44.597231314562414,False,True,5.396735132393119
-1797500.0,657500.0,1500,37.56251000710958,False,True,5.406285453370321
-1792500.0,657500.0,1500,25.52319337607323,False,True,5.235716893065419
-1787500.0,657500.0,1500,9.4583837566708,False,True,5.194826003810309
-1782500.0,657500.0,1500,-4.6104511857885395,True,True,5.289406868313282
-1777500.0,657500.0,1500,-14.188224413908195,True,True,5.516871274559018
-1772500.0,657500.0,1500,-21.156571354338773,True,True,5.5094838777691715
-1767500.0,657500.0,1500,-26.86474822213171,True,True,5.501748032934384
-1762500.0,657500.0,1500,-33.72487856366473,True,True,4.555507212130855
-1757500.0,657500.0,1500,-38.84584946371247,True,True,4.641186713604621
-1752500.0,657500.0,1500,-40.10732285801339,True,True,5.518635466161022
-1747500.0,657500.0,1500,-38.707350513833944,True,True,5.277675310500532
-1742500.0,657500.0,1500,-36.5419618175941,True,True,5.38233148651698
-1737500.0,657500.0,1500,-35.878088732905574,True,True,5.225678779428454
-1732500.0,657500.0,1500,-30.327398837234888,True,True,5.205946028186358
-1727500.0,657500.0,1500,-14.208553051747128,True,True,5.0791583274114105
-1722500.0,657500.0,1500,1.7107111120512597,False,True,5.0620408749962005
-1717500.0,657500.0,1500,9.213330422240611,False,True,6.529882864257085
-1712500.0,657500.0,1500,11.85222519701655,False,True,7.430805560495816
-1707500.0,657500.0,1500,11.823188063382474,False,True,5.316876409076087
-1702500.0,657500.0,1500,12.954523791830256,False,False,4.467680684542311
-1697500.0,657500.0,1500,17.112124753212854,False,False,5.730677865319353
-1692500.0,657500.0,1500,19.3922255384938,False,False,5.177577343871198
-1687500.0,657500.0,1500,22.478486473822002,False,False,3.7901922616071824
-1682500.0,657500.0,1500,26.778726406269882,False,False,4.173012620118523
-1677500.0,657500.0,1500,24.3302676783749,False,False,5.170673383807324
-1672500.0,657500.0,1500,21.658474226743365,False,False,4.2404283895512185
-1667500.0,657500.0,1500,24.607262128816558,False,False,3.993553082838204
-1662500.0,657500.0,1500,29.864293401837017,False,False,5.669209143416921
-1657500.0,657500.0,1500,39.575034963263434,False,False,5.961007676606188
-1652500.0,657500.0,1500,47.70719424244761,False,False,4.130701695373343
-2197500.0,662500.0,1500,26.477641707802928,False,False,8.280445303899247
-2192500.0,662500.0,1500,22.787042753796154,False,False,7.886797212711082
-2187500.0,662500.0,1500,18.89208825445838,False,False,7.190579539847171
-2182500.0,662500.0,1500,17.44033715268081,False,False,7.739489961731801
-2177500.0,662500.0,1500,14.741107195154688,False,False,8.941318911959135
-2172500.0,662500.0,1500,12.938190676208185,False,False,9.448924638769515
-2167500.0,662500.0,1500,13.426251799133231,False,False,9.267914318519928
-2162500.0,662500.0,1500,12.970964547468364,False,False,8.804325259398492
-2157500.0,662500.0,1500,10.33587979564663,False,False,8.337526167077494
-2152500.0,662500.0,1500,8.787813275627467,False,False,7.903003928537014
-2147500.0,662500.0,1500,13.073202049224022,False,False,7.41272578398801
-2142500.0,662500.0,1500,13.513538797742177,False,False,6.843008328707447
-2137500.0,662500.0,1500,7.362463565604429,False,False,6.817306330037387
-2132500.0,662500.0,1500,6.310464797776146,False,True,6.893375687260528
-2127500.0,662500.0,1500,6.559925695387795,False,True,6.016195893836496
-2122500.0,662500.0,1500,4.144257379976265,False,True,5.065771260506246
-2117500.0,662500.0,1500,2.30212057377853,False,True,4.960451032324512
-2112500.0,662500.0,1500,-0.825531965082695,False,True,5.689570954712251
-2107500.0,662500.0,1500,-6.434847908853506,False,True,6.605810267394586
-2102500.0,662500.0,1500,-6.457603630973258,False,True,6.954790902868541
-2097500.0,662500.0,1500,-0.10166379564548497,False,True,6.659895868012738
-2092500.0,662500.0,1500,3.856001570810526,True,True,5.946967686547957
-2087500.0,662500.0,1500,3.490442796033191,True,True,5.502733711633101
-2082500.0,662500.0,1500,5.11299336533122,True,True,5.443608044338346
-2077500.0,662500.0,1500,11.4186483171302,True,True,5.326597602247791
-2072500.0,662500.0,1500,16.706670202385794,True,True,5.072154149645512
-2067500.0,662500.0,1500,16.60715358863257,True,True,4.913209364977936
-2062500.0,662500.0,1500,13.385538612516628,True,True,4.695373537111728
-2057500.0,662500.0,1500,9.118886650842192,True,True,4.885405357771207
-2052500.0,662500.0,1500,6.9011668761327885,True,True,5.366083795973401
-2047500.0,662500.0,1500,6.589424165187402,True,True,5.525383562054121
-2042500.0,662500.0,1500,4.026052581858286,True,True,5.612125391934096
-2037500.0,662500.0,1500,-0.706945831592432,True,True,5.515779615092987
-2032500.0,662500.0,1500,-6.741992574045157,True,True,5.351532638868807
-2027500.0,662500.0,1500,-12.833274742783754,True,True,5.211726104202023
-2022500.0,662500.0,1500,-16.86766132443346,True,True,4.319943763134867
-2017500.0,662500.0,1500,-19.0748552428844,True,True,4.375670570381015
-2012500.0,662500.0,1500,-20.297929172249983,True,True,5.446417846876544
-2007500.0,662500.0,1500,-20.596164041997053,True,True,5.757730413955423
-2002500.0,662500.0,1500,-21.065957065812004,True,True,6.246011225806373
-1997500.0,662500.0,1500,-21.44247127612329,True,True,6.577703440603391
-1992500.0,662500.0,1500,-19.40737651611235,True,True,7.134125491681141
-1987500.0,662500.0,1500,-15.715161026533075,True,True,7.624477217264646
-1982500.0,662500.0,1500,-11.303909139330605,True,True,7.247290144313431
-1977500.0,662500.0,1500,-7.003808919328878,True,True,6.829938199330668
-1972500.0,662500.0,1500,-5.132144726136439,True,True,6.609776417697367
-1967500.0,662500.0,1500,-5.0131394457756375,True,True,6.510881011412136
-1962500.0,662500.0,1500,3.970460693967168,False,True,6.505505324932131
-1957500.0,662500.0,1500,19.107578465044902,False,True,6.669920467580707
-1952500.0,662500.0,1500,28.38994637441028,False,True,6.908596301095617
-1947500.0,662500.0,1500,30.950275190090455,False,True,7.028734617176019
-1942500.0,662500.0,1500,26.634178265780903,False,False,7.028969484805197
-1937500.0,662500.0,1500,21.48426497616802,False,False,6.904072944115402
-1932500.0,662500.0,1500,20.4188729389643,False,False,6.686536842987553
-1927500.0,662500.0,1500,19.41425502450202,False,False,6.3636090935847225
-1922500.0,662500.0,1500,17.485367418362145,False,False,5.926886254271048
-1917500.0,662500.0,1500,17.301642002024508,False,False,5.4081746536303825
-1912500.0,662500.0,1500,15.616335480195197,False,False,5.1376095238995685
-1907500.0,662500.0,1500,14.493573155966407,False,False,5.324418363747415
-1902500.0,662500.0,1500,14.278959020964438,False,False,5.802077350237842
-1897500.0,662500.0,1500,23.20787405362767,False,False,6.294975234524786
-1892500.0,662500.0,1500,31.32700209100414,False,True,6.589698776296862
-1887500.0,662500.0,1500,25.416695366578967,False,True,7.011922112044002
-1882500.0,662500.0,1500,12.533986831616891,False,True,7.43424202284569
-1877500.0,662500.0,1500,4.885696341546961,False,True,7.289891107179244
-1872500.0,662500.0,1500,3.213553704988915,False,True,7.078175463171909
-1867500.0,662500.0,1500,0.7681169156480553,False,True,6.859142786194539
-1862500.0,662500.0,1500,15.112148551190828,False,True,6.371949263637283
-1857500.0,662500.0,1500,24.651453349221665,False,True,6.134578922395114
-1852500.0,662500.0,1500,24.315027882372878,False,True,6.216532637004684
-1847500.0,662500.0,1500,17.42312287755556,False,True,6.455211158141983
-1842500.0,662500.0,1500,3.630535617894222,False,True,6.579081055619936
-1837500.0,662500.0,1500,2.3504515092810165,False,True,6.415255841990983
-1832500.0,662500.0,1500,2.531439445216424,False,True,6.1826442120590706
-1827500.0,662500.0,1500,4.984546181240996,False,True,5.906283267492006
-1822500.0,662500.0,1500,14.928923179001929,False,True,5.5044993726886995
-1817500.0,662500.0,1500,25.417303116011905,False,True,4.920703000673607
-1812500.0,662500.0,1500,35.04535705769339,False,True,4.382856629019943
-1807500.0,662500.0,1500,41.37417621140129,False,False,4.219243625869778
-1802500.0,662500.0,1500,38.71508104486602,False,True,4.567876266297339
-1797500.0,662500.0,1500,31.548320625837714,False,True,5.431341644239412
-1792500.0,662500.0,1500,20.19966288592585,False,True,6.579411641563057
-1787500.0,662500.0,1500,6.477681081931331,False,True,7.276974764905554
-1782500.0,662500.0,1500,-4.613774397984783,True,True,7.085964332162531
-1777500.0,662500.0,1500,-14.824539797341176,True,True,6.411873611374571
-1772500.0,662500.0,1500,-23.19060841038653,True,True,5.564013746819131
-1767500.0,662500.0,1500,-29.50279787172051,True,True,5.118803568817151
-1762500.0,662500.0,1500,-36.611552919251686,True,True,4.375080505612482
-1757500.0,662500.0,1500,-42.25589270509657,True,True,4.469068067770705
-1752500.0,662500.0,1500,-42.986954541811336,True,True,5.4683610410634556
-1747500.0,662500.0,1500,-40.78617244891057,True,True,5.79603307655946
-1742500.0,662500.0,1500,-38.02334163686898,True,True,5.962345138961231
-1737500.0,662500.0,1500,-34.639052306711456,True,True,5.710870545152361
-1732500.0,662500.0,1500,-26.980027793367615,True,True,5.38344498242876
-1727500.0,662500.0,1500,-11.936618415221561,True,True,4.698985295151919
-1722500.0,662500.0,1500,3.208763781001432,False,True,4.286631090178867
-1717500.0,662500.0,1500,10.962217902323324,False,True,4.964407702994236
-1712500.0,662500.0,1500,13.541654098738329,False,True,5.522645221691911
-1707500.0,662500.0,1500,14.872055472485117,False,True,4.370017374180469
-1702500.0,662500.0,1500,19.506951413830315,False,False,4.139409414726764
-1697500.0,662500.0,1500,26.79642756275482,False,False,5.253162006522233
-1692500.0,662500.0,1500,32.41679014711548,False,False,4.728647020438085
-1687500.0,662500.0,1500,34.28621087351425,False,False,3.8717669789131812
-1682500.0,662500.0,1500,31.407556603994305,False,False,4.862506314527012
-1677500.0,662500.0,1500,25.895941057456522,False,False,5.940713046448384
-1672500.0,662500.0,1500,24.569231736730114,False,False,4.440204015686618
-1667500.0,662500.0,1500,30.324496496196257,False,False,4.083964838208337
-1662500.0,662500.0,1500,38.72041249726862,False,False,5.8922993630304745
-1657500.0,662500.0,1500,44.68078194947984,False,False,5.814134702629094
-1652500.0,662500.0,1500,46.021821626775456,False,False,4.0848462559453145
-2197500.0,667500.0,1500,16.395446862544457,False,False,8.891404254825913
-2192500.0,667500.0,1500,20.159024429418768,False,False,7.584903272984453
-2187500.0,667500.0,1500,19.256395330180972,False,False,7.32871116465213
-2182500.0,667500.0,1500,18.119572943086204,False,False,8.252586594111808
-2177500.0,667500.0,1500,16.338192864392784,False,False,8.508388861982725
-2172500.0,667500.0,1500,14.198423513838668,False,False,7.918944393801138
-2167500.0,667500.0,1500,12.725020439165245,False,False,7.296799444961408
-2162500.0,667500.0,1500,11.807116672615038,False,False,6.814876781226329
-2157500.0,667500.0,1500,12.018890548489518,False,False,6.35113677353703
-2152500.0,667500.0,1500,13.25889860563049,False,False,5.819169782906007
-2147500.0,667500.0,1500,26.053299099891927,False,False,5.1454395549301
-2142500.0,667500.0,1500,34.2288154950012,False,False,4.651111116255533
-2137500.0,667500.0,1500,14.238993541238687,False,True,4.786791494088373
-2132500.0,667500.0,1500,-0.056637992214971664,False,True,4.757850291648937
-2127500.0,667500.0,1500,3.774825823089216,False,True,4.104336563384506
-2122500.0,667500.0,1500,5.861093703282708,False,True,4.183428249539462
-2117500.0,667500.0,1500,2.6359537268608557,False,True,5.015190776638695
-2112500.0,667500.0,1500,-6.246699245558121,False,True,5.532211761611975
-2107500.0,667500.0,1500,-14.422248203794153,False,True,5.710702634793567
-2102500.0,667500.0,1500,-12.223080382910627,False,True,5.643223736922314
-2097500.0,667500.0,1500,-3.472576755459235,True,True,5.416239201106156
-2092500.0,667500.0,1500,0.7546640259259043,True,True,5.270410273058726
-2087500.0,667500.0,1500,-0.08785193545951372,True,True,5.208465778690744
-2082500.0,667500.0,1500,1.7634481855763187,True,True,4.85857552332129
-2077500.0,667500.0,1500,8.764707106215445,True,True,4.936278953507507
-2072500.0,667500.0,1500,13.98057681327554,True,True,5.1577449894839384
-2067500.0,667500.0,1500,14.039649712371645,True,True,5.282134614383174
-2062500.0,667500.0,1500,11.81441653015949,True,True,6.065878946407423
-2057500.0,667500.0,1500,9.608168930735367,True,True,6.819910537477533
-2052500.0,667500.0,1500,9.601398306084478,True,True,6.839822077613191
-2047500.0,667500.0,1500,10.156176592032425,True,True,6.600472107042069
-2042500.0,667500.0,1500,7.344865389890307,True,True,6.540523835578
-2037500.0,667500.0,1500,1.8057663083726299,True,True,6.48814854552114
-2032500.0,667500.0,1500,-4.9004487526048655,True,True,6.6456007141201
-2027500.0,667500.0,1500,-11.029998363962523,True,True,6.774143210709206
-2022500.0,667500.0,1500,-14.006067283606246,True,True,5.369227024365536
-2017500.0,667500.0,1500,-14.63116361880711,True,True,5.751454320393049
-2012500.0,667500.0,1500,-14.605592672090069,True,True,7.723086290505961
-2007500.0,667500.0,1500,-14.280188375442807,True,True,8.025601017839943
-2002500.0,667500.0,1500,-14.732119448579926,True,True,8.20461919275011
-1997500.0,667500.0,1500,-14.229506703176082,True,True,8.291042513911725
-1992500.0,667500.0,1500,-10.904230551862149,True,True,8.170538879126356
-1987500.0,667500.0,1500,-7.9189707912978085,True,True,7.8067604700227005
-1982500.0,667500.0,1500,-6.521175646681548,True,True,7.344862125739141
-1977500.0,667500.0,1500,-5.111521575260139,True,True,7.075524257028675
-1972500.0,667500.0,1500,-1.0043205705899994,False,True,6.992839899751125
-1967500.0,667500.0,1500,2.68391523384421,False,True,7.101275141405007
-1962500.0,667500.0,1500,6.208246570129763,False,True,7.331866545382819
-1957500.0,667500.0,1500,13.480123494863868,False,True,7.38974826404759
-1952500.0,667500.0,1500,19.946262273196883,False,True,7.2644292225044484
-1947500.0,667500.0,1500,22.78678777936752,False,False,7.066168545120507
-1942500.0,667500.0,1500,22.00082416296603,False,False,6.835934602481339
-1937500.0,667500.0,1500,20.67423464683517,False,False,6.500264992278761
-1932500.0,667500.0,1500,18.930767840048958,False,False,6.033570471410318
-1927500.0,667500.0,1500,15.145813877925917,False,False,5.606852050306217
-1922500.0,667500.0,1500,11.551939259064158,False,False,5.390059833070254
-1917500.0,667500.0,1500,10.487394992189815,False,False,5.3648408233494465
-1912500.0,667500.0,1500,10.480588512882484,False,False,5.610613191908529
-1907500.0,667500.0,1500,10.240449819719341,False,False,6.099700213371708
-1902500.0,667500.0,1500,13.073873431564968,False,False,6.484468826838252
-1897500.0,667500.0,1500,17.052721456228305,False,False,6.646705434168265
-1892500.0,667500.0,1500,15.80157669854064,False,False,6.654928265904626
-1887500.0,667500.0,1500,21.035874068034737,False,True,6.700238854721817
-1882500.0,667500.0,1500,28.493204669964367,False,True,6.74136578851264
-1877500.0,667500.0,1500,26.64251189647273,False,True,6.35394991880722
-1872500.0,667500.0,1500,18.932556504594345,False,True,6.007706850664681
-1867500.0,667500.0,1500,7.164671804735502,False,True,5.899682525503965
-1862500.0,667500.0,1500,13.677059833684535,False,True,5.806713591458418
-1857500.0,667500.0,1500,19.81580739103819,False,True,6.034643108517598
-1852500.0,667500.0,1500,8.747424156457601,False,True,6.396520461719451
-1847500.0,667500.0,1500,0.7742430269245606,False,True,6.488072149705586
-1842500.0,667500.0,1500,-1.1508000246568093,False,True,6.379246023782901
-1837500.0,667500.0,1500,2.1703594446746823,False,True,6.358050351100655
-1832500.0,667500.0,1500,3.8441544012143574,False,True,6.28946496473986
-1827500.0,667500.0,1500,5.088366207323402,False,True,5.912466192588824
-1822500.0,667500.0,1500,12.07436404502009,False,True,5.038154397834907
-1817500.0,667500.0,1500,23.026741576903007,False,True,4.327500189858861
-1812500.0,667500.0,1500,32.363602415217855,False,True,4.505296104644252
-1807500.0,667500.0,1500,33.83223533607918,False,True,4.8218454174041625
-1802500.0,667500.0,1500,28.83817462438681,False,True,4.887888694901843
-1797500.0,667500.0,1500,22.59273814223079,False,True,5.0004443380295625
-1792500.0,667500.0,1500,14.078610673119796,False,True,5.248953353818768
-1787500.0,667500.0,1500,4.556107143742261,False,True,6.1124416292674555
-1782500.0,667500.0,1500,-4.959912046546528,True,True,7.230674619257849
-1777500.0,667500.0,1500,-15.56863392416057,True,True,7.612272017570709
-1772500.0,667500.0,1500,-26.27861274612437,True,True,7.241869035750094
-1767500.0,667500.0,1500,-35.415522088811365,True,True,6.463170979202209
-1762500.0,667500.0,1500,-42.97044999379757,True,True,5.499883312869957
-1757500.0,667500.0,1500,-47.76246835665876,True,True,5.113075855705942
-1752500.0,667500.0,1500,-47.70662669610396,True,True,5.308111037224637
-1747500.0,667500.0,1500,-43.74700958438888,True,True,5.353700556564211
-1742500.0,667500.0,1500,-39.049715898404166,True,True,5.273917334865022
-1737500.0,667500.0,1500,-34.91432643623171,True,True,5.493099597275521
-1732500.0,667500.0,1500,-28.10090297517958,True,True,5.9487273363905615
-1727500.0,667500.0,1500,-16.630480119739335,True,True,5.081641164794062
-1722500.0,667500.0,1500,-3.69333469234336,False,True,4.374144669789622
-1717500.0,667500.0,1500,5.996442203293242,False,True,4.63377345450558
-1712500.0,667500.0,1500,11.596480336998459,False,True,4.408015406449559
-1707500.0,667500.0,1500,16.1449171342768,False,True,3.597757626449553
-1702500.0,667500.0,1500,23.880613672146414,False,False,3.46227360475324
-1697500.0,667500.0,1500,33.503783783664105,False,False,4.222715979194679
-1692500.0,667500.0,1500,39.72602563909085,False,False,4.017931233898587
-1687500.0,667500.0,1500,38.579174454947186,False,False,3.7958205899756097
-1682500.0,667500.0,1500,31.26628494660098,False,False,5.147993762349432
-1677500.0,667500.0,1500,22.633561254846434,False,False,6.080798564484141
-1672500.0,667500.0,1500,19.255366515977673,False,False,4.389060292230969
-1667500.0,667500.0,1500,28.73050196701277,False,False,4.098963420959112
-1662500.0,667500.0,1500,42.66006121033795,False,False,5.824425818327873
-1657500.0,667500.0,1500,44.709158867876766,False,False,5.401265906149148
-1652500.0,667500.0,1500,36.83277044566296,False,False,3.9682416567333867
-2197500.0,672500.0,1500,7.481504581990218,False,False,8.190682470143797
-2192500.0,672500.0,1500,16.589665953652855,False,False,7.215741037872598
-2187500.0,672500.0,1500,17.520460896700648,False,False,7.736654900058619
-2182500.0,672500.0,1500,16.81797532314996,False,False,8.39916604984737
-2177500.0,672500.0,1500,17.62405082008539,False,False,7.700205015899124
-2172500.0,672500.0,1500,15.97461103924873,False,False,6.395653134876612
-2167500.0,672500.0,1500,13.997496070342642,False,False,5.846945538255073
-2162500.0,672500.0,1500,13.226100555061855,False,False,5.780582080870419
-2157500.0,672500.0,1500,14.781057104415641,False,False,5.609168123448472
-2152500.0,672500.0,1500,19.081319827335,False,False,5.041315307471853
-2147500.0,672500.0,1500,31.62297267302831,False,False,3.97367371602128
-2142500.0,672500.0,1500,41.06674076923776,False,False,3.3777686342703
-2137500.0,672500.0,1500,25.9810035007311,False,True,4.021600036036666
-2132500.0,672500.0,1500,9.613915654895397,False,True,4.9739920983155645
-2127500.0,672500.0,1500,7.250525481648227,False,True,5.359263483970047
-2122500.0,672500.0,1500,8.926505971995134,False,True,5.541302073533997
-2117500.0,672500.0,1500,6.1824541753451765,False,True,6.06558800119649
-2112500.0,672500.0,1500,-4.244983157920096,False,True,6.460203888909579
-2107500.0,672500.0,1500,-11.323802372995534,False,True,6.413942240931837
-2102500.0,672500.0,1500,-10.865438390718532,True,True,6.259229361082892
-2097500.0,672500.0,1500,-5.344349631096676,True,True,6.296274255336856
-2092500.0,672500.0,1500,-1.677226270651414,True,True,6.4043964174075505
-2087500.0,672500.0,1500,-0.5467206065931586,True,True,5.940823232701279
-2082500.0,672500.0,1500,4.6077437286389715,True,True,5.343181652683319
-2077500.0,672500.0,1500,11.46414617896129,True,True,6.263357034075354
-2072500.0,672500.0,1500,14.199221671406912,True,True,7.333947633616333
-2067500.0,672500.0,1500,13.347305684776737,True,True,7.467875159083416
-2062500.0,672500.0,1500,11.562314645698391,True,True,7.780647147364853
-2057500.0,672500.0,1500,12.505135530267196,True,True,7.853431920532319
-2052500.0,672500.0,1500,14.685357819686901,True,True,7.604840814919483
-2047500.0,672500.0,1500,13.708970234644191,True,True,7.325398281592706
-2042500.0,672500.0,1500,10.924103285977754,True,True,7.130109719755737
-2037500.0,672500.0,1500,6.441957587416189,True,True,7.14299227143292
-2032500.0,672500.0,1500,-0.7376128926771585,True,True,7.412593304703185
-2027500.0,672500.0,1500,-7.579541034162143,True,True,7.363714349895668
-2022500.0,672500.0,1500,-11.553755641087976,True,True,6.055728943537177
-2017500.0,672500.0,1500,-12.271249826026395,True,True,6.568492728592625
-2012500.0,672500.0,1500,-11.336219809373699,True,True,8.275563544577937
-2007500.0,672500.0,1500,-10.688767592921879,True,True,8.391735789687258
-2002500.0,672500.0,1500,-9.958998011557746,True,True,8.225389966938808
-1997500.0,672500.0,1500,-8.413061053055452,True,True,7.837849695394828
-1992500.0,672500.0,1500,-4.110389495756324,True,True,7.3889189826292405
-1987500.0,672500.0,1500,-0.04014890134837472,True,True,7.123462937488592
-1982500.0,672500.0,1500,-1.4932827697049664,True,True,7.1807423184589405
-1977500.0,672500.0,1500,-3.763818445139159,True,True,7.4974577891096335
-1972500.0,672500.0,1500,0.032435766951912096,False,True,7.663259763954672
-1967500.0,672500.0,1500,3.306748359786375,False,True,7.646912773141924
-1962500.0,672500.0,1500,1.973876836744082,False,True,7.652815913639087
-1957500.0,672500.0,1500,3.4836362034565402,False,True,7.528591890610292
-1952500.0,672500.0,1500,7.395313549628037,False,True,7.257464030528178
-1947500.0,672500.0,1500,10.7057464967299,False,False,6.84111646439146
-1942500.0,672500.0,1500,13.901681510975557,False,False,6.302005426584151
-1937500.0,672500.0,1500,15.770653135242782,False,False,5.795128817146847
-1932500.0,672500.0,1500,16.243929292497633,False,False,5.506991867064901
-1927500.0,672500.0,1500,17.99539186523279,False,False,5.532198164904367
-1922500.0,672500.0,1500,19.160994073637664,False,False,5.788283602871468
-1917500.0,672500.0,1500,17.289412429474815,False,False,6.0861951390824975
-1912500.0,672500.0,1500,15.237742303910032,False,False,6.327938556039235
-1907500.0,672500.0,1500,10.650963209859027,False,False,6.527114951636898
-1902500.0,672500.0,1500,8.571188767144799,False,False,6.6287615618217615
-1897500.0,672500.0,1500,11.309160950487954,False,False,6.613339955135946
-1892500.0,672500.0,1500,10.026581471034365,False,False,6.473984377352191
-1887500.0,672500.0,1500,15.519740323950007,False,False,6.138727093316244
-1882500.0,672500.0,1500,27.781335362525112,False,False,5.768284780442288
-1877500.0,672500.0,1500,28.357499526306174,False,True,5.455106539002807
-1872500.0,672500.0,1500,19.06022320745895,False,True,5.410507479726849
-1867500.0,672500.0,1500,8.845530273325608,False,True,5.610752671138181
-1862500.0,672500.0,1500,5.598294928725143,False,False,5.832766662694907
-1857500.0,672500.0,1500,4.35927253022515,False,False,6.2126730279430324
-1852500.0,672500.0,1500,0.28436640349632214,False,False,6.5919548963551335
-1847500.0,672500.0,1500,-1.8347119205419238,False,False,6.7247593132530525
-1842500.0,672500.0,1500,2.763801840866402,False,True,6.685653573840754
-1837500.0,672500.0,1500,11.010517304591048,False,True,6.426234041369277
-1832500.0,672500.0,1500,11.313902641066946,False,True,5.831447241578582
-1827500.0,672500.0,1500,9.472856343030575,False,True,4.8693396401755615
-1822500.0,672500.0,1500,12.279046967122166,False,True,3.883774665438987
-1817500.0,672500.0,1500,18.9351971542552,False,True,3.524979093906151
-1812500.0,672500.0,1500,26.226077877018117,False,True,3.932504787135132
-1807500.0,672500.0,1500,27.34162100105237,False,True,5.133886973225615
-1802500.0,672500.0,1500,21.582519281370736,False,True,6.285428526029675
-1797500.0,672500.0,1500,12.292109463549084,False,True,6.332594378416999
-1792500.0,672500.0,1500,4.791688642386745,False,True,5.589043801517199
-1787500.0,672500.0,1500,0.12397882453869731,True,True,5.297591206097592
-1782500.0,672500.0,1500,-6.792816721162076,True,True,5.518532616328888
-1777500.0,672500.0,1500,-16.686579093363683,True,True,5.820381420354629
-1772500.0,672500.0,1500,-28.519441319122357,True,True,6.284158600731047
-1767500.0,672500.0,1500,-39.64733286895204,True,True,6.074910055923202
-1762500.0,672500.0,1500,-47.37521547377219,True,True,5.941780028963992
-1757500.0,672500.0,1500,-51.201578141603,True,True,6.887253356967213
-1752500.0,672500.0,1500,-51.31289911369153,True,True,7.377478646254625
-1747500.0,672500.0,1500,-46.5682972144295,True,True,6.583217136125345
-1742500.0,672500.0,1500,-39.98578769648401,True,True,5.214178163495651
-1737500.0,672500.0,1500,-34.92766884478579,True,True,4.807615883394702
-1732500.0,672500.0,1500,-28.199628579352567,True,True,5.210553663938503
-1727500.0,672500.0,1500,-19.05879636558252,True,True,4.435019199314637
-1722500.0,672500.0,1500,-7.342891959210379,False,True,4.171697952391634
-1717500.0,672500.0,1500,1.3633322724371664,False,True,4.852510959344858
-1712500.0,672500.0,1500,5.519988037949474,False,True,4.716362169702662
-1707500.0,672500.0,1500,12.04115310316728,False,True,3.7377788884650975
-1702500.0,672500.0,1500,23.233911286006364,False,False,3.56596329635048
-1697500.0,672500.0,1500,33.043245632395816,False,False,4.072748419909979
-1692500.0,672500.0,1500,34.86603222250494,False,False,3.4771990026901607
-1687500.0,672500.0,1500,32.56965129929922,False,False,3.2326404601667384
-1682500.0,672500.0,1500,25.168052757586903,False,False,4.2041060539591495
-1677500.0,672500.0,1500,14.905618722969448,False,False,4.933227097345728
-1672500.0,672500.0,1500,13.596171978586412,False,False,3.928382986729224
-1667500.0,672500.0,1500,27.44380428089474,False,False,4.094873370073572
-1662500.0,672500.0,1500,43.906904649592654,False,False,5.5818904104769045
-1657500.0,672500.0,1500,44.21503809825964,False,False,4.861384648616594
-1652500.0,672500.0,1500,33.39397545511784,False,False,3.771977062116649
-2197500.0,677500.0,1500,3.735752272427162,False,False,7.32057091181688
-2192500.0,677500.0,1500,13.523198768274915,False,False,7.399235107753869
-2187500.0,677500.0,1500,16.4065787144311,False,False,8.257863053531098
-2182500.0,677500.0,1500,17.366687281210854,False,False,8.549774603094312
-2177500.0,677500.0,1500,18.544961915476996,False,False,8.074800379218456
-2172500.0,677500.0,1500,16.689125237670904,False,False,7.366980521529543
-2167500.0,677500.0,1500,15.056817772381478,False,False,7.1446785375060085
-2162500.0,677500.0,1500,14.558889061434877,False,False,6.9957262979851995
-2157500.0,677500.0,1500,14.013164737753417,False,False,6.239225319265095
-2152500.0,677500.0,1500,16.928442364192062,False,False,5.206994065837421
-2147500.0,677500.0,1500,25.575744444157184,False,False,4.723131522184252
-2142500.0,677500.0,1500,32.53905239239947,False,True,5.241501372558535
-2137500.0,677500.0,1500,31.520290409863293,False,True,6.494751291979769
-2132500.0,677500.0,1500,26.94771687142359,False,True,7.174101505414928
-2127500.0,677500.0,1500,17.94839966507715,False,True,6.975661952558002
-2122500.0,677500.0,1500,11.569669639368541,True,True,7.149443883257003
-2117500.0,677500.0,1500,7.886155745130074,True,True,7.741517569342075
-2112500.0,677500.0,1500,0.1945818332974494,True,True,7.660383246785491
-2107500.0,677500.0,1500,-4.115697101521449,True,True,7.066292793004997
-2102500.0,677500.0,1500,-4.319026355078184,True,True,6.738176890169488
-2097500.0,677500.0,1500,-1.6882545063904293,True,True,6.843934354921542
-2092500.0,677500.0,1500,0.2135862334046003,True,True,6.0953113640896674
-2087500.0,677500.0,1500,2.1742071666845604,True,True,5.344990132149942
-2082500.0,677500.0,1500,7.674476253572141,True,True,5.896428462841892
-2077500.0,677500.0,1500,12.246019847026336,True,True,7.047571368363256
-2072500.0,677500.0,1500,12.11707572121439,True,True,7.848064399237755
-2067500.0,677500.0,1500,9.500477657386124,True,True,7.7262744713369225
-2062500.0,677500.0,1500,8.453453077779443,True,True,7.563652860720734
-2057500.0,677500.0,1500,12.324149657496228,True,True,7.382104506513588
-2052500.0,677500.0,1500,15.742203432711142,False,True,7.162037170575735
-2047500.0,677500.0,1500,17.811676222187284,False,True,7.117370521521273
-2042500.0,677500.0,1500,15.030140484095744,False,True,7.363298940282219
-2037500.0,677500.0,1500,6.507962508146621,False,True,7.8097153219927105
-2032500.0,677500.0,1500,-0.868460320197264,True,True,8.076691105682256
-2027500.0,677500.0,1500,-8.351874203722259,True,True,7.489430216056215
-2022500.0,677500.0,1500,-13.265655943520569,True,True,6.10290132231437
-2017500.0,677500.0,1500,-12.190057592259096,True,True,6.851181479716528
-2012500.0,677500.0,1500,-8.278969275881925,True,True,8.256926300806223
-2007500.0,677500.0,1500,-6.370746313222958,True,True,7.913410734199763
-2002500.0,677500.0,1500,-5.303332774691173,True,True,7.378118119143163
-1997500.0,677500.0,1500,-3.718426946593483,True,True,7.070419714649445
-1992500.0,677500.0,1500,-0.9269026277875796,True,True,7.13402504307638
-1987500.0,677500.0,1500,1.5300550930190906,True,True,7.460136615382385
-1982500.0,677500.0,1500,-0.4923990638490362,True,True,7.8708925925246636
-1977500.0,677500.0,1500,-4.3007928533058735,False,True,8.134362700217325
-1972500.0,677500.0,1500,-4.107223950166807,False,True,8.091806396901495
-1967500.0,677500.0,1500,-2.3888147648136724,False,True,7.842931266641877
-1962500.0,677500.0,1500,-3.0014238623659004,False,True,7.6012253786015
-1957500.0,677500.0,1500,-5.520948795999204,False,True,7.350010511966077
-1952500.0,677500.0,1500,-6.4353730097361455,False,True,6.861009061648085
-1947500.0,677500.0,1500,-1.1858167821657608,False,False,6.19788457837177
-1942500.0,677500.0,1500,6.957075063580817,False,False,5.745545854173145
-1937500.0,677500.0,1500,7.911020866885918,False,False,5.697001751898135
-1932500.0,677500.0,1500,12.681446159888814,False,False,5.930308377812757
-1927500.0,677500.0,1500,30.950652192348016,False,False,6.2214621281824485
-1922500.0,677500.0,1500,36.306918611656876,False,False,6.380228837948972
-1917500.0,677500.0,1500,26.932911656952065,False,False,6.4286872939616915
-1912500.0,677500.0,1500,23.433432593910968,False,False,6.50472077648251
-1907500.0,677500.0,1500,20.57342688530952,False,False,6.5338320911283185
-1902500.0,677500.0,1500,24.404250364690533,False,False,6.285098971566586
-1897500.0,677500.0,1500,25.61982165899195,False,False,5.906599289017171
-1892500.0,677500.0,1500,19.15483495661743,False,False,5.644653977729168
-1887500.0,677500.0,1500,20.131120229304678,False,False,5.4395911872819775
-1882500.0,677500.0,1500,16.658374231221135,False,False,5.385603202066244
-1877500.0,677500.0,1500,8.363287164178095,False,False,5.516004176319222
-1872500.0,677500.0,1500,3.054296640321359,False,False,5.793867052995234
-1867500.0,677500.0,1500,3.8323643357300665,False,False,6.089452039702835
-1862500.0,677500.0,1500,8.62607981951179,False,False,6.323339428339576
-1857500.0,677500.0,1500,11.608357913993112,False,False,6.566513566694829
-1852500.0,677500.0,1500,9.056324357013462,False,False,6.6745448252123305
-1847500.0,677500.0,1500,2.4326496854175534,False,False,6.380510584393229
-1842500.0,677500.0,1500,14.34108098818599,False,False,5.821879993737938
-1837500.0,677500.0,1500,30.870246285853813,False,False,5.399413610367824
-1832500.0,677500.0,1500,22.43271187585024,False,False,5.088427380360695
-1827500.0,677500.0,1500,12.704713074843664,False,True,4.30012445090381
-1822500.0,677500.0,1500,14.063420070865813,False,False,3.6496610348282035
-1817500.0,677500.0,1500,15.533945968774669,False,True,3.41615161336736
-1812500.0,677500.0,1500,18.841480628897695,False,True,3.298796155651371
-1807500.0,677500.0,1500,20.73183180918383,False,True,4.041633356612655
-1802500.0,677500.0,1500,15.566485630009222,False,True,5.143696420635248
-1797500.0,677500.0,1500,5.429488016700171,False,True,6.26345299663754
-1792500.0,677500.0,1500,-3.105053320898984,False,True,6.660547022593395
-1787500.0,677500.0,1500,-6.328248039796675,False,True,6.096293890906322
-1782500.0,677500.0,1500,-10.204716332845178,True,True,5.5367088875702155
-1777500.0,677500.0,1500,-18.068533424517163,True,True,5.329965405979563
-1772500.0,677500.0,1500,-28.580785176448916,True,True,5.233806944203011
-1767500.0,677500.0,1500,-39.61273808543493,True,True,4.526772567873809
-1762500.0,677500.0,1500,-47.3585410343624,True,True,4.903529955429845
-1757500.0,677500.0,1500,-50.62320154909714,True,True,6.857855972260335
-1752500.0,677500.0,1500,-51.99311264360513,True,True,7.769093232448771
-1747500.0,677500.0,1500,-48.7547008101203,True,True,6.63489886082146
-1742500.0,677500.0,1500,-40.80463525493191,True,True,5.348147202133381
-1737500.0,677500.0,1500,-31.7121225182249,True,True,5.725767454322387
-1732500.0,677500.0,1500,-22.802339941349185,True,True,5.841452169611369
-1727500.0,677500.0,1500,-16.565871985628693,False,True,4.42449100754655
-1722500.0,677500.0,1500,-6.798470839977458,False,True,3.8483211419552052
-1717500.0,677500.0,1500,-0.594905738310115,False,True,4.327938549921167
-1712500.0,677500.0,1500,-1.040409422134983,False,True,4.246218634809999
-1707500.0,677500.0,1500,5.493157085390721,False,False,3.496149378132875
-1702500.0,677500.0,1500,20.853257028980924,False,False,3.711330023513411
-1697500.0,677500.0,1500,29.014194734045837,False,False,4.339437623021068
-1692500.0,677500.0,1500,22.055892404969995,False,False,3.500680080793166
-1687500.0,677500.0,1500,18.475875159930098,False,False,3.2084087725330326
-1682500.0,677500.0,1500,16.831869424786888,False,False,3.8129350241667246
-1677500.0,677500.0,1500,12.756519250991648,False,False,3.800525266254048
-1672500.0,677500.0,1500,19.190275071727534,False,False,3.2567702442401476
-1667500.0,677500.0,1500,32.97307872382387,False,False,3.931852014805876
-1662500.0,677500.0,1500,42.399959243093775,False,False,5.022385358697612
-1657500.0,677500.0,1500,40.871330875498316,False,False,4.201129942313657
-1652500.0,677500.0,1500,37.076793331175836,False,False,3.3831172822049718
-2197500.0,682500.0,1500,-6.825780238311175,False,False,7.185240608092489
-2192500.0,682500.0,1500,7.367447501015818,False,False,8.08469734324538
-2187500.0,682500.0,1500,16.747420597426565,False,False,8.72033438843442
-2182500.0,682500.0,1500,17.760210441260654,False,False,8.760297880518749
-2177500.0,682500.0,1500,16.984370870380822,False,False,8.704944044545476
-2172500.0,682500.0,1500,15.984483324745518,False,False,8.658756673360285
-2167500.0,682500.0,1500,14.367450998655228,False,False,8.067253653939467
-2162500.0,682500.0,1500,11.991856034642097,False,False,6.458446270914567
-2157500.0,682500.0,1500,9.140399949479189,False,False,5.358857766917799
-2152500.0,682500.0,1500,8.438818896786909,False,False,5.501202335571925
-2147500.0,682500.0,1500,13.758502825594501,False,False,6.5349833531792045
-2142500.0,682500.0,1500,19.52491589020216,False,True,7.971744270209569
-2137500.0,682500.0,1500,20.441163281904757,False,True,8.470668535958438
-2132500.0,682500.0,1500,22.535455851049,False,True,7.692093312846785
-2127500.0,682500.0,1500,22.232265413104145,False,True,6.980853997659688
-2122500.0,682500.0,1500,14.639025524209982,True,True,7.433495761164744
-2117500.0,682500.0,1500,6.547197182703393,True,True,7.915884756263161
-2112500.0,682500.0,1500,1.3488305812438146,True,True,7.5292181459854435
-2107500.0,682500.0,1500,-0.850623747464007,True,True,6.905055619458771
-2102500.0,682500.0,1500,1.5968694517981854,True,True,6.894647451522859
-2097500.0,682500.0,1500,6.608747085315004,True,True,7.256460821046665
-2092500.0,682500.0,1500,7.890000370239535,True,True,6.635967156374328
-2087500.0,682500.0,1500,9.183564797171428,True,True,6.655915015047359
-2082500.0,682500.0,1500,12.227878941689877,True,True,7.79288887720949
-2077500.0,682500.0,1500,12.560355357895302,True,True,8.137230953305304
-2072500.0,682500.0,1500,8.945668689378028,True,True,7.881431022083615
-2067500.0,682500.0,1500,3.691907123431697,True,True,7.464905907148649
-2062500.0,682500.0,1500,2.1944474174160242,True,True,7.340913379791287
-2057500.0,682500.0,1500,6.503774417648253,True,True,7.4430322430000775
-2052500.0,682500.0,1500,11.668963374563244,True,True,7.527987588455005
-2047500.0,682500.0,1500,20.425847900987815,False,True,7.509062972590067
-2042500.0,682500.0,1500,16.90026313339537,False,True,7.886996715280599
-2037500.0,682500.0,1500,2.4417368292309583,False,True,8.461433546144619
-2032500.0,682500.0,1500,-4.379838033375461,True,True,8.528000334606325
-2027500.0,682500.0,1500,-11.3117848547614,True,True,7.260747642358012
-2022500.0,682500.0,1500,-15.278100365655437,True,True,5.653379839088474
-2017500.0,682500.0,1500,-11.32039560745761,True,True,6.384340542702674
-2012500.0,682500.0,1500,-4.133913867429,True,True,7.330120112371744
-2007500.0,682500.0,1500,0.8303045453822375,False,True,7.042750903585803
-2002500.0,682500.0,1500,1.9784812729180894,False,True,7.053430513659993
-1997500.0,682500.0,1500,0.8467151149133727,False,True,7.391471019561642
-1992500.0,682500.0,1500,0.7403133631491454,True,True,7.796815139882924
-1987500.0,682500.0,1500,0.11228121372108656,True,True,8.020607579434076
-1982500.0,682500.0,1500,-3.4822416587473555,True,True,8.132980436593176
-1977500.0,682500.0,1500,-7.485314674961633,True,True,8.203422059568286
-1972500.0,682500.0,1500,-9.274785757901489,True,True,8.141477883459048
-1967500.0,682500.0,1500,-8.651880655906252,True,True,7.786948735045618
-1962500.0,682500.0,1500,-7.304913283794614,False,True,7.14277920241641
-1957500.0,682500.0,1500,-8.622528346557038,False,True,6.595523325577391
-1952500.0,682500.0,1500,-9.49027413033905,False,True,6.280623998211484
-1947500.0,682500.0,1500,-2.377148354340388,False,True,6.137215890498315
-1942500.0,682500.0,1500,13.20943027938949,False,False,6.224140589360809
-1937500.0,682500.0,1500,18.812110185603213,False,False,6.4149365527944155
-1932500.0,682500.0,1500,28.662851214345324,False,False,6.5395219475201
-1927500.0,682500.0,1500,53.4027418854084,False,False,6.528168139059561
-1922500.0,682500.0,1500,49.30149998963536,False,False,6.390002705822779
-1917500.0,682500.0,1500,30.825423415037402,False,False,6.271410133022663
-1912500.0,682500.0,1500,34.144724759084,False,False,6.181122655829758
-1907500.0,682500.0,1500,38.001363089951596,False,False,5.925983689153957
-1902500.0,682500.0,1500,42.66105415410125,False,False,5.417982340511242
-1897500.0,682500.0,1500,38.29685823926931,False,False,5.173523003986874
-1892500.0,682500.0,1500,26.056984390816563,False,False,5.3713286771349065
-1887500.0,682500.0,1500,20.086016081048577,False,False,5.647695897232442
-1882500.0,682500.0,1500,10.2924408299731,False,False,5.937171121243368
-1877500.0,682500.0,1500,6.568702374576376,False,False,6.224179053450465
-1872500.0,682500.0,1500,11.443405641737826,False,False,6.474966516745974
-1867500.0,682500.0,1500,23.279027073187642,False,False,6.560477684755568
-1862500.0,682500.0,1500,32.032897878189864,False,False,6.428288743272873
-1857500.0,682500.0,1500,32.99260365563591,False,False,6.007289540274001
-1852500.0,682500.0,1500,20.70515342298748,False,False,5.532375975149755
-1847500.0,682500.0,1500,5.423055634871578,False,False,5.276166111057446
-1842500.0,682500.0,1500,12.8291433848424,False,False,5.308686642324379
-1837500.0,682500.0,1500,23.497641554125963,False,False,5.66234409702679
-1832500.0,682500.0,1500,16.84632381544704,False,False,5.8190178332942155
-1827500.0,682500.0,1500,8.833322976269095,False,False,4.747782270696596
-1822500.0,682500.0,1500,11.356379386759683,False,False,3.671275915554683
-1817500.0,682500.0,1500,14.617747808573146,False,True,3.5469326845396116
-1812500.0,682500.0,1500,15.042857903493324,False,True,3.525365681927362
-1807500.0,682500.0,1500,11.742810259018455,False,True,3.6586708303030444
-1802500.0,682500.0,1500,2.0821127738400875,False,True,4.0333671097946775
-1797500.0,682500.0,1500,-4.135854734063997,True,True,4.6056162091543165
-1792500.0,682500.0,1500,-7.096279682183026,True,True,4.914740261308607
-1787500.0,682500.0,1500,-10.015787765020317,True,True,5.613738919930413
-1782500.0,682500.0,1500,-13.35194913625594,True,True,6.845608456519838
-1777500.0,682500.0,1500,-19.045225634230565,True,True,7.339747478350636
-1772500.0,682500.0,1500,-27.288896473468316,True,True,6.080162184845161
-1767500.0,682500.0,1500,-36.665802668480275,True,True,4.390892013082613
-1762500.0,682500.0,1500,-43.34503454748009,True,True,4.61949135234636
-1757500.0,682500.0,1500,-47.08939741225124,True,True,5.3990885211842174
-1752500.0,682500.0,1500,-50.80586908466956,True,True,5.320084523982451
-1747500.0,682500.0,1500,-50.395000953130065,True,True,4.874726305364796
-1742500.0,682500.0,1500,-40.87069697082585,True,True,5.08602249626737
-1737500.0,682500.0,1500,-26.465076939930537,True,True,6.151029011741347
-1732500.0,682500.0,1500,-16.32488650878593,True,True,6.2348466227042
-1727500.0,682500.0,1500,-12.599236093393413,False,True,4.976737786528666
-1722500.0,682500.0,1500,-4.130136641583214,False,True,4.154061143663969
-1717500.0,682500.0,1500,2.386061735747835,False,True,4.705337432938211
-1712500.0,682500.0,1500,-0.6953490438017947,False,True,4.683531570524883
-1707500.0,682500.0,1500,2.2992944903746393,False,False,3.681110633673402
-1702500.0,682500.0,1500,17.949941525696456,False,False,3.654551524949588
-1697500.0,682500.0,1500,24.410540864402787,False,False,3.869352275669725
-1692500.0,682500.0,1500,10.689304582287965,False,False,3.287088409432699
-1687500.0,682500.0,1500,6.506726175043008,False,False,3.724068826856592
-1682500.0,682500.0,1500,16.337511070068846,False,False,4.702558868431352
-1677500.0,682500.0,1500,23.680763745467004,False,False,4.148707796433525
-1672500.0,682500.0,1500,34.507570187678326,False,False,3.1126234957564396
-1667500.0,682500.0,1500,42.79986049930176,False,False,3.286496286426665
-1662500.0,682500.0,1500,39.84922553872245,False,False,3.7631740983163393
-1657500.0,682500.0,1500,34.713630063943036,False,False,3.273601338051814
-1652500.0,682500.0,1500,37.621097888661694,False,False,3.0511072688266396
-2197500.0,687500.0,1500,-15.557445626089608,False,False,7.728991124213927
-2192500.0,687500.0,1500,-1.5907254374110533,False,False,8.648307577779937
-2187500.0,687500.0,1500,12.477743335398673,False,False,8.864857805903648
-2182500.0,687500.0,1500,15.798992519963997,False,False,8.815777203426823
-2177500.0,687500.0,1500,13.975436301380205,False,False,8.87415749335726
-2172500.0,687500.0,1500,11.11897253000399,False,False,8.982857092957836
-2167500.0,687500.0,1500,8.854502768767322,False,False,8.354502724273294
-2162500.0,687500.0,1500,7.139752273159849,False,False,6.55030863993365
-2157500.0,687500.0,1500,3.5664982441166972,False,False,5.86536594823808
-2152500.0,687500.0,1500,2.277651565842679,False,False,7.048667330301977
-2147500.0,687500.0,1500,6.278034487324531,False,False,8.359787125424813
-2142500.0,687500.0,1500,10.676219831294652,False,False,8.984292051371224
-2137500.0,687500.0,1500,10.642208998162587,False,True,8.41235440162896
-2132500.0,687500.0,1500,11.36147214387701,False,True,7.318500153699437
-2127500.0,687500.0,1500,16.357841130752416,False,True,7.113327096700917
-2122500.0,687500.0,1500,13.131664086200903,False,True,7.572538097162569
-2117500.0,687500.0,1500,4.485846544437388,True,True,7.501095268932018
-2112500.0,687500.0,1500,-0.9960932497800273,True,True,6.724237395570667
-2107500.0,687500.0,1500,-2.061971173032698,True,True,6.29961511437864
-2102500.0,687500.0,1500,3.119662303347964,True,True,7.035540901793155
-2097500.0,687500.0,1500,9.102120757320856,False,True,7.799471912448777
-2092500.0,687500.0,1500,11.088309911569452,False,True,7.996673136133649
-2087500.0,687500.0,1500,10.614104537366671,False,True,8.234270175411947
-2082500.0,687500.0,1500,11.176855426409407,False,True,8.43318964690177
-2077500.0,687500.0,1500,12.066126368967577,False,True,8.330920321968442
-2072500.0,687500.0,1500,7.50669446268687,True,True,7.92398961841673
-2067500.0,687500.0,1500,0.08093416014650147,True,True,7.648640747406501
-2062500.0,687500.0,1500,-2.7040646118350034,True,True,7.832617353374053
-2057500.0,687500.0,1500,-0.29999011136699594,True,True,8.200440192504594
-2052500.0,687500.0,1500,6.806521223526047,True,True,8.350869001931038
-2047500.0,687500.0,1500,13.3650785613588,False,True,8.241168252959167
-2042500.0,687500.0,1500,6.547356290048863,False,True,8.47999728979539
-2037500.0,687500.0,1500,-4.7109855087445816,True,True,8.740303950192086
-2032500.0,687500.0,1500,-8.827767246570712,True,True,8.38744422268438
-2027500.0,687500.0,1500,-12.31426928282879,True,True,6.351412626311548
-2022500.0,687500.0,1500,-12.567064563649613,True,True,5.275552814047379
-2017500.0,687500.0,1500,-6.620898478958132,True,True,6.4417910798088265
-2012500.0,687500.0,1500,1.9312382910299126,False,True,6.952662599904209
-2007500.0,687500.0,1500,12.01311617096435,False,True,7.088213700359583
-2002500.0,687500.0,1500,15.328610110729638,False,True,7.4768413767091895
-1997500.0,687500.0,1500,11.181721708188237,False,True,7.8579251798632335
-1992500.0,687500.0,1500,7.360298504855295,True,True,8.042454199983077
-1987500.0,687500.0,1500,1.2582745467785503,True,True,8.132480994101819
-1982500.0,687500.0,1500,-6.070600632737504,True,True,8.134862371855013
-1977500.0,687500.0,1500,-11.62229020616999,True,True,7.97372621689611
-1972500.0,687500.0,1500,-13.77826299597266,True,True,7.593168649485715
-1967500.0,687500.0,1500,-12.624550809148738,True,True,7.076275127419974
-1962500.0,687500.0,1500,-2.8721405042393564,False,True,6.496874590697757
-1957500.0,687500.0,1500,6.368668517922913,False,True,6.283507137003571
-1952500.0,687500.0,1500,5.062856362931783,False,True,6.629185730902641
-1947500.0,687500.0,1500,8.585967225537797,False,True,6.979392837428162
-1942500.0,687500.0,1500,28.269950026649838,False,False,7.017181873025633
-1937500.0,687500.0,1500,38.769477469709166,False,False,6.857260464240667
-1932500.0,687500.0,1500,47.13858450896983,False,False,6.646437456108988
-1927500.0,687500.0,1500,64.94409453338771,False,False,6.30159914016712
-1922500.0,687500.0,1500,61.08504728817908,False,False,5.796076117213207
-1917500.0,687500.0,1500,52.744156316275976,False,False,5.450289327287518
-1912500.0,687500.0,1500,60.03120214876,False,False,5.322202643250145
-1907500.0,687500.0,1500,51.93760634747531,False,False,5.268992665883649
-1902500.0,687500.0,1500,32.5887586832211,False,False,5.277229910016496
-1897500.0,687500.0,1500,23.016973123148148,False,False,5.57128791874982
-1892500.0,687500.0,1500,21.91987253676156,False,False,6.044336610913739
-1887500.0,687500.0,1500,24.478592982697176,False,False,6.372694600110265
-1882500.0,687500.0,1500,26.82840111938763,False,False,6.566178850809598
-1877500.0,687500.0,1500,29.71055679461352,False,False,6.5575607846429955
-1872500.0,687500.0,1500,34.29734411514074,False,False,6.327031965723637
-1867500.0,687500.0,1500,49.49518420471172,False,False,5.798038670020739
-1862500.0,687500.0,1500,55.970432491923575,False,False,5.191495216082499
-1857500.0,687500.0,1500,42.89828606019334,False,False,4.891208529028631
-1852500.0,687500.0,1500,21.790725578547047,False,False,5.1425641897577705
-1847500.0,687500.0,1500,8.142125923971125,False,False,5.867206632990866
-1842500.0,687500.0,1500,7.933483739048535,False,False,6.49351357727834
-1837500.0,687500.0,1500,7.039202429032739,False,False,6.608470512185717
-1832500.0,687500.0,1500,4.275570715205479,False,False,6.033881298938358
-1827500.0,687500.0,1500,1.561835166616761,False,False,4.914143774263536
-1822500.0,687500.0,1500,3.532725226205521,False,True,3.9315677025103852
-1817500.0,687500.0,1500,10.0229929787291,False,True,3.665592379553588
-1812500.0,687500.0,1500,11.486824599153389,False,True,3.7918028688884196
-1807500.0,687500.0,1500,5.901255851460159,False,True,3.6735012538810854
-1802500.0,687500.0,1500,-5.852150763967237,True,True,3.827484379371988
-1797500.0,687500.0,1500,-9.55004417947116,False,True,4.167663361694269
-1792500.0,687500.0,1500,-8.255012791332778,True,True,4.398113376130347
-1787500.0,687500.0,1500,-11.57089362726011,True,True,4.805248862077184
-1782500.0,687500.0,1500,-14.898081626557044,True,True,5.674329665940592
-1777500.0,687500.0,1500,-19.480297121498864,True,True,6.9705625477641036
-1772500.0,687500.0,1500,-25.54582595112761,True,True,6.039403852051923
-1767500.0,687500.0,1500,-31.488146531903435,True,True,5.101199374542569
-1762500.0,687500.0,1500,-36.52287136326668,True,True,5.368984928248382
-1757500.0,687500.0,1500,-43.01016612941066,True,True,4.296207527322492
-1752500.0,687500.0,1500,-50.1272544949695,True,True,3.916856057215857
-1747500.0,687500.0,1500,-52.35670939826704,True,True,4.437255554968632
-1742500.0,687500.0,1500,-44.95257261636098,True,True,4.893822134843274
-1737500.0,687500.0,1500,-28.65908781862041,True,True,5.730066397618515
-1732500.0,687500.0,1500,-14.418907104278661,True,True,5.785694425260594
-1727500.0,687500.0,1500,-8.490449231076369,False,True,5.175105857988088
-1722500.0,687500.0,1500,-0.7646399996577434,False,True,4.610129431148382
-1717500.0,687500.0,1500,8.79815722902424,False,True,4.767397215888745
-1712500.0,687500.0,1500,7.564109765706713,False,True,5.015253368735808
-1707500.0,687500.0,1500,6.172253449825553,False,False,4.369429658543486
-1702500.0,687500.0,1500,17.465641372167195,False,False,4.432357112674299
-1697500.0,687500.0,1500,22.53935484307597,False,False,3.989806707477644
-1692500.0,687500.0,1500,7.829183056387019,False,False,3.020236400664994
-1687500.0,687500.0,1500,3.0916556529465957,False,False,3.675223100579468
-1682500.0,687500.0,1500,16.64416257015855,False,False,4.488212385175572
-1677500.0,687500.0,1500,28.12111596622458,False,False,3.974900363699084
-1672500.0,687500.0,1500,39.43413539185404,False,False,3.026419740613038
-1667500.0,687500.0,1500,55.73484869992359,False,False,2.88165393684154
-1662500.0,687500.0,1500,60.6774061101504,False,False,3.3456530945724325
-1657500.0,687500.0,1500,46.63891198174044,False,False,3.103379175135575
-2197500.0,692500.0,1500,-12.209266722404235,False,False,8.287723627495499
-2192500.0,692500.0,1500,-1.4024385680540195,False,False,8.81416602150421
-2187500.0,692500.0,1500,11.486938175108893,False,False,8.951622295084238
-2182500.0,692500.0,1500,15.995688331133847,False,False,9.14617831306516
-2177500.0,692500.0,1500,10.426944299312813,False,False,9.442994380445977
-2172500.0,692500.0,1500,1.7672667067672805,False,False,9.591296378448622
-2167500.0,692500.0,1500,0.9441252178626689,False,False,9.070274394400236
-2162500.0,692500.0,1500,2.986229225468879,False,False,7.852912864837544
-2157500.0,692500.0,1500,-1.0686649595410884,False,False,7.219880959607501
-2152500.0,692500.0,1500,-1.7877810491809252,False,False,7.814987101414756
-2147500.0,692500.0,1500,4.816773922662757,False,False,8.507515240255584
-2142500.0,692500.0,1500,10.251319900593074,False,False,8.343543170817314
-2137500.0,692500.0,1500,8.777083262982735,False,True,7.402609594970638
-2132500.0,692500.0,1500,4.228508079782657,False,True,6.951422791135675
-2127500.0,692500.0,1500,5.173540378659573,False,True,7.253484990804588
-2122500.0,692500.0,1500,5.077811710858321,False,True,6.867198119116333
-2117500.0,692500.0,1500,-0.9363689093587987,True,True,5.760227642591332
-2112500.0,692500.0,1500,-5.277684822851344,True,True,5.616454206189156
-2107500.0,692500.0,1500,-3.562134159979803,False,True,6.570588950391427
-2102500.0,692500.0,1500,2.212135680295401,False,True,7.636951100741683
-2097500.0,692500.0,1500,8.708656460354963,False,True,8.183522751721238
-2092500.0,692500.0,1500,15.754625634288955,False,True,8.223273271051283
-2087500.0,692500.0,1500,16.56993826467602,False,True,8.296483094116162
-2082500.0,692500.0,1500,12.028538087993596,False,True,8.311907819678103
-2077500.0,692500.0,1500,12.535157031245317,False,True,8.19522894161241
-2072500.0,692500.0,1500,7.614984033459566,False,True,8.101053142039365
-2067500.0,692500.0,1500,-1.2901215114575257,True,True,8.255572353807306
-2062500.0,692500.0,1500,-4.173288635903819,True,True,8.569781066854649
-2057500.0,692500.0,1500,-4.163611674574885,True,True,8.85310279428159
-2052500.0,692500.0,1500,-0.704191234743962,True,True,8.973827023564027
-2047500.0,692500.0,1500,-1.862804999306639,True,True,8.867222574432784
-2042500.0,692500.0,1500,-8.25948133431354,True,True,8.585092234006124
-2037500.0,692500.0,1500,-12.28930800383942,True,True,8.045209799789532
-2032500.0,692500.0,1500,-12.459431783130237,True,True,7.3511955353179275
-2027500.0,692500.0,1500,-9.198358675368436,True,True,5.306086725061181
-2022500.0,692500.0,1500,-4.264334234145375,True,True,5.208484811778699
-2017500.0,692500.0,1500,5.11265588726701,False,True,7.068238568254331
-2012500.0,692500.0,1500,12.981050842174472,False,True,7.396368661229455
-2007500.0,692500.0,1500,21.82878292069038,False,True,7.487045693377863
-2002500.0,692500.0,1500,24.3799531203175,False,True,7.693402727616651
-1997500.0,692500.0,1500,17.427047536851852,False,True,7.936200168385559
-1992500.0,692500.0,1500,11.957644336028919,False,True,7.981907310518422
-1987500.0,692500.0,1500,1.90602167160741,False,True,7.8828602792018385
-1982500.0,692500.0,1500,-9.904435828932108,True,True,7.566024072833898
-1977500.0,692500.0,1500,-16.519102690573604,True,True,7.16367454072888
-1972500.0,692500.0,1500,-15.264615587174706,True,True,6.952282621541158
-1967500.0,692500.0,1500,-10.068103031429553,False,True,6.960776899262729
-1962500.0,692500.0,1500,6.501496828659396,False,True,6.959141564123238
-1957500.0,692500.0,1500,20.917547369216233,False,True,7.092575785034483
-1952500.0,692500.0,1500,21.432116067731204,False,True,7.297915968861631
-1947500.0,692500.0,1500,25.03355115411273,False,True,7.3277972536042135
-1942500.0,692500.0,1500,31.685888523097574,False,True,7.175284631947786
-1937500.0,692500.0,1500,32.90474159224448,False,True,6.86917726866734
-1932500.0,692500.0,1500,37.84498523235177,False,False,6.491562742057842
-1927500.0,692500.0,1500,43.83559454818453,False,False,5.895479961181248
-1922500.0,692500.0,1500,46.36359911974627,False,False,5.2413914563246395
-1917500.0,692500.0,1500,51.73583409877558,False,False,5.043523179380346
-1912500.0,692500.0,1500,54.547238934055656,False,False,5.287182424155205
-1907500.0,692500.0,1500,43.85614615093146,False,False,5.629045905272838
-1902500.0,692500.0,1500,23.819329523521102,False,False,6.012134501023964
-1897500.0,692500.0,1500,17.401056067742942,False,False,6.367575706906285
-1892500.0,692500.0,1500,22.84931178059781,False,False,6.571215485786078
-1887500.0,692500.0,1500,27.98609870403222,False,False,6.59070148431738
-1882500.0,692500.0,1500,37.891949660643824,False,False,6.331429603015469
-1877500.0,692500.0,1500,49.72229404649879,False,False,5.677513697426148
-1872500.0,692500.0,1500,43.5711122738217,False,False,5.030365491901487
-1867500.0,692500.0,1500,39.00173328536788,False,False,4.717527900978313
-1862500.0,692500.0,1500,47.67636573252586,False,False,4.747486196196999
-1857500.0,692500.0,1500,40.42130491499792,False,False,5.389548700307982
-1852500.0,692500.0,1500,21.963476221689906,False,False,6.355640144946147
-1847500.0,692500.0,1500,10.075012230757265,False,False,7.09648441906908
-1842500.0,692500.0,1500,4.678499074801713,False,False,6.934595982109537
-1837500.0,692500.0,1500,4.84337719872063,False,False,6.232405548610757
-1832500.0,692500.0,1500,4.944511428925508,False,False,5.390308678166709
-1827500.0,692500.0,1500,0.47007455140149973,False,False,5.085761426721603
-1822500.0,692500.0,1500,-4.49758923805842,False,True,4.7730860190380495
-1817500.0,692500.0,1500,-2.9823211917967622,False,True,3.8467047266659042
-1812500.0,692500.0,1500,0.170391951397371,False,True,3.732250860936455
-1807500.0,692500.0,1500,-1.1332546069755642,False,True,4.042919141138473
-1802500.0,692500.0,1500,-4.974753876232464,True,True,3.9173722311250536
-1797500.0,692500.0,1500,-5.618184309672593,True,True,4.026707496787951
-1792500.0,692500.0,1500,-7.311757355936878,True,True,4.449996797938968
-1787500.0,692500.0,1500,-14.130059815639058,True,True,4.417434038445674
-1782500.0,692500.0,1500,-18.20307676352396,True,True,4.615714608078568
-1777500.0,692500.0,1500,-21.6122618764138,True,True,5.006472726751493
-1772500.0,692500.0,1500,-24.84169375970871,True,True,4.348168915288359
-1767500.0,692500.0,1500,-26.89487280384291,True,True,4.402039348204366
-1762500.0,692500.0,1500,-31.01484710601738,True,True,5.053044641358473
-1757500.0,692500.0,1500,-40.023776764385694,True,True,5.097103883199258
-1752500.0,692500.0,1500,-48.741953261039654,True,True,5.917457886140919
-1747500.0,692500.0,1500,-51.1912817048234,True,True,6.27784063714687
-1742500.0,692500.0,1500,-46.19352346202501,True,True,5.7011395386837025
-1737500.0,692500.0,1500,-32.07434164146116,True,True,5.378918207449409
-1732500.0,692500.0,1500,-16.385463525694956,True,True,4.796564596965673
-1727500.0,692500.0,1500,-6.184336857217194,False,True,4.546441123534876
-1722500.0,692500.0,1500,3.2078923040734155,False,True,4.935442961596691
-1717500.0,692500.0,1500,13.899625085107314,False,True,4.5544655501830675
-1712500.0,692500.0,1500,14.260914860952058,False,True,4.0995779302841004
-1707500.0,692500.0,1500,10.63289868069853,False,False,4.285098253124651
-1702500.0,692500.0,1500,19.42108700092708,False,False,4.6737279257282776
-1697500.0,692500.0,1500,26.88195195491367,False,False,3.995465467693475
-1692500.0,692500.0,1500,16.21892522240146,False,False,2.9095007532319914
-1687500.0,692500.0,1500,9.804996162277217,False,False,3.2506647074256954
-1682500.0,692500.0,1500,14.693480879784872,False,False,3.871423014108112
-1677500.0,692500.0,1500,17.111152744328244,False,False,3.5947016788743413
-1672500.0,692500.0,1500,24.444239268181025,False,False,2.951892355745316
-1667500.0,692500.0,1500,47.596903766690325,False,False,3.172464921248094
-1662500.0,692500.0,1500,76.08724941387564,False,False,3.918613531944396
-1657500.0,692500.0,1500,76.02756738963416,False,False,3.4653766042501704
-2197500.0,697500.0,1500,3.172660358340676,False,False,8.789887581165889
-2192500.0,697500.0,1500,8.143715959856777,False,False,9.145275192753205
-2187500.0,697500.0,1500,15.208431129555947,False,False,9.419669590167102
-2182500.0,697500.0,1500,18.240784169731892,False,False,9.730551702615372
-2177500.0,697500.0,1500,13.509256453461802,False,False,9.957395898941263
-2172500.0,697500.0,1500,8.776873818046298,False,False,9.717257085853102
-2167500.0,697500.0,1500,7.756253879070709,False,False,8.721709604055732
-2162500.0,697500.0,1500,5.249642255011237,False,False,7.595739435877397
-2157500.0,697500.0,1500,1.0136591233717966,False,False,7.453559402345686
-2152500.0,697500.0,1500,1.8391725998946111,False,False,7.915724627990751
-2147500.0,697500.0,1500,7.753430127218294,False,False,7.945164246943936
-2142500.0,697500.0,1500,11.457526650929143,False,False,7.308052420141065
-2137500.0,697500.0,1500,9.909358136514154,False,True,6.70511821158364
-2132500.0,697500.0,1500,3.6110657621045092,False,True,6.578420452103596
-2127500.0,697500.0,1500,-0.1265734463604781,False,True,5.928380058518322
-2122500.0,697500.0,1500,-1.620245572366368,False,True,5.407939354929953
-2117500.0,697500.0,1500,-7.014691062955399,True,True,5.441891768505297
-2112500.0,697500.0,1500,-9.478078581197357,True,True,6.42115358393566
-2107500.0,697500.0,1500,-4.294772109641819,True,True,7.906584156110847
-2102500.0,697500.0,1500,1.4528885512249583,False,True,8.337395916948251
-2097500.0,697500.0,1500,9.546801285454729,False,True,8.10269855332849
-2092500.0,697500.0,1500,21.666302610971755,False,True,7.8386855620773295
-2087500.0,697500.0,1500,27.903021590495324,False,True,7.722606048885271
-2082500.0,697500.0,1500,24.563292064935432,False,True,7.550837181543155
-2077500.0,697500.0,1500,25.737543591191013,False,True,7.569198446641681
-2072500.0,697500.0,1500,14.824220114268813,False,True,7.99845056398312
-2067500.0,697500.0,1500,-2.083159842050446,False,True,8.573018189106154
-2062500.0,697500.0,1500,-4.361048600967521,False,True,8.944967295551132
-2057500.0,697500.0,1500,-6.800545602331746,True,True,9.043320670685764
-2052500.0,697500.0,1500,-8.632661108126552,True,True,8.79928939859559
-2047500.0,697500.0,1500,-12.053236566229334,True,True,8.21422514795713
-2042500.0,697500.0,1500,-15.182416246318617,True,True,7.533445472352431
-2037500.0,697500.0,1500,-14.482938279290167,True,True,7.101064273461795
-2032500.0,697500.0,1500,-10.27876469663743,True,True,6.7378938494057135
-2027500.0,697500.0,1500,-2.7318298072870926,True,True,5.250438947800183
-2022500.0,697500.0,1500,4.4049885652983525,False,True,5.780109337888888
-2017500.0,697500.0,1500,16.911213211779085,False,True,7.575581456062484
-2012500.0,697500.0,1500,21.77663434111626,False,True,7.543525433828563
-2007500.0,697500.0,1500,21.013848175309672,False,True,7.542290042532681
-2002500.0,697500.0,1500,20.054930406234007,False,True,7.716904227878081
-1997500.0,697500.0,1500,13.156030558038315,False,True,7.727052226720403
-1992500.0,697500.0,1500,8.35628413396906,False,True,7.378759361232942
-1987500.0,697500.0,1500,-0.06479310362158335,False,True,6.973229276058932
-1982500.0,697500.0,1500,-12.244119304323258,False,True,6.866380867492648
-1977500.0,697500.0,1500,-19.199478353903626,True,True,7.061284019405056
-1972500.0,697500.0,1500,-16.438369164572652,True,True,7.443893186573293
-1967500.0,697500.0,1500,-8.442608300381954,True,True,7.840058422311257
-1962500.0,697500.0,1500,3.795762307741626,False,True,7.934153943087541
-1957500.0,697500.0,1500,11.354534274424141,False,True,7.811082537997408
-1952500.0,697500.0,1500,18.487745336948517,False,True,7.437296281059213
-1947500.0,697500.0,1500,30.52557981977607,False,True,6.999445889331471
-1942500.0,697500.0,1500,24.876058460202803,False,True,6.823350563990527
-1937500.0,697500.0,1500,10.716724733095331,False,True,6.545149350294208
-1932500.0,697500.0,1500,6.688195019930793,False,True,6.052207094008938
-1927500.0,697500.0,1500,6.912775514651883,False,False,5.534411914945946
-1922500.0,697500.0,1500,14.16393151200899,False,False,5.177980612466107
-1917500.0,697500.0,1500,26.138577376573885,False,False,5.202282086937287
-1912500.0,697500.0,1500,34.79302394342328,False,False,5.419165445650641
-1907500.0,697500.0,1500,39.53834857496398,False,False,5.583010436086337
-1902500.0,697500.0,1500,34.798983670217915,False,False,6.021965176478975
-1897500.0,697500.0,1500,28.280969947118194,False,False,6.38759952688758
-1892500.0,697500.0,1500,31.20424798604912,False,False,6.131587646828336
-1887500.0,697500.0,1500,37.123770237973716,False,False,5.494701279729788
-1882500.0,697500.0,1500,40.65009355969469,False,False,4.905554233783043
-1877500.0,697500.0,1500,42.0437724438814,False,False,4.606212294932662
-1872500.0,697500.0,1500,39.25749067988489,False,False,4.657110608476297
-1867500.0,697500.0,1500,29.973109195271192,False,False,4.935689309432752
-1862500.0,697500.0,1500,24.69913159335964,False,False,4.814290310860766
-1857500.0,697500.0,1500,23.211624176011902,False,False,5.449177190542763
-1852500.0,697500.0,1500,14.32046556901164,False,False,5.877106679790613
-1847500.0,697500.0,1500,4.211894586096113,False,False,6.087232227068915
-1842500.0,697500.0,1500,-2.589466472983128,False,False,6.117958335114622
-1837500.0,697500.0,1500,5.2056927002401405,False,False,5.007520936227566
-1832500.0,697500.0,1500,16.631051212405588,False,False,4.702195043472881
-1827500.0,697500.0,1500,14.83958446637916,False,True,5.138012528671964
-1822500.0,697500.0,1500,1.5579006647789555,False,True,5.442362808200661
-1817500.0,697500.0,1500,-7.411347586035506,False,True,4.664626780820006
-1812500.0,697500.0,1500,-6.537492861212365,False,True,3.8224204151116945
-1807500.0,697500.0,1500,-9.341078744902475,True,True,4.027666319243892
-1802500.0,697500.0,1500,-10.228838264981944,True,True,4.370698320910145
-1797500.0,697500.0,1500,-9.015162640910672,True,True,4.2247984922436235
-1792500.0,697500.0,1500,-10.662443058992746,True,True,4.083963448904845
-1787500.0,697500.0,1500,-15.924374078750352,True,True,4.207927603927526
-1782500.0,697500.0,1500,-20.366870620721063,True,True,4.603688136631016
-1777500.0,697500.0,1500,-24.193003550797386,True,True,4.194634731740696
-1772500.0,697500.0,1500,-25.944806292856512,True,True,3.6137224746638434
-1767500.0,697500.0,1500,-26.29993553492514,True,True,3.668575156319597
-1762500.0,697500.0,1500,-30.898258221449286,True,True,4.393212757496975
-1757500.0,697500.0,1500,-39.30877265918891,True,True,6.246367596016553
-1752500.0,697500.0,1500,-45.24359609903236,True,True,7.606511204716788
-1747500.0,697500.0,1500,-45.22649633936808,True,True,8.063559162343635
-1742500.0,697500.0,1500,-39.83669491652892,True,True,7.855649397994204
-1737500.0,697500.0,1500,-30.109159342139538,True,True,6.959901753858437
-1732500.0,697500.0,1500,-21.062307777692983,True,True,5.095785465405963
-1727500.0,697500.0,1500,-9.877401469742914,False,True,4.188577923514548
-1722500.0,697500.0,1500,4.200472717969884,False,True,4.533807533797065
-1717500.0,697500.0,1500,16.11053555943679,False,True,3.8532039177828987
-1712500.0,697500.0,1500,15.54184950427374,False,True,3.3455136932332428
-1707500.0,697500.0,1500,9.631511544565706,False,False,3.800367067038005
-1702500.0,697500.0,1500,15.81235887293824,False,False,3.9086790222387973
-1697500.0,697500.0,1500,20.361582781798944,False,False,3.5278476517435076
-1692500.0,697500.0,1500,13.480026048175114,False,False,3.0894790507206817
-1687500.0,697500.0,1500,12.475785924622965,False,False,3.588993087692211
-1682500.0,697500.0,1500,16.293959467953304,False,False,4.540223220916128
-1677500.0,697500.0,1500,11.119687670050926,False,False,4.058079618097351
-1672500.0,697500.0,1500,18.08712577961831,False,False,3.080282504732594
-1667500.0,697500.0,1500,38.44445953815116,False,False,3.4896658462707206
-1662500.0,697500.0,1500,60.52397942738654,False,False,4.167598837599039
-1657500.0,697500.0,1500,75.23270785868114,False,False,3.466741908274404
-2197500.0,702500.0,1500,17.408399495817797,False,False,9.472056500215675
-2192500.0,702500.0,1500,18.29289006148917,False,False,9.667864435546285
-2187500.0,702500.0,1500,22.918568454588183,False,False,9.60559537759429
-2182500.0,702500.0,1500,30.277466999132713,False,False,9.329189569468221
-2177500.0,702500.0,1500,33.03087924026476,False,False,9.076476165600896
-2172500.0,702500.0,1500,34.58440089789328,False,False,8.448937060444074
-2167500.0,702500.0,1500,39.50981965446357,False,False,7.197552347726044
-2162500.0,702500.0,1500,38.8430716255255,False,False,6.645410934191248
-2157500.0,702500.0,1500,24.149620153229336,False,False,7.2979647688033795
-2152500.0,702500.0,1500,12.376250089330455,False,False,7.739374169494214
-2147500.0,702500.0,1500,11.970505746025294,False,False,7.426751240975656
-2142500.0,702500.0,1500,8.483783679386578,False,False,6.659992786947807
-2137500.0,702500.0,1500,0.6850249210174684,False,False,5.767938022697854
-2132500.0,702500.0,1500,-1.565369390190541,False,True,5.2611039008903555
-2127500.0,702500.0,1500,4.617195394959021,False,True,5.012208700901213
-2122500.0,702500.0,1500,8.248132851263323,False,True,5.55465666251604
-2117500.0,702500.0,1500,3.6726553667177306,False,True,6.570937578503532
-2112500.0,702500.0,1500,-2.377823807304121,False,True,7.435711099929683
-2107500.0,702500.0,1500,0.5913020003099048,False,True,8.077825983572557
-2102500.0,702500.0,1500,9.405673507860916,False,True,7.98137412081957
-2097500.0,702500.0,1500,24.615723477954766,False,True,7.369101519533524
-2092500.0,702500.0,1500,39.12125951311646,False,True,7.058329355064392
-2087500.0,702500.0,1500,48.139712943296566,False,True,7.138156969754482
-2082500.0,702500.0,1500,40.13678261478294,False,True,7.300134697059557
-2077500.0,702500.0,1500,25.616837379039104,False,True,7.701709526805799
-2072500.0,702500.0,1500,9.383726333490213,False,True,8.235172146647368
-2067500.0,702500.0,1500,-6.781113553930754,False,True,8.602988707929876
-2062500.0,702500.0,1500,-8.410341235630899,False,True,8.49542397946438
-2057500.0,702500.0,1500,-11.099989462747928,False,True,8.04203335603319
-2052500.0,702500.0,1500,-11.490446653603842,False,True,7.514577698043604
-2047500.0,702500.0,1500,-12.265870106468936,True,True,7.132085595947626
-2042500.0,702500.0,1500,-14.179187707072417,True,True,7.092364166461186
-2037500.0,702500.0,1500,-11.51016998464452,True,True,7.391893572596576
-2032500.0,702500.0,1500,-4.777700905202171,True,True,7.438866371932418
-2027500.0,702500.0,1500,1.9310516181241442,False,True,6.624356094949137
-2022500.0,702500.0,1500,6.434269484318108,False,True,6.862435327714845
-2017500.0,702500.0,1500,15.306262985679732,False,True,7.6339548612830495
-2012500.0,702500.0,1500,18.39638467285205,False,True,7.324014268112926
-2007500.0,702500.0,1500,13.465985067178186,False,True,7.060369974001903
-2002500.0,702500.0,1500,13.082641993108592,False,True,6.846632366162359
-1997500.0,702500.0,1500,13.666466951299938,False,True,6.555433081645423
-1992500.0,702500.0,1500,8.489958576163799,False,True,6.462446098958295
-1987500.0,702500.0,1500,0.29413573708737006,False,True,6.6868043185121415
-1982500.0,702500.0,1500,-10.012983862650668,True,True,7.20314260636658
-1977500.0,702500.0,1500,-18.822366324422717,True,True,7.71443389346279
-1972500.0,702500.0,1500,-19.026956652405875,True,True,7.981710568188703
-1967500.0,702500.0,1500,-12.17850115254615,True,True,8.060203756932458
-1962500.0,702500.0,1500,-6.211987612394523,False,True,7.605564537321879
-1957500.0,702500.0,1500,-7.007807526929791,False,True,6.981475504158288
-1952500.0,702500.0,1500,-1.5686174495802194,False,True,6.853704988651335
-1947500.0,702500.0,1500,8.634211178522406,False,True,6.065891945035968
-1942500.0,702500.0,1500,3.438594888322589,False,True,5.405543394257483
-1937500.0,702500.0,1500,-5.7193441622278325,False,True,5.537167284209018
-1932500.0,702500.0,1500,-2.388344055345652,False,True,5.023966038143062
-1927500.0,702500.0,1500,9.905947310814408,False,False,4.504415328440436
-1922500.0,702500.0,1500,19.881467742464807,False,False,4.435483537282375
-1917500.0,702500.0,1500,26.469667739222267,False,False,4.451324836522832
-1912500.0,702500.0,1500,35.38701711391598,False,False,4.415139465248016
-1907500.0,702500.0,1500,47.101753358336325,False,False,4.403506410535707
-1902500.0,702500.0,1500,58.19047790721053,False,False,4.945771142273857
-1897500.0,702500.0,1500,45.65626774333016,False,False,5.207966177600775
-1892500.0,702500.0,1500,33.895999862504326,False,False,4.72100795126203
-1887500.0,702500.0,1500,48.36889616117868,False,False,4.366079115042102
-1882500.0,702500.0,1500,53.95896857026937,False,False,4.6108025359436215
-1877500.0,702500.0,1500,31.916793169260718,False,False,5.342231572482226
-1872500.0,702500.0,1500,22.520815081180825,False,False,5.56762623801095
-1867500.0,702500.0,1500,18.7537979502453,False,False,5.245498876504579
-1862500.0,702500.0,1500,3.054911403533554,False,False,4.439651600631217
-1857500.0,702500.0,1500,7.139164559621843,False,False,4.425472345839334
-1852500.0,702500.0,1500,11.040818004555193,False,False,4.54983209383889
-1847500.0,702500.0,1500,6.151783950871369,False,False,4.46296515399832
-1842500.0,702500.0,1500,5.006349914133231,False,False,5.016160407256968
-1837500.0,702500.0,1500,10.815347184263308,False,False,4.414161997261433
-1832500.0,702500.0,1500,15.895104251939621,False,False,4.0170362083021445
-1827500.0,702500.0,1500,15.604327281219652,False,True,4.667112266208348
-1822500.0,702500.0,1500,5.151304203531564,False,True,5.533988495770003
-1817500.0,702500.0,1500,-4.181414112091892,False,True,5.435004454503243
-1812500.0,702500.0,1500,-5.614013317301112,False,True,4.417605574555475
-1807500.0,702500.0,1500,-13.059679512365046,True,True,4.017366489701458
-1802500.0,702500.0,1500,-16.833226987726015,True,True,4.160729055869092
-1797500.0,702500.0,1500,-14.540090270895284,True,True,4.366200831649903
-1792500.0,702500.0,1500,-13.357313683321674,True,True,4.28329769528113
-1787500.0,702500.0,1500,-17.63765400509384,True,True,4.113675793319304
-1782500.0,702500.0,1500,-22.95908435115353,True,True,4.089108830991279
-1777500.0,702500.0,1500,-26.156937305621508,True,True,3.730980580428185
-1772500.0,702500.0,1500,-27.03030563434966,True,True,4.168360981764637
-1767500.0,702500.0,1500,-27.776900931116682,True,True,5.013602664661596
-1762500.0,702500.0,1500,-33.45804917161961,True,True,5.07502061674137
-1757500.0,702500.0,1500,-40.54748464195456,True,True,5.425764176043387
-1752500.0,702500.0,1500,-42.00591193136405,True,True,6.545587658690972
-1747500.0,702500.0,1500,-38.523508720872535,True,True,7.702722029118754
-1742500.0,702500.0,1500,-33.26180879577856,True,True,8.027571918975559
-1737500.0,702500.0,1500,-27.185193211467794,True,True,7.816656821739133
-1732500.0,702500.0,1500,-21.726269858596545,True,True,5.855755465557257
-1727500.0,702500.0,1500,-11.558585810525967,False,True,4.748667841328026
-1722500.0,702500.0,1500,2.520980806233595,False,True,4.91777156777988
-1717500.0,702500.0,1500,13.486120230561713,False,True,3.829484885345379
-1712500.0,702500.0,1500,14.95150985032858,False,True,3.1224218966397292
-1707500.0,702500.0,1500,11.798809462890993,False,False,3.1881009447530486
-1702500.0,702500.0,1500,12.252462791640054,False,False,3.136391519160067
-1697500.0,702500.0,1500,8.013331044100443,False,False,3.3008971976550865
-1692500.0,702500.0,1500,2.8357059585418836,False,False,3.462147977229005
-1687500.0,702500.0,1500,8.548503427094522,False,False,4.172233522304816
-1682500.0,702500.0,1500,14.766700193848703,False,False,5.013291928668512
-1677500.0,702500.0,1500,10.51266046350211,False,False,3.9896156537100342
-1672500.0,702500.0,1500,33.599137716544305,False,False,3.133642429930985
-1667500.0,702500.0,1500,72.19551268766702,False,False,3.8034561415187103
-1662500.0,702500.0,1500,77.96186912557135,False,False,4.1712417329841704
-1657500.0,702500.0,1500,71.79900278945834,False,False,3.36880584327701
-2197500.0,707500.0,1500,19.59094907355712,False,False,9.861656557600282
-2192500.0,707500.0,1500,23.505772777922324,False,False,9.645928807083845
-2187500.0,707500.0,1500,30.114317727089375,False,False,8.940706557284308
-2182500.0,707500.0,1500,44.963723048256924,False,False,7.964610737439382
-2177500.0,707500.0,1500,55.32724503417395,False,False,7.248191402856816
-2172500.0,707500.0,1500,61.38303121442359,False,False,6.4422061067212555
-2167500.0,707500.0,1500,76.40116699096669,False,False,5.539529158269721
-2162500.0,707500.0,1500,74.3908673363431,False,False,5.766110962522146
-2157500.0,707500.0,1500,48.27070726396543,False,False,6.791737931637745
-2152500.0,707500.0,1500,24.462728683697193,False,False,7.330828339336681
-2147500.0,707500.0,1500,12.630335539215414,False,False,6.630943233648153
-2142500.0,707500.0,1500,1.454056034004078,False,False,5.380072914805273
-2137500.0,707500.0,1500,0.7130704522309912,False,False,4.807476655546912
-2132500.0,707500.0,1500,16.943102119507103,False,True,5.094885859945901
-2127500.0,707500.0,1500,36.44687814450113,False,True,5.727634336104831
-2122500.0,707500.0,1500,45.13622916269291,False,True,5.991388168198782
-2117500.0,707500.0,1500,35.31593264667336,False,True,6.199801454515317
-2112500.0,707500.0,1500,29.6831900560471,False,True,6.7796496185186665
-2107500.0,707500.0,1500,33.72051092595734,False,True,7.120267040021687
-2102500.0,707500.0,1500,34.92455724272447,False,True,6.9804219522946145
-2097500.0,707500.0,1500,49.05441689944121,False,True,6.628835583287214
-2092500.0,707500.0,1500,58.16161263007383,False,True,6.626278060405644
-2087500.0,707500.0,1500,51.55644484553705,False,False,7.034541460615012
-2082500.0,707500.0,1500,30.860082776580164,False,False,7.474061257175977
-2077500.0,707500.0,1500,5.498298372180603,False,True,7.685936067405706
-2072500.0,707500.0,1500,-4.09927581264839,False,True,7.541843437121586
-2067500.0,707500.0,1500,-8.526524600442594,False,True,7.417465988280971
-2062500.0,707500.0,1500,-11.93380663170476,False,True,7.152077269530507
-2057500.0,707500.0,1500,-14.316475779005058,False,True,6.8973536974678105
-2052500.0,707500.0,1500,-10.979553479502398,False,True,7.0325642428782995
-2047500.0,707500.0,1500,-8.477943999275979,True,True,7.36912518508635
-2042500.0,707500.0,1500,-8.03096936912894,True,True,7.786625916427555
-2037500.0,707500.0,1500,-5.937898862201541,True,True,8.12295767063587
-2032500.0,707500.0,1500,-2.0167362293914897,True,True,8.226386392905985
-2027500.0,707500.0,1500,-0.11940371918945099,False,True,8.047093509013894
-2022500.0,707500.0,1500,-0.011050733953704844,False,True,7.741529342833674
-2017500.0,707500.0,1500,4.635126048210375,False,True,7.203388174081576
-2012500.0,707500.0,1500,11.206487405479281,False,True,6.410269236796649
-2007500.0,707500.0,1500,14.610312603540253,False,False,5.860926111741279
-2002500.0,707500.0,1500,24.454071179710965,False,False,5.64351824064506
-1997500.0,707500.0,1500,33.55015361871748,False,True,5.623080979445541
-1992500.0,707500.0,1500,24.24392360138639,False,True,5.9262804744714845
-1987500.0,707500.0,1500,9.194222334188433,False,True,6.316821511671028
-1982500.0,707500.0,1500,-6.329767653130137,False,True,6.410178448689725
-1977500.0,707500.0,1500,-18.577938137657725,True,True,6.478001042402969
-1972500.0,707500.0,1500,-21.57522277043585,True,True,7.0966732291736765
-1967500.0,707500.0,1500,-19.9368517217045,True,True,7.556523967831069
-1962500.0,707500.0,1500,-20.613002836358717,True,True,6.970210782667129
-1957500.0,707500.0,1500,-25.842854623033478,True,True,6.21938306557778
-1952500.0,707500.0,1500,-24.417970540127087,True,True,6.344466110806452
-1947500.0,707500.0,1500,-20.64294811205798,True,True,6.1044259436580885
-1942500.0,707500.0,1500,-21.292096730119223,False,True,5.840773098589287
-1937500.0,707500.0,1500,-13.696651302113118,False,True,6.247486531794875
-1932500.0,707500.0,1500,7.9888616726441475,False,True,5.868032307564269
-1927500.0,707500.0,1500,27.24500812139499,False,True,5.263175858895688
-1922500.0,707500.0,1500,27.802633654015548,False,False,5.032803853096579
-1917500.0,707500.0,1500,20.508314326060294,False,False,4.802245373006432
-1912500.0,707500.0,1500,21.534747383088096,False,False,4.464776114115789
-1907500.0,707500.0,1500,30.47960484316709,False,False,4.091145152781009
-1902500.0,707500.0,1500,41.07737704619505,False,False,4.119375528063377
-1897500.0,707500.0,1500,34.49129992354779,False,False,4.265363892817698
-1892500.0,707500.0,1500,29.95488594294007,False,False,4.161449660654508
-1887500.0,707500.0,1500,48.15090315992636,False,False,4.445140828644135
-1882500.0,707500.0,1500,53.218038960574766,False,False,5.565610532751306
-1877500.0,707500.0,1500,22.51008341809272,False,False,6.619137910811068
-1872500.0,707500.0,1500,-4.456083615638111,False,False,6.1282823544095555
-1867500.0,707500.0,1500,-10.652681004289843,False,False,4.81220575024612
-1862500.0,707500.0,1500,-9.993968553176598,False,False,4.2002974056596285
-1857500.0,707500.0,1500,-0.5917330719157786,False,False,3.954893336748673
-1852500.0,707500.0,1500,4.755209180996816,False,False,4.223114088344628
-1847500.0,707500.0,1500,8.51779061069367,False,False,4.244607098625387
-1842500.0,707500.0,1500,12.410685904157283,False,False,4.270813802091849
-1837500.0,707500.0,1500,18.58030568298355,False,True,4.549033563500474
-1832500.0,707500.0,1500,19.12707673101455,False,True,3.9940135826322356
-1827500.0,707500.0,1500,10.65347543700252,False,True,4.105933476340986
-1822500.0,707500.0,1500,0.3356567574602174,False,True,4.951086726032266
-1817500.0,707500.0,1500,-4.578343593603966,False,True,5.031856960391894
-1812500.0,707500.0,1500,-5.3233823379808145,True,True,4.706768063825998
-1807500.0,707500.0,1500,-11.463656381427176,True,True,4.4094413011930635
-1802500.0,707500.0,1500,-18.294343675056567,True,True,4.082019158960777
-1797500.0,707500.0,1500,-18.369165136591672,True,True,4.204762988916382
-1792500.0,707500.0,1500,-14.725224247747429,True,True,4.168417701502727
-1787500.0,707500.0,1500,-18.968398929791906,True,True,3.909330845671782
-1782500.0,707500.0,1500,-26.286878165526556,True,True,3.6073615630700164
-1777500.0,707500.0,1500,-27.9890371885022,True,True,3.6195912645939945
-1772500.0,707500.0,1500,-27.705475763389263,True,True,4.363440958999038
-1767500.0,707500.0,1500,-29.709234136047442,True,True,5.6057996259417235
-1762500.0,707500.0,1500,-33.507718079217646,True,True,6.236859481534836
-1757500.0,707500.0,1500,-37.919553629546215,True,True,5.7365366343421975
-1752500.0,707500.0,1500,-37.30027349460448,True,True,5.340206487402993
-1747500.0,707500.0,1500,-32.41349908502438,True,True,5.56732660670932
-1742500.0,707500.0,1500,-28.119663990712095,True,True,6.459190100327779
-1737500.0,707500.0,1500,-23.54803246240303,True,True,6.7199981916894185
-1732500.0,707500.0,1500,-16.894384555358766,False,True,5.057408913969138
-1727500.0,707500.0,1500,-8.578442369426181,False,True,4.338290166106422
-1722500.0,707500.0,1500,1.6913374976705018,False,True,4.8497963021708355
-1717500.0,707500.0,1500,11.406920949597163,False,True,4.553998584871871
-1712500.0,707500.0,1500,18.51573112956852,False,False,3.5664088563337053
-1707500.0,707500.0,1500,18.98426579835506,False,False,3.210543694396984
-1702500.0,707500.0,1500,10.505946606899695,False,False,3.241976954123844
-1697500.0,707500.0,1500,2.906764285454052,False,False,3.1057119330477656
-1692500.0,707500.0,1500,3.1608937104280996,False,False,3.2400213056589537
-1687500.0,707500.0,1500,9.365659661546378,False,False,3.9462273320926506
-1682500.0,707500.0,1500,7.992362359720985,False,False,4.741097789505071
-1677500.0,707500.0,1500,1.9082152785918305,False,False,3.7948113644573445
-1672500.0,707500.0,1500,39.33131552786969,False,False,3.3050495082214733
-1667500.0,707500.0,1500,92.5793474397462,False,False,3.9913469834608266
-2197500.0,712500.0,1500,14.310369049876334,False,False,9.005438898592637
-2192500.0,712500.0,1500,25.714079159508227,False,False,8.466184134970355
-2187500.0,712500.0,1500,29.275104473099773,False,False,7.787924205640599
-2182500.0,712500.0,1500,44.33383874601601,False,False,6.894138304398188
-2177500.0,712500.0,1500,69.67312067668952,False,False,6.00579196144032
-2172500.0,712500.0,1500,80.45146836744837,False,False,5.200820899994306
-2167500.0,712500.0,1500,93.9059511681922,False,False,4.913257223922665
-2162500.0,712500.0,1500,90.39099464815015,False,False,5.429293056946625
-2157500.0,712500.0,1500,60.978916597210436,False,False,5.857034793010454
-2152500.0,712500.0,1500,34.821869215589636,False,False,5.5602778327876115
-2147500.0,712500.0,1500,14.580924150084531,False,False,5.124951523239318
-2142500.0,712500.0,1500,4.530486491027572,False,False,5.182284978216202
-2137500.0,712500.0,1500,28.19681853832529,False,False,5.691013840878458
-2132500.0,712500.0,1500,59.21582091887248,False,False,6.099944571805141
-2127500.0,712500.0,1500,64.70625123177868,False,True,5.818083522405676
-2122500.0,712500.0,1500,64.15525500642286,False,True,5.482157901092624
-2117500.0,712500.0,1500,48.03322928129558,False,True,5.832939696840576
-2112500.0,712500.0,1500,36.65884748639494,False,True,6.297902642278129
-2107500.0,712500.0,1500,33.82196203778121,False,True,6.2736407649866175
-2102500.0,712500.0,1500,19.201745987872517,False,True,6.112809282954174
-2097500.0,712500.0,1500,18.861706671703473,False,True,5.542503144989824
-2092500.0,712500.0,1500,21.337673308423597,False,False,5.031734049473071
-2087500.0,712500.0,1500,12.412661250628398,False,False,5.217913232549914
-2082500.0,712500.0,1500,1.1326037896029788,False,False,5.4193083783593385
-2077500.0,712500.0,1500,-6.446395796488365,False,False,5.5091083252960615
-2072500.0,712500.0,1500,-5.621028668011942,False,True,5.5526899863445
-2067500.0,712500.0,1500,-3.001818860279587,False,True,6.058124949013156
-2062500.0,712500.0,1500,-6.126546150514211,False,True,6.739342837547281
-2057500.0,712500.0,1500,-9.856354870334957,False,True,7.200718360907462
-2052500.0,712500.0,1500,-6.895580525777183,True,True,7.671895033600035
-2047500.0,712500.0,1500,-3.8426843622844373,True,True,7.870088653269056
-2042500.0,712500.0,1500,-2.901775424294046,False,True,7.89266131807894
-2037500.0,712500.0,1500,-3.2451101664747135,False,True,8.041691848777958
-2032500.0,712500.0,1500,-3.6037728330933527,True,True,8.137090623893016
-2027500.0,712500.0,1500,-4.300081716736362,False,True,7.862972344459505
-2022500.0,712500.0,1500,-5.214458152957086,False,True,7.080988865320204
-2017500.0,712500.0,1500,-0.02340776860333306,False,True,6.066206231772588
-2012500.0,712500.0,1500,12.43557484454466,False,True,5.299922718894976
-2007500.0,712500.0,1500,21.219060415653974,False,False,4.899107356782625
-2002500.0,712500.0,1500,42.46141182410134,False,False,4.658906491710585
-1997500.0,712500.0,1500,63.8853803064749,False,True,4.508299086922465
-1992500.0,712500.0,1500,56.322878344224854,False,True,4.584387670100242
-1987500.0,712500.0,1500,32.10237715761029,False,True,4.904093073007443
-1982500.0,712500.0,1500,-0.21897885096989173,False,True,5.255156454960848
-1977500.0,712500.0,1500,-20.242590564407504,False,True,5.676167491997905
-1972500.0,712500.0,1500,-24.225420820694445,True,True,6.520155377022203
-1967500.0,712500.0,1500,-25.414007334215025,True,True,6.993522355079801
-1962500.0,712500.0,1500,-28.29919862123495,True,True,6.667308855005478
-1957500.0,712500.0,1500,-31.217313310305652,True,True,6.133091211580572
-1952500.0,712500.0,1500,-29.060279418488324,True,True,5.716688441839365
-1947500.0,712500.0,1500,-26.210748415708462,True,True,6.176633933644857
-1942500.0,712500.0,1500,-20.266722689357707,False,True,7.2617488154353715
-1937500.0,712500.0,1500,-15.282086141174132,False,True,7.637854892144283
-1932500.0,712500.0,1500,-8.194470463318805,False,True,7.148505874401561
-1927500.0,712500.0,1500,3.597170703266626,False,True,6.4053196240968
-1922500.0,712500.0,1500,7.283087256489226,False,False,5.701019557482791
-1917500.0,712500.0,1500,9.989205400531631,False,False,5.018648808123012
-1912500.0,712500.0,1500,16.189105118379675,False,False,4.522653714306407
-1907500.0,712500.0,1500,21.83654912307162,False,False,4.395929700057685
-1902500.0,712500.0,1500,18.6982698860423,False,False,4.648997567909787
-1897500.0,712500.0,1500,30.66336010671872,False,False,5.030681930677732
-1892500.0,712500.0,1500,43.49243669750227,False,False,5.025435436563162
-1887500.0,712500.0,1500,40.28252844996992,False,False,4.5901185419327915
-1882500.0,712500.0,1500,29.309427877481763,False,False,4.849209998778196
-1877500.0,712500.0,1500,4.347489476097372,False,False,5.869036209195258
-1872500.0,712500.0,1500,-7.455649351150237,False,False,5.72359106675958
-1867500.0,712500.0,1500,-9.734190824144047,False,False,4.536421386719738
-1862500.0,712500.0,1500,-1.2954206447642522,False,False,3.797076353342078
-1857500.0,712500.0,1500,6.638379190798712,False,False,3.7127863567933748
-1852500.0,712500.0,1500,1.1832071681862424,False,False,3.9558602876516202
-1847500.0,712500.0,1500,-0.7235047374156949,False,True,4.338144600986388
-1842500.0,712500.0,1500,3.4155422331673218,False,True,4.195214139088697
-1837500.0,712500.0,1500,20.359198120500405,False,True,4.28511941405952
-1832500.0,712500.0,1500,28.335609031208055,False,True,4.407678084535141
-1827500.0,712500.0,1500,15.315711941200385,False,True,3.943628415046196
-1822500.0,712500.0,1500,1.8203745946928647,False,True,4.267624746566735
-1817500.0,712500.0,1500,-1.6688901938126632,False,True,4.44871206406671
-1812500.0,712500.0,1500,-2.1542028731962244,False,True,4.551846184149353
-1807500.0,712500.0,1500,-6.16651898498315,True,True,4.912137700340248
-1802500.0,712500.0,1500,-13.10223865361487,True,True,4.631698937739364
-1797500.0,712500.0,1500,-18.140237787710646,True,True,4.255564765598143
-1792500.0,712500.0,1500,-18.287730798305493,True,True,3.9751711540862686
-1787500.0,712500.0,1500,-22.48951726628488,True,True,3.7833630653111534
-1782500.0,712500.0,1500,-29.28948420268043,True,True,3.6449680956705715
-1777500.0,712500.0,1500,-30.587370535632825,True,True,4.066162821351628
-1772500.0,712500.0,1500,-30.186832225309587,True,True,4.672077279899275
-1767500.0,712500.0,1500,-32.55302116660504,True,True,4.902930982416911
-1762500.0,712500.0,1500,-33.375272510081224,True,True,5.609679073600881
-1757500.0,712500.0,1500,-33.33484220056264,True,True,6.656475603728819
-1752500.0,712500.0,1500,-30.77286474095887,True,True,6.541658517828347
-1747500.0,712500.0,1500,-26.346384480804776,True,True,5.508596599353006
-1742500.0,712500.0,1500,-23.54580538826466,True,True,5.027898803318341
-1737500.0,712500.0,1500,-20.512071729656263,True,True,4.674735740540505
-1732500.0,712500.0,1500,-15.46272370014885,False,True,3.872701526634807
-1727500.0,712500.0,1500,-12.617883464409353,False,True,3.527100119270329
-1722500.0,712500.0,1500,-6.098391686547131,False,True,4.208898903520576
-1717500.0,712500.0,1500,8.16666596040017,False,True,4.885541741316832
-1712500.0,712500.0,1500,23.284884041875422,False,False,3.8942827128981587
-1707500.0,712500.0,1500,26.99016792207317,False,False,3.165707778577138
-1702500.0,712500.0,1500,11.708618476608343,False,False,3.3678659295245588
-1697500.0,712500.0,1500,-0.2544374626601476,False,False,3.1866806003526023
-1692500.0,712500.0,1500,1.2176752158101747,False,False,3.1941375479305676
-1687500.0,712500.0,1500,4.43303192581142,False,False,3.8344926948479863
-1682500.0,712500.0,1500,-0.009454388604253613,False,False,4.556908469833156
-1677500.0,712500.0,1500,-5.427813751887648,False,False,3.7349231347124285
-1672500.0,712500.0,1500,22.821147043421714,False,False,3.5032278525567673
-1667500.0,712500.0,1500,56.765492507381786,False,False,4.175280138304199
-1662500.0,712500.0,1500,66.58303302456055,False,False,3.789749940530708
-2197500.0,717500.0,1500,8.407764617628096,False,False,7.315493228899275
-2192500.0,717500.0,1500,25.95348890002068,False,False,6.9979043400080565
-2187500.0,717500.0,1500,30.00207381882324,False,False,6.860457148934239
-2182500.0,717500.0,1500,37.46856152534874,False,False,6.359070247763759
-2177500.0,717500.0,1500,67.34318787497917,False,False,5.53943835514175
-2172500.0,717500.0,1500,87.8748237386518,False,False,4.946452808468056
-2167500.0,717500.0,1500,108.89740424398246,False,False,4.726662152148112
-2162500.0,717500.0,1500,106.30940373495694,False,False,4.502559200025573
-2157500.0,717500.0,1500,67.65805953513865,False,False,4.384776489027375
-2152500.0,717500.0,1500,45.21881251649105,False,False,4.358777996876924
-2147500.0,717500.0,1500,21.83953742835426,False,False,5.2287986205221975
-2142500.0,717500.0,1500,15.539432964151587,False,False,6.645457216950669
-2137500.0,717500.0,1500,46.529853861639694,False,False,6.889819492484069
-2132500.0,717500.0,1500,71.87478706979057,False,False,6.165183826168755
-2127500.0,717500.0,1500,64.90524006398782,False,False,5.528390824905882
-2122500.0,717500.0,1500,44.37423601442261,False,False,5.650955678348004
-2117500.0,717500.0,1500,22.43494661430904,False,True,6.310215693926258
-2112500.0,717500.0,1500,10.49938324743218,False,True,6.528073134033388
-2107500.0,717500.0,1500,15.240875887589215,False,True,6.091946752068511
-2102500.0,717500.0,1500,4.066393304522531,False,False,5.97422093359092
-2097500.0,717500.0,1500,-3.2203826784603127,False,False,5.664084818962802
-2092500.0,717500.0,1500,-3.2612063499944197,False,False,5.124200156585106
-2087500.0,717500.0,1500,-10.134870650147008,False,False,5.11186240479913
-2082500.0,717500.0,1500,-7.606193737279004,False,False,5.215942684152932
-2077500.0,717500.0,1500,-2.3505428005634394,False,True,5.506992550999574
-2072500.0,717500.0,1500,-2.196817516743096,False,True,5.878574835452953
-2067500.0,717500.0,1500,0.95141139738014,False,True,6.457991928926408
-2062500.0,717500.0,1500,1.414890278693453,False,True,7.146013934551849
-2057500.0,717500.0,1500,-1.947580465135934,True,True,7.450892431621625
-2052500.0,717500.0,1500,-1.253445960639622,True,True,7.451793756124136
-2047500.0,717500.0,1500,-2.6465221396689045,False,True,7.32541838942891
-2042500.0,717500.0,1500,-6.958393105896411,True,True,7.181973594576797
-2037500.0,717500.0,1500,-9.958184160551514,True,True,7.164688637224188
-2032500.0,717500.0,1500,-9.030395568823867,True,True,7.026230344639963
-2027500.0,717500.0,1500,-4.609352860071208,True,True,6.573410951992163
-2022500.0,717500.0,1500,-1.2154266184007203,False,True,5.891528413838935
-2017500.0,717500.0,1500,8.103589253568837,False,True,5.239929824970985
-2012500.0,717500.0,1500,28.091674067547228,False,True,4.826150034962669
-2007500.0,717500.0,1500,43.20113800110447,False,True,4.511541331838794
-2002500.0,717500.0,1500,69.47767092455821,False,False,4.109421716289653
-1992500.0,717500.0,1500,97.94892261361802,False,True,3.955362917407596
-1987500.0,717500.0,1500,58.8268547119373,False,True,4.662584790386423
-1982500.0,717500.0,1500,20.564774925832705,False,True,5.465897217714174
-1977500.0,717500.0,1500,2.650947456109664,False,True,5.923748315357685
-1972500.0,717500.0,1500,-9.659811833715569,False,True,5.842151963905
-1967500.0,717500.0,1500,-23.720775727273953,True,True,5.536399307797245
-1962500.0,717500.0,1500,-25.318739541355757,True,True,5.297233126056397
-1957500.0,717500.0,1500,-20.23592332209357,True,True,5.221741432157824
-1952500.0,717500.0,1500,-12.732381509153035,False,True,5.226780753531461
-1947500.0,717500.0,1500,-12.690478215518052,False,True,5.7721723736930555
-1942500.0,717500.0,1500,-7.153641545733905,False,True,6.670646001099354
-1937500.0,717500.0,1500,5.413848622185184,False,True,6.659113440771394
-1932500.0,717500.0,1500,8.81199438554763,False,True,5.911664907158766
-1927500.0,717500.0,1500,11.967610588805359,False,False,5.095643413400854
-1922500.0,717500.0,1500,14.776380844572216,False,False,4.588852514201697
-1917500.0,717500.0,1500,30.393650198293113,False,False,4.376242674638902
-1912500.0,717500.0,1500,49.35054350531665,False,False,4.480347673617093
-1907500.0,717500.0,1500,47.70092014951357,False,False,5.072023977476384
-1902500.0,717500.0,1500,38.55096825177464,False,False,5.795582574242269
-1897500.0,717500.0,1500,45.18190110831533,False,False,6.153875737276058
-1892500.0,717500.0,1500,39.61696275636968,False,False,5.679618283247868
-1887500.0,717500.0,1500,29.800333749011713,False,False,4.556874871282099
-1882500.0,717500.0,1500,30.66786733864162,False,False,3.735400887735631
-1877500.0,717500.0,1500,11.35573418846596,False,False,4.192704356335543
-1872500.0,717500.0,1500,7.286609765049206,False,False,4.4231209187796505
-1867500.0,717500.0,1500,14.558929506929234,False,False,4.2631233398753
-1862500.0,717500.0,1500,28.012988572114686,False,False,3.9444582856126646
-1857500.0,717500.0,1500,25.147317241228322,False,False,3.7206730244812745
-1852500.0,717500.0,1500,12.855550539257028,False,True,3.849993826771955
-1847500.0,717500.0,1500,3.5528513674291284,False,True,4.054391916105061
-1842500.0,717500.0,1500,-4.994519048056184,False,True,4.33555320246867
-1837500.0,717500.0,1500,14.489653924445104,False,True,4.112054285416167
-1832500.0,717500.0,1500,26.904546832715123,False,True,4.355939961328101
-1827500.0,717500.0,1500,16.629575357518736,False,True,4.458890174236373
-1822500.0,717500.0,1500,2.1782195038293013,False,True,4.188713903488674
-1817500.0,717500.0,1500,-2.6122492981114394,False,True,4.5027172158419955
-1812500.0,717500.0,1500,-4.630269708159923,True,True,4.570655679184971
-1807500.0,717500.0,1500,-8.663821518567971,True,True,4.823250162987378
-1802500.0,717500.0,1500,-12.468128617845903,True,True,4.726880899470498
-1797500.0,717500.0,1500,-16.45248656875836,True,True,3.9401139337631457
-1792500.0,717500.0,1500,-21.078361657655087,True,True,4.160085824041774
-1787500.0,717500.0,1500,-28.028431795336918,True,True,4.429451646552928
-1782500.0,717500.0,1500,-33.161425476070775,True,True,4.166040344097313
-1777500.0,717500.0,1500,-33.51804839079864,True,True,4.401958455922669
-1772500.0,717500.0,1500,-34.61854970721317,True,True,4.706227904938941
-1767500.0,717500.0,1500,-37.02249256943798,True,True,4.847028200131768
-1762500.0,717500.0,1500,-35.26805704803286,True,True,5.085476154960434
-1757500.0,717500.0,1500,-30.066773321227082,True,True,5.218563996715338
-1752500.0,717500.0,1500,-23.103734994395314,True,True,5.852985196239299
-1747500.0,717500.0,1500,-15.449688106812523,True,True,6.074345744891776
-1742500.0,717500.0,1500,-12.159576461060844,True,True,5.628431615112381
-1737500.0,717500.0,1500,-13.761768632620765,True,True,4.777991106096619
-1732500.0,717500.0,1500,-12.968378326669106,False,True,3.6267663638873815
-1727500.0,717500.0,1500,-12.407334265020209,False,True,3.3599433525679987
-1722500.0,717500.0,1500,-9.52585999949735,False,True,4.045790315837434
-1717500.0,717500.0,1500,1.9933601754688066,False,True,4.264482052779355
-1712500.0,717500.0,1500,18.329758684091143,False,False,3.347741412142125
-1707500.0,717500.0,1500,25.833765363452766,False,False,2.790864286360912
-1702500.0,717500.0,1500,14.800017891994951,False,False,3.282936179725753
-1697500.0,717500.0,1500,0.22107998310281332,False,False,3.5858009180399373
-1692500.0,717500.0,1500,-7.0427548443403305,False,False,3.551405796374824
-1687500.0,717500.0,1500,-7.626124476883535,False,False,4.065452353797414
-1682500.0,717500.0,1500,-4.791752330618669,False,False,4.448976216807134
-1677500.0,717500.0,1500,-1.918725210553857,False,False,3.643752105782129
-1672500.0,717500.0,1500,14.323075321119166,False,False,3.6101147689293906
-1667500.0,717500.0,1500,43.06697090486077,False,False,4.261782882201584
-1662500.0,717500.0,1500,54.87979585489067,False,False,3.7123032405480934
-1657500.0,717500.0,1500,59.59613742344601,False,False,3.241685943026444
-2197500.0,722500.0,1500,9.428381967119073,False,False,6.689623698148666
-2192500.0,722500.0,1500,25.262904022910057,False,False,6.769128356531188
-2187500.0,722500.0,1500,32.074813874991975,False,False,6.7034531285233925
-2182500.0,722500.0,1500,32.505892951210214,False,False,6.111628185407646
-2177500.0,722500.0,1500,54.51504033529824,False,False,5.296580602998715
-2172500.0,722500.0,1500,82.05179898626785,False,False,4.658946563870645
-2167500.0,722500.0,1500,112.72937069208061,False,False,4.033918778176618
-2162500.0,722500.0,1500,123.34830255132887,False,False,3.6566762908047776
-2157500.0,722500.0,1500,76.82845482840713,False,False,4.086626239890195
-2152500.0,722500.0,1500,47.747389927155204,False,False,5.065040297349752
-2147500.0,722500.0,1500,23.490576238042465,False,False,6.253276268875267
-2142500.0,722500.0,1500,20.092095077548244,False,False,6.98500040521194
-2137500.0,722500.0,1500,44.93841211292553,False,False,6.717403893413783
-2132500.0,722500.0,1500,53.37079649610995,False,False,5.8861181603981985
-2127500.0,722500.0,1500,44.888667028101615,False,False,5.562194979709354
-2122500.0,722500.0,1500,23.648993649140916,False,False,6.050746686494727
-2117500.0,722500.0,1500,22.350537140615003,False,False,6.509474861027474
-2112500.0,722500.0,1500,32.05756682685907,False,False,6.228697775219587
-2107500.0,722500.0,1500,39.560106861203664,False,False,5.781696131648056
-2102500.0,722500.0,1500,29.403430178129046,False,False,6.150300526911265
-2097500.0,722500.0,1500,29.752723361040843,False,False,6.6350950702213165
-2092500.0,722500.0,1500,24.33605765845572,False,False,6.8060586937175245
-2087500.0,722500.0,1500,3.937840356609742,False,False,6.8695770058933014
-2082500.0,722500.0,1500,11.68337655609748,False,False,6.730242114193884
-2077500.0,722500.0,1500,19.80451174907335,False,False,6.720510402930347
-2072500.0,722500.0,1500,6.835307182344056,False,True,6.83867191204679
-2067500.0,722500.0,1500,10.444806784664369,False,True,6.7489922664548185
-2062500.0,722500.0,1500,13.576259034436742,False,True,6.809608986485449
-2057500.0,722500.0,1500,2.5964426227996658,False,True,7.028865853723056
-2052500.0,722500.0,1500,-0.6956114875096033,True,True,6.998737932082589
-2047500.0,722500.0,1500,-6.755025867389262,True,True,6.849471480092126
-2042500.0,722500.0,1500,-15.298544857086478,True,True,6.6407082215707955
-2037500.0,722500.0,1500,-19.879191195025143,True,True,6.477104404893926
-2032500.0,722500.0,1500,-15.359056355406542,True,True,6.459245922265355
-2027500.0,722500.0,1500,-5.785117962666394,True,True,6.418481390911006
-2022500.0,722500.0,1500,3.3242568022868655,False,True,6.165438363550387
-2017500.0,722500.0,1500,20.97106053344794,False,True,5.755585836278636
-2012500.0,722500.0,1500,38.872375127320296,False,True,5.334561433846403
-2007500.0,722500.0,1500,59.95774914533746,False,True,4.925379843371113
-2002500.0,722500.0,1500,94.07713989800466,False,False,4.588440905442251
-1992500.0,722500.0,1500,94.57615703771559,False,False,4.2599193311406065
-1987500.0,722500.0,1500,52.248838100076966,False,True,4.435408957057066
-1982500.0,722500.0,1500,23.050647660708375,False,True,4.579333182913356
-1977500.0,722500.0,1500,5.327821138633514,False,True,4.592789693958968
-1972500.0,722500.0,1500,-7.933391396727289,False,True,4.574517282443019
-1967500.0,722500.0,1500,-16.6785725979069,True,True,4.926648779448413
-1962500.0,722500.0,1500,-13.555244011242918,False,True,5.2732637533206335
-1957500.0,722500.0,1500,-2.3855122279243375,False,True,5.481990790518996
-1952500.0,722500.0,1500,10.786372348298428,False,True,5.684414797560062
-1947500.0,722500.0,1500,13.702562659696724,False,True,5.787474137208223
-1942500.0,722500.0,1500,10.625820506916003,False,True,5.711636236934915
-1937500.0,722500.0,1500,20.116501123015308,False,True,5.21500807536388
-1932500.0,722500.0,1500,31.878934564960456,False,True,4.417973904838183
-1927500.0,722500.0,1500,38.536678520669405,False,False,4.18464107574934
-1922500.0,722500.0,1500,34.86952298261716,False,False,4.646743600454747
-1917500.0,722500.0,1500,37.36663759919907,False,False,4.6888373215724535
-1912500.0,722500.0,1500,56.0110596420989,False,False,4.81703629559719
-1907500.0,722500.0,1500,52.04202559562201,False,False,5.505966388687489
-1902500.0,722500.0,1500,37.741098747255734,False,False,5.897392684978966
-1897500.0,722500.0,1500,28.657555665791186,False,False,6.120065830793713
-1892500.0,722500.0,1500,20.77394940717991,False,False,5.334546293268739
-1887500.0,722500.0,1500,25.62467552137294,False,False,4.215247663556741
-1882500.0,722500.0,1500,31.1330340489751,False,False,3.690723887828601
-1877500.0,722500.0,1500,22.40582102171147,False,False,3.503384160338844
-1872500.0,722500.0,1500,19.46909488894665,False,False,3.4807802628851268
-1867500.0,722500.0,1500,28.676231252210833,False,False,3.946429842215049
-1862500.0,722500.0,1500,37.39376641834157,False,False,4.310860388202322
-1857500.0,722500.0,1500,24.20017236819862,False,True,3.7401785322095966
-1852500.0,722500.0,1500,21.585391416208083,False,True,3.8290830773044924
-1847500.0,722500.0,1500,15.582814906435251,False,True,4.03438979346202
-1842500.0,722500.0,1500,-4.900397732792699,False,True,4.380075860361648
-1837500.0,722500.0,1500,4.20616202709531,False,True,4.520464269369278
-1832500.0,722500.0,1500,11.38751465942789,False,True,4.321608391554259
-1827500.0,722500.0,1500,0.49590066806624816,False,True,4.85862676936688
-1822500.0,722500.0,1500,-8.952955478576058,False,True,4.9477934976384015
-1817500.0,722500.0,1500,-12.070253844769354,True,True,4.633874884718754
-1812500.0,722500.0,1500,-14.767228233917818,True,True,4.6198878967608294
-1807500.0,722500.0,1500,-16.395234289764357,True,True,4.409000438645241
-1802500.0,722500.0,1500,-16.993533803128145,True,True,4.384200037360257
-1797500.0,722500.0,1500,-18.643389769619496,True,True,4.546519082853414
-1792500.0,722500.0,1500,-24.69973579841299,True,True,4.47003773089645
-1787500.0,722500.0,1500,-32.65593645877841,True,True,4.228125396402762
-1782500.0,722500.0,1500,-36.85756054892139,True,True,4.22376543923986
-1777500.0,722500.0,1500,-38.20823678457744,True,True,4.463169248685175
-1772500.0,722500.0,1500,-40.78355183438088,True,True,4.260496890107476
-1767500.0,722500.0,1500,-41.92485026758416,True,True,4.376032124472675
-1762500.0,722500.0,1500,-36.718700960051606,True,True,5.049761904523556
-1757500.0,722500.0,1500,-23.925022077022533,True,True,4.68775595984396
-1752500.0,722500.0,1500,-10.775177803877076,True,True,4.051897577476847
-1747500.0,722500.0,1500,-0.16955801261085415,True,True,4.558565207397935
-1742500.0,722500.0,1500,5.697445830264892,False,True,5.601805261805865
-1737500.0,722500.0,1500,0.480907682059235,False,True,5.021779141469773
-1732500.0,722500.0,1500,-4.2988762392007525,False,True,3.4938524927013104
-1727500.0,722500.0,1500,-3.2982680271347,False,True,3.2393668813497474
-1722500.0,722500.0,1500,-3.327053746923698,False,True,3.4521645563294725
-1717500.0,722500.0,1500,-2.9186766123115424,False,False,3.2869206812658205
-1712500.0,722500.0,1500,3.0093342358375925,False,False,2.934690727048398
-1707500.0,722500.0,1500,8.69471483045961,False,False,3.0556853827459123
-1702500.0,722500.0,1500,9.239750065032757,False,False,3.3848881044419112
-1697500.0,722500.0,1500,-1.570461921396044,False,False,3.4487835886426845
-1692500.0,722500.0,1500,-16.656631410769076,False,False,3.7097042108820766
-1687500.0,722500.0,1500,-16.73636117180019,False,False,4.33925181017244
-1682500.0,722500.0,1500,-6.109799686834957,False,False,4.429862611122114
-1677500.0,722500.0,1500,-0.35410315030285566,False,False,3.567976533983576
-1672500.0,722500.0,1500,7.0316426672698364,False,False,3.6685207759192693
-1667500.0,722500.0,1500,37.25163767299078,False,False,4.361469537606788
-1662500.0,722500.0,1500,43.934020977533955,False,False,3.6544986818648484
-1657500.0,722500.0,1500,35.36045718953638,False,False,3.2480227453225092
-2197500.0,727500.0,1500,16.916071106396025,False,False,7.222633354528317
-2192500.0,727500.0,1500,27.456832714554785,False,False,7.213802438132524
-2187500.0,727500.0,1500,32.19030906613292,False,False,6.704446262197715
-2182500.0,727500.0,1500,29.051483646246297,False,False,5.6455906315687
-2177500.0,727500.0,1500,39.63505297827796,False,False,4.5356446206129775
-2172500.0,727500.0,1500,69.06705115729288,False,False,4.060821986244039
-2167500.0,727500.0,1500,102.07730638833083,False,False,4.044233034596999
-2162500.0,727500.0,1500,126.68830285767449,False,False,4.211587575000823
-2157500.0,727500.0,1500,102.04962871850536,False,False,4.678766646823873
-2152500.0,727500.0,1500,65.57129249669434,False,False,5.416564917191974
-2147500.0,727500.0,1500,29.549271486148726,False,False,6.2319979507000465
-2142500.0,727500.0,1500,33.070380970577304,False,False,6.475536614601189
-2137500.0,727500.0,1500,59.15295290674193,False,False,5.953448807185003
-2132500.0,727500.0,1500,52.68312305875603,False,False,5.428103485090403
-2127500.0,727500.0,1500,39.32247819220425,False,False,5.652877946443081
-2122500.0,727500.0,1500,38.223989472780715,False,False,6.116058592733539
-2117500.0,727500.0,1500,53.54624383535817,False,False,6.019472236139183
-2112500.0,727500.0,1500,65.37338397589124,False,False,5.396161525493186
-2107500.0,727500.0,1500,66.12176806304342,False,False,5.2637640048217715
-2102500.0,727500.0,1500,56.81882779057095,False,False,5.875212606401342
-2097500.0,727500.0,1500,59.98946065709198,False,False,6.309721347454882
-2092500.0,727500.0,1500,39.713687738678175,False,False,6.655874536991934
-2087500.0,727500.0,1500,18.51576155264574,False,False,6.810279596740933
-2082500.0,727500.0,1500,31.18124565987933,False,False,6.512250522621266
-2077500.0,727500.0,1500,42.787493537240394,False,False,6.326322838243612
-2072500.0,727500.0,1500,26.796947535851448,False,True,6.546785768964108
-2067500.0,727500.0,1500,30.72770052949186,False,True,6.546988971726192
-2062500.0,727500.0,1500,30.099081531033175,False,True,6.676666351685808
-2057500.0,727500.0,1500,4.173716771272254,False,True,7.016376578684937
-2052500.0,727500.0,1500,-2.5262647701377037,False,True,6.922857563988198
-2047500.0,727500.0,1500,-8.771268402711135,True,True,6.700647834991788
-2042500.0,727500.0,1500,-17.418631203000043,True,True,6.639090436012599
-2037500.0,727500.0,1500,-20.74004627901593,True,True,6.834364719125656
-2032500.0,727500.0,1500,-14.959615378145328,True,True,7.191691018344906
-2027500.0,727500.0,1500,-4.716484204714661,False,True,7.286665921187448
-2022500.0,727500.0,1500,3.74044839351662,False,True,6.970604926301954
-2017500.0,727500.0,1500,13.39971737320439,False,True,6.526037467822986
-2012500.0,727500.0,1500,23.123141839940626,False,True,6.104800568052952
-2007500.0,727500.0,1500,46.1836502964215,False,False,5.675848484182318
-2002500.0,727500.0,1500,63.20925272226219,False,False,5.2986615182542245
-1997500.0,727500.0,1500,62.598777476879775,False,False,4.598500118000989
-1992500.0,727500.0,1500,44.36824191396388,False,False,3.9905807806808764
-1987500.0,727500.0,1500,12.026908212126276,False,False,3.7498623904268014
-1982500.0,727500.0,1500,-3.7643737223494815,False,True,3.6101778981214445
-1977500.0,727500.0,1500,-9.09576597854223,False,True,4.105122629354294
-1972500.0,727500.0,1500,-3.263826987230869,False,True,5.02863294474101
-1967500.0,727500.0,1500,2.851313536060849,False,True,5.827145371568161
-1962500.0,727500.0,1500,7.342690216664795,False,True,6.1365434955696765
-1957500.0,727500.0,1500,16.170744694851884,False,True,6.009776198254189
-1952500.0,727500.0,1500,24.19550728375233,False,True,5.5651169263815135
-1947500.0,727500.0,1500,39.01286719807739,False,True,4.974579255339175
-1942500.0,727500.0,1500,36.93534646161917,False,True,4.719203293864309
-1937500.0,727500.0,1500,24.577901754898882,False,True,4.72190400748279
-1932500.0,727500.0,1500,25.47039943984869,False,False,4.068142344744723
-1927500.0,727500.0,1500,29.964689677435064,False,False,4.120768011728806
-1922500.0,727500.0,1500,24.963658306512823,False,False,5.298521265537516
-1917500.0,727500.0,1500,21.37332143631019,False,False,5.0624591674980755
-1912500.0,727500.0,1500,28.87843614402526,False,False,4.086944233270873
-1907500.0,727500.0,1500,29.001329341017623,False,False,4.47451157084688
-1902500.0,727500.0,1500,28.95837785631674,False,False,4.992117655571445
-1897500.0,727500.0,1500,20.999180166755487,False,False,5.183698039362778
-1892500.0,727500.0,1500,23.99505120489135,False,False,4.625290829188055
-1887500.0,727500.0,1500,36.05419599865984,False,False,3.58164432970832
-1882500.0,727500.0,1500,37.063461747661094,False,False,3.5459820460167872
-1877500.0,727500.0,1500,33.96762905625383,False,False,3.5152356515240766
-1872500.0,727500.0,1500,24.524935311927,False,True,3.5706285601806824
-1867500.0,727500.0,1500,18.426703944794788,False,True,3.835506027878956
-1862500.0,727500.0,1500,18.54086345174329,False,True,4.324758988540824
-1857500.0,727500.0,1500,24.815890711020806,False,True,4.189110390150534
-1852500.0,727500.0,1500,27.30958435608469,False,True,3.8453846793981583
-1847500.0,727500.0,1500,14.719442653027066,False,True,4.300622112310795
-1842500.0,727500.0,1500,-3.515065397639032,False,True,4.39984842775806
-1837500.0,727500.0,1500,-7.155648060047243,True,True,4.692597361830837
-1832500.0,727500.0,1500,-8.414593330997596,True,True,4.78545072427237
-1827500.0,727500.0,1500,-16.697221820965723,True,True,4.649773481387543
-1822500.0,727500.0,1500,-17.731981127540486,True,True,5.371381500089793
-1817500.0,727500.0,1500,-16.780529815933843,True,True,5.017832241158102
-1812500.0,727500.0,1500,-19.45532379909408,True,True,4.254429009980694
-1807500.0,727500.0,1500,-18.844390124386738,True,True,4.455305027809807
-1802500.0,727500.0,1500,-19.566741644285987,True,True,4.616710641658399
-1797500.0,727500.0,1500,-24.144927472613993,True,True,5.415035896724543
-1792500.0,727500.0,1500,-31.346261745321314,True,True,5.082764828143019
-1787500.0,727500.0,1500,-36.79012932747772,True,True,3.7492883956994105
-1782500.0,727500.0,1500,-38.176962047826144,True,True,4.199590674775107
-1777500.0,727500.0,1500,-40.08120943491736,True,True,4.682553627857947
-1772500.0,727500.0,1500,-43.59045799605305,True,True,4.294942397853658
-1767500.0,727500.0,1500,-44.38746480154346,True,True,4.0719128126122275
-1762500.0,727500.0,1500,-37.479742430574156,True,True,4.205124934422661
-1757500.0,727500.0,1500,-19.60284359008633,True,True,4.4785293336227685
-1752500.0,727500.0,1500,-0.9194831728343862,True,True,4.628098132879849
-1747500.0,727500.0,1500,11.516088803104859,False,True,4.485189668039624
-1742500.0,727500.0,1500,18.367712225105024,False,True,4.179051346520714
-1737500.0,727500.0,1500,13.299165339064425,False,True,3.6901276493198774
-1732500.0,727500.0,1500,6.68532807292192,False,True,3.2877942469180064
-1727500.0,727500.0,1500,7.2628523315755364,False,True,3.5969555274066245
-1722500.0,727500.0,1500,4.723275055718955,False,True,3.8869971301241053
-1717500.0,727500.0,1500,-2.520987678115742,False,False,3.577699600068624
-1712500.0,727500.0,1500,-10.188825445875658,False,False,3.1089971080756507
-1707500.0,727500.0,1500,-16.2331162868733,False,False,3.121335366445279
-1702500.0,727500.0,1500,-12.38248789873899,False,False,3.065582626679928
-1697500.0,727500.0,1500,-14.106782908216692,False,False,2.927263997134065
-1692500.0,727500.0,1500,-25.623057375354353,False,False,3.6001742331392625
-1687500.0,727500.0,1500,-24.234074653049834,False,False,4.39579449615033
-1682500.0,727500.0,1500,-12.099344541200445,False,False,4.2872272534554305
-1677500.0,727500.0,1500,-8.80751872781129,False,False,3.513332000358849
-1672500.0,727500.0,1500,-12.061732939037542,False,False,3.800373294595767
-1667500.0,727500.0,1500,-6.025871949659409,False,False,4.460521033835587
-1662500.0,727500.0,1500,-10.269645853791065,False,False,3.6648757481522423
-1657500.0,727500.0,1500,-18.431620294592697,False,False,3.357753980016793
-1652500.0,727500.0,1500,-18.630183315525937,False,False,4.009810623801714
-2197500.0,732500.0,1500,24.319274311940365,False,False,7.380902201462605
-2192500.0,732500.0,1500,30.722647687571644,False,False,6.829476526452575
-2187500.0,732500.0,1500,33.4625785287911,False,False,5.638185720817085
-2182500.0,732500.0,1500,28.512446392328066,False,False,4.671125939606388
-2177500.0,732500.0,1500,25.45911087645334,False,False,4.36772644017611
-2172500.0,732500.0,1500,37.80638711334687,False,False,4.604137435534903
-2167500.0,732500.0,1500,51.925205272872674,False,False,5.068785705467351
-2162500.0,732500.0,1500,72.9647897514439,False,False,4.970221615184952
-2157500.0,732500.0,1500,83.34591442353833,False,False,4.840448737881088
-2152500.0,732500.0,1500,57.73310502403909,False,False,5.4540553909380955
-2147500.0,732500.0,1500,19.15317289577789,False,False,6.152438757637385
-2142500.0,732500.0,1500,21.830970269299016,False,False,6.086103417109728
-2137500.0,732500.0,1500,39.97127400299593,False,False,5.438776114779565
-2132500.0,732500.0,1500,55.62135869614192,False,False,5.185239253193005
-2127500.0,732500.0,1500,64.01846710782634,False,False,5.563792924317818
-2122500.0,732500.0,1500,76.99824533931233,False,False,5.654709032543796
-2117500.0,732500.0,1500,87.61134214718568,False,False,5.2199126057831435
-2112500.0,732500.0,1500,82.84879033569267,False,False,4.857559803223322
-2107500.0,732500.0,1500,89.7548399011029,False,False,5.019932990897075
-2102500.0,732500.0,1500,93.21103180089167,False,False,5.504433946653735
-2097500.0,732500.0,1500,81.82245966763162,False,False,6.0916282823579895
-2092500.0,732500.0,1500,41.6094689880001,False,False,6.751454383549978
-2087500.0,732500.0,1500,32.274079383476824,False,False,6.900461592173353
-2082500.0,732500.0,1500,46.48330900900303,False,False,6.60171125580102
-2077500.0,732500.0,1500,56.650995812282424,False,False,6.10725548702455
-2072500.0,732500.0,1500,47.880752617010394,False,False,6.116488352024562
-2067500.0,732500.0,1500,37.45130513673395,False,True,6.497666550064913
-2062500.0,732500.0,1500,23.374957681805167,False,True,6.666146714112418
-2057500.0,732500.0,1500,-2.8782376582324805,False,True,6.726470633444799
-2052500.0,732500.0,1500,-6.349529835996447,False,True,6.67946685943711
-2047500.0,732500.0,1500,-8.059538510025652,True,True,6.831664591081285
-2042500.0,732500.0,1500,-13.819136002782775,False,True,6.997446333429804
-2037500.0,732500.0,1500,-15.026804140065067,True,True,7.001064620634055
-2032500.0,732500.0,1500,-9.483206781458232,True,True,7.306869542193736
-2027500.0,732500.0,1500,-3.4036681709150844,False,True,7.5060457029947205
-2022500.0,732500.0,1500,-2.943244356953381,False,True,7.2185722440522335
-2017500.0,732500.0,1500,-0.6917064364752359,False,True,6.78884762993675
-2012500.0,732500.0,1500,15.807191009960396,False,True,6.2637508453709
-2007500.0,732500.0,1500,30.970230777371942,False,True,5.784579112669146
-2002500.0,732500.0,1500,15.680465721912377,False,False,5.214853957719227
-1997500.0,732500.0,1500,7.70784643314108,False,False,4.23665480735594
-1992500.0,732500.0,1500,14.418853399979662,False,False,3.730985544912593
-1987500.0,732500.0,1500,11.912846162149865,False,False,4.084677663203038
-1982500.0,732500.0,1500,23.917042671714228,False,True,4.377965517669999
-1977500.0,732500.0,1500,25.982115983358852,False,True,4.984325890651663
-1972500.0,732500.0,1500,25.734703970665734,False,True,5.6957133571628225
-1967500.0,732500.0,1500,28.09410340409988,False,True,5.786445902768486
-1962500.0,732500.0,1500,28.986608588904527,False,True,5.448929766239991
-1957500.0,732500.0,1500,29.092759722151715,False,True,5.054277605976571
-1952500.0,732500.0,1500,24.050174297445242,False,True,4.75051228060888
-1947500.0,732500.0,1500,33.90765322610237,False,True,4.581387457227217
-1942500.0,732500.0,1500,42.6591477562365,False,False,4.832407818647433
-1937500.0,732500.0,1500,41.31038988765672,False,False,5.38950783952912
-1932500.0,732500.0,1500,34.78538127749299,False,False,4.88922165794617
-1927500.0,732500.0,1500,27.291312943880644,False,False,4.241500457279811
-1922500.0,732500.0,1500,29.097631047473918,False,False,5.121493997155052
-1917500.0,732500.0,1500,48.117888204544,False,False,5.032166222016471
-1912500.0,732500.0,1500,42.96756982125186,False,False,3.62353851568536
-1907500.0,732500.0,1500,18.02290466790922,False,False,3.6942596083044514
-1902500.0,732500.0,1500,22.222656240722433,False,False,4.323354402472626
-1897500.0,732500.0,1500,26.65873789457452,False,False,4.383941130842088
-1892500.0,732500.0,1500,35.95156313819693,False,False,4.394065394061621
-1887500.0,732500.0,1500,42.57003179467233,False,False,3.822954654644266
-1882500.0,732500.0,1500,44.400685771925566,False,True,3.7638526867771236
-1877500.0,732500.0,1500,34.636099087150996,False,True,4.112298569025923
-1872500.0,732500.0,1500,19.476585730639563,False,True,4.081753728613752
-1867500.0,732500.0,1500,11.315503244682553,False,True,3.834080602080726
-1862500.0,732500.0,1500,4.411206463379802,False,True,4.376865206345669
-1857500.0,732500.0,1500,24.68857713130306,False,True,4.831068571414196
-1852500.0,732500.0,1500,31.6625118402097,False,True,4.065996801462701
-1847500.0,732500.0,1500,18.083776082250942,False,True,4.301304575344185
-1842500.0,732500.0,1500,2.596187994891065,True,True,4.691188799933689
-1837500.0,732500.0,1500,-9.942074860792719,True,True,4.412159617679961
-1832500.0,732500.0,1500,-15.992442913426977,True,True,4.725019046010629
-1827500.0,732500.0,1500,-19.84311723270638,True,True,4.651979848945756
-1822500.0,732500.0,1500,-19.38244435030949,True,True,4.5113520926728
-1817500.0,732500.0,1500,-20.021435049379168,True,True,4.730772392114163
-1812500.0,732500.0,1500,-23.246117308139194,True,True,4.095540330290586
-1807500.0,732500.0,1500,-23.40770166177838,True,True,4.504417496679036
-1802500.0,732500.0,1500,-27.5551509271539,True,True,4.82631735639871
-1797500.0,732500.0,1500,-35.01893030892704,True,True,4.8787293024789555
-1792500.0,732500.0,1500,-38.94401144468856,True,True,5.407676220435397
-1787500.0,732500.0,1500,-39.16719949209591,True,True,4.645457865901591
-1782500.0,732500.0,1500,-37.88598056125811,True,True,4.265017850673221
-1777500.0,732500.0,1500,-38.02710582871954,True,True,4.636306817300346
-1772500.0,732500.0,1500,-41.12401923500454,True,True,4.491881994672947
-1767500.0,732500.0,1500,-43.769877425273805,True,True,4.086106193658933
-1762500.0,732500.0,1500,-36.143075886103375,True,True,4.294918422438912
-1757500.0,732500.0,1500,-16.687292876765124,True,True,4.460224800692294
-1752500.0,732500.0,1500,2.079567027201741,False,True,4.768683798688462
-1747500.0,732500.0,1500,13.71434132824485,False,True,4.544565997771486
-1742500.0,732500.0,1500,17.530503377468648,False,True,3.4369464700851426
-1737500.0,732500.0,1500,13.101869807806358,False,True,3.1818001877148343
-1732500.0,732500.0,1500,9.817135160981147,False,True,3.3793503023278095
-1727500.0,732500.0,1500,9.656275166196831,False,True,4.105893978230057
-1722500.0,732500.0,1500,5.731711873403678,False,False,4.815999723820402
-1717500.0,732500.0,1500,-4.665133051483584,False,False,4.254392287749428
-1712500.0,732500.0,1500,-18.808875235365385,False,False,3.2929913406855436
-1707500.0,732500.0,1500,-27.68538389249287,False,False,2.9954651839260977
-1702500.0,732500.0,1500,-23.524537270503842,False,False,2.9364269180774034
-1697500.0,732500.0,1500,-19.56707957990846,False,False,2.765384738988122
-1692500.0,732500.0,1500,-24.533916746680823,False,False,3.4235772099333617
-1687500.0,732500.0,1500,-25.945309801311836,False,False,4.385538723374507
-1682500.0,732500.0,1500,-21.527247949980772,False,False,4.242968675732476
-1677500.0,732500.0,1500,-19.635259124478864,False,False,3.5291876634045556
-1672500.0,732500.0,1500,-22.986325994708285,False,False,3.836511227470134
-1667500.0,732500.0,1500,-27.727682001426242,False,False,4.3520345054132195
-1662500.0,732500.0,1500,-31.447249502401338,False,False,3.666092768865555
-1657500.0,732500.0,1500,-29.222403398767632,False,False,3.510353128723647
-1652500.0,732500.0,1500,-26.39195068156284,False,False,4.060946469886762
-2197500.0,737500.0,1500,27.53809292354359,False,False,6.385029924272093
-2192500.0,737500.0,1500,32.014201497551475,False,False,5.0110265886754375
-2187500.0,737500.0,1500,32.998056755730204,False,False,4.336254164854372
-2182500.0,737500.0,1500,38.031035051903025,False,False,4.706885795760947
-2177500.0,737500.0,1500,53.939115858653054,False,False,5.281211527066592
-2172500.0,737500.0,1500,58.65304039867574,False,False,5.467985975334066
-2167500.0,737500.0,1500,53.87841144340873,False,False,5.338819032307397
-2162500.0,737500.0,1500,61.446437335015496,False,False,5.0258536205731055
-2157500.0,737500.0,1500,63.369562011357104,False,False,5.17445290849424
-2152500.0,737500.0,1500,47.607583220735975,False,False,5.764547425291687
-2147500.0,737500.0,1500,37.943900243728685,False,False,5.973189164899432
-2142500.0,737500.0,1500,39.74436457354883,False,False,5.6448727185928735
-2137500.0,737500.0,1500,37.52713893969086,False,False,5.297169239418688
-2132500.0,737500.0,1500,50.22547987316771,False,False,5.381423234336132
-2127500.0,737500.0,1500,71.73340341442034,False,False,5.51729101895433
-2122500.0,737500.0,1500,110.27595209553948,False,False,5.023123870280521
-2112500.0,737500.0,1500,119.22814286239527,False,False,4.659547444446998
-2097500.0,737500.0,1500,99.18319632705405,False,False,6.171177903742228
-2092500.0,737500.0,1500,55.753536890609034,False,False,6.789349557218075
-2087500.0,737500.0,1500,53.95415459557745,False,False,6.758248180049772
-2082500.0,737500.0,1500,66.16025583191092,False,False,6.358042804412953
-2077500.0,737500.0,1500,64.61777223625084,False,False,5.402909260168856
-2072500.0,737500.0,1500,47.63969738144757,False,False,5.1146842498472065
-2067500.0,737500.0,1500,27.780252376396387,False,False,5.911326343761242
-2062500.0,737500.0,1500,8.196531605674735,False,True,6.374770849137542
-2057500.0,737500.0,1500,-7.714733929588977,False,True,6.651643910259558
-2052500.0,737500.0,1500,-6.335438760893949,False,True,6.9000752534779695
-2047500.0,737500.0,1500,-5.082600270834973,False,True,7.249565580957983
-2042500.0,737500.0,1500,-8.140031731239365,False,True,7.1809442399579435
-2037500.0,737500.0,1500,-9.3090004813516,False,True,6.380639688910144
-2032500.0,737500.0,1500,-4.935222644255177,True,True,6.723417651915818
-2027500.0,737500.0,1500,-4.1693288375994975,True,True,7.5470731958464485
-2022500.0,737500.0,1500,-9.408036986390528,False,True,7.2614570675438515
-2017500.0,737500.0,1500,-7.732584837240463,False,True,6.519535147806764
-2012500.0,737500.0,1500,5.8535601594154905,False,True,5.6221630219387455
-2007500.0,737500.0,1500,8.310871958577486,False,True,4.745574775761926
-2002500.0,737500.0,1500,-1.0150347365434456,False,True,4.187488864490576
-1997500.0,737500.0,1500,1.260857263777882,False,False,4.217908403907642
-1992500.0,737500.0,1500,13.35883796977256,False,False,4.590833190207088
-1987500.0,737500.0,1500,23.860928054772106,False,False,5.133074096491908
-1982500.0,737500.0,1500,45.47954609066847,False,False,5.348056022147343
-1977500.0,737500.0,1500,54.87013131860199,False,True,4.935779419302818
-1972500.0,737500.0,1500,50.06858314881164,False,True,4.6172420205836495
-1967500.0,737500.0,1500,49.549683864494135,False,True,4.616967417463091
-1962500.0,737500.0,1500,42.81170495952126,False,True,4.509594224232606
-1957500.0,737500.0,1500,33.19125461088004,False,True,4.405564332619707
-1952500.0,737500.0,1500,26.975862202187542,False,False,4.37822993122413
-1947500.0,737500.0,1500,37.10964055937275,False,False,4.829210135192443
-1942500.0,737500.0,1500,61.189189458619275,False,False,5.331438511675477
-1937500.0,737500.0,1500,73.21398788771934,False,False,5.557863486686708
-1932500.0,737500.0,1500,59.756650342120665,False,False,5.122401625073975
-1927500.0,737500.0,1500,48.541296652471345,False,False,3.9852815255846306
-1922500.0,737500.0,1500,55.88574185868066,False,False,4.341863511307259
-1917500.0,737500.0,1500,81.70551685446651,False,False,4.520580096639332
-1912500.0,737500.0,1500,70.31071168495053,False,False,3.6855714347220627
-1907500.0,737500.0,1500,34.86026881060914,False,False,3.5188809409630113
-1902500.0,737500.0,1500,22.44582623706687,False,False,4.067008188221612
-1897500.0,737500.0,1500,20.05620052891273,False,True,4.536294660054171
-1892500.0,737500.0,1500,28.071596452854703,False,True,4.950242384077869
-1887500.0,737500.0,1500,19.958592524561553,False,True,4.856539362434984
-1882500.0,737500.0,1500,13.243541093597731,False,True,4.268202655994714
-1877500.0,737500.0,1500,4.682540062147596,False,True,4.564656916998249
-1872500.0,737500.0,1500,1.493698626104791,False,True,4.312669002918732
-1867500.0,737500.0,1500,10.576604495702629,False,True,4.023065833593481
-1862500.0,737500.0,1500,0.1836524454607336,False,True,4.378532695673079
-1857500.0,737500.0,1500,8.718759777419544,False,True,4.857368003770581
-1852500.0,737500.0,1500,16.87713771864078,False,True,4.79917858048066
-1847500.0,737500.0,1500,2.8042120251057225,False,True,4.3409113386742355
-1842500.0,737500.0,1500,-8.578039159859548,True,True,4.794709272901256
-1837500.0,737500.0,1500,-19.33232287014876,True,True,4.730968595539546
-1832500.0,737500.0,1500,-25.75389136334153,True,True,4.446831278911213
-1827500.0,737500.0,1500,-25.509636249588496,True,True,4.23036399456455
-1822500.0,737500.0,1500,-23.319999136045563,True,True,3.615874459725835
-1817500.0,737500.0,1500,-25.49167306605769,True,True,4.275358414812708
-1812500.0,737500.0,1500,-28.788204692489636,True,True,4.440244199940902
-1807500.0,737500.0,1500,-32.383813289168444,True,True,4.014065097593927
-1802500.0,737500.0,1500,-39.94488528027202,True,True,4.242688214896173
-1797500.0,737500.0,1500,-44.50015615023223,True,True,4.3420962386100594
-1792500.0,737500.0,1500,-43.01271461266251,True,True,4.85007639100962
-1787500.0,737500.0,1500,-40.23354565618332,True,True,5.07418278324666
-1782500.0,737500.0,1500,-38.24404997478952,True,True,4.647934359002727
-1777500.0,737500.0,1500,-37.016777163491085,True,True,4.282649698948383
-1772500.0,737500.0,1500,-35.87783428714336,True,True,4.809826432942089
-1767500.0,737500.0,1500,-31.713395370493476,True,True,4.9414696787735926
-1762500.0,737500.0,1500,-21.67900998342402,True,True,4.481329749787233
-1757500.0,737500.0,1500,-7.483325379176999,True,True,4.2945725162117006
-1752500.0,737500.0,1500,5.37011919299021,False,True,3.924446981980175
-1747500.0,737500.0,1500,11.238195273064472,False,True,3.6620895533449143
-1742500.0,737500.0,1500,11.050131952543742,False,True,3.6686087224224124
-1737500.0,737500.0,1500,9.36502601887509,False,True,3.958844925619397
-1732500.0,737500.0,1500,7.597727078711785,False,False,3.7921553585747962
-1727500.0,737500.0,1500,4.417594229243305,False,False,3.8003357703616483
-1722500.0,737500.0,1500,-0.35568956042561084,False,False,4.203634871151398
-1717500.0,737500.0,1500,-10.16385934050114,False,False,3.872586409994783
-1712500.0,737500.0,1500,-17.804835188606752,False,False,3.504816608251282
-1707500.0,737500.0,1500,-12.356754547941724,False,False,3.8167621047501754
-1702500.0,737500.0,1500,-3.133651607863979,False,False,3.657657266008978
-1697500.0,737500.0,1500,-1.2958109979219234,False,False,2.9733856165552544
-1692500.0,737500.0,1500,-10.049410274979202,False,False,3.1176162730720725
-1687500.0,737500.0,1500,-21.02021571369151,False,False,4.043606120094933
-1682500.0,737500.0,1500,-25.705382611660415,False,False,4.0720692676189625
-1677500.0,737500.0,1500,-25.306636528736203,False,False,3.564652783785545
-1672500.0,737500.0,1500,-25.87525837754713,False,False,3.960606257004539
-1667500.0,737500.0,1500,-26.768837054522457,False,False,4.310211086010712
-1662500.0,737500.0,1500,-23.040949464091085,False,False,3.6914269233013535
-1657500.0,737500.0,1500,-11.206515873198208,False,False,3.5666422300888074
-1652500.0,737500.0,1500,11.865420618314637,False,False,3.999837376365245
-2197500.0,742500.0,1500,22.070214782869556,False,False,5.451439917830623
-2192500.0,742500.0,1500,26.82278718090949,False,False,4.378356728918366
-2187500.0,742500.0,1500,31.917228248003525,False,False,4.830592624134136
-2182500.0,742500.0,1500,52.276010740400295,False,False,5.760219681644589
-2177500.0,742500.0,1500,87.80543885184018,False,False,5.918892234095342
-2167500.0,742500.0,1500,137.6868095440213,False,False,4.740870713130797
-2162500.0,742500.0,1500,116.07809073731684,False,False,4.735547365086938
-2157500.0,742500.0,1500,107.78032435776414,False,False,5.215408309731614
-2152500.0,742500.0,1500,98.76714456806357,False,False,5.5294438740231
-2147500.0,742500.0,1500,94.01417586160562,False,False,5.2582323932615616
-2142500.0,742500.0,1500,97.30712509625401,False,False,4.846113904451606
-2137500.0,742500.0,1500,95.13429793789945,False,False,5.008143936356571
-2132500.0,742500.0,1500,91.1189259852507,False,False,5.436806548627279
-2127500.0,742500.0,1500,78.8428218038505,False,False,5.505838124393076
-2102500.0,742500.0,1500,132.43400410306126,False,False,5.709909330530072
-2097500.0,742500.0,1500,98.94241950900278,False,False,6.100735063317837
-2092500.0,742500.0,1500,80.7179503077481,False,False,6.229720349775728
-2087500.0,742500.0,1500,74.36625785104106,False,False,6.039555434568639
-2082500.0,742500.0,1500,66.69779659684968,False,False,5.697280062544679
-2077500.0,742500.0,1500,48.87900868468462,False,False,4.757967892706188
-2072500.0,742500.0,1500,30.97209591038638,False,False,4.664760908479013
-2067500.0,742500.0,1500,18.10433706518197,False,False,5.89391024613011
-2062500.0,742500.0,1500,1.8268641704399502,False,True,6.726484239177564
-2057500.0,742500.0,1500,-4.68622562435689,False,True,7.159820266268202
-2052500.0,742500.0,1500,0.1858601186329718,False,True,7.201614738449217
-2047500.0,742500.0,1500,1.8614907619199255,False,True,7.189125336019422
-2042500.0,742500.0,1500,3.034776780447177,False,True,6.961861221656124
-2037500.0,742500.0,1500,7.141847424125517,False,True,5.536923154810129
-2032500.0,742500.0,1500,13.573583643398615,False,True,5.710840500388538
-2027500.0,742500.0,1500,7.538106503724284,True,True,6.919377170812164
-2022500.0,742500.0,1500,-9.068969766642057,True,True,6.094070337845322
-2017500.0,742500.0,1500,-16.417687996107553,False,True,5.199746167534106
-2012500.0,742500.0,1500,-12.329834126017081,False,True,4.936986553255023
-2007500.0,742500.0,1500,-9.360231950793235,False,True,4.146058188450102
-2002500.0,742500.0,1500,-2.0005818304194576,False,True,4.054094597211539
-1997500.0,742500.0,1500,10.85321096287906,False,False,5.202228637436261
-1992500.0,742500.0,1500,21.067836403360957,False,False,5.871646321377039
-1987500.0,742500.0,1500,26.102550861515994,False,False,5.760276119248982
-1982500.0,742500.0,1500,42.65915584082023,False,False,5.162690175022493
-1977500.0,742500.0,1500,67.30638795655636,False,False,4.0794088798691615
-1972500.0,742500.0,1500,85.72838457821751,False,False,3.38885341480125
-1967500.0,742500.0,1500,81.96735781675216,False,True,3.7476677791864175
-1962500.0,742500.0,1500,64.21719267445012,False,False,4.2968495442529635
-1957500.0,742500.0,1500,50.44799500405636,False,False,4.5682800679689155
-1952500.0,742500.0,1500,50.87083257388277,False,False,4.225584090897945
-1947500.0,742500.0,1500,72.73104214518659,False,False,4.189877256477061
-1942500.0,742500.0,1500,98.36525309273242,False,False,4.340996070819216
-1932500.0,742500.0,1500,93.1071617069909,False,False,4.146504166625038
-1927500.0,742500.0,1500,79.3200571370227,False,False,3.468134592085968
-1922500.0,742500.0,1500,82.11137561818083,False,False,3.8408047076451366
-1917500.0,742500.0,1500,76.58314835129111,False,False,4.245226937884517
-1912500.0,742500.0,1500,58.779188176975204,False,False,3.8002090854412884
-1907500.0,742500.0,1500,41.93112135203063,False,True,3.477384524426534
-1902500.0,742500.0,1500,29.207510167718752,False,True,3.946385537060173
-1897500.0,742500.0,1500,12.187950479525584,False,True,4.779382277853234
-1892500.0,742500.0,1500,10.424498090908404,False,True,5.269915103502363
-1887500.0,742500.0,1500,9.605210647789676,False,True,5.2479971526513065
-1882500.0,742500.0,1500,7.629115352984096,False,True,4.217381850096814
-1877500.0,742500.0,1500,4.4180464931461945,False,True,4.371725582334079
-1872500.0,742500.0,1500,-5.4220431881821725,False,True,4.58515739268294
-1867500.0,742500.0,1500,-1.6032136304546303,False,True,4.352321182505258
-1862500.0,742500.0,1500,-6.739489154316332,False,True,4.215696391485215
-1857500.0,742500.0,1500,-13.966687535570097,True,True,4.752807813636254
-1852500.0,742500.0,1500,-15.272071497403545,True,True,5.413422954896861
-1847500.0,742500.0,1500,-27.093116364836856,True,True,4.6069928974362835
-1842500.0,742500.0,1500,-33.78971208097045,True,True,4.555911914204343
-1837500.0,742500.0,1500,-37.209370275960204,True,True,4.8394166797165346
-1832500.0,742500.0,1500,-33.46457572503293,True,True,4.305860996659769
-1827500.0,742500.0,1500,-27.222107024569954,True,True,3.81802474406681
-1822500.0,742500.0,1500,-26.877569469473094,True,True,3.547613670095053
-1817500.0,742500.0,1500,-32.29863908388318,True,True,4.108247795084221
-1812500.0,742500.0,1500,-37.71683906076967,True,True,4.772647835666603
-1807500.0,742500.0,1500,-43.90158467872307,True,True,4.3460423136926725
-1802500.0,742500.0,1500,-49.34630136187577,True,True,3.9606064191846686
-1797500.0,742500.0,1500,-47.6594915692885,True,True,4.252397714469663
-1792500.0,742500.0,1500,-41.77449444959463,True,True,4.383625451460967
-1787500.0,742500.0,1500,-36.804974922373404,True,True,4.688228647576548
-1782500.0,742500.0,1500,-33.736504147809555,True,True,5.364761588337586
-1777500.0,742500.0,1500,-30.289806857604137,True,True,4.985718445279162
-1772500.0,742500.0,1500,-22.044333051701678,True,True,4.763782945820697
-1767500.0,742500.0,1500,-12.539580577619173,True,True,5.2982360438371
-1762500.0,742500.0,1500,-7.119227933037686,False,True,4.5130028708389185
-1757500.0,742500.0,1500,-1.8763417006424619,False,True,3.508435518981862
-1752500.0,742500.0,1500,8.35098682150914,False,True,3.6720767013324584
-1747500.0,742500.0,1500,15.482193567287561,False,True,3.7617612933776465
-1742500.0,742500.0,1500,12.741479438715055,False,True,3.769171510242516
-1737500.0,742500.0,1500,7.625933194514808,False,False,4.326523771671287
-1732500.0,742500.0,1500,3.440742131793691,False,False,4.464217619908318
-1727500.0,742500.0,1500,-1.201242734797677,False,False,3.667982619646285
-1722500.0,742500.0,1500,-0.5836676795411379,False,False,3.2724735957845907
-1717500.0,742500.0,1500,1.8838270306370637,False,False,3.5210191938748703
-1712500.0,742500.0,1500,0.38523063595946555,False,False,4.160783417205858
-1707500.0,742500.0,1500,7.279260626523116,False,False,4.746575491253912
-1702500.0,742500.0,1500,16.02987601990139,False,False,4.219522313940134
-1697500.0,742500.0,1500,17.31383886893571,False,False,3.0998160430078956
-1692500.0,742500.0,1500,5.336435136107884,False,False,2.711644786370088
-1687500.0,742500.0,1500,-15.19307939295382,False,False,3.4914384480391805
-1682500.0,742500.0,1500,-26.10834735836432,False,False,3.7548934347608864
-1677500.0,742500.0,1500,-28.156144631070294,False,False,3.502362832830973
-1672500.0,742500.0,1500,-27.239949572413625,False,False,3.988427592684006
-1667500.0,742500.0,1500,-23.2437233947063,False,False,4.171365206509103
-1662500.0,742500.0,1500,-12.942402957856737,False,False,3.532363342838131
-1657500.0,742500.0,1500,16.14210769089804,False,False,3.5620886826362623
-2197500.0,747500.0,1500,15.701645728804937,False,False,6.248944629879105
-2192500.0,747500.0,1500,29.55912670512047,False,False,5.538502262599138
-2187500.0,747500.0,1500,42.11805232607904,False,False,5.858059361449055
-2182500.0,747500.0,1500,61.41592437104772,False,False,6.338840746493651
-2177500.0,747500.0,1500,92.42255707206478,False,False,6.0579165286082945
-2137500.0,747500.0,1500,122.72334644387914,False,False,5.039961400645581
-2127500.0,747500.0,1500,71.63961970392292,False,False,5.377350000875358
-2122500.0,747500.0,1500,76.6007914525633,False,False,4.920755219863164
-2107500.0,747500.0,1500,147.91409380286902,False,False,5.359625506391268
-2102500.0,747500.0,1500,91.82644944071583,False,False,5.8958747061821075
-2097500.0,747500.0,1500,77.51633460730713,False,False,5.8522542969970095
-2092500.0,747500.0,1500,77.85492998884673,False,False,5.451172255262907
-2087500.0,747500.0,1500,71.81088466907711,False,False,5.147376121409561
-2082500.0,747500.0,1500,60.25608840408661,False,False,5.14806723260857
-2077500.0,747500.0,1500,44.28407459260683,False,False,4.51389270953282
-2072500.0,747500.0,1500,38.832352273369885,False,False,4.56272661846916
-2067500.0,747500.0,1500,30.72019757514966,False,False,6.189263269649456
-2062500.0,747500.0,1500,7.20747665001512,False,False,7.179041036340156
-2057500.0,747500.0,1500,-1.8887045078064133,False,True,7.3131292192082045
-2052500.0,747500.0,1500,1.9984225080582148,False,True,7.1748292284462405
-2047500.0,747500.0,1500,1.7635428333098213,False,True,7.0072082218902585
-2042500.0,747500.0,1500,18.304870460882082,False,True,6.5674440961145635
-2037500.0,747500.0,1500,42.98388988853828,False,True,4.661837893615769
-2032500.0,747500.0,1500,50.51099869130612,False,True,4.433924699307277
-2027500.0,747500.0,1500,41.722337810121246,False,True,5.761067216477333
-2022500.0,747500.0,1500,14.781515843028755,False,True,5.436845835021477
-2017500.0,747500.0,1500,-6.353558494919312,True,True,5.401231976456424
-2012500.0,747500.0,1500,-6.6359021959857705,False,True,5.862049231184425
-2007500.0,747500.0,1500,-3.4016379469071314,False,True,5.029302028464468
-2002500.0,747500.0,1500,-0.03073657081307031,False,True,4.662178755721846
-1997500.0,747500.0,1500,12.691225664695532,False,True,5.522780575652854
-1992500.0,747500.0,1500,28.552438687233654,False,False,5.465581279386819
-1987500.0,747500.0,1500,46.89680664992048,False,False,4.788768802368622
-1982500.0,747500.0,1500,73.56927194798314,False,False,4.244132980582377
-1977500.0,747500.0,1500,102.91215049435017,False,False,3.63506822009257
-1972500.0,747500.0,1500,116.24260459749854,False,False,3.2453020845658385
-1967500.0,747500.0,1500,98.05859071484606,False,False,3.9532779976288617
-1962500.0,747500.0,1500,102.38462861660106,False,False,4.829969215772871
-1957500.0,747500.0,1500,100.21813869140793,False,False,5.051088792228773
-1952500.0,747500.0,1500,86.28554716735505,False,False,4.415256981453854
-1947500.0,747500.0,1500,90.23335910073892,False,False,3.632294345925022
-1942500.0,747500.0,1500,79.39921619406894,False,False,3.493953289831875
-1937500.0,747500.0,1500,78.92934673885009,False,True,3.658368473141012
-1932500.0,747500.0,1500,59.41464362233973,False,False,3.8466053123339616
-1927500.0,747500.0,1500,53.4794928394424,False,False,3.5960699471929156
-1922500.0,747500.0,1500,74.28287765179633,False,True,3.7827716629637944
-1917500.0,747500.0,1500,70.73084411608403,False,True,4.076078899567624
-1912500.0,747500.0,1500,52.55435981866358,False,True,3.8324847376337274
-1907500.0,747500.0,1500,42.31249749203969,False,True,3.688912650340905
-1902500.0,747500.0,1500,34.508709904952724,False,True,3.7270661934943403
-1897500.0,747500.0,1500,2.8378253478096367,False,True,4.522779199260197
-1892500.0,747500.0,1500,-12.225363136629882,False,True,5.305104483990433
-1887500.0,747500.0,1500,-0.29601033837910634,False,True,5.386297686006028
-1882500.0,747500.0,1500,0.12460308720531786,False,True,4.658978796606739
-1877500.0,747500.0,1500,-1.6610944930506362,False,True,4.388928908774838
-1872500.0,747500.0,1500,-11.282792668129108,True,True,4.903233427035318
-1867500.0,747500.0,1500,-22.17943960313469,True,True,4.505065745836611
-1862500.0,747500.0,1500,-29.32529260810114,True,True,4.328118551291476
-1857500.0,747500.0,1500,-37.341231448834485,True,True,4.732192055247572
-1852500.0,747500.0,1500,-39.75784062897278,True,True,5.140929672172315
-1847500.0,747500.0,1500,-41.52063753022128,True,True,5.059484638734439
-1842500.0,747500.0,1500,-42.50295189394005,True,True,4.355209547546881
-1837500.0,747500.0,1500,-40.816544440550125,True,True,3.8973751103422907
-1832500.0,747500.0,1500,-33.47492170452007,True,True,3.8775441280435494
-1827500.0,747500.0,1500,-29.609599273221153,True,True,3.760069567461093
-1822500.0,747500.0,1500,-32.57724960079041,True,True,4.09326765174724
-1817500.0,747500.0,1500,-39.29793886950134,True,True,4.734660895817457
-1812500.0,747500.0,1500,-45.67485247426487,True,True,4.9395393715044715
-1807500.0,747500.0,1500,-51.22100781888833,True,True,5.18804479691576
-1802500.0,747500.0,1500,-52.74701206581603,True,True,4.814563374978627
-1797500.0,747500.0,1500,-46.49169613504602,True,True,4.4951535299467595
-1792500.0,747500.0,1500,-37.868908264352704,True,True,4.476299496669606
-1787500.0,747500.0,1500,-31.610053770246758,True,True,4.36880732247841
-1782500.0,747500.0,1500,-28.279820588996994,True,True,5.069190995632562
-1777500.0,747500.0,1500,-20.826018288768402,True,True,5.6601898123005725
-1772500.0,747500.0,1500,-6.576031604952048,False,True,4.792341719907743
-1767500.0,747500.0,1500,1.1745642105840202,False,True,4.109391314893207
-1762500.0,747500.0,1500,0.4903409255989696,False,True,4.0900440529487305
-1757500.0,747500.0,1500,1.6071195718670659,False,True,3.812378836162945
-1752500.0,747500.0,1500,11.19596135790414,False,True,3.7670685061024014
-1747500.0,747500.0,1500,21.93488224217989,False,True,3.9182886827081487
-1742500.0,747500.0,1500,18.506621424568042,False,True,3.868552874103732
-1737500.0,747500.0,1500,9.765566186712336,False,False,3.7584935968305118
-1732500.0,747500.0,1500,-3.0428958655867144,False,False,3.8180562549104877
-1727500.0,747500.0,1500,-13.009739185057958,False,False,3.6414563761030228
-1722500.0,747500.0,1500,-1.5288262390151448,False,False,3.6042979123212833
-1717500.0,747500.0,1500,12.152244533881067,False,False,3.9685752009621487
-1712500.0,747500.0,1500,6.436366929104995,False,False,4.199481332427748
-1707500.0,747500.0,1500,4.122673961994502,False,False,4.3672480534590195
-1702500.0,747500.0,1500,18.77508497320898,False,False,3.89279229389396
-1697500.0,747500.0,1500,38.696355308070444,False,False,3.008175413143172
-1692500.0,747500.0,1500,30.527184859752946,False,False,2.76260633786337
-1687500.0,747500.0,1500,-5.465150154601319,False,False,3.2381407101138713
-1682500.0,747500.0,1500,-20.847546084861886,False,False,3.3469204823344487
-1677500.0,747500.0,1500,-19.108071245336127,False,False,3.3875906885282427
-1672500.0,747500.0,1500,-15.784839055747799,False,False,4.089919521441574
-1667500.0,747500.0,1500,-12.148945281360108,False,False,4.126693656790365
-1662500.0,747500.0,1500,-8.375888578321074,False,False,3.3903074774559103
-1657500.0,747500.0,1500,14.7412341596269,False,False,3.550594440288645
-2197500.0,752500.0,1500,7.561660927119025,False,False,7.099173467938285
-2192500.0,752500.0,1500,33.004605412365514,False,False,6.188308688409717
-2187500.0,752500.0,1500,71.26474680822054,False,False,6.088421365718943
-2182500.0,752500.0,1500,103.0498023211805,False,False,6.19102218724956
-2177500.0,752500.0,1500,140.4384768893826,False,False,5.534071186240373
-2137500.0,752500.0,1500,134.31113428940571,False,False,5.289629935743921
-2132500.0,752500.0,1500,92.33674046344451,False,False,5.633760993014262
-2127500.0,752500.0,1500,42.54019361611868,False,False,5.2325629745765845
-2122500.0,752500.0,1500,41.65537711514501,False,False,5.155590664312319
-2117500.0,752500.0,1500,91.85366880394992,False,False,5.445403524389258
-2107500.0,752500.0,1500,108.55113429236503,False,False,5.655331789127106
-2102500.0,752500.0,1500,69.49385276351055,False,False,5.929416255500351
-2097500.0,752500.0,1500,42.843228256661604,False,False,5.545765034472329
-2092500.0,752500.0,1500,40.95781016307093,False,False,5.065005853886452
-2087500.0,752500.0,1500,44.13740484319493,False,False,5.135283366926264
-2082500.0,752500.0,1500,47.599321972683576,False,False,5.511163368111511
-2077500.0,752500.0,1500,47.51206409706398,False,False,4.932504200057144
-2072500.0,752500.0,1500,40.47586026107181,False,False,4.593172434063737
-2067500.0,752500.0,1500,31.180797774769502,False,False,6.024138433979099
-2062500.0,752500.0,1500,20.580351529501023,False,False,7.010427151562249
-2057500.0,752500.0,1500,16.88029568524607,False,False,6.916754146556575
-2052500.0,752500.0,1500,23.896540808856173,False,False,6.5968929868971555
-2047500.0,752500.0,1500,21.244093902116703,False,True,6.2148030920756
-2042500.0,752500.0,1500,34.42004895520375,False,True,5.756911938908853
-2037500.0,752500.0,1500,64.15559343777296,False,True,4.307380544992732
-2032500.0,752500.0,1500,77.65420953945345,False,True,3.978647796567395
-2027500.0,752500.0,1500,87.97491031349313,False,True,5.054128339848077
-2022500.0,752500.0,1500,74.93822938974975,False,True,5.537148999827086
-2017500.0,752500.0,1500,43.73216072844576,False,True,6.099273947513243
-2012500.0,752500.0,1500,32.01597882924041,False,True,6.323158260380149
-2007500.0,752500.0,1500,34.439216463544106,False,True,5.24618244644014
-2002500.0,752500.0,1500,32.37156777714497,False,True,4.41622586283484
-1997500.0,752500.0,1500,38.87628332503241,False,False,4.573103377776307
-1992500.0,752500.0,1500,57.0589826974174,False,False,4.27865139581638
-1987500.0,752500.0,1500,74.69816952547885,False,False,3.9409403155766585
-1982500.0,752500.0,1500,80.88225094630653,False,False,4.069338614063634
-1977500.0,752500.0,1500,80.52300822080517,False,False,4.009849993704666
-1972500.0,752500.0,1500,70.77840845211547,False,False,3.6310050616799208
-1967500.0,752500.0,1500,60.831627202245954,False,False,4.16638721984411
-1962500.0,752500.0,1500,88.83557479869054,False,False,5.142432478961648
-1957500.0,752500.0,1500,96.25781779345704,False,False,5.621641959487871
-1952500.0,752500.0,1500,70.14610743876116,False,False,5.391525747916655
-1947500.0,752500.0,1500,57.28732638520777,False,True,4.353307888219073
-1942500.0,752500.0,1500,25.838092337609183,False,True,3.8083095895784953
-1937500.0,752500.0,1500,3.369051977285892,False,True,4.214621995428997
-1932500.0,752500.0,1500,2.5280363988652508,False,True,4.3759097459227485
-1927500.0,752500.0,1500,12.672424733095818,False,True,4.0951304389695355
-1922500.0,752500.0,1500,44.201858923067135,False,True,3.9275537221865027
-1917500.0,752500.0,1500,62.964134103487424,False,True,4.1668847840684595
-1912500.0,752500.0,1500,50.53160269577956,False,True,4.262990723124624
-1907500.0,752500.0,1500,32.720606619841334,False,True,4.1374033026641355
-1902500.0,752500.0,1500,23.29403989510194,False,True,3.8498898629722644
-1897500.0,752500.0,1500,-8.753014834058794,False,True,4.559970939510838
-1892500.0,752500.0,1500,-28.115489293122543,False,True,5.614779645554485
-1887500.0,752500.0,1500,-19.91453586570965,False,True,5.915487006128406
-1882500.0,752500.0,1500,-27.396892013489467,True,True,5.689136244245816
-1877500.0,752500.0,1500,-35.82967416622374,True,True,4.581711516283972
-1872500.0,752500.0,1500,-41.79324636281394,True,True,4.740767842498549
-1867500.0,752500.0,1500,-48.16313521527803,True,True,4.723180161953948
-1862500.0,752500.0,1500,-46.247011480204776,True,True,4.556634806656623
-1857500.0,752500.0,1500,-45.57648307362961,True,True,4.51897251550331
-1852500.0,752500.0,1500,-47.751147419157974,True,True,4.268538492593816
-1847500.0,752500.0,1500,-45.321853953311745,True,True,4.423870322889197
-1842500.0,752500.0,1500,-41.45586670768065,True,True,4.038555017604443
-1837500.0,752500.0,1500,-35.28070552823069,True,True,3.812800996498149
-1832500.0,752500.0,1500,-28.838487194172032,True,True,4.330227478221465
-1827500.0,752500.0,1500,-31.943004655381998,True,True,4.5358280014938135
-1822500.0,752500.0,1500,-37.743382645581185,True,True,4.575093989874087
-1817500.0,752500.0,1500,-41.54852641920057,True,True,5.394064186050308
-1812500.0,752500.0,1500,-45.04852806012066,True,True,5.373460054240775
-1807500.0,752500.0,1500,-46.83980961697064,True,True,5.553498817321902
-1802500.0,752500.0,1500,-44.792329298311664,True,True,5.911544959132926
-1797500.0,752500.0,1500,-38.34412212460537,True,True,5.063697273048267
-1792500.0,752500.0,1500,-29.900811375072873,True,True,4.630145416996315
-1787500.0,752500.0,1500,-23.299533540066815,True,True,4.514178913392145
-1782500.0,752500.0,1500,-19.877866447754325,True,True,4.467374505777768
-1777500.0,752500.0,1500,-11.802149329606785,True,True,4.780385342205514
-1772500.0,752500.0,1500,0.6170433188347664,False,True,4.117389147509334
-1767500.0,752500.0,1500,3.128830169386882,False,True,3.2882642406698865
-1762500.0,752500.0,1500,-0.5833745066334959,False,True,3.540562547121699
-1757500.0,752500.0,1500,0.5367045243637848,False,True,4.028340871051301
-1752500.0,752500.0,1500,12.127600856673437,False,True,4.128857754390306
-1747500.0,752500.0,1500,29.429308400169578,False,True,3.8584483419174935
-1742500.0,752500.0,1500,30.39576318045201,False,False,3.7362631747075303
-1737500.0,752500.0,1500,19.152679836773203,False,False,3.3600284757406094
-1732500.0,752500.0,1500,3.441886423917998,False,False,3.2528909905284857
-1727500.0,752500.0,1500,-8.144769629571082,False,False,3.968937579909202
-1722500.0,752500.0,1500,-3.6106026214180185,False,False,4.407897690711787
-1717500.0,752500.0,1500,1.9271785865581341,False,False,4.353270478455204
-1712500.0,752500.0,1500,-4.909226434101139,False,False,3.7845839640981236
-1707500.0,752500.0,1500,-10.568963345244192,False,False,3.396521681448351
-1702500.0,752500.0,1500,4.221091290451846,False,False,3.250766997924847
-1697500.0,752500.0,1500,41.8142347467466,False,False,3.254552577192663
-1692500.0,752500.0,1500,41.07331470529361,False,False,3.373354079016472
-1687500.0,752500.0,1500,0.9400505860508106,False,False,3.1636892370983105
-1682500.0,752500.0,1500,-6.352587723744289,False,False,2.887662850208895
-1677500.0,752500.0,1500,3.633666456477985,False,False,3.423097523297802
-1672500.0,752500.0,1500,9.804856798030485,False,False,4.260217969562787
-1667500.0,752500.0,1500,2.05781482310286,False,False,4.040156068460215
-1662500.0,752500.0,1500,-18.960784842031828,False,False,3.3669565941065125
-1657500.0,752500.0,1500,-24.080250749860934,False,False,3.7167282742001646
-2197500.0,757500.0,1500,3.715634517176716,False,False,6.973290441677801
-2192500.0,757500.0,1500,26.410881641961954,False,False,6.579910105185634
-2187500.0,757500.0,1500,76.26699133233157,False,False,6.400734111710648
-2167500.0,757500.0,1500,200.3170194595439,False,False,4.558074760026943
-2162500.0,757500.0,1500,143.55304977457553,False,False,5.252644806025799
-2157500.0,757500.0,1500,144.38800531963662,False,False,4.980330925127743
-2147500.0,757500.0,1500,151.8439161607157,False,False,4.499163458309667
-2142500.0,757500.0,1500,139.71657186070343,False,False,5.083222168230257
-2132500.0,757500.0,1500,92.93829610875831,False,False,5.254157633127077
-2127500.0,757500.0,1500,23.918464915196903,False,False,5.257006253151198
-2122500.0,757500.0,1500,20.78947803669025,False,False,5.761954521127929
-2117500.0,757500.0,1500,64.32045499559455,False,False,6.095251720984171
-2112500.0,757500.0,1500,68.04114583346795,False,False,6.040381355989698
-2107500.0,757500.0,1500,57.46253103518708,False,False,6.13833275364115
-2102500.0,757500.0,1500,38.41708000443292,False,False,6.14566318190012
-2097500.0,757500.0,1500,19.916725310637055,False,False,5.794125417817574
-2092500.0,757500.0,1500,26.652829569980785,False,False,5.586228568142914
-2087500.0,757500.0,1500,30.819649367941835,False,False,5.764660621736768
-2082500.0,757500.0,1500,33.8196360320314,False,False,5.995611237098528
-2077500.0,757500.0,1500,42.8329385410027,False,False,5.34433867789573
-2072500.0,757500.0,1500,48.1881507538636,False,False,4.53875287920341
-2067500.0,757500.0,1500,55.674845334899956,False,False,5.307902200730171
-2062500.0,757500.0,1500,62.80842035676383,False,False,6.006830569156357
-2057500.0,757500.0,1500,68.37506231281324,False,False,5.606906207626984
-2052500.0,757500.0,1500,81.7491395383386,False,False,5.077513805807074
-2047500.0,757500.0,1500,76.68314914901221,False,False,4.904121418621853
-2042500.0,757500.0,1500,64.6272632207206,False,False,5.1717834372314515
-2037500.0,757500.0,1500,73.28783844058746,False,True,4.390588717231719
-2032500.0,757500.0,1500,103.07126746930275,False,True,3.813398238857057
-2022500.0,757500.0,1500,138.88902828123884,False,True,4.937743002593413
-2017500.0,757500.0,1500,112.80149468037544,False,True,4.961004517818593
-2012500.0,757500.0,1500,93.13231229641416,False,True,4.762360875080311
-2007500.0,757500.0,1500,94.04945885175381,False,True,4.077949600585263
-2002500.0,757500.0,1500,95.79964509081108,False,True,3.5981163805386753
-1997500.0,757500.0,1500,98.50150143536712,False,False,3.6217512053742755
-1992500.0,757500.0,1500,108.43146780777768,False,False,3.778448084640849
-1987500.0,757500.0,1500,103.20488305494567,False,False,4.231190832464974
-1982500.0,757500.0,1500,81.78843917017753,False,False,4.578503740825764
-1977500.0,757500.0,1500,61.654308861365564,False,False,4.278483980794654
-1972500.0,757500.0,1500,25.866590241937722,False,False,3.766197944468167
-1967500.0,757500.0,1500,24.629187447614832,False,False,3.914927316087949
-1962500.0,757500.0,1500,51.193122426385074,False,True,4.885293620671807
-1957500.0,757500.0,1500,48.22652162553193,False,True,5.749375438603639
-1952500.0,757500.0,1500,26.47263210583375,False,True,5.959469003038759
-1947500.0,757500.0,1500,16.58294681107408,False,True,5.316706923391763
-1942500.0,757500.0,1500,-2.8240808135301942,False,True,4.4309958727491034
-1937500.0,757500.0,1500,-19.130141066720505,False,True,4.7274439295353075
-1932500.0,757500.0,1500,-3.9246916976497825,False,True,4.959239495838244
-1927500.0,757500.0,1500,1.6463564362094687,False,True,4.671703426004825
-1922500.0,757500.0,1500,11.682341425301003,False,True,4.476117406831601
-1917500.0,757500.0,1500,26.347749979767322,False,True,4.831126864782433
-1912500.0,757500.0,1500,15.73523010624745,False,True,5.15565394147397
-1907500.0,757500.0,1500,-9.073306695121534,False,True,4.950412400693956
-1902500.0,757500.0,1500,-17.003278362181877,False,True,4.780040826272385
-1897500.0,757500.0,1500,-26.189004249811408,True,True,4.679980396824927
-1892500.0,757500.0,1500,-34.2381355360601,True,True,5.443182421973021
-1887500.0,757500.0,1500,-41.511808809464036,True,True,6.164286586464814
-1882500.0,757500.0,1500,-55.89665025708705,True,True,6.200032952630934
-1877500.0,757500.0,1500,-58.548223290322355,True,True,5.090748556742334
-1872500.0,757500.0,1500,-62.35349603800498,True,True,4.561384090740575
-1867500.0,757500.0,1500,-64.56005321166504,True,True,4.530683854047579
-1862500.0,757500.0,1500,-52.69653055166814,True,True,4.0456631357071755
-1857500.0,757500.0,1500,-46.04577543088746,True,True,3.9426609254147076
-1852500.0,757500.0,1500,-47.21170956948441,True,True,3.7048131991805486
-1847500.0,757500.0,1500,-44.86359920036915,True,True,4.123509233063781
-1842500.0,757500.0,1500,-43.54596964492852,True,True,4.898996603149023
-1837500.0,757500.0,1500,-39.19052716778248,True,True,4.88975467410271
-1832500.0,757500.0,1500,-32.84633331101008,True,True,5.231129036909176
-1827500.0,757500.0,1500,-34.331194722324526,True,True,5.878616330817909
-1822500.0,757500.0,1500,-37.869889394499864,True,True,5.290146474260878
-1817500.0,757500.0,1500,-37.43102719634391,True,True,5.174038643808279
-1812500.0,757500.0,1500,-35.950071417799435,True,True,5.466972300704871
-1807500.0,757500.0,1500,-34.04172348370056,True,True,5.1153426492870055
-1802500.0,757500.0,1500,-31.095925199684444,True,True,5.412143142967374
-1797500.0,757500.0,1500,-26.306719144590957,True,True,5.450911897471915
-1792500.0,757500.0,1500,-18.042102056454304,True,True,4.522315607898218
-1787500.0,757500.0,1500,-11.976723532205751,True,True,4.114368431020649
-1782500.0,757500.0,1500,-0.9125016007616952,True,True,3.9244486115776023
-1777500.0,757500.0,1500,15.235713722490507,False,True,3.524359395301202
-1772500.0,757500.0,1500,14.94136621903668,False,True,3.7481414601163645
-1767500.0,757500.0,1500,1.5849886792441774,False,True,3.9169207754558832
-1762500.0,757500.0,1500,-7.592789760144378,False,True,3.610456239969954
-1757500.0,757500.0,1500,-7.44743125678202,False,True,3.6570073843880215
-1752500.0,757500.0,1500,4.356242917011982,False,False,4.2344688412786615
-1747500.0,757500.0,1500,20.50232964025807,False,False,4.021707854370006
-1742500.0,757500.0,1500,30.415187541443544,False,False,3.262833663525382
-1737500.0,757500.0,1500,28.353715213374304,False,False,3.085350957964643
-1732500.0,757500.0,1500,20.309688072557517,False,False,3.722552957189811
-1727500.0,757500.0,1500,9.514652490357083,False,False,4.521817364849742
-1722500.0,757500.0,1500,-1.8769088750082004,False,False,4.647263576137963
-1717500.0,757500.0,1500,-5.859641095107042,False,False,4.431539374632536
-1712500.0,757500.0,1500,-9.816243639337534,False,False,3.6709725366918073
-1707500.0,757500.0,1500,-14.90802885880888,False,False,2.93678320043461
-1702500.0,757500.0,1500,-9.793459783043893,False,False,3.2146588109714074
-1697500.0,757500.0,1500,21.174833280174038,False,False,3.980357553539165
-1692500.0,757500.0,1500,25.32653748399913,False,False,4.173299402271658
-1687500.0,757500.0,1500,3.31983588536865,False,False,3.3991181495914846
-1682500.0,757500.0,1500,11.200884005145408,False,False,2.9467062927077774
-1677500.0,757500.0,1500,29.500065916034462,False,False,3.717467480949895
-1672500.0,757500.0,1500,38.11742242573418,False,False,4.3706981737670105
-1667500.0,757500.0,1500,18.823318010165046,False,False,3.942646935876636
-1662500.0,757500.0,1500,-16.23553246849237,False,False,3.351012647152502
-1657500.0,757500.0,1500,-31.481115464113202,False,False,3.7827512206618
-2197500.0,762500.0,1500,7.960715608906931,False,False,7.052657575194482
-2192500.0,762500.0,1500,21.08519901633485,False,False,7.076571059441296
-2187500.0,762500.0,1500,49.590601238802485,False,False,6.876951906935755
-2182500.0,762500.0,1500,94.33759566570737,False,False,6.034323844390291
-2177500.0,762500.0,1500,130.22177227050457,False,False,5.173666994174537
-2172500.0,762500.0,1500,137.6909198234327,False,False,5.280266611532643
-2167500.0,762500.0,1500,98.12178554806172,False,False,6.175519995762688
-2162500.0,762500.0,1500,50.9139886775706,False,False,6.551767241063276
-2157500.0,762500.0,1500,63.43225124926775,False,True,5.6787233464815765
-2152500.0,762500.0,1500,93.49022261284722,False,False,4.976620374833355
-2147500.0,762500.0,1500,84.69663181163115,False,False,5.461368313060365
-2142500.0,762500.0,1500,75.42961486416773,False,False,5.894535086038816
-2132500.0,762500.0,1500,71.66267594242797,False,False,5.127169221731199
-2127500.0,762500.0,1500,9.18276771089625,False,False,5.76377658187211
-2122500.0,762500.0,1500,-4.434981204096397,False,False,6.656005334549772
-2117500.0,762500.0,1500,14.722707929153687,False,False,6.721255478820305
-2112500.0,762500.0,1500,19.730123094595033,False,False,6.487497134864362
-2107500.0,762500.0,1500,26.938754376279658,False,False,6.3413614468945045
-2102500.0,762500.0,1500,35.96352780931059,False,False,6.138760979354535
-2097500.0,762500.0,1500,44.67917008495571,False,False,6.016674728894801
-2092500.0,762500.0,1500,62.08305990377877,False,False,5.9296177864251804
-2087500.0,762500.0,1500,76.83413634552672,False,False,5.653601277754501
-2082500.0,762500.0,1500,96.59252394851802,False,False,5.3885604876913975
-2077500.0,762500.0,1500,115.26893526477932,False,False,4.721882006615949
-2072500.0,762500.0,1500,126.48209767362036,False,False,3.823268120554348
-2062500.0,762500.0,1500,161.874711350954,False,False,4.416861768822705
-2057500.0,762500.0,1500,158.23165350969822,False,False,4.218042309018356
-2042500.0,762500.0,1500,122.15436125121792,False,False,5.34732994807442
-2037500.0,762500.0,1500,110.12991132246596,False,False,4.508157605327897
-1987500.0,762500.0,1500,112.713952819078,False,True,4.401710249362907
-1982500.0,762500.0,1500,74.44192063478859,False,True,5.106742586167373
-1977500.0,762500.0,1500,73.94969429858271,False,True,4.5568341405629695
-1972500.0,762500.0,1500,29.357715538513105,False,True,3.7327298358131564
-1967500.0,762500.0,1500,8.096358889873892,False,True,3.7767515986826417
-1962500.0,762500.0,1500,34.82490069821334,False,True,4.533258411805109
-1957500.0,762500.0,1500,19.802038950677346,False,True,5.379724786585573
-1952500.0,762500.0,1500,-2.0657780600022733,False,True,5.797173899002706
-1947500.0,762500.0,1500,-7.990778721436323,False,True,5.828003443067888
-1942500.0,762500.0,1500,-17.561281835642582,False,True,4.91072923821698
-1937500.0,762500.0,1500,-19.177714678220156,False,True,4.969033451298374
-1932500.0,762500.0,1500,-1.7064965520878288,False,True,5.504317611198836
-1927500.0,762500.0,1500,-6.185386962856859,False,True,5.155470816166158
-1922500.0,762500.0,1500,-15.13586317995651,False,True,4.875172886281721
-1917500.0,762500.0,1500,-9.767083246740777,False,True,5.196399750185187
-1912500.0,762500.0,1500,-18.528129523973707,False,True,5.889744702787176
-1907500.0,762500.0,1500,-37.741420487905266,True,True,5.675151404546259
-1902500.0,762500.0,1500,-43.2881025548988,True,True,5.359277954198205
-1897500.0,762500.0,1500,-46.73828356270448,True,True,4.587055999065471
-1892500.0,762500.0,1500,-55.89838955906782,True,True,4.961237996363545
-1887500.0,762500.0,1500,-72.04978624955875,True,True,5.829302423477904
-1882500.0,762500.0,1500,-78.93231983950722,True,True,5.515846063756888
-1877500.0,762500.0,1500,-70.55996740454137,True,True,4.700348165582339
-1872500.0,762500.0,1500,-64.91788182115734,True,True,4.100044088275455
-1867500.0,762500.0,1500,-61.101936151770566,True,True,4.302809615352573
-1862500.0,762500.0,1500,-54.15964581727136,True,True,3.879738866869563
-1857500.0,762500.0,1500,-50.62207629407291,True,True,3.7562129808343516
-1852500.0,762500.0,1500,-51.41179660972105,True,True,3.9715914088055984
-1847500.0,762500.0,1500,-49.34131911767072,True,True,4.813335317932126
-1842500.0,762500.0,1500,-44.86814225213731,True,True,5.806087636713361
-1837500.0,762500.0,1500,-39.963630308061255,True,True,5.554305739333246
-1832500.0,762500.0,1500,-36.43744047672237,True,True,5.718233851278331
-1827500.0,762500.0,1500,-33.760102435604914,True,True,6.372823226404689
-1822500.0,762500.0,1500,-30.863859247176457,True,True,6.24235286378855
-1817500.0,762500.0,1500,-27.904031725362156,True,True,5.063122378579172
-1812500.0,762500.0,1500,-23.302439656377263,True,True,4.86898230912554
-1807500.0,762500.0,1500,-19.84209016715186,True,True,4.812467995922463
-1802500.0,762500.0,1500,-18.706912500246855,True,True,4.377274086122958
-1797500.0,762500.0,1500,-14.515711125474681,True,True,4.765399809334171
-1792500.0,762500.0,1500,-6.466841082455697,True,True,4.2480548739208315
-1787500.0,762500.0,1500,-3.39869362000587,False,True,3.4485466268216562
-1782500.0,762500.0,1500,13.66173878568925,False,True,3.4736790448395505
-1777500.0,762500.0,1500,33.33227232162655,False,True,3.598299200950288
-1772500.0,762500.0,1500,18.934926246240696,False,True,4.2465289381459765
-1767500.0,762500.0,1500,1.4670036650622869,False,True,4.646884572191797
-1762500.0,762500.0,1500,-5.450518351236019,False,True,4.074619730140254
-1757500.0,762500.0,1500,-13.292480817715134,False,False,3.5167776542002835
-1752500.0,762500.0,1500,-8.39444444037116,False,False,3.69062971557187
-1747500.0,762500.0,1500,-1.1101326673008438,False,False,3.743664093040743
-1742500.0,762500.0,1500,7.442612600997881,False,False,3.548269842951405
-1737500.0,762500.0,1500,27.745784596037698,False,False,3.6420231242396657
-1732500.0,762500.0,1500,44.444616291191274,False,False,3.656895879781407
-1727500.0,762500.0,1500,30.802108593798078,False,False,4.037026342640336
-1722500.0,762500.0,1500,5.885278568528439,False,False,4.342755589164801
-1717500.0,762500.0,1500,-2.6824322932598887,False,False,3.920560780857853
-1712500.0,762500.0,1500,-9.891636138690053,False,False,3.5437857396610193
-1707500.0,762500.0,1500,-14.567296232639457,False,False,3.582189951548961
-1702500.0,762500.0,1500,-6.127952881791041,False,False,3.95382837585239
-1697500.0,762500.0,1500,16.171277487088485,False,False,4.374470303601877
-1692500.0,762500.0,1500,12.84963029773262,False,False,4.229734895286992
-1687500.0,762500.0,1500,3.613340344209833,False,False,3.3929710377880724
-1682500.0,762500.0,1500,22.04115021660851,False,False,3.3205077536168144
-1677500.0,762500.0,1500,45.62928398785801,False,False,4.106967798068172
-1672500.0,762500.0,1500,59.29785446326667,False,False,4.378678122924316
-1667500.0,762500.0,1500,45.68454269353278,False,False,3.785209265507977
-1662500.0,762500.0,1500,18.13119681244651,False,False,3.321806459474635
-1657500.0,762500.0,1500,-0.4050059584967724,False,False,3.887691911635747
-2197500.0,767500.0,1500,8.247762848598569,False,False,7.437935634145912
-2192500.0,767500.0,1500,15.470878473647094,False,False,7.498777189730625
-2187500.0,767500.0,1500,28.049819098987403,False,False,7.115698994174672
-2182500.0,767500.0,1500,40.744491013230125,False,False,6.434711929817396
-2177500.0,767500.0,1500,45.023876744206454,False,False,6.1941461788423915
-2172500.0,767500.0,1500,42.85489570141818,False,False,6.789655304085711
-2167500.0,767500.0,1500,25.63899258010127,False,True,7.333310089004077
-2162500.0,767500.0,1500,9.772728236398914,False,True,7.019466508540407
-2157500.0,767500.0,1500,37.08656044552669,False,True,5.919081113513597
-2152500.0,767500.0,1500,72.2890783524605,False,True,5.451821331794262
-2147500.0,767500.0,1500,57.7020220493617,False,True,6.157854481434915
-2142500.0,767500.0,1500,40.88285503275125,False,False,6.424329967214156
-2137500.0,767500.0,1500,48.41213166756521,False,False,5.7364770722338285
-2132500.0,767500.0,1500,29.185396804889006,False,False,5.6873159731300085
-2127500.0,767500.0,1500,-3.753328541630561,False,False,6.676443401591402
-2122500.0,767500.0,1500,-8.50509746837457,False,False,7.2002150321036
-2117500.0,767500.0,1500,10.31328994226769,False,False,6.858922022161805
-2112500.0,767500.0,1500,37.828708109049686,False,False,6.345637500083537
-2107500.0,767500.0,1500,78.28093519214409,False,False,5.89039772916931
-2102500.0,767500.0,1500,115.34908515383397,False,False,5.526873344780236
-2097500.0,767500.0,1500,134.11458156553164,False,False,5.466912401345223
-2092500.0,767500.0,1500,139.80681984974572,False,False,5.476447012498352
-2057500.0,767500.0,1500,167.89933340201586,False,False,4.168435827915866
-2032500.0,767500.0,1500,96.70193134249499,False,True,3.491450631381661
-2027500.0,767500.0,1500,108.40257847378217,False,True,3.474416326199696
-2022500.0,767500.0,1500,153.1400693506518,False,True,3.4821674800684637
-2012500.0,767500.0,1500,149.59231435541383,False,True,3.5257271763377958
-2002500.0,767500.0,1500,139.02242783482427,False,True,3.48186102827277
-1992500.0,767500.0,1500,120.01549323568993,False,True,4.129799852888697
-1987500.0,767500.0,1500,76.19026826791192,False,True,4.70254845185023
-1982500.0,767500.0,1500,38.22137469863081,False,True,5.620030757488861
-1977500.0,767500.0,1500,38.41587738350724,False,True,5.140399171833421
-1972500.0,767500.0,1500,9.361639648929447,False,True,3.850798401424135
-1967500.0,767500.0,1500,-16.116205186101258,False,True,3.8127498319282807
-1962500.0,767500.0,1500,9.348061872918654,False,True,4.422061598428083
-1957500.0,767500.0,1500,7.29564696364972,False,True,5.1317349822344775
-1952500.0,767500.0,1500,-3.23840475129297,False,True,5.472119769290259
-1947500.0,767500.0,1500,-10.739136639404972,False,True,5.695843611840228
-1942500.0,767500.0,1500,-26.58493027645042,False,True,5.466720319015374
-1937500.0,767500.0,1500,-26.592035200440836,True,True,5.433171992345849
-1932500.0,767500.0,1500,-14.243640550647475,False,True,5.968760312014047
-1927500.0,767500.0,1500,-16.95507649260385,False,True,5.654362420301537
-1922500.0,767500.0,1500,-27.23292745134646,True,True,5.166876621269655
-1917500.0,767500.0,1500,-31.889996875607018,True,True,5.126172626916544
-1912500.0,767500.0,1500,-41.21793884982595,True,True,5.994292096134229
-1907500.0,767500.0,1500,-50.290985083777805,True,True,6.077487420179225
-1902500.0,767500.0,1500,-52.926648236847875,True,True,5.43927044346809
-1897500.0,767500.0,1500,-56.39466564640498,True,True,4.633088090549761
-1892500.0,767500.0,1500,-63.720223888711935,True,True,4.184230072674714
-1887500.0,767500.0,1500,-71.11082045026069,True,True,4.5960553524225
-1882500.0,767500.0,1500,-68.76810526223147,True,True,4.890047750778149
-1877500.0,767500.0,1500,-58.31006691977892,True,True,4.909327776685112
-1872500.0,767500.0,1500,-48.81476059203891,True,True,4.48325491221298
-1867500.0,767500.0,1500,-41.19284169800971,True,True,4.4534301425001726
-1862500.0,767500.0,1500,-39.13900198388102,True,True,4.518238902315872
-1857500.0,767500.0,1500,-46.44441818344645,True,True,4.358962643274392
-1852500.0,767500.0,1500,-52.02652557874449,True,True,4.556108187674246
-1847500.0,767500.0,1500,-48.616895463666474,True,True,4.840914858385373
-1842500.0,767500.0,1500,-37.95421354124406,True,True,5.401455845314677
-1837500.0,767500.0,1500,-26.8043300208558,True,True,5.779800231485957
-1832500.0,767500.0,1500,-24.304349475160294,True,True,5.431552225015968
-1827500.0,767500.0,1500,-21.835110063284542,True,True,5.538297027914528
-1822500.0,767500.0,1500,-16.716831196136095,True,True,6.312042163183715
-1817500.0,767500.0,1500,-15.191469053668435,True,True,5.485885286508786
-1812500.0,767500.0,1500,-13.600172421978018,True,True,4.513180977742316
-1807500.0,767500.0,1500,-10.970733045484476,True,True,4.7558803785003265
-1802500.0,767500.0,1500,-8.869834674311763,True,True,4.258818958840336
-1797500.0,767500.0,1500,-1.2562801009188196,True,True,4.056588220381238
-1792500.0,767500.0,1500,7.914738659749265,False,True,4.071418979837009
-1787500.0,767500.0,1500,6.620297888225994,False,True,3.749261983359418
-1782500.0,767500.0,1500,16.030634978990438,False,True,3.8640299527814994
-1777500.0,767500.0,1500,26.99306901503127,False,True,4.164624072613625
-1772500.0,767500.0,1500,10.727632479248305,False,True,4.270599611319364
-1767500.0,767500.0,1500,3.6824888253988135,False,True,4.371362619034418
-1762500.0,767500.0,1500,7.14827664726368,False,False,4.392561696221394
-1757500.0,767500.0,1500,-7.620462139273956,False,False,3.62761291537171
-1752500.0,767500.0,1500,-14.464744197124237,False,False,3.2722834227595388
-1747500.0,767500.0,1500,-2.93753087544304,False,False,3.6576628608893635
-1742500.0,767500.0,1500,0.3523357533571828,False,False,4.303202757729142
-1737500.0,767500.0,1500,7.506646439917979,False,False,4.537939089002655
-1732500.0,767500.0,1500,46.78742477078668,False,False,3.8760031047291896
-1727500.0,767500.0,1500,54.61610937170307,False,False,3.412299090985872
-1722500.0,767500.0,1500,21.66147593219984,False,False,3.3915621249965446
-1717500.0,767500.0,1500,2.2619602918332924,False,False,3.5008076141775017
-1712500.0,767500.0,1500,-12.323580715548687,False,False,4.023457241561582
-1707500.0,767500.0,1500,-18.87733853331665,False,False,4.42894892919981
-1702500.0,767500.0,1500,-4.860520289171813,False,False,4.417378108683024
-1697500.0,767500.0,1500,22.767302986975405,False,False,4.135212481636158
-1692500.0,767500.0,1500,25.613907769732947,False,False,3.52268298330275
-1687500.0,767500.0,1500,19.658709173139737,False,False,3.1108140683569627
-1682500.0,767500.0,1500,26.19741547861205,False,False,3.5796686496635113
-2197500.0,772500.0,1500,10.531579246262757,False,False,7.943458469833562
-2192500.0,772500.0,1500,14.017363794712791,False,False,7.737942659200067
-2187500.0,772500.0,1500,19.833718164271314,False,False,6.928518971930107
-2182500.0,772500.0,1500,20.979254809462695,False,False,6.400980005864293
-2177500.0,772500.0,1500,12.834238647787279,False,False,6.788328935007387
-2172500.0,772500.0,1500,5.585182162542472,False,True,7.385448024612938
-2167500.0,772500.0,1500,-0.5079858630153574,False,True,7.3676675129338465
-2162500.0,772500.0,1500,-4.13919466956946,False,True,6.888943892189865
-2157500.0,772500.0,1500,24.286962775024275,False,True,6.313679549026848
-2152500.0,772500.0,1500,73.46823403606263,False,True,5.9804660275601025
-2147500.0,772500.0,1500,57.18056868904123,False,True,6.680853140315064
-2142500.0,772500.0,1500,19.68194999355023,False,True,6.964897935986326
-2137500.0,772500.0,1500,21.003149138540856,False,False,6.22717574194443
-2132500.0,772500.0,1500,10.052019207558322,False,False,6.619914646976343
-2127500.0,772500.0,1500,-7.343249813910927,False,False,7.454693615110253
-2122500.0,772500.0,1500,13.617397927423548,False,False,7.229191457750377
-2117500.0,772500.0,1500,66.0232650669945,False,False,6.437125399567552
-2102500.0,772500.0,1500,151.6093287777098,False,False,5.449779380005511
-2092500.0,772500.0,1500,112.68119878387728,False,False,5.444480040812442
-2087500.0,772500.0,1500,91.35207332825387,False,False,5.187336276538183
-2082500.0,772500.0,1500,101.8763108246015,False,False,4.7690263746210455
-2077500.0,772500.0,1500,130.86263159451647,False,False,4.38053544957364
-2072500.0,772500.0,1500,143.1055204792834,False,False,3.6728320404949844
-2067500.0,772500.0,1500,141.82531937296915,False,False,3.9569484370462273
-2062500.0,772500.0,1500,125.68468976133825,False,False,5.220302793998088
-2057500.0,772500.0,1500,92.4436533535447,False,False,5.150421560932327
-2052500.0,772500.0,1500,83.77359693953935,False,False,4.699257426672528
-2047500.0,772500.0,1500,78.01999435168871,False,True,5.191114427945693
-2042500.0,772500.0,1500,68.08779108743491,False,True,5.245703725671602
-2037500.0,772500.0,1500,57.33526488624394,False,True,4.507965497572925
-2032500.0,772500.0,1500,33.74072836060944,False,True,3.7113636524800246
-2027500.0,772500.0,1500,37.497870284990896,False,True,3.902088868713638
-2022500.0,772500.0,1500,61.66023885742266,False,True,4.587014828676831
-2017500.0,772500.0,1500,67.22918512049664,False,True,4.2702443659162626
-2012500.0,772500.0,1500,65.60809828181608,False,True,4.414701702178228
-2007500.0,772500.0,1500,62.858496223981284,False,True,5.145800575325946
-2002500.0,772500.0,1500,54.129112847941805,False,True,4.408553380331057
-1997500.0,772500.0,1500,43.172836771493735,False,True,4.452883839404409
-1992500.0,772500.0,1500,37.531438478770966,False,True,5.223887932592161
-1987500.0,772500.0,1500,15.981496474300064,False,True,5.131959734077679
-1982500.0,772500.0,1500,-1.0759282841978015,False,True,5.35307890480949
-1977500.0,772500.0,1500,10.59363364697318,False,True,5.1593677891070895
-1972500.0,772500.0,1500,-2.80069752193489,False,True,4.043703804204341
-1967500.0,772500.0,1500,-24.72640870299563,False,True,3.9852200037014716
-1962500.0,772500.0,1500,-3.7901284244459497,False,True,4.695449974538495
-1957500.0,772500.0,1500,8.123839976451746,False,True,5.232316876926628
-1952500.0,772500.0,1500,-1.0569060174190894,False,True,5.5919513511401835
-1947500.0,772500.0,1500,-21.383752609103265,False,True,5.608959987773003
-1942500.0,772500.0,1500,-38.61261194068006,True,True,5.32986747712575
-1937500.0,772500.0,1500,-38.31719251802737,True,True,5.224903469677512
-1932500.0,772500.0,1500,-37.50748585371225,True,True,6.054316344496959
-1927500.0,772500.0,1500,-39.645666139650594,True,True,6.088140770019991
-1922500.0,772500.0,1500,-43.367317444578454,True,True,5.463063826086173
-1917500.0,772500.0,1500,-47.40780166826494,True,True,5.059590598303665
-1912500.0,772500.0,1500,-53.27342326145859,True,True,5.2336662944135295
-1907500.0,772500.0,1500,-56.74293370632089,True,True,5.145615522721111
-1902500.0,772500.0,1500,-59.62106897836078,True,True,4.684451469053183
-1897500.0,772500.0,1500,-63.0889925869622,True,True,4.637742176298856
-1892500.0,772500.0,1500,-62.27560460033834,True,True,4.164390296586662
-1887500.0,772500.0,1500,-51.50611683463186,True,True,4.413491746030654
-1882500.0,772500.0,1500,-37.86269193381203,True,True,5.444594200406744
-1877500.0,772500.0,1500,-24.65724225485387,True,True,5.572608100946744
-1872500.0,772500.0,1500,-17.385523170312542,False,True,4.746805507659218
-1867500.0,772500.0,1500,-14.475243273584319,False,True,4.198939024133837
-1862500.0,772500.0,1500,-18.792876534837823,False,True,4.80629929226347
-1857500.0,772500.0,1500,-32.62012918739331,True,True,4.7323791591081665
-1852500.0,772500.0,1500,-34.018483165893365,True,True,4.841631688225072
-1847500.0,772500.0,1500,-30.405513883237084,True,True,4.729351853265577
-1842500.0,772500.0,1500,-22.561099346251343,True,True,4.923524982455974
-1837500.0,772500.0,1500,-12.523145492769046,True,True,5.702510811394973
-1832500.0,772500.0,1500,-10.860427656859125,True,True,5.142582581512065
-1827500.0,772500.0,1500,-5.465978820035825,True,True,4.662093901696362
-1822500.0,772500.0,1500,-1.01887254964367,True,True,5.510968672770508
-1817500.0,772500.0,1500,-4.796645192555529,True,True,5.97111336121134
-1812500.0,772500.0,1500,-7.002321928785873,True,True,4.542036176874783
-1807500.0,772500.0,1500,-4.687115400812903,True,True,3.939766036088752
-1802500.0,772500.0,1500,-1.1049547572414358,True,True,4.352055952970904
-1797500.0,772500.0,1500,10.666442646457918,True,True,4.295873408929448
-1792500.0,772500.0,1500,22.000018417396188,False,True,3.98996532367799
-1787500.0,772500.0,1500,19.650237521642385,False,True,4.2182975458317795
-1782500.0,772500.0,1500,19.36120270689861,False,True,4.063264812382364
-1777500.0,772500.0,1500,22.626599499901165,False,True,3.8650519920216095
-1772500.0,772500.0,1500,15.60473833319791,False,True,3.7595513838825925
-1767500.0,772500.0,1500,12.221570580765338,False,False,3.5324439201461946
-1762500.0,772500.0,1500,18.34886490232061,False,False,3.6000884034645773
-1757500.0,772500.0,1500,14.85443874815229,False,False,3.505440018341872
-1752500.0,772500.0,1500,11.589407394825049,False,False,3.5857050662938867
-1747500.0,772500.0,1500,27.0719384508379,False,False,3.790271403439352
-1742500.0,772500.0,1500,23.058441810000588,False,False,4.273352989574828
-1737500.0,772500.0,1500,-3.372344531496575,False,False,4.543304720040033
-1732500.0,772500.0,1500,14.766112988149422,False,False,3.922544513800814
-1727500.0,772500.0,1500,35.39696924793147,False,False,3.1787970734002657
-1722500.0,772500.0,1500,28.47814488914849,False,False,3.160773434023949
-1717500.0,772500.0,1500,16.502150256051802,False,False,3.8472620787355787
-1712500.0,772500.0,1500,-7.611838598498698,False,False,4.453450349615364
-1707500.0,772500.0,1500,-17.891837336832737,False,False,4.506388747783961
-1702500.0,772500.0,1500,-7.274034910437432,False,False,4.15843790819446
-1697500.0,772500.0,1500,22.818030730169884,False,False,3.58598222496198
-1692500.0,772500.0,1500,52.75790345878169,False,False,3.024576752882337
-1687500.0,772500.0,1500,56.30316342037098,False,False,3.107680775406921
-2197500.0,777500.0,1500,17.03130951329191,False,False,8.3012939377076
-2192500.0,777500.0,1500,17.017128274314704,False,False,7.664785774467159
-2187500.0,777500.0,1500,18.945554075218894,False,False,6.626107529094743
-2182500.0,777500.0,1500,28.082394187812156,False,False,6.294912197927273
-2177500.0,777500.0,1500,24.440802866662438,False,False,6.814831212223269
-2172500.0,777500.0,1500,16.476887912310044,False,True,7.087862397039967
-2167500.0,777500.0,1500,8.815463225383866,False,True,6.862525647311884
-2162500.0,777500.0,1500,-4.318174074996952,False,True,6.877020318250951
-2157500.0,777500.0,1500,9.041853452238005,False,True,7.215699505424167
-2152500.0,777500.0,1500,46.685126154312854,False,True,7.081028282364359
-2147500.0,777500.0,1500,38.72700723169358,False,True,7.169110633402505
-2142500.0,777500.0,1500,3.9772121618069205,False,True,7.128126364176595
-2137500.0,777500.0,1500,0.5194006946263575,False,False,6.965343477851997
-2132500.0,777500.0,1500,6.240436239580906,False,False,7.4738113002510245
-2127500.0,777500.0,1500,20.173054213506806,False,False,7.4136545392771085
-2122500.0,777500.0,1500,55.36610167612435,False,False,6.739087393650836
-2117500.0,777500.0,1500,86.41542466405777,False,False,6.231208956193945
-2112500.0,777500.0,1500,104.37392191984418,False,False,6.017275929202425
-2107500.0,777500.0,1500,101.38430359730256,False,False,6.057594894988746
-2102500.0,777500.0,1500,71.83755172317753,False,False,6.160172909982246
-2097500.0,777500.0,1500,44.805459112878154,False,False,5.913747517237973
-2092500.0,777500.0,1500,30.225604065114396,False,False,5.558755133696655
-2087500.0,777500.0,1500,34.274123483648644,False,False,5.424207235891326
-2082500.0,777500.0,1500,58.073669312026134,False,False,5.45678238244743
-2077500.0,777500.0,1500,75.2129326268492,False,False,5.508237593084018
-2072500.0,777500.0,1500,67.22222439570174,False,False,4.66777059944524
-2067500.0,777500.0,1500,62.10879045268824,False,False,4.721103602099877
-2062500.0,777500.0,1500,45.25525528497526,False,False,6.328933916174177
-2057500.0,777500.0,1500,22.81908968204276,False,False,6.359401484490718
-2052500.0,777500.0,1500,18.527390151077036,False,False,5.41288111640271
-2047500.0,777500.0,1500,8.787010774404331,False,True,5.289917298413427
-2042500.0,777500.0,1500,0.890824323125159,False,True,5.3552914784970715
-2037500.0,777500.0,1500,-5.258375270195864,False,True,5.339245813197129
-2032500.0,777500.0,1500,-13.271896107141199,False,True,4.410579180924237
-2027500.0,777500.0,1500,-11.736801170483414,False,True,4.88018290043308
-2022500.0,777500.0,1500,-8.554032771468457,False,True,6.380259063482744
-2017500.0,777500.0,1500,-9.21009419175541,False,True,5.832906424662008
-2012500.0,777500.0,1500,-9.852192841066556,False,True,5.229401279821468
-2007500.0,777500.0,1500,-9.491903434469073,False,True,5.789903819532996
-2002500.0,777500.0,1500,-9.131147356136376,False,True,5.276961036736379
-1997500.0,777500.0,1500,-8.4592922949586,False,True,4.934229856627876
-1992500.0,777500.0,1500,-7.411143449228699,False,True,5.493565226279346
-1987500.0,777500.0,1500,-22.90922888520847,False,True,5.169411822871098
-1982500.0,777500.0,1500,-31.846770858168316,False,True,5.281696157111781
-1977500.0,777500.0,1500,-14.95691884598935,False,True,5.7682538913141945
-1972500.0,777500.0,1500,-15.602091167922019,False,True,4.818736864244101
-1967500.0,777500.0,1500,-26.176683368327495,False,True,4.362889762980873
-1962500.0,777500.0,1500,-13.21931604040008,True,True,5.092560285375015
-1957500.0,777500.0,1500,-5.4689290546984,True,True,5.300077624673579
-1952500.0,777500.0,1500,-20.478628037286533,True,True,5.770917057528915
-1947500.0,777500.0,1500,-46.059223287045974,True,True,5.661379042843099
-1942500.0,777500.0,1500,-53.19829694033625,True,True,4.657728712609462
-1937500.0,777500.0,1500,-47.93412720877719,True,True,4.2670321715137955
-1932500.0,777500.0,1500,-51.46195345554221,True,True,4.853601132419949
-1927500.0,777500.0,1500,-54.93211744845904,True,True,4.868230785126153
-1922500.0,777500.0,1500,-57.78607582523895,True,True,4.4750700189057016
-1917500.0,777500.0,1500,-58.07286067059118,True,True,4.469005051683638
-1912500.0,777500.0,1500,-59.404189773717924,True,True,4.754314488205967
-1907500.0,777500.0,1500,-61.13508458189295,True,True,5.042602468899033
-1902500.0,777500.0,1500,-63.41555593271494,True,True,5.10627124168968
-1897500.0,777500.0,1500,-62.96311377005016,True,True,5.104167685549555
-1892500.0,777500.0,1500,-53.29346608598261,True,True,4.965401482464561
-1887500.0,777500.0,1500,-30.432176050069746,True,True,4.7879624953406665
-1882500.0,777500.0,1500,-6.006447534836443,False,True,4.6598355286275135
-1877500.0,777500.0,1500,4.0510894371429265,False,True,4.29259744800505
-1872500.0,777500.0,1500,2.471660582714903,False,True,4.261027678119218
-1867500.0,777500.0,1500,-0.46857150459361796,False,True,4.203028395560862
-1862500.0,777500.0,1500,-11.839038939577605,False,True,4.338371177760673
-1857500.0,777500.0,1500,-23.64834398657769,False,True,4.423006778789361
-1852500.0,777500.0,1500,-10.677171500048873,False,True,4.44084477065537
-1847500.0,777500.0,1500,-4.783508962212551,False,True,4.4638336074380085
-1842500.0,777500.0,1500,-6.125520699784504,True,True,4.642488739554527
-1837500.0,777500.0,1500,0.3234934129174943,False,True,5.214467002179221
-1832500.0,777500.0,1500,2.0365667364938758,False,True,5.48053242185184
-1827500.0,777500.0,1500,6.533467671513871,False,True,5.02954165213768
-1822500.0,777500.0,1500,6.438883698266462,True,True,4.973443423856424
-1817500.0,777500.0,1500,-0.18931557510841446,False,True,4.995150040104858
-1812500.0,777500.0,1500,-1.455369094876234,True,True,4.2695296661545115
-1807500.0,777500.0,1500,2.603360825904234,False,True,4.306197333845541
-1802500.0,777500.0,1500,7.305613946524257,False,True,4.907055880838076
-1797500.0,777500.0,1500,17.01345076365943,False,True,4.452913478966122
-1792500.0,777500.0,1500,22.734448933634994,False,True,3.5742281368057425
-1787500.0,777500.0,1500,21.991524649514776,False,True,3.8800499206865955
-1782500.0,777500.0,1500,23.743343225024407,False,True,3.859952583023635
-1777500.0,777500.0,1500,22.553896475940753,False,False,3.4010739449680565
-1772500.0,777500.0,1500,19.761358098621553,False,False,3.1928119314556147
-1767500.0,777500.0,1500,14.180762479755833,False,False,3.0661168914778907
-1762500.0,777500.0,1500,25.226758124790944,False,False,3.2250361893740482
-1757500.0,777500.0,1500,45.714497796207624,False,False,3.584251239136392
-1752500.0,777500.0,1500,55.269207303287004,False,False,3.879080403796692
-1747500.0,777500.0,1500,63.60741099196337,False,False,3.727567625660721
-1742500.0,777500.0,1500,32.917956284824285,False,False,3.6833307168641114
-1737500.0,777500.0,1500,-11.253521328848729,False,False,3.771919172432958
-1732500.0,777500.0,1500,-11.951554989337758,False,False,3.428023476425648
-1727500.0,777500.0,1500,1.8919062128790736,False,False,3.5275544552619085
-1722500.0,777500.0,1500,22.99209064212826,False,False,4.005331265375236
-1717500.0,777500.0,1500,28.980336724324946,False,False,4.4305350107686134
-1712500.0,777500.0,1500,9.919591100243196,False,False,4.563344800767094
-1707500.0,777500.0,1500,4.091932370459447,False,False,4.152948123522799
-1702500.0,777500.0,1500,1.4381657920114241,False,False,3.5421706125033596
-1697500.0,777500.0,1500,12.608351436908631,False,False,3.4302620643218322
-1692500.0,777500.0,1500,48.55209400093306,False,False,3.239073532333042
-2197500.0,782500.0,1500,19.53166026809399,False,False,8.174151184714074
-2192500.0,782500.0,1500,18.428778442336085,False,False,7.279570850321536
-2187500.0,782500.0,1500,16.506313127059197,False,False,6.704034813433818
-2182500.0,782500.0,1500,28.205028299304267,False,False,6.871162706331868
-2177500.0,782500.0,1500,29.442100742306128,False,True,7.104186675306918
-2172500.0,782500.0,1500,19.842078709332352,False,True,7.063590791565593
-2167500.0,782500.0,1500,11.24570494071813,False,True,6.911181112683487
-2162500.0,782500.0,1500,2.6662026472638356,False,True,7.293269415790704
-2157500.0,782500.0,1500,6.055203961872272,True,True,8.003796828661812
-2152500.0,782500.0,1500,11.185369503825438,False,True,8.004859947936005
-2147500.0,782500.0,1500,1.768803575034621,False,True,7.337724312024244
-2142500.0,782500.0,1500,-10.78118610314504,False,True,7.009639245146685
-2137500.0,782500.0,1500,-5.98523849043542,False,True,7.573632468424819
-2132500.0,782500.0,1500,8.824913747281068,False,False,7.906426941368475
-2127500.0,782500.0,1500,34.83425297643569,False,False,7.393862687923595
-2122500.0,782500.0,1500,50.546734028684845,False,False,7.036989449757487
-2117500.0,782500.0,1500,42.74284401017933,False,False,7.031566323518664
-2112500.0,782500.0,1500,32.794377081450726,False,False,6.9317875061550165
-2107500.0,782500.0,1500,26.66048432363751,False,False,6.719835848206555
-2102500.0,782500.0,1500,17.135320459829664,False,False,6.561821487018966
-2097500.0,782500.0,1500,16.458788525160255,False,False,6.239697996241896
-2092500.0,782500.0,1500,34.67017006841526,False,False,6.0733091661744405
-2087500.0,782500.0,1500,48.50270222491622,False,False,6.421938058117069
-2082500.0,782500.0,1500,54.456768892578644,False,False,6.96204323192883
-2077500.0,782500.0,1500,41.439666160401686,False,False,7.138774089214656
-2072500.0,782500.0,1500,10.295920549077104,False,False,5.957522358522216
-2067500.0,782500.0,1500,-6.180770682712589,False,False,5.3939575660899255
-2062500.0,782500.0,1500,-16.542515471567626,False,False,6.3835243180402825
-2057500.0,782500.0,1500,-23.85480825495941,False,False,6.402422584107641
-2052500.0,782500.0,1500,-27.23766187181346,False,True,5.653550176765021
-2047500.0,782500.0,1500,-34.140400952942514,False,True,5.6181218788495215
-2042500.0,782500.0,1500,-34.27965596558189,False,True,6.183202678322612
-2037500.0,782500.0,1500,-31.986545522982873,False,True,6.549766734419796
-2032500.0,782500.0,1500,-33.28968030202536,True,True,5.006105282905827
-2027500.0,782500.0,1500,-32.272554281959536,True,True,5.021932885869572
-2022500.0,782500.0,1500,-33.869346517253724,True,True,6.445569201332669
-2017500.0,782500.0,1500,-39.89860046358553,True,True,5.872916437290735
-2012500.0,782500.0,1500,-43.45115674620096,True,True,5.310351458248156
-2007500.0,782500.0,1500,-47.65854820207872,True,True,5.5802567387155335
-2002500.0,782500.0,1500,-48.61945507573099,True,True,5.307084104765767
-1997500.0,782500.0,1500,-40.99747173997598,True,True,4.995650186381196
-1992500.0,782500.0,1500,-37.34910737450116,True,True,5.446879419264533
-1987500.0,782500.0,1500,-46.380907263806655,True,True,5.304863463285386
-1982500.0,782500.0,1500,-47.60672352777136,True,True,5.2508490541032335
-1977500.0,782500.0,1500,-37.48048089911674,True,True,5.600976966366805
-1972500.0,782500.0,1500,-35.841212229292886,True,True,4.7102199010707935
-1967500.0,782500.0,1500,-37.113870368646516,True,True,3.9792632502085477
-1962500.0,782500.0,1500,-32.596457557001926,True,True,4.3267392894198275
-1957500.0,782500.0,1500,-28.564245449863765,True,True,4.363283769315155
-1952500.0,782500.0,1500,-33.207914876992746,True,True,4.765144206913771
-1947500.0,782500.0,1500,-42.64681444502953,True,True,5.026225769515344
-1942500.0,782500.0,1500,-46.511595130521606,True,True,4.7088846810647125
-1937500.0,782500.0,1500,-50.60201520792266,True,True,4.412308780434704
-1932500.0,782500.0,1500,-56.17549725812235,True,True,4.50675420937289
-1927500.0,782500.0,1500,-60.854762028187714,True,True,4.810917509156859
-1922500.0,782500.0,1500,-68.12172210196833,True,True,4.741844091444539
-1917500.0,782500.0,1500,-65.65472501149402,True,True,4.569819928367029
-1912500.0,782500.0,1500,-56.692351041155476,True,True,5.23922118179156
-1907500.0,782500.0,1500,-52.55308116034383,True,True,6.275725077759008
-1902500.0,782500.0,1500,-49.407722789298376,True,True,6.429101678645275
-1897500.0,782500.0,1500,-37.89667090180226,True,True,5.612293376081409
-1892500.0,782500.0,1500,-23.356878843381196,False,True,5.02726850371358
-1887500.0,782500.0,1500,-10.682595802247945,False,True,4.2097217164452765
-1882500.0,782500.0,1500,5.190477255250676,False,True,3.320419179065031
-1877500.0,782500.0,1500,12.798172479647878,False,True,3.389414115267109
-1872500.0,782500.0,1500,16.85125376284619,False,True,4.026924132302527
-1867500.0,782500.0,1500,18.02527000149087,False,True,3.9670155846018478
-1862500.0,782500.0,1500,-2.170897650586802,False,True,3.5510901003964364
-1857500.0,782500.0,1500,-10.256346202671851,False,True,3.8668310182992656
-1852500.0,782500.0,1500,11.76021011157734,False,True,3.946124849753452
-1847500.0,782500.0,1500,11.255892746419075,False,True,4.357667940613593
-1842500.0,782500.0,1500,6.260543622253016,False,True,4.536267872643364
-1837500.0,782500.0,1500,15.793383264322227,False,True,4.1734785998893456
-1832500.0,782500.0,1500,18.547765737340384,False,True,4.432017412364417
-1827500.0,782500.0,1500,16.688597633687355,False,True,4.3804974152322425
-1822500.0,782500.0,1500,6.056933436257469,False,True,4.363420759876921
-1817500.0,782500.0,1500,-1.3169718703043245,False,True,4.368365393165043
-1812500.0,782500.0,1500,2.5678976069412442,False,True,4.476778266606664
-1807500.0,782500.0,1500,10.164942123503769,False,True,5.024125363727978
-1802500.0,782500.0,1500,12.022754045591531,False,True,5.0204318902581715
-1797500.0,782500.0,1500,12.191575223030323,False,True,4.437760300717432
-1792500.0,782500.0,1500,10.92640699715675,False,True,3.971490296320031
-1787500.0,782500.0,1500,12.575883797044142,False,True,3.801859643614817
-1782500.0,782500.0,1500,18.675524603655614,False,True,3.935584661190613
-1777500.0,782500.0,1500,15.821750265024278,False,False,3.7484274711833656
-1772500.0,782500.0,1500,13.470484761411598,False,False,3.2497998698494266
-1767500.0,782500.0,1500,10.728232326699313,False,False,3.310647572075654
-1762500.0,782500.0,1500,24.43455455518625,False,False,3.733994799394539
-1757500.0,782500.0,1500,56.34035300191612,False,False,3.8293879117597074
-1752500.0,782500.0,1500,69.48669091067336,False,False,3.5414836805230427
-1747500.0,782500.0,1500,62.1606173360529,False,False,3.2219396802338807
-1742500.0,782500.0,1500,12.829681737032843,False,False,3.034713055781017
-1737500.0,782500.0,1500,-23.446939486801085,False,False,3.1943912173594127
-1732500.0,782500.0,1500,-11.028142212525086,False,False,3.657104087817937
-1727500.0,782500.0,1500,5.12036602439498,False,False,4.299151467046184
-1722500.0,782500.0,1500,19.567793866076975,False,False,4.625700674488877
-1717500.0,782500.0,1500,19.205985835358955,False,False,4.555431735074404
-1712500.0,782500.0,1500,18.88196768339212,False,False,4.086480544288592
-1707500.0,782500.0,1500,31.410674471857874,False,False,3.5302920331385614
-1702500.0,782500.0,1500,24.456841675582993,False,False,3.5384644585746243
-1697500.0,782500.0,1500,18.758433280464196,False,False,3.9947374493564585
-1692500.0,782500.0,1500,26.79218422629519,False,False,3.602291275804195
-2197500.0,787500.0,1500,16.915700171063655,False,False,7.663256262430776
-2192500.0,787500.0,1500,13.36440225824226,False,False,7.017986629455317
-2187500.0,787500.0,1500,7.162349965323196,False,False,7.1957705876875835
-2182500.0,787500.0,1500,10.098693371030421,False,False,7.679626386562447
-2177500.0,787500.0,1500,9.347315324564109,False,False,7.627842106290353
-2172500.0,787500.0,1500,2.3444424350649413,False,True,7.353731033618557
-2167500.0,787500.0,1500,-2.0373222790180057,False,True,7.413216050019325
-2162500.0,787500.0,1500,0.8042211403962674,False,True,7.932329790187554
-2157500.0,787500.0,1500,4.795926035463884,False,True,8.30618570229891
-2152500.0,787500.0,1500,-3.886009636115186,False,True,7.930246278114843
-2147500.0,787500.0,1500,-15.602590866516351,False,True,7.16913678665766
-2142500.0,787500.0,1500,-19.156333889289215,False,True,7.4111721258498395
-2137500.0,787500.0,1500,-12.088510545363862,False,False,8.326145459468057
-2132500.0,787500.0,1500,-1.0926393569770294,False,False,8.545935971034233
-2127500.0,787500.0,1500,8.86894977863655,False,False,8.323197208791608
-2122500.0,787500.0,1500,8.038832495324863,False,False,8.135743623403831
-2117500.0,787500.0,1500,3.4192742785226966,False,False,7.790978608478822
-2112500.0,787500.0,1500,2.480896821361993,False,False,7.242737409950419
-2107500.0,787500.0,1500,3.6513258138464493,False,False,6.997101177647416
-2102500.0,787500.0,1500,7.1224625695693895,False,False,7.195668758311301
-2097500.0,787500.0,1500,14.279595575285025,False,False,7.40083256272535
-2092500.0,787500.0,1500,17.262732419193288,False,False,7.618924610565926
-2087500.0,787500.0,1500,5.271993733032071,False,False,7.890997223199069
-2082500.0,787500.0,1500,-8.19803210989208,False,False,7.976230640799958
-2077500.0,787500.0,1500,-20.605004533122543,False,False,7.460371960791939
-2072500.0,787500.0,1500,-32.84239738717899,False,False,6.087816294823419
-2067500.0,787500.0,1500,-42.307041221905756,False,False,5.317833100093372
-2062500.0,787500.0,1500,-43.88736539680054,False,False,5.593971527395914
-2057500.0,787500.0,1500,-38.88161519826657,False,False,5.524727024742013
-2052500.0,787500.0,1500,-38.66432631156939,False,False,5.009845404717833
-2047500.0,787500.0,1500,-39.80250508492817,False,True,4.864626837924238
-2042500.0,787500.0,1500,-37.981982052487,False,True,5.014389566571791
-2037500.0,787500.0,1500,-36.97204990954782,False,True,5.089537175307628
-2032500.0,787500.0,1500,-37.85887334597852,False,True,4.348574950915897
-2027500.0,787500.0,1500,-37.78902763112552,True,True,4.299360427676591
-2022500.0,787500.0,1500,-40.161457316969184,True,True,4.966085677433082
-2017500.0,787500.0,1500,-46.78180380618612,True,True,4.669323765709266
-2012500.0,787500.0,1500,-50.2776299726621,True,True,4.473492690570334
-2007500.0,787500.0,1500,-54.47125757586855,True,True,4.468639530457558
-2002500.0,787500.0,1500,-58.25055814600292,True,True,4.1987997804873025
-1997500.0,787500.0,1500,-53.560787673960995,True,True,4.177877205023846
-1992500.0,787500.0,1500,-51.01190853402629,True,True,4.666460722908862
-1987500.0,787500.0,1500,-55.576670165469736,True,True,4.779412145383736
-1982500.0,787500.0,1500,-55.0513021961065,True,True,4.656147302352366
-1977500.0,787500.0,1500,-50.50680044710138,True,True,4.930783984170419
-1972500.0,787500.0,1500,-49.770305551291415,True,True,4.580042055078497
-1967500.0,787500.0,1500,-51.35553159042362,True,True,4.101393614042337
-1962500.0,787500.0,1500,-50.400293253451686,True,True,4.280836998201917
-1957500.0,787500.0,1500,-45.81215031240423,True,True,4.386819233593268
-1952500.0,787500.0,1500,-42.36987067161135,True,True,4.557570595975546
-1947500.0,787500.0,1500,-40.204848146986926,True,True,5.227577993051067
-1942500.0,787500.0,1500,-41.73288853244357,True,True,5.512040495547247
-1937500.0,787500.0,1500,-51.03734860321479,True,True,4.97938033235245
-1932500.0,787500.0,1500,-56.67342312426594,True,True,5.275005460346625
-1927500.0,787500.0,1500,-59.25274411829934,True,True,6.244314225446136
-1922500.0,787500.0,1500,-67.19511605165656,True,True,6.223989272412727
-1917500.0,787500.0,1500,-59.719077902583656,True,True,5.469255899998575
-1912500.0,787500.0,1500,-41.860709210423714,True,True,5.414525256081187
-1907500.0,787500.0,1500,-31.913602861617637,True,True,5.903423005531108
-1902500.0,787500.0,1500,-19.3171725627097,True,True,6.038482470734486
-1897500.0,787500.0,1500,0.6063440020734873,False,True,5.265474387252294
-1892500.0,787500.0,1500,12.730254118735454,False,True,4.171692206500241
-1887500.0,787500.0,1500,8.059976649202147,False,True,3.451352873715068
-1882500.0,787500.0,1500,16.543937900510866,False,True,3.1111267338011825
-1877500.0,787500.0,1500,56.7487028390237,False,True,3.2480359997297477
-1872500.0,787500.0,1500,71.73790963836863,False,True,3.658720847853828
-1867500.0,787500.0,1500,56.98369681953215,False,True,3.9357244694026257
-1862500.0,787500.0,1500,23.019998023604693,False,True,3.869207804773351
-1857500.0,787500.0,1500,17.936543649066742,False,True,4.094236143068002
-1852500.0,787500.0,1500,37.420446772473085,False,True,4.154482806482036
-1847500.0,787500.0,1500,18.711349975618827,False,True,4.2793052320855764
-1842500.0,787500.0,1500,20.140585917346847,False,True,4.322718818988923
-1837500.0,787500.0,1500,25.42628245780425,False,True,3.8228179521034487
-1832500.0,787500.0,1500,17.805028125723215,False,True,3.815250702574824
-1827500.0,787500.0,1500,9.106668079665608,False,True,3.9885548282571293
-1822500.0,787500.0,1500,-5.67361603222247,False,True,4.431311400716126
-1817500.0,787500.0,1500,-7.492342683327527,False,True,4.805322243418296
-1812500.0,787500.0,1500,0.5127545613686639,False,True,4.993570191478989
-1807500.0,787500.0,1500,6.420887761313839,False,True,4.951843283928065
-1802500.0,787500.0,1500,4.721161926149776,False,True,4.449095023174745
-1797500.0,787500.0,1500,0.4119279446010902,False,True,4.0126850861435255
-1792500.0,787500.0,1500,-1.7177677877578998,False,True,3.9149601497199713
-1787500.0,787500.0,1500,1.0987145330259824,False,True,3.6630328071398375
-1782500.0,787500.0,1500,2.655464594512106,False,False,3.4489970173050835
-1777500.0,787500.0,1500,-1.3433613752472033,False,False,3.513897142802066
-1772500.0,787500.0,1500,5.015260792655731,False,False,3.4052436811929487
-1767500.0,787500.0,1500,10.030813560417311,False,False,3.4706028933304496
-1762500.0,787500.0,1500,16.749287652268283,False,False,3.580665518290897
-1757500.0,787500.0,1500,52.150107332885746,False,False,3.4775911652637257
-1752500.0,787500.0,1500,65.31986547475768,False,False,3.1127734193940175
-1747500.0,787500.0,1500,48.780327396049834,False,False,2.850348032309954
-1742500.0,787500.0,1500,25.411207407809645,False,False,2.851191560926954
-1737500.0,787500.0,1500,9.86658520017615,False,False,3.329998410158037
-1732500.0,787500.0,1500,13.558349493155681,False,False,4.101884713380965
-1727500.0,787500.0,1500,29.696916280069253,False,False,4.435215750786603
-1722500.0,787500.0,1500,24.871038510542935,False,False,4.281373079699287
-1717500.0,787500.0,1500,1.0145180061904475,False,False,3.7691524375543306
-1712500.0,787500.0,1500,9.305372197193169,False,False,3.359681914415249
-1707500.0,787500.0,1500,41.1486309612065,False,False,3.546446116237714
-1702500.0,787500.0,1500,50.76763715622498,False,False,3.997087619648929
-1697500.0,787500.0,1500,43.20330347007946,False,False,4.22719719656697
-2197500.0,792500.0,1500,-3.5503269435748126,False,False,7.151734244057364
-2192500.0,792500.0,1500,-10.283307168756332,False,False,7.106908359831923
-2187500.0,792500.0,1500,-16.084881370181837,False,False,7.7083117767964335
-2182500.0,792500.0,1500,-15.864094243507296,False,False,7.961423895399925
-2177500.0,792500.0,1500,-14.555753620861994,False,False,7.658617385922783
-2172500.0,792500.0,1500,-12.724474424996437,False,True,7.422320169049167
-2167500.0,792500.0,1500,-9.725977433639695,False,True,7.840454589645244
-2162500.0,792500.0,1500,-8.017732923574302,False,True,8.364038520797994
-2157500.0,792500.0,1500,-10.87264345771147,False,True,8.23861722189207
-2152500.0,792500.0,1500,-20.21353323920517,False,True,7.395243696246616
-2147500.0,792500.0,1500,-27.456891327903048,False,True,7.216678829239858
-2142500.0,792500.0,1500,-26.103529207496994,False,True,8.291120326686457
-2137500.0,792500.0,1500,-19.028980084516874,False,False,9.082794949231324
-2132500.0,792500.0,1500,-14.50169674988885,False,False,9.08316028920751
-2127500.0,792500.0,1500,-16.348441899395635,False,False,8.705608161544975
-2122500.0,792500.0,1500,-16.50824128157176,False,False,8.09260681302372
-2117500.0,792500.0,1500,-13.92576567335272,False,False,7.5076005640933685
-2112500.0,792500.0,1500,-16.938805188423167,False,False,7.1198558673368755
-2107500.0,792500.0,1500,-19.462231127253787,False,False,7.08349734812368
-2102500.0,792500.0,1500,-16.629306534677262,False,False,7.269575882078212
-2097500.0,792500.0,1500,-14.691725099322984,False,False,7.244739902397104
-2092500.0,792500.0,1500,-17.27850499232687,False,False,6.937672708594729
-2087500.0,792500.0,1500,-22.319428007146758,False,False,6.485536932846452
-2082500.0,792500.0,1500,-28.68370657659694,False,False,5.959726761498982
-2077500.0,792500.0,1500,-36.3215434285172,False,False,5.164704124505502
-2072500.0,792500.0,1500,-44.461068456056026,False,False,4.441722565337457
-2067500.0,792500.0,1500,-53.75651314867954,False,False,4.410870301950511
-2062500.0,792500.0,1500,-56.682949898140336,False,False,4.708354961305486
-2057500.0,792500.0,1500,-53.70155975999803,False,False,4.708682081260305
-2052500.0,792500.0,1500,-50.14886745419599,False,False,4.360359655361863
-2047500.0,792500.0,1500,-45.44669537766465,False,True,4.003004995163621
-2042500.0,792500.0,1500,-43.96640725575775,False,True,3.6531422567391303
-2037500.0,792500.0,1500,-45.31020987489003,False,True,3.4696252097832594
-2032500.0,792500.0,1500,-44.9677924404754,False,True,3.6449078391591927
-2027500.0,792500.0,1500,-43.59547840747799,True,True,3.837643556201421
-2022500.0,792500.0,1500,-45.004135624414914,True,True,4.1752742146219735
-2017500.0,792500.0,1500,-47.82184900543067,True,True,4.272693829814836
-2012500.0,792500.0,1500,-48.3529733528602,True,True,3.9826751703970564
-2007500.0,792500.0,1500,-49.438191648343754,True,True,3.6265217021435636
-2002500.0,792500.0,1500,-55.38579310873589,True,True,3.498950624486582
-1997500.0,792500.0,1500,-57.59065249638525,True,True,3.806731753134456
-1992500.0,792500.0,1500,-57.30188051134762,True,True,4.682236586997493
-1987500.0,792500.0,1500,-62.040083651995964,True,True,5.196998670135928
-1982500.0,792500.0,1500,-66.10890572871634,True,True,5.02476412753199
-1977500.0,792500.0,1500,-64.88709761318843,True,True,5.326604796531406
-1972500.0,792500.0,1500,-60.55140508185619,True,True,5.302759417737141
-1967500.0,792500.0,1500,-60.17731040830862,True,True,4.827227410764869
-1962500.0,792500.0,1500,-60.45588398625293,True,True,4.902491928047412
-1957500.0,792500.0,1500,-57.44443169460329,True,True,5.215351803443658
-1952500.0,792500.0,1500,-53.12891439036578,True,True,5.418174281378114
-1947500.0,792500.0,1500,-47.23028546948226,True,True,6.080175676469059
-1942500.0,792500.0,1500,-44.520507375959035,True,True,6.346621394327727
-1937500.0,792500.0,1500,-49.760693892045026,True,True,5.01529162345354
-1932500.0,792500.0,1500,-52.697693703359725,True,True,4.87599202216799
-1927500.0,792500.0,1500,-51.51483680186584,True,True,5.915261878948378
-1922500.0,792500.0,1500,-49.61996923397436,True,True,6.205442343305328
-1917500.0,792500.0,1500,-37.04695385573674,True,True,5.802333830583782
-1912500.0,792500.0,1500,-24.812620486112728,False,True,4.891499544891701
-1907500.0,792500.0,1500,-16.60135460057101,False,True,4.650658851061425
-1902500.0,792500.0,1500,-0.7299760444581835,False,True,4.603367161043305
-1897500.0,792500.0,1500,16.114602471597024,False,True,4.114891431393609
-1892500.0,792500.0,1500,30.27941000878419,False,True,3.6233338411889515
-1887500.0,792500.0,1500,32.685201426855535,False,True,3.525074403769419
-1882500.0,792500.0,1500,48.018861457389676,False,True,3.4149763961759296
-1877500.0,792500.0,1500,100.46244908304824,False,True,3.4425905296841357
-1872500.0,792500.0,1500,112.6499280158301,False,False,3.9543688102933205
-1867500.0,792500.0,1500,75.37807289541969,False,False,4.483225623910886
-1862500.0,792500.0,1500,37.071535946456066,False,False,4.390672818553519
-1857500.0,792500.0,1500,35.84935283659232,False,True,4.283480100898703
-1852500.0,792500.0,1500,34.361080098823884,False,True,4.4828839646088445
-1847500.0,792500.0,1500,14.100778893683357,False,True,4.138307559255675
-1842500.0,792500.0,1500,32.07806216644359,False,True,3.751392933724108
-1837500.0,792500.0,1500,29.001377819149518,False,True,3.6372873147356093
-1832500.0,792500.0,1500,7.955406253861501,False,True,3.999369730056157
-1827500.0,792500.0,1500,-2.0120316212470732,False,True,4.430886516980389
-1822500.0,792500.0,1500,-12.928909570552422,False,True,4.60327814546695
-1817500.0,792500.0,1500,-8.479153169256794,False,True,4.206901394647323
-1812500.0,792500.0,1500,2.127322238287161,False,True,3.926890291318644
-1807500.0,792500.0,1500,3.4655235437808254,False,True,3.995059488203607
-1802500.0,792500.0,1500,-0.4742976884046131,False,True,3.794031535938193
-1797500.0,792500.0,1500,-6.275120053862578,False,True,3.5663997757499826
-1792500.0,792500.0,1500,-8.618562436327785,False,False,3.358543312761293
-1787500.0,792500.0,1500,-2.7375942799780995,False,False,3.14815899097981
-1782500.0,792500.0,1500,0.44863032986771917,False,False,2.7967013014033473
-1777500.0,792500.0,1500,-0.18370964337884058,False,False,2.9217646345906987
-1772500.0,792500.0,1500,4.18021290757354,False,False,3.261190025341298
-1767500.0,792500.0,1500,13.453983142169571,False,False,3.4486504021861855
-1762500.0,792500.0,1500,17.237212053868465,False,False,3.4505152690787555
-1757500.0,792500.0,1500,25.51157614830831,False,False,3.1854966813061507
-1752500.0,792500.0,1500,27.854168663353793,False,False,2.9322772719630654
-1747500.0,792500.0,1500,25.960149791097077,False,False,2.995848655083316
-1742500.0,792500.0,1500,41.61107518662885,False,False,3.2577427974653723
-1737500.0,792500.0,1500,51.301080051524494,False,False,3.466409639262253
-1732500.0,792500.0,1500,46.40343962952733,False,False,3.8191368685418094
-1727500.0,792500.0,1500,53.01134343783638,False,False,3.8850455892789304
-1722500.0,792500.0,1500,39.51103577292301,False,False,3.4462325958740934
-1717500.0,792500.0,1500,14.446453942811624,False,False,3.238463282053875
-1712500.0,792500.0,1500,13.668131639638778,False,False,3.5235762469220946
-1707500.0,792500.0,1500,35.20821704708622,False,False,3.923874686346662
-2197500.0,797500.0,1500,-28.12329329385186,False,False,6.876624028129742
-2192500.0,797500.0,1500,-29.285036074946788,False,False,7.439362517459899
-2187500.0,797500.0,1500,-26.856489543919434,False,False,8.01039164896687
-2182500.0,797500.0,1500,-21.975627369477266,False,False,7.828680531239822
-2177500.0,797500.0,1500,-16.436532189452958,False,False,7.4281731593101945
-2172500.0,797500.0,1500,-10.280898777520237,False,False,7.704614409602242
-2167500.0,797500.0,1500,-6.738170601896244,False,True,8.418138003400117
-2162500.0,797500.0,1500,-9.292920680526127,False,True,8.555136522609557
-2157500.0,797500.0,1500,-16.58780216993699,False,True,7.804359425430394
-2152500.0,797500.0,1500,-25.7622640604532,False,True,7.070359226393673
-2147500.0,797500.0,1500,-29.222459462264304,False,True,7.77740911809023
-2142500.0,797500.0,1500,-26.53406952241703,False,False,9.009088272266148
-2137500.0,797500.0,1500,-24.74402045793424,False,False,9.250106157956175
-2132500.0,797500.0,1500,-27.552137031126684,False,False,8.708974664020054
-2127500.0,797500.0,1500,-31.65421308565504,False,False,7.909260086247512
-2122500.0,797500.0,1500,-31.583570631619185,False,False,7.346016707829978
-2117500.0,797500.0,1500,-32.279196786027114,False,False,7.14979319441106
-2112500.0,797500.0,1500,-39.05010527403269,False,False,6.195605593010735
-2107500.0,797500.0,1500,-41.963637591882495,False,False,5.323923344339827
-2102500.0,797500.0,1500,-37.616036960662676,False,False,5.345112070498693
-2097500.0,797500.0,1500,-34.212706533113476,False,False,5.189462649706136
-2092500.0,797500.0,1500,-34.1701127943502,False,False,4.775783674361923
-2087500.0,797500.0,1500,-38.22189381425957,False,False,4.269836841317904
-2082500.0,797500.0,1500,-45.43802246321641,False,False,3.859959117255759
-2077500.0,797500.0,1500,-50.31129434505906,False,False,3.502528150818386
-2072500.0,797500.0,1500,-53.8790384675146,False,False,3.421817693756706
-2067500.0,797500.0,1500,-57.49699257234734,False,False,3.6993881037787757
-2062500.0,797500.0,1500,-57.82017416247168,False,False,4.0079894093086645
-2057500.0,797500.0,1500,-56.2078698759985,False,False,4.2027573698069105
-2052500.0,797500.0,1500,-54.54606476021187,False,False,4.198289380154064
-2047500.0,797500.0,1500,-50.935309536557384,False,True,4.267780576554586
-2042500.0,797500.0,1500,-47.03933645276308,False,True,3.997538849141905
-2037500.0,797500.0,1500,-44.32976761243298,False,True,3.5427076645668967
-2032500.0,797500.0,1500,-43.859710445553006,False,True,3.8332440971057498
-2027500.0,797500.0,1500,-46.00105181867475,True,True,3.982977934756454
-2022500.0,797500.0,1500,-48.35387621887461,True,True,4.2325040790732515
-2017500.0,797500.0,1500,-48.45798058724098,True,True,4.773436290581845
-2012500.0,797500.0,1500,-46.5409458432483,True,True,5.029835776306641
-2007500.0,797500.0,1500,-48.93726604885684,True,True,4.935144084711973
-2002500.0,797500.0,1500,-59.51181753143932,True,True,4.631300670169697
-1997500.0,797500.0,1500,-61.93097544409171,True,True,4.579873652132465
-1992500.0,797500.0,1500,-57.24271858675172,True,True,5.55192595588102
-1987500.0,797500.0,1500,-59.921794099762245,True,True,6.341192001545872
-1982500.0,797500.0,1500,-60.80310099042826,True,True,5.700059545767916
-1977500.0,797500.0,1500,-58.49757328958193,True,True,5.412211432441969
-1972500.0,797500.0,1500,-56.045442905876385,True,True,5.438093719398072
-1967500.0,797500.0,1500,-54.73857988178527,True,True,4.9541818115043705
-1962500.0,797500.0,1500,-52.939680245171715,True,True,5.1963378301845005
-1957500.0,797500.0,1500,-51.173179980085784,True,True,5.810011863947871
-1952500.0,797500.0,1500,-48.57044594200832,True,True,5.778727567761398
-1947500.0,797500.0,1500,-39.164762931492795,True,True,5.926669602005843
-1942500.0,797500.0,1500,-32.453942425504394,True,True,6.2644032557815645
-1937500.0,797500.0,1500,-34.85074249971268,True,True,4.9629786439976025
-1932500.0,797500.0,1500,-36.10726701487681,True,True,4.339490437405699
-1927500.0,797500.0,1500,-32.557207812950026,True,True,5.026629401456632
-1922500.0,797500.0,1500,-21.79793986825229,True,True,4.959709667957628
-1917500.0,797500.0,1500,-12.458792920370938,False,True,4.648160268215941
-1912500.0,797500.0,1500,-15.498580120180709,False,True,4.062186489439155
-1907500.0,797500.0,1500,-10.17675131648709,False,True,4.026508959202931
-1902500.0,797500.0,1500,3.958065089947074,False,True,4.1996410269331275
-1897500.0,797500.0,1500,21.144215699401588,False,True,4.356050237108061
-1892500.0,797500.0,1500,55.87020367241771,False,True,4.356181131143664
-1887500.0,797500.0,1500,79.61789435199394,False,True,4.029453792837597
-1882500.0,797500.0,1500,91.56822003474943,False,False,3.654200297399843
-1877500.0,797500.0,1500,95.79724941915394,False,False,3.548727572964188
-1872500.0,797500.0,1500,84.77722953989851,False,False,4.104138180667323
-1867500.0,797500.0,1500,49.08989848589813,False,False,4.498255697281417
-1862500.0,797500.0,1500,22.536468752123927,False,False,4.210609896004912
-1857500.0,797500.0,1500,26.226425360371813,False,False,3.8645751959753083
-1852500.0,797500.0,1500,11.703883744858983,False,False,4.110053934688805
-1847500.0,797500.0,1500,5.456507724163262,False,False,3.8500926382019323
-1842500.0,797500.0,1500,24.855595048777573,False,True,3.2364552602158057
-1837500.0,797500.0,1500,20.09254664536265,False,False,3.0700661532943543
-1832500.0,797500.0,1500,3.189867406442074,False,False,3.320166678824876
-1827500.0,797500.0,1500,3.6525091558947747,False,False,3.860277815936252
-1822500.0,797500.0,1500,0.7794118698849998,False,True,4.049535938919492
-1817500.0,797500.0,1500,3.191757631993502,False,False,3.8700279556185206
-1812500.0,797500.0,1500,11.646838081806285,False,True,3.622518067611691
-1807500.0,797500.0,1500,12.058686312440294,False,False,3.7486941762026653
-1802500.0,797500.0,1500,7.812446466690879,False,False,3.6966678040142606
-1797500.0,797500.0,1500,-2.314040685131453,False,False,3.4028653449842468
-1792500.0,797500.0,1500,-10.131226155486038,False,False,3.1844090400230236
-1787500.0,797500.0,1500,-2.703699933205146,False,False,3.120192594259609
-1782500.0,797500.0,1500,8.068000585116229,False,False,3.2019182034188924
-1777500.0,797500.0,1500,14.153839851786245,False,False,3.1204352392105887
-1772500.0,797500.0,1500,8.961180132528476,False,False,3.206182942503097
-1767500.0,797500.0,1500,10.470820924053989,False,False,3.502878161433016
-1762500.0,797500.0,1500,21.683671868073127,False,False,3.4018215010321415
-1757500.0,797500.0,1500,16.23395925131171,False,False,3.108748049071745
-1752500.0,797500.0,1500,10.510471161373205,False,False,3.2554296737665016
-1747500.0,797500.0,1500,19.502163136386642,False,False,3.361059169721596
-1742500.0,797500.0,1500,37.907788818998675,False,False,3.4018729648311914
-1737500.0,797500.0,1500,60.75735366964146,False,False,3.339370345137688
-1732500.0,797500.0,1500,79.88049512935785,False,False,3.219386041647283
-1727500.0,797500.0,1500,81.33233717503823,False,False,3.2031493176372967
-1722500.0,797500.0,1500,55.23792568449572,False,False,3.255577343097676
-1717500.0,797500.0,1500,46.37798851670611,False,False,3.809306580248693
-1712500.0,797500.0,1500,50.96634446268242,False,False,4.32216705435993
-1707500.0,797500.0,1500,36.854896737090364,False,False,4.503088253965278
-2197500.0,802500.0,1500,-25.488456235026472,False,False,7.206161746201449
-2192500.0,802500.0,1500,-21.186370707327022,False,False,7.987204101042245
-2187500.0,802500.0,1500,-15.868691113012336,False,False,8.105351965698237
-2182500.0,802500.0,1500,-8.77432829623751,False,False,7.600767363167617
-2177500.0,802500.0,1500,-4.023252809657019,False,False,7.49991032165775
-2172500.0,802500.0,1500,-4.413423104589864,False,False,8.218115735028288
-2167500.0,802500.0,1500,-7.122366931476722,False,False,8.75257627207801
-2162500.0,802500.0,1500,-11.481900366164192,False,False,8.306719801745357
-2157500.0,802500.0,1500,-15.324818979550878,False,True,7.228401252538147
-2152500.0,802500.0,1500,-19.41040250697336,False,False,7.020761080902215
-2147500.0,802500.0,1500,-22.80027800848438,False,False,7.881427374419339
-2142500.0,802500.0,1500,-26.31803110501599,False,False,8.307337092156418
-2137500.0,802500.0,1500,-30.93404913154839,False,False,7.848676657814057
-2132500.0,802500.0,1500,-34.94899552310812,False,False,6.946922345582718
-2127500.0,802500.0,1500,-36.92911678290976,False,False,6.099058052948554
-2122500.0,802500.0,1500,-37.412397188905416,False,False,5.663622742927888
-2117500.0,802500.0,1500,-41.26734364536312,False,False,5.3921779026520165
-2112500.0,802500.0,1500,-46.92695189688305,False,False,4.294969735611989
-2107500.0,802500.0,1500,-47.55266244545785,False,False,3.5427523190488053
-2102500.0,802500.0,1500,-45.11146195585614,False,False,3.8709786492097575
-2097500.0,802500.0,1500,-44.64682945533523,False,False,4.141950582735293
-2092500.0,802500.0,1500,-46.20226142091996,False,False,4.177979143923245
-2087500.0,802500.0,1500,-48.673886026223684,False,False,4.012774166089835
-2082500.0,802500.0,1500,-53.43279133453879,False,False,3.7322540525602075
-2077500.0,802500.0,1500,-55.168405896940676,False,False,3.4916054065403967
-2072500.0,802500.0,1500,-53.281142714853296,False,False,3.504402032740736
-2067500.0,802500.0,1500,-51.28806549157551,False,False,3.5558412629342535
-2062500.0,802500.0,1500,-46.11120601797774,False,False,3.980071866553884
-2057500.0,802500.0,1500,-42.32827667240094,False,False,4.640415558153771
-2052500.0,802500.0,1500,-41.83381916940144,False,False,4.872647646023358
-2047500.0,802500.0,1500,-39.38613183091241,False,True,4.982034804284667
-2042500.0,802500.0,1500,-33.61832752601361,False,True,4.690733891919087
-2037500.0,802500.0,1500,-26.685324512586007,False,True,4.571668472539928
-2032500.0,802500.0,1500,-24.965380502916155,False,True,5.064546654540581
-2027500.0,802500.0,1500,-32.43892243758571,True,True,4.636056518621277
-2022500.0,802500.0,1500,-37.59872098304175,True,True,4.573429636575376
-2017500.0,802500.0,1500,-32.186572619733774,True,True,5.845299658785519
-2012500.0,802500.0,1500,-31.559020167822563,True,True,6.801427519816594
-2007500.0,802500.0,1500,-44.30003113105188,True,True,6.892480228146931
-2002500.0,802500.0,1500,-59.144032776960145,True,True,6.027251570685942
-1997500.0,802500.0,1500,-57.64083923523119,True,True,4.945516379245566
-1992500.0,802500.0,1500,-47.22907056864415,True,True,5.412293767145856
-1987500.0,802500.0,1500,-39.739903043386455,True,True,6.437543195448758
-1982500.0,802500.0,1500,-31.552966707420843,True,True,6.111488185341001
-1977500.0,802500.0,1500,-32.61652210341295,True,True,5.749953491761664
-1972500.0,802500.0,1500,-38.97936728066876,True,True,5.661721967256674
-1967500.0,802500.0,1500,-37.83796929046943,True,True,4.884445252386202
-1962500.0,802500.0,1500,-27.317443074438444,False,True,5.202568007404647
-1957500.0,802500.0,1500,-18.606896426965047,True,True,5.848487016618095
-1952500.0,802500.0,1500,-18.221625950301757,False,True,5.1284628655223665
-1947500.0,802500.0,1500,-15.456916955426953,False,True,4.84542928549381
-1942500.0,802500.0,1500,-12.378596605592264,False,True,4.8772683993048815
-1937500.0,802500.0,1500,-14.027055643244053,False,True,4.087442933450821
-1932500.0,802500.0,1500,-14.181633048658048,False,True,3.9758563081808997
-1927500.0,802500.0,1500,-9.325564738149868,False,True,4.612357063619087
-1922500.0,802500.0,1500,8.347338108386785,False,True,4.397735786665244
-1917500.0,802500.0,1500,16.876158831340927,False,True,4.298716332692545
-1912500.0,802500.0,1500,0.08262066767223589,False,True,4.341122503956256
-1907500.0,802500.0,1500,-1.2655298545273828,False,True,4.258019536252652
-1902500.0,802500.0,1500,12.97253740140274,False,True,4.6331814735205
-1897500.0,802500.0,1500,25.23020698373002,False,True,5.126582920370068
-1892500.0,802500.0,1500,57.72514158433751,False,True,4.92680170081341
-1887500.0,802500.0,1500,96.82357807018343,False,False,4.0969344170728945
-1882500.0,802500.0,1500,122.0730140572015,False,False,3.526926314561783
-1877500.0,802500.0,1500,99.46545527094159,False,False,3.2172211666827724
-1872500.0,802500.0,1500,55.78921867375514,False,False,3.415369422899205
-1867500.0,802500.0,1500,25.209235858516045,False,False,3.5850815659371684
-1862500.0,802500.0,1500,13.80396835659977,False,False,3.3980058163225544
-1857500.0,802500.0,1500,18.254825435015075,False,False,3.283405002423839
-1852500.0,802500.0,1500,9.40712415737004,False,False,3.4960108979784907
-1847500.0,802500.0,1500,15.021435640714955,False,False,3.6166474810699145
-1842500.0,802500.0,1500,20.463190448821564,False,False,3.2307096499993335
-1837500.0,802500.0,1500,6.939512094069615,False,False,3.34154265340639
-1832500.0,802500.0,1500,2.7455759877280657,False,False,3.562411139303035
-1827500.0,802500.0,1500,12.248676695627601,False,False,3.8641698387871593
-1822500.0,802500.0,1500,14.670296729765566,False,False,4.019129719075746
-1817500.0,802500.0,1500,11.790559473853374,False,False,3.8623649910332154
-1812500.0,802500.0,1500,14.247494670332134,False,False,3.6892275207331866
-1807500.0,802500.0,1500,17.726616795178177,False,False,3.6568381165065587
-1802500.0,802500.0,1500,13.768463731135858,False,False,3.614998521796311
-1797500.0,802500.0,1500,1.8854174244047375,False,False,3.1776950332601475
-1792500.0,802500.0,1500,-6.485463806135923,False,False,3.141267341212149
-1787500.0,802500.0,1500,-6.662077337461001,False,False,3.3745976198503165
-1782500.0,802500.0,1500,-3.6095308387591807,False,False,3.757258033269472
-1777500.0,802500.0,1500,8.436459914861167,False,False,3.6688937508471398
-1772500.0,802500.0,1500,14.964783118604645,False,False,3.5110633224067067
-1767500.0,802500.0,1500,2.4911330673724126,False,False,3.443233019426123
-1762500.0,802500.0,1500,6.201025268328793,False,False,3.199085016904276
-1757500.0,802500.0,1500,23.729026481614337,False,False,3.273746801914772
-1752500.0,802500.0,1500,33.40226608335134,False,False,3.6430907116471354
-1747500.0,802500.0,1500,47.695631188571014,False,False,3.6898963614805638
-1742500.0,802500.0,1500,60.953782469930914,False,False,3.3719794258329046
-1737500.0,802500.0,1500,69.24152041501115,False,False,3.1058650471680163
-2197500.0,807500.0,1500,-9.956637949777859,False,False,7.983011323937869
-2192500.0,807500.0,1500,-6.059767582029529,False,False,8.402228772726748
-2187500.0,807500.0,1500,-2.618246981965333,False,False,7.925491642607089
-2182500.0,807500.0,1500,2.2209282859906114,False,False,7.314516135112428
-2177500.0,807500.0,1500,4.499342364902768,False,False,7.213596962686162
-2172500.0,807500.0,1500,2.176389022562846,False,False,7.366768176668039
-2167500.0,807500.0,1500,0.2163736340462688,False,False,7.128276468509799
-2162500.0,807500.0,1500,-2.8613023505058224,False,False,6.279852930145983
-2157500.0,807500.0,1500,-4.275940333846249,False,False,5.365739713966646
-2152500.0,807500.0,1500,-4.577050956914664,False,False,5.232710626912878
-2147500.0,807500.0,1500,-8.6684811513275,False,False,5.625157102247425
-2142500.0,807500.0,1500,-17.75395545979955,False,False,5.77049320483365
-2137500.0,807500.0,1500,-26.857376412328996,False,False,5.632030203614255
-2132500.0,807500.0,1500,-32.361298988070544,False,False,5.450234419165126
-2127500.0,807500.0,1500,-33.235298943895,False,False,5.0045682291148035
-2122500.0,807500.0,1500,-32.801101486959084,False,False,4.90928911412488
-2117500.0,807500.0,1500,-34.62697363693187,False,False,5.050055388182932
-2112500.0,807500.0,1500,-34.72204420350644,False,False,4.840247536259273
-2107500.0,807500.0,1500,-34.74649005557978,False,False,4.180369473737304
-2102500.0,807500.0,1500,-34.87817683216169,False,False,3.8210055129948306
-2097500.0,807500.0,1500,-34.78446124437194,False,False,4.2975311106647585
-2092500.0,807500.0,1500,-40.41351226710728,False,False,4.650472614404707
-2087500.0,807500.0,1500,-46.212828305116844,False,False,4.968449837384717
-2082500.0,807500.0,1500,-44.10232389765566,False,False,5.167983869675227
-2077500.0,807500.0,1500,-39.16291658521938,False,False,4.727440269842683
-2072500.0,807500.0,1500,-37.383748923327964,False,False,4.739842254092991
-2067500.0,807500.0,1500,-34.81333305266049,False,False,4.600565856746345
-2062500.0,807500.0,1500,-30.026222312601238,False,False,4.7369604112133015
-2057500.0,807500.0,1500,-26.477749903740428,False,False,5.457407134777714
-2052500.0,807500.0,1500,-20.234244931498836,False,False,5.413119259442549
-2047500.0,807500.0,1500,-16.279739023264245,False,False,5.309166801700988
-2042500.0,807500.0,1500,-18.373549985128356,False,True,5.034726963300301
-2037500.0,807500.0,1500,-17.019960337807913,False,True,5.375924858473319
-2032500.0,807500.0,1500,-12.060914586498175,False,True,5.952212774455064
-2027500.0,807500.0,1500,-15.735476979977888,False,True,4.949412218048557
-2022500.0,807500.0,1500,-14.058794709347115,False,True,4.5885174407151945
-2017500.0,807500.0,1500,-4.923035704241612,False,True,5.978371929371889
-2012500.0,807500.0,1500,-13.592471650988175,False,True,6.999251238704665
-2007500.0,807500.0,1500,-29.684654848668153,True,True,7.251121683643315
-2002500.0,807500.0,1500,-38.82820360069144,True,True,6.542545370615963
-1997500.0,807500.0,1500,-36.82556780887443,True,True,5.294782671506035
-1992500.0,807500.0,1500,-21.999370701919293,True,True,5.095360709846151
-1987500.0,807500.0,1500,-1.975484783871289,True,True,5.498826134416411
-1982500.0,807500.0,1500,14.043826134738511,False,True,5.321413629114612
-1977500.0,807500.0,1500,1.967156304775337,False,True,5.198178789507211
-1972500.0,807500.0,1500,-20.839924521619036,False,True,4.925053023561309
-1967500.0,807500.0,1500,-21.102543606090435,False,True,3.9756366744596456
-1962500.0,807500.0,1500,-2.3280089193025804,False,True,3.9804153309765846
-1957500.0,807500.0,1500,20.359182406386388,False,True,4.310623202739042
-1952500.0,807500.0,1500,17.51145673653495,False,True,3.875526861859213
-1947500.0,807500.0,1500,9.460558670503167,False,True,3.9538050810829795
-1942500.0,807500.0,1500,12.344792022946367,False,True,4.00543334684828
-1937500.0,807500.0,1500,10.087176183395847,False,True,3.914943857251486
-1932500.0,807500.0,1500,6.476352180781588,False,True,4.228851094621078
-1927500.0,807500.0,1500,6.445519181791627,False,True,4.669483502476875
-1922500.0,807500.0,1500,26.370713723037742,False,True,4.661393031822453
-1917500.0,807500.0,1500,35.85506468676298,False,True,4.632159790391221
-1912500.0,807500.0,1500,10.735708923688993,False,True,4.622532810037937
-1907500.0,807500.0,1500,-1.754478178417903,False,True,4.287863176487587
-1902500.0,807500.0,1500,22.623941121871013,False,True,4.196423335796513
-1897500.0,807500.0,1500,27.560747769261393,False,False,4.489506162155703
-1892500.0,807500.0,1500,29.052896170575067,False,False,4.583707500709297
-1887500.0,807500.0,1500,63.8819262027562,False,False,3.9307765401412813
-1882500.0,807500.0,1500,87.27782208093299,False,False,3.2565035193596286
-1877500.0,807500.0,1500,84.53132539116197,False,False,3.0216928354271424
-1872500.0,807500.0,1500,50.69069932367712,False,False,3.1273503292403872
-1867500.0,807500.0,1500,23.888846414828595,False,False,3.277631376331506
-1862500.0,807500.0,1500,25.388616141631317,False,False,3.2903553088256707
-1857500.0,807500.0,1500,29.600918363421005,False,False,3.422268683010513
-1852500.0,807500.0,1500,27.328713743600602,False,False,3.6019174963276024
-1847500.0,807500.0,1500,34.01712066496165,False,False,3.8876148302598437
-1842500.0,807500.0,1500,27.199306024569236,False,False,3.5919920014396203
-1837500.0,807500.0,1500,3.193381648624456,False,False,3.4715577206874353
-1832500.0,807500.0,1500,4.039394558329448,False,False,3.7329841456054687
-1827500.0,807500.0,1500,12.735715999924969,False,False,3.670535609593014
-1822500.0,807500.0,1500,11.305558558309018,False,False,3.6465102018296953
-1817500.0,807500.0,1500,5.832042516586491,False,False,3.577738528808386
-1812500.0,807500.0,1500,7.457521682478107,False,False,3.4820357263331485
-1807500.0,807500.0,1500,15.039018412649229,False,False,3.229304592736413
-1802500.0,807500.0,1500,11.65471096823332,False,False,3.1800764913782045
-1797500.0,807500.0,1500,2.550647420648561,False,False,3.218274037887406
-1792500.0,807500.0,1500,-0.475118151953765,False,False,3.405679917985628
-1787500.0,807500.0,1500,-6.947141161381707,False,False,3.4388800822619934
-1782500.0,807500.0,1500,-15.839626669079092,False,False,3.4886749570183624
-1777500.0,807500.0,1500,-9.332915677824172,False,False,3.49565771226735
-1772500.0,807500.0,1500,6.7279685926941335,False,False,3.339817875948256
-1767500.0,807500.0,1500,-6.173920569373861,False,False,3.3160457605704505
-1762500.0,807500.0,1500,-17.15494366156111,False,False,3.4509778527508934
-1757500.0,807500.0,1500,3.7220622988931447,False,False,3.7447762744078474
-1752500.0,807500.0,1500,26.46458742448214,False,False,3.729189681137321
-1747500.0,807500.0,1500,51.6050240719687,False,False,3.5888317782105235
-1742500.0,807500.0,1500,75.15336068844798,False,False,3.1546869693728534
-2197500.0,812500.0,1500,2.0857579374435087,False,False,8.193617704504568
-2192500.0,812500.0,1500,4.089743019783414,False,False,7.922830879231753
-2187500.0,812500.0,1500,6.8756961710272115,False,False,7.429945314842348
-2182500.0,812500.0,1500,12.204997851711488,False,False,6.929320206313945
-2177500.0,812500.0,1500,15.109087852659792,False,False,6.201226681855866
-2172500.0,812500.0,1500,15.36284737119051,False,False,5.789445034953566
-2167500.0,812500.0,1500,17.41927471541169,False,False,5.621972043673315
-2162500.0,812500.0,1500,16.960122832674674,False,False,5.330700566712343
-2157500.0,812500.0,1500,16.417729482866438,False,False,5.24218571776189
-2152500.0,812500.0,1500,17.72589993980761,False,False,5.203155960952142
-2147500.0,812500.0,1500,12.215254412622627,False,False,5.143983976131939
-2142500.0,812500.0,1500,-0.42544096265508025,False,False,5.15684579661519
-2137500.0,812500.0,1500,-13.838603180731239,False,False,5.0438458201837
-2132500.0,812500.0,1500,-23.25907955729572,False,False,4.959791511785303
-2127500.0,812500.0,1500,-21.421403991504146,False,False,4.642862266746922
-2122500.0,812500.0,1500,-18.21447690848035,False,False,5.24147247686109
-2117500.0,812500.0,1500,-20.419593685516283,False,False,6.262233764841852
-2112500.0,812500.0,1500,-16.831083487168375,False,False,6.214270117009919
-2107500.0,812500.0,1500,-11.722497472730804,False,False,5.3887760770600615
-2102500.0,812500.0,1500,-10.350878266819018,False,False,4.910310926079905
-2097500.0,812500.0,1500,-11.453563299508899,False,False,5.335546379955254
-2092500.0,812500.0,1500,-20.059356302574237,False,False,5.774307119937941
-2087500.0,812500.0,1500,-28.59449113171936,False,False,6.697280681534537
-2082500.0,812500.0,1500,-25.20999499587797,False,False,7.418787124551529
-2077500.0,812500.0,1500,-20.558768531627496,False,False,6.4939881897645995
-2072500.0,812500.0,1500,-24.756284290855497,False,False,5.908389529498066
-2067500.0,812500.0,1500,-24.12535253850551,False,False,5.42158461604517
-2062500.0,812500.0,1500,-18.274642936321715,False,False,5.157353363378942
-2057500.0,812500.0,1500,-11.8914801912492,False,False,5.530954522949687
-2052500.0,812500.0,1500,-3.663183888718981,False,False,4.832520498756224
-2047500.0,812500.0,1500,-9.179849214557878,False,False,4.561295557377747
-2042500.0,812500.0,1500,-26.32717236254063,False,True,4.583151083002303
-2037500.0,812500.0,1500,-28.99090751411989,False,True,4.685675443904441
-2032500.0,812500.0,1500,-16.278395365110132,False,True,4.998463938940667
-2027500.0,812500.0,1500,-11.509727585471504,False,True,4.225796341613255
-2022500.0,812500.0,1500,1.1714239109879279,False,True,3.8579554320987683
-2017500.0,812500.0,1500,13.208901904170524,False,True,4.617740160000994
-2012500.0,812500.0,1500,0.6444957834840384,False,True,5.1319394985882125
-2007500.0,812500.0,1500,-16.39938917927749,False,True,5.548389076745959
-2002500.0,812500.0,1500,-19.69352676602617,False,True,5.287486764951061
-1997500.0,812500.0,1500,-11.840607435352831,False,True,4.476642807573592
-1992500.0,812500.0,1500,6.821256483315222,False,True,4.083532575835986
-1987500.0,812500.0,1500,35.430628990955995,False,True,3.9873417571035303
-1982500.0,812500.0,1500,50.91817136060329,False,True,3.8801946554854854
-1977500.0,812500.0,1500,28.550359034456733,False,True,3.886374006132209
-1972500.0,812500.0,1500,-1.717095164230713,False,True,3.7818530458227664
-1967500.0,812500.0,1500,-9.926375797493474,False,True,3.287492848751575
-1962500.0,812500.0,1500,-1.59910975818624,False,True,3.681665218531583
-1957500.0,812500.0,1500,17.759413305915476,False,True,4.199246140596715
-1952500.0,812500.0,1500,15.903137024228787,False,True,4.052583573169353
-1947500.0,812500.0,1500,11.669954174807357,False,True,4.07647017594804
-1942500.0,812500.0,1500,18.300452053319155,False,True,4.0517080557828855
-1937500.0,812500.0,1500,19.292754884351147,False,True,3.997785404066968
-1932500.0,812500.0,1500,16.266645567205003,False,True,3.9343381692736763
-1927500.0,812500.0,1500,21.57881302760539,False,True,3.9650325902988808
-1922500.0,812500.0,1500,41.74277032876077,False,True,3.917885881175561
-1917500.0,812500.0,1500,38.55700187789108,False,True,3.6590362328296453
-1912500.0,812500.0,1500,15.944556466113314,False,True,3.5328063708185082
-1907500.0,812500.0,1500,-4.7590952534550075,False,False,3.5736991829622298
-1902500.0,812500.0,1500,10.137224805128882,False,False,3.531936640822929
-1897500.0,812500.0,1500,25.345053164539088,False,False,3.7382871583245443
-1892500.0,812500.0,1500,19.07677648595384,False,False,4.0422166799366295
-1887500.0,812500.0,1500,47.627666870506616,False,False,3.9041156423005496
-1882500.0,812500.0,1500,58.07843862294592,False,False,3.4492732634819014
-1877500.0,812500.0,1500,49.395271851386184,False,False,3.2268801228269055
-1872500.0,812500.0,1500,32.41609948932222,False,False,3.417576415704014
-1867500.0,812500.0,1500,18.58518888871601,False,False,3.783614800143165
-1862500.0,812500.0,1500,30.716155745256074,False,False,3.866787126193525
-1857500.0,812500.0,1500,38.94807947253594,False,False,3.8720377268671657
-1852500.0,812500.0,1500,43.8555576860815,False,False,3.7389502932202934
-1847500.0,812500.0,1500,40.57976746513227,False,False,3.568864493713403
-1842500.0,812500.0,1500,26.22657996956917,False,False,3.39510197984165
-1837500.0,812500.0,1500,7.750112276480056,False,False,3.173894273312395
-1832500.0,812500.0,1500,1.2958383831551639,False,False,3.3404784529910576
-1827500.0,812500.0,1500,3.927559242895598,False,False,3.3944689550127403
-1822500.0,812500.0,1500,1.125855582201647,False,False,3.481036479541176
-1817500.0,812500.0,1500,-4.751622688566101,False,False,3.54405632753991
-1812500.0,812500.0,1500,-2.4191436454453346,False,False,3.50094987390589
-1807500.0,812500.0,1500,6.685865540708416,False,False,3.3347206872701074
-1802500.0,812500.0,1500,5.350131775406137,False,False,3.1272341159537667
-1797500.0,812500.0,1500,-1.5309886081921542,False,False,3.273792223230923
-1792500.0,812500.0,1500,-3.362210272517134,False,False,3.534784184052662
-1787500.0,812500.0,1500,-4.372886743470164,False,False,3.5499097601927265
-1782500.0,812500.0,1500,-13.720554322282183,False,False,3.2615738109780072
-1777500.0,812500.0,1500,-12.947848708380867,False,False,3.02868580710353
-1772500.0,812500.0,1500,3.2752416141704606,False,False,3.09399624266639
-1767500.0,812500.0,1500,-3.8155375243148844,False,False,3.567797815200625
-1762500.0,812500.0,1500,-14.456847738913327,False,False,3.7309460811213953
-1757500.0,812500.0,1500,-3.2730711809158772,False,False,3.7966876982984337
-1752500.0,812500.0,1500,15.380486596830922,False,False,3.6639505560143713
-1747500.0,812500.0,1500,45.17670187388892,False,False,3.211457138805801
-1742500.0,812500.0,1500,78.33334073932778,False,False,2.9450914308449794
-2197500.0,817500.0,1500,12.095977036028776,False,False,6.269874082450607
-2192500.0,817500.0,1500,13.257290135224082,False,False,6.058706974123893
-2187500.0,817500.0,1500,18.737155820000346,False,False,7.0656434275945985
-2182500.0,817500.0,1500,25.27138462808868,False,False,7.404461087130922
-2177500.0,817500.0,1500,26.81880092779981,False,False,6.898541393995583
-2172500.0,817500.0,1500,27.253820111687787,False,False,6.532175496151434
-2167500.0,817500.0,1500,30.10615716747271,False,False,6.3251048117897
-2162500.0,817500.0,1500,28.996925262055044,False,False,6.361565985655712
-2157500.0,817500.0,1500,29.4538057926494,False,False,6.693337700113172
-2152500.0,817500.0,1500,31.143230073085295,False,False,6.502090455270643
-2147500.0,817500.0,1500,22.803877297439936,False,False,5.98406613122284
-2142500.0,817500.0,1500,11.313752811403605,False,False,5.648812852911751
-2137500.0,817500.0,1500,2.993905438292273,False,False,5.445874055760199
-2132500.0,817500.0,1500,-1.7454798102281326,False,False,5.370516313920078
-2127500.0,817500.0,1500,-3.2156919997496303,False,False,4.974102635150787
-2122500.0,817500.0,1500,-7.819809378064061,False,True,5.009233792599045
-2117500.0,817500.0,1500,-12.964004182667397,False,False,5.711924054177029
-2112500.0,817500.0,1500,-4.466682792421359,False,False,5.940583784692419
-2107500.0,817500.0,1500,13.077324789932472,False,False,5.9094857572810975
-2102500.0,817500.0,1500,21.38295773229008,False,False,6.000019517110058
-2097500.0,817500.0,1500,17.295800267862774,False,False,5.989581755506578
-2092500.0,817500.0,1500,4.565741249788688,False,False,6.418289562720392
-2087500.0,817500.0,1500,-7.08813271207108,False,False,7.715153651321161
-2082500.0,817500.0,1500,-5.941415166116282,False,False,8.285098389747326
-2077500.0,817500.0,1500,-6.298381336815927,False,False,7.300695960953744
-2072500.0,817500.0,1500,-17.671487176313928,False,False,6.039189974315619
-2067500.0,817500.0,1500,-32.27817204477373,False,False,5.104663257946871
-2062500.0,817500.0,1500,-24.71909194962792,False,False,4.475334317073834
-2057500.0,817500.0,1500,-3.0221243152870914,False,False,4.433740099384952
-2052500.0,817500.0,1500,2.2784049317099346,False,False,4.273683644879894
-2047500.0,817500.0,1500,-6.040104323055219,False,False,4.158544372670156
-2042500.0,817500.0,1500,-29.468418383677374,False,False,4.332331966779499
-2037500.0,817500.0,1500,-35.06605618566189,False,True,4.608666253318521
-2032500.0,817500.0,1500,-17.584737941794007,False,True,4.9416119741669675
-2027500.0,817500.0,1500,-12.279406970453365,False,True,4.111228430274351
-2022500.0,817500.0,1500,2.1279300101499534,False,True,3.704806505137454
-2017500.0,817500.0,1500,12.891911259613103,False,True,4.149011313591673
-2012500.0,817500.0,1500,6.329742669077125,False,True,3.90208043082523
-2007500.0,817500.0,1500,-9.664920109986522,False,True,3.8290962923168093
-2002500.0,817500.0,1500,-20.054086225505298,False,True,3.8210606418618545
-1997500.0,817500.0,1500,-4.206309343091911,False,True,3.5908528217100595
-1992500.0,817500.0,1500,20.028814694736766,False,True,3.3666258578253614
-1987500.0,817500.0,1500,44.4693785631022,False,True,3.304747668461226
-1982500.0,817500.0,1500,39.697128821951054,False,True,3.489523153623688
-1977500.0,817500.0,1500,26.904526151120066,False,True,3.585247042291007
-1972500.0,817500.0,1500,25.94343492919401,False,True,3.5997013335059247
-1967500.0,817500.0,1500,5.518162819317266,False,True,3.368694771344149
-1962500.0,817500.0,1500,-4.922861505778255,False,True,3.650326331345537
-1957500.0,817500.0,1500,7.739865481224025,False,True,4.117265711339407
-1952500.0,817500.0,1500,11.078124001779024,False,True,3.947695994102157
-1947500.0,817500.0,1500,2.698726627368666,False,True,3.8008996420003314
-1942500.0,817500.0,1500,-1.8625649148041605,False,True,3.5722014299626457
-1937500.0,817500.0,1500,-1.252069120434908,False,True,3.2068624340214464
-1932500.0,817500.0,1500,-1.8610242439986862,False,True,3.0150343797320978
-1927500.0,817500.0,1500,25.676546845741772,False,True,3.05569922941692
-1922500.0,817500.0,1500,57.521498468413085,False,True,3.109727016365979
-1917500.0,817500.0,1500,37.427936119175406,False,False,3.0439348411025593
-1912500.0,817500.0,1500,16.626184500751133,False,False,3.1638900468842843
-1907500.0,817500.0,1500,-0.8656028385060325,False,False,3.397947051718983
-1902500.0,817500.0,1500,-4.442372457047325,False,False,3.4711151442454593
-1897500.0,817500.0,1500,33.696094893425624,False,False,3.5576249876727264
-1892500.0,817500.0,1500,33.97476430571057,False,False,3.7842827668548322
-1887500.0,817500.0,1500,38.87896970160423,False,False,4.158161299203153
-1882500.0,817500.0,1500,63.9497464102413,False,False,3.9372883083039465
-1877500.0,817500.0,1500,51.180059109087146,False,False,3.429757914560092
-1872500.0,817500.0,1500,23.565516905918976,False,False,3.400387934692245
-1867500.0,817500.0,1500,9.816828591364589,False,False,3.5323610891718555
-1862500.0,817500.0,1500,20.901374343628962,False,False,3.3887057893658525
-1857500.0,817500.0,1500,30.636150128738326,False,False,3.4148469304030726
-1852500.0,817500.0,1500,33.62619243627757,False,False,3.457541951635403
-1847500.0,817500.0,1500,31.08372291385151,False,False,3.1676620669228686
-1842500.0,817500.0,1500,28.551025535248886,False,False,3.072813985550476
-1837500.0,817500.0,1500,18.820761561733555,False,False,3.0391150033973435
-1832500.0,817500.0,1500,1.9699254238713242,False,False,3.1699442255823254
-1827500.0,817500.0,1500,-1.7718304464701422,False,False,3.3217957949598937
-1822500.0,817500.0,1500,-2.3509647067502937,False,False,3.412878183605768
-1817500.0,817500.0,1500,-7.720500896581673,False,False,3.3444216495029044
-1812500.0,817500.0,1500,-6.356076649706167,False,False,3.295004837688481
-1807500.0,817500.0,1500,0.8989455506139212,False,False,3.517971086638622
-1802500.0,817500.0,1500,1.0018635327729484,False,False,3.4656949666130346
-1797500.0,817500.0,1500,-5.065933048802832,False,False,3.6533283596037887
-1792500.0,817500.0,1500,-6.913715437385116,False,False,3.8222588408341758
-1787500.0,817500.0,1500,4.22220968150729,False,False,3.6496531178381133
-1782500.0,817500.0,1500,1.980763661252288,False,False,3.339582389138899
-1777500.0,817500.0,1500,-11.416511628266983,False,False,3.320977702099584
-1772500.0,817500.0,1500,-10.0015722712111,False,False,3.552018237966763
-1767500.0,817500.0,1500,-8.16696770644422,False,False,3.8094408234108337
-1762500.0,817500.0,1500,2.7894721210484157,False,False,3.808987220998726
-1757500.0,817500.0,1500,19.837820907239312,False,False,3.4697173335933202
-1752500.0,817500.0,1500,29.521619901221452,False,False,3.22677866302427
-1747500.0,817500.0,1500,51.773082871774534,False,False,3.1002483589720304
-2197500.0,822500.0,1500,23.354722251547226,False,False,5.191021608289298
-2192500.0,822500.0,1500,27.363947281481387,False,False,5.895880454243237
-2187500.0,822500.0,1500,33.52811733724622,False,False,7.311267630246528
-2182500.0,822500.0,1500,36.19458731782334,False,False,7.897725294977937
-2177500.0,822500.0,1500,33.69628640169697,False,False,7.811107335702997
-2172500.0,822500.0,1500,35.21277333956939,False,False,7.279723810480503
-2167500.0,822500.0,1500,37.410293728785426,False,False,6.5219884540414075
-2162500.0,822500.0,1500,34.530806845931515,False,False,6.234061964806495
-2157500.0,822500.0,1500,35.95467046436411,False,False,6.273167893689289
-2152500.0,822500.0,1500,36.53346885096244,False,False,6.094502082270229
-2147500.0,822500.0,1500,30.918188115764657,False,False,5.780844840323346
-2142500.0,822500.0,1500,29.729308569152515,False,False,5.839775090750321
-2137500.0,822500.0,1500,30.268404978107032,False,False,6.259207687906329
-2132500.0,822500.0,1500,28.78128487617356,False,True,6.439399381994274
-2127500.0,822500.0,1500,16.461423596434123,False,True,5.980426443523009
-2122500.0,822500.0,1500,-3.9871811356913867,False,True,5.3344167866778704
-2117500.0,822500.0,1500,-9.200618961099046,False,True,5.454596434165294
-2112500.0,822500.0,1500,4.3632481107098995,False,True,5.846210249072747
-2107500.0,822500.0,1500,23.98689345390959,False,False,5.903614057197878
-2102500.0,822500.0,1500,38.371388551652224,False,False,5.742303717373679
-2097500.0,822500.0,1500,42.720339047078895,False,False,5.493671816252062
-2092500.0,822500.0,1500,31.71157981885953,False,False,6.170187836485895
-2087500.0,822500.0,1500,16.200784856458263,False,False,7.366981738769947
-2082500.0,822500.0,1500,16.429252084973786,False,False,7.372032517142422
-2077500.0,822500.0,1500,11.826395295250926,False,False,6.354027918728198
-2072500.0,822500.0,1500,-5.220492957786392,False,False,5.056547061329084
-2067500.0,822500.0,1500,-26.78014657556029,False,False,4.4132651296818715
-2062500.0,822500.0,1500,-22.237364878117603,False,False,4.204253209503499
-2057500.0,822500.0,1500,0.202677935684084,False,False,4.38182732585379
-2052500.0,822500.0,1500,7.086628145869752,False,False,4.848435374568644
-2047500.0,822500.0,1500,12.756897962942906,False,False,4.710873504310641
-2042500.0,822500.0,1500,2.167635611210063,False,False,4.539152638175148
-2037500.0,822500.0,1500,-1.4879111503867164,False,False,4.839346271087235
-2032500.0,822500.0,1500,10.320730961012336,False,False,5.37120639510781
-2027500.0,822500.0,1500,-2.5859551065153354,False,True,4.495263133356889
-2022500.0,822500.0,1500,1.4094222225229356,False,True,3.756627843167207
-2017500.0,822500.0,1500,21.832449707435856,False,True,3.9724298988688744
-2012500.0,822500.0,1500,24.97071185162511,False,True,3.660613763361028
-2007500.0,822500.0,1500,8.697629338029097,False,True,3.4230834230366614
-2002500.0,822500.0,1500,-10.968963128402972,False,True,3.5029469383060032
-1997500.0,822500.0,1500,7.846441874053879,False,True,3.5098152071573394
-1992500.0,822500.0,1500,39.524698684409664,False,True,3.2027113010432378
-1987500.0,822500.0,1500,49.837038610564115,False,True,3.201639981471268
-1982500.0,822500.0,1500,26.382755019893303,False,True,3.4416121903376817
-1977500.0,822500.0,1500,29.078837112955597,False,True,3.499248954502547
-1972500.0,822500.0,1500,40.145548785401175,False,True,3.474327226369506
-1967500.0,822500.0,1500,7.364833286302899,False,True,3.2751047545674528
-1962500.0,822500.0,1500,11.363354522105181,False,False,3.1026188482906703
-1957500.0,822500.0,1500,47.920478062998455,False,True,3.2349484223644436
-1952500.0,822500.0,1500,41.49486264992853,False,False,3.3201812065420984
-1947500.0,822500.0,1500,3.561904178599595,False,False,3.3348437480223305
-1942500.0,822500.0,1500,-9.607478039173118,False,False,3.2216976062134304
-1937500.0,822500.0,1500,-11.408560023451383,False,False,3.0180285706023415
-1932500.0,822500.0,1500,-18.978890717287015,False,False,3.1098014550645874
-1927500.0,822500.0,1500,7.725479858512943,False,False,3.3686371006447793
-1922500.0,822500.0,1500,46.54165179318913,False,False,3.307507673219542
-1917500.0,822500.0,1500,41.107189866444656,False,False,3.178945083909829
-1912500.0,822500.0,1500,23.789938746439507,False,False,3.560454141947025
-1907500.0,822500.0,1500,9.561205752881726,False,False,4.048991165929715
-1902500.0,822500.0,1500,2.7524057401271866,False,False,4.0648646608652195
-1897500.0,822500.0,1500,44.456325162788495,False,False,3.744925987056019
-1892500.0,822500.0,1500,52.8728280304933,False,False,3.5603155480544806
-1887500.0,822500.0,1500,38.18484282205627,False,False,3.6521215346248423
-1882500.0,822500.0,1500,55.73220393609266,False,False,3.4052037574909657
-1877500.0,822500.0,1500,52.4865793417279,False,False,3.004160215500979
-1872500.0,822500.0,1500,26.465603995039853,False,False,3.026894954163395
-1867500.0,822500.0,1500,5.69115816207464,False,False,2.9723670176802113
-1862500.0,822500.0,1500,13.105533420424548,False,False,2.7560649263337558
-1857500.0,822500.0,1500,25.494050460706994,False,False,2.8752298633919295
-1852500.0,822500.0,1500,23.758216312037035,False,False,3.1576362209677447
-1847500.0,822500.0,1500,25.67414228834641,False,False,3.228853868642161
-1842500.0,822500.0,1500,32.42763650942179,False,False,3.320113063979228
-1837500.0,822500.0,1500,21.833787397239366,False,False,3.3863501697976957
-1832500.0,822500.0,1500,2.22052329249144,False,False,3.3485095141820502
-1827500.0,822500.0,1500,-4.528321319483815,False,False,3.2491092826114514
-1822500.0,822500.0,1500,-5.695716001923502,False,False,3.1758547651949525
-1817500.0,822500.0,1500,-7.946212144429246,False,False,3.4480497655034736
-1812500.0,822500.0,1500,-6.205678215313075,False,False,3.6650819493370186
-1807500.0,822500.0,1500,-2.4270187491775363,False,False,3.9147252005635766
-1802500.0,822500.0,1500,-3.2051806369169995,False,False,3.9105790543995718
-1797500.0,822500.0,1500,-13.216450586355185,False,False,3.860973800506438
-1792500.0,822500.0,1500,-8.944084828542204,False,False,3.6024274235567635
-1787500.0,822500.0,1500,21.735013794973646,False,False,3.270079347715059
-1782500.0,822500.0,1500,26.76983465023472,False,False,3.4081734366794825
-1777500.0,822500.0,1500,-2.167552673090878,False,False,3.6219988806871974
-1772500.0,822500.0,1500,-23.339921170563798,False,False,3.853482729656641
-1767500.0,822500.0,1500,-25.97398190138113,False,False,3.7692985577238
-1762500.0,822500.0,1500,5.652332805451367,False,False,3.5223660156890473
-1757500.0,822500.0,1500,50.39660048145463,False,False,3.098139439819315
-1752500.0,822500.0,1500,61.045272106071266,False,False,3.068965556178701
-1747500.0,822500.0,1500,59.84830014859343,False,False,3.3700285433688038
-1652500.0,822500.0,1500,67.97266683686065,False,False,5.513863779186218
-2197500.0,827500.0,1500,33.55226715582378,False,False,6.358428343607634
-2192500.0,827500.0,1500,40.078391468138115,False,False,6.944082100164086
-2187500.0,827500.0,1500,41.39216524546698,False,False,7.233823409640434
-2182500.0,827500.0,1500,39.02441422414814,False,False,7.2133856976925035
-2177500.0,827500.0,1500,34.12714519471585,False,False,6.984925699170011
-2172500.0,827500.0,1500,33.93695821546776,False,False,6.551182235396768
-2167500.0,827500.0,1500,33.52186701582735,False,False,6.1730956922184745
-2162500.0,827500.0,1500,31.120230226186628,False,False,6.055329590834806
-2157500.0,827500.0,1500,33.8098673901501,False,False,6.253789673783114
-2152500.0,827500.0,1500,35.96780804362446,False,False,6.469245391605471
-2147500.0,827500.0,1500,40.05267148565906,False,False,6.3967823383056865
-2142500.0,827500.0,1500,51.157244117043895,False,False,6.57156475890452
-2137500.0,827500.0,1500,55.61560156167204,False,True,6.710120782279912
-2132500.0,827500.0,1500,50.339587732443405,False,True,6.381242997807738
-2127500.0,827500.0,1500,32.14350151783455,False,True,5.897760060249146
-2122500.0,827500.0,1500,5.315318491807157,False,True,5.115838076870885
-2117500.0,827500.0,1500,-2.3296467443322952,False,True,5.364954949993518
-2112500.0,827500.0,1500,7.17026263318178,False,True,6.396765341312844
-2107500.0,827500.0,1500,17.869481291792432,False,True,6.388359978446058
-2102500.0,827500.0,1500,36.60536495435985,False,False,5.584255546292595
-2097500.0,827500.0,1500,62.788609299266994,False,False,5.048580439111752
-2092500.0,827500.0,1500,52.65213930825261,False,False,5.388046182799068
-2087500.0,827500.0,1500,29.490728161769937,False,False,5.468553292588084
-2082500.0,827500.0,1500,24.73720998003653,False,False,4.945398600185824
-2077500.0,827500.0,1500,5.82079892738292,False,False,4.711911418406467
-2072500.0,827500.0,1500,-16.750776114753346,False,False,4.403919554338842
-2067500.0,827500.0,1500,-17.016922712578857,False,False,4.275608318624534
-2062500.0,827500.0,1500,-7.695497231905474,False,False,4.503817261757957
-2057500.0,827500.0,1500,-7.485166154472932,False,False,4.959045644271242
-2052500.0,827500.0,1500,7.792131748709069,False,False,5.40833446765326
-2047500.0,827500.0,1500,34.075546090147036,False,False,5.065279939799092
-2042500.0,827500.0,1500,41.375276072881846,False,False,4.460119193091461
-2037500.0,827500.0,1500,51.34206795103061,False,False,4.203752390485557
-2032500.0,827500.0,1500,63.980528577835855,False,False,4.3712808479044725
-2027500.0,827500.0,1500,30.965864534009004,False,False,3.9052589208388113
-2022500.0,827500.0,1500,10.643117982572791,False,False,3.225656886169208
-2017500.0,827500.0,1500,51.98176682120311,False,False,3.095125485321585
-2012500.0,827500.0,1500,72.99287761131498,False,False,3.1340178945507056
-2007500.0,827500.0,1500,54.00155723952336,False,True,3.294803984147995
-2002500.0,827500.0,1500,25.950329455581425,False,True,3.3346115712626263
-1997500.0,827500.0,1500,41.1215013194965,False,True,3.2179752948250275
-1992500.0,827500.0,1500,68.92181895313601,False,True,2.942293181761631
-1987500.0,827500.0,1500,39.454190356865425,False,True,3.0571963532953315
-1982500.0,827500.0,1500,19.94177772553348,False,False,3.281590837245811
-1977500.0,827500.0,1500,25.512133088967353,False,False,3.3608997144814046
-1972500.0,827500.0,1500,9.439703673133776,False,False,3.527964642238363
-1967500.0,827500.0,1500,-12.034956831609273,False,False,3.448065347135361
-1962500.0,827500.0,1500,9.550586007976893,False,False,3.163407712571588
-1957500.0,827500.0,1500,45.069107983641516,False,False,3.1445215852916473
-1952500.0,827500.0,1500,25.05662340656391,False,False,3.3282674438378077
-1947500.0,827500.0,1500,-6.596218388077758,False,False,3.5354846098122947
-1942500.0,827500.0,1500,-4.034694422500251,False,False,3.520509776648474
-1937500.0,827500.0,1500,-6.770788144746295,False,False,3.364406234916721
-1932500.0,827500.0,1500,-7.6904842549355354,False,False,3.5420021405351476
-1927500.0,827500.0,1500,4.427994747709288,False,False,4.032805760070681
-1922500.0,827500.0,1500,26.138389159965197,False,False,3.927305819823663
-1917500.0,827500.0,1500,43.787254570728685,False,False,3.483366363216563
-1912500.0,827500.0,1500,42.36767269086737,False,False,3.596979955513098
-1907500.0,827500.0,1500,34.28265087776204,False,False,3.9514662894812322
-1902500.0,827500.0,1500,19.579624985452853,False,False,3.869701528925679
-1897500.0,827500.0,1500,31.33223530414002,False,False,3.330657914190895
-1892500.0,827500.0,1500,56.35929002329345,False,False,3.030189731369949
-1887500.0,827500.0,1500,57.71384405442601,False,False,2.899529581614692
-1882500.0,827500.0,1500,59.75765573259719,False,False,2.743041965776186
-1877500.0,827500.0,1500,63.515729274777065,False,False,2.7048431309141288
-1872500.0,827500.0,1500,36.084892201594926,False,False,2.8564620282934605
-1867500.0,827500.0,1500,7.807024125715506,False,False,2.9107079915505305
-1862500.0,827500.0,1500,19.627760305978196,False,False,3.0406150525403985
-1857500.0,827500.0,1500,41.31661125855587,False,False,3.268423013366928
-1852500.0,827500.0,1500,39.006083125083784,False,False,3.3639735858509017
-1847500.0,827500.0,1500,27.163534522975578,False,False,3.5013516444065322
-1842500.0,827500.0,1500,20.062540910438116,False,False,3.647346751371498
-1837500.0,827500.0,1500,9.23572285691664,False,False,3.776824774932444
-1832500.0,827500.0,1500,-0.27441741034969835,False,False,3.655303215638584
-1827500.0,827500.0,1500,-4.258066459918799,False,False,3.4051597925890347
-1822500.0,827500.0,1500,-6.9853108294196495,False,False,3.3782702639078375
-1817500.0,827500.0,1500,-8.537862245187554,False,False,3.8361866365176476
-1812500.0,827500.0,1500,-3.538934581469039,False,False,3.974703806990677
-1807500.0,827500.0,1500,7.018334548942834,False,False,3.9570492030578546
-1802500.0,827500.0,1500,-1.5943417961132393,False,False,3.901760082781994
-1797500.0,827500.0,1500,-27.51889654090953,False,False,3.4454360484969118
-1792500.0,827500.0,1500,-9.873364174682683,False,False,3.2919527394118355
-1787500.0,827500.0,1500,37.73767822307448,False,False,3.404799375618401
-1782500.0,827500.0,1500,48.944095905391166,False,False,3.744091767813005
-1777500.0,827500.0,1500,43.23490037797228,False,False,3.7176431587618666
-1772500.0,827500.0,1500,25.86177714396615,False,False,3.68226433716399
-1767500.0,827500.0,1500,0.8492890276917301,False,False,3.4473408488640014
-1762500.0,827500.0,1500,12.914898111718028,False,False,3.0873324208278428
-1757500.0,827500.0,1500,59.8335813820547,False,False,3.1387374849412266
-1752500.0,827500.0,1500,86.9758986643337,False,False,3.324574057832656
-1652500.0,827500.0,1500,77.06475579171754,False,False,5.170858297041081
-2197500.0,832500.0,1500,37.10408106250201,False,False,6.696986296924834
-2192500.0,832500.0,1500,44.239975699233376,False,False,6.773298769606478
-2187500.0,832500.0,1500,43.3048293720914,False,False,6.86497334123397
-2182500.0,832500.0,1500,38.59953419916462,False,False,6.846892709010788
-2177500.0,832500.0,1500,36.67704235401837,False,False,6.550592337220706
-2172500.0,832500.0,1500,37.9462780284725,False,False,6.2384181942733985
-2167500.0,832500.0,1500,35.97949797997856,False,False,6.310890937756928
-2162500.0,832500.0,1500,30.468624370950963,False,False,6.635676757830007
-2157500.0,832500.0,1500,28.26077827337791,False,False,6.9670532409757335
-2152500.0,832500.0,1500,27.67560348003693,False,False,6.752176865666459
-2147500.0,832500.0,1500,33.461609743360185,False,False,6.394665375628265
-2142500.0,832500.0,1500,47.709282974883784,False,False,6.306781009040452
-2137500.0,832500.0,1500,53.504262841297425,False,True,6.115783983941816
-2132500.0,832500.0,1500,46.57236981050553,False,True,5.804137967672714
-2127500.0,832500.0,1500,31.247397450735715,False,True,5.627128629020135
-2122500.0,832500.0,1500,12.701946168742142,False,True,4.7167974897631675
-2117500.0,832500.0,1500,3.9928774139603505,False,True,5.468089504407721
-2112500.0,832500.0,1500,5.476160296893322,False,True,7.3677212526568026
-2107500.0,832500.0,1500,7.907923564669295,False,True,6.995855798466528
-2102500.0,832500.0,1500,27.421937264357915,False,False,5.553878030716431
-2097500.0,832500.0,1500,72.18446306750712,False,False,4.381934891798655
-2092500.0,832500.0,1500,65.14918024895513,False,False,3.9996955835155976
-2087500.0,832500.0,1500,29.46480856925337,False,False,3.9962267685068777
-2082500.0,832500.0,1500,25.95850106328561,False,False,3.6756503879173055
-2077500.0,832500.0,1500,7.328579328085905,False,False,4.316091943000106
-2072500.0,832500.0,1500,-25.315962820624463,False,False,5.162761751228601
-2067500.0,832500.0,1500,-18.421138357797012,False,False,4.953321163074321
-2062500.0,832500.0,1500,-2.1434061582941424,False,False,4.478368324982307
-2057500.0,832500.0,1500,-10.406973899296927,False,False,4.469122741302577
-2052500.0,832500.0,1500,4.24562328901244,False,False,4.984571246691116
-2047500.0,832500.0,1500,37.86262274509825,False,False,4.939036259932074
-2042500.0,832500.0,1500,54.473622971943975,False,False,4.2098000450252515
-2037500.0,832500.0,1500,73.79868030368714,False,False,3.5668421856560872
-2032500.0,832500.0,1500,95.28233349983513,False,False,3.643005890334729
-2027500.0,832500.0,1500,59.75417670377298,False,False,3.6719415829786897
-2022500.0,832500.0,1500,14.085323004140578,False,False,3.372316957205118
-2017500.0,832500.0,1500,34.36723097106568,False,False,3.0120680954345227
-2012500.0,832500.0,1500,68.64408434645146,False,False,2.92988998945431
-2007500.0,832500.0,1500,69.03875588418313,False,False,3.1896784717824236
-2002500.0,832500.0,1500,35.61513073314356,False,False,3.48073977898793
-1997500.0,832500.0,1500,35.15123411788585,False,False,3.4683485393682054
-1992500.0,832500.0,1500,63.9856683429071,False,False,3.065440533592502
-1987500.0,832500.0,1500,25.892726484505072,False,False,3.011425056675085
-1982500.0,832500.0,1500,11.840743132509358,False,False,3.184705369550254
-1977500.0,832500.0,1500,17.87990040206834,False,False,3.1735553210322096
-1972500.0,832500.0,1500,-8.3352289792847,False,False,3.3023389047129257
-1967500.0,832500.0,1500,-7.451219633770158,False,False,3.492056667710789
-1962500.0,832500.0,1500,12.129096131986268,False,False,3.5289225265006583
-1957500.0,832500.0,1500,12.318917525177305,False,False,3.493097872773034
-1952500.0,832500.0,1500,-2.9233552925205673,False,False,3.95669308682788
-1947500.0,832500.0,1500,3.509890244833998,False,False,4.471286326688565
-1942500.0,832500.0,1500,20.252390731380338,False,False,4.13716998442873
-1937500.0,832500.0,1500,10.351808790905354,False,False,3.713387905891607
-1932500.0,832500.0,1500,14.125120682914096,False,False,3.6710007920096235
-1927500.0,832500.0,1500,24.419944684610847,False,False,3.9566110049698353
-1922500.0,832500.0,1500,14.91994026665919,False,False,3.8670712680094295
-1917500.0,832500.0,1500,19.560156814773563,False,False,3.2754566466366093
-1912500.0,832500.0,1500,33.01543462073602,False,False,3.085087547854317
-1907500.0,832500.0,1500,42.358866024842385,False,False,3.124810530189702
-1902500.0,832500.0,1500,30.208448666903088,False,False,3.1807674158821158
-1897500.0,832500.0,1500,25.244185202064454,False,False,3.0739284605732573
-1892500.0,832500.0,1500,63.79313385921697,False,False,2.9180188607515363
-1887500.0,832500.0,1500,85.90627445325708,False,False,2.891705241120322
-1882500.0,832500.0,1500,73.5543978641917,False,False,3.0601109396912305
-1877500.0,832500.0,1500,61.973539002268296,False,False,3.2859847631810584
-1872500.0,832500.0,1500,29.056747614320635,False,False,3.2604117031394093
-1867500.0,832500.0,1500,9.901564005973315,False,False,3.168651027123528
-1862500.0,832500.0,1500,26.58639413931004,False,False,3.392804442864093
-1857500.0,832500.0,1500,47.859799463730624,False,False,3.8296653661180287
-1852500.0,832500.0,1500,44.191515094924554,False,False,3.846294272090571
-1847500.0,832500.0,1500,21.503566084484262,False,False,3.8110623751921606
-1842500.0,832500.0,1500,5.485176217916293,False,False,3.7596228823208513
-1837500.0,832500.0,1500,3.1267735598028916,False,False,3.4694790813951655
-1832500.0,832500.0,1500,4.938084228190828,False,False,3.2820133300777
-1827500.0,832500.0,1500,-1.525045974905015,False,False,3.4499020429407254
-1822500.0,832500.0,1500,-6.820454151555788,False,False,3.8223167904017377
-1817500.0,832500.0,1500,-10.577449899762877,False,False,4.025875411900408
-1812500.0,832500.0,1500,-5.803838091602142,False,False,4.076367391409809
-1807500.0,832500.0,1500,14.396954176729185,False,False,3.7893505129036
-1802500.0,832500.0,1500,4.632086004694112,False,False,3.4202899887892464
-1797500.0,832500.0,1500,-22.82227401185197,False,False,3.2570419137464404
-1792500.0,832500.0,1500,-5.993781734493086,False,False,3.613738548257047
-1787500.0,832500.0,1500,37.21024783748818,False,False,3.805637775031629
-1782500.0,832500.0,1500,67.60654824203047,False,False,3.757775929471663
-1777500.0,832500.0,1500,82.73312999487362,False,False,3.5919757331189777
-1772500.0,832500.0,1500,78.38297273684296,False,False,3.204758871319259
-1767500.0,832500.0,1500,45.95263658810179,False,False,3.0767600040975522
-1762500.0,832500.0,1500,24.26761171411319,False,False,3.114383322834067
-1757500.0,832500.0,1500,51.97253848596794,False,False,3.424065776796991
-1687500.0,832500.0,1500,31.322106899216173,False,False,4.65490788582268
-1682500.0,832500.0,1500,25.13117969350398,False,False,4.920288745484742
-1677500.0,832500.0,1500,27.7239233600652,False,False,5.165570529457837
-1672500.0,832500.0,1500,50.76820783042164,False,False,5.3176246470772455
-1667500.0,832500.0,1500,57.55199042630427,False,False,5.388319230819106
-1662500.0,832500.0,1500,60.387025875477214,False,False,5.237374576305304
-1657500.0,832500.0,1500,51.98867578005004,False,False,4.927956270098005
-1652500.0,832500.0,1500,34.17247049633836,False,False,4.730199641583559
-2197500.0,837500.0,1500,39.9913155273468,False,False,6.77956316522546
-2192500.0,837500.0,1500,44.03810815766199,False,False,7.219189564520111
-2187500.0,837500.0,1500,42.439045616036815,False,False,7.409447315918884
-2182500.0,837500.0,1500,38.466812639156565,False,False,7.0530815194980985
-2177500.0,837500.0,1500,45.788195127979655,False,False,6.4180856984650285
-2172500.0,837500.0,1500,54.761762548705285,False,False,6.314060305750066
-2167500.0,837500.0,1500,49.860335911011255,False,False,6.815470853534096
-2162500.0,837500.0,1500,35.869277390252755,False,False,7.307756691665144
-2157500.0,837500.0,1500,24.432645100653836,False,False,7.101239297631972
-2152500.0,837500.0,1500,18.645821652798443,False,False,6.4730137733346655
-2147500.0,837500.0,1500,18.71228745026565,False,False,6.2183123734161
-2142500.0,837500.0,1500,26.37018730111702,False,True,5.987930401041048
-2137500.0,837500.0,1500,32.70966721276367,False,True,5.799804412679509
-2132500.0,837500.0,1500,29.688309110643356,False,True,5.780769288011637
-2127500.0,837500.0,1500,20.44695049764265,False,True,6.066257226403545
-2122500.0,837500.0,1500,11.443724881098351,True,True,4.975009551040635
-2117500.0,837500.0,1500,4.821866030812501,False,True,5.5588826720724835
-2112500.0,837500.0,1500,7.860838421972566,False,True,7.211836473687741
-2107500.0,837500.0,1500,19.511090403225577,False,True,5.997531641644871
-2102500.0,837500.0,1500,36.231992317380644,False,True,4.889776642390188
-2097500.0,837500.0,1500,59.79674939251421,False,False,4.422190869261147
-2092500.0,837500.0,1500,51.73022239004601,False,False,3.8137730266092396
-2087500.0,837500.0,1500,34.97601923051907,False,False,3.996736213530336
-2082500.0,837500.0,1500,54.43993172479825,False,False,3.8706883158588443
-2077500.0,837500.0,1500,43.03581224709957,False,False,4.279645027316915
-2072500.0,837500.0,1500,0.33335572310036066,False,False,4.8511230758132005
-2067500.0,837500.0,1500,-5.125938009965555,False,False,4.460384706858747
-2062500.0,837500.0,1500,0.9947476207747031,False,False,4.036744754152198
-2057500.0,837500.0,1500,0.22573588730563018,False,False,4.039033040671052
-2052500.0,837500.0,1500,13.387316181914114,False,False,4.598290385311221
-2047500.0,837500.0,1500,31.189139934009525,False,False,4.745581041431494
-2042500.0,837500.0,1500,42.442390155243785,False,False,4.265321489602465
-2037500.0,837500.0,1500,57.42074692554778,False,False,3.584456910864925
-2032500.0,837500.0,1500,76.38141741508923,False,False,3.632405093672532
-2027500.0,837500.0,1500,50.555357770860795,False,False,3.8881636363852508
-2022500.0,837500.0,1500,10.335951769173077,False,False,3.8287911145066325
-2017500.0,837500.0,1500,22.842669607782792,False,False,3.3098355378103705
-2012500.0,837500.0,1500,61.59185455764161,False,False,3.015506206763022
-2007500.0,837500.0,1500,73.23207685713567,False,False,3.1080580002318534
-2002500.0,837500.0,1500,55.13774564199933,False,False,3.3645354190015992
-1997500.0,837500.0,1500,30.86029605521723,False,False,3.399243883670771
-1992500.0,837500.0,1500,27.09944640525537,False,False,3.0383567205173367
-1987500.0,837500.0,1500,11.570916568854011,False,False,3.0464615829553194
-1982500.0,837500.0,1500,18.466336694563005,False,False,3.3017559311049807
-1977500.0,837500.0,1500,39.79780536605041,False,False,3.2205810340400305
-1972500.0,837500.0,1500,12.732307587578122,False,False,3.249433059372175
-1967500.0,837500.0,1500,4.148492207021441,False,False,3.7916486473762046
-1962500.0,837500.0,1500,25.103505657322117,False,False,4.183307475921596
-1957500.0,837500.0,1500,20.420545481360225,False,False,3.8889616531822617
-1952500.0,837500.0,1500,12.43328945483394,False,False,4.15882882841724
-1947500.0,837500.0,1500,33.20575599940126,False,False,4.53712702424111
-1942500.0,837500.0,1500,47.43745050311195,False,False,3.824318221337701
-1937500.0,837500.0,1500,18.58181210920097,False,False,3.242371508564601
-1932500.0,837500.0,1500,2.125959357954467,False,False,3.1460883902206134
-1927500.0,837500.0,1500,31.66053369961267,False,False,3.2183839480773386
-1922500.0,837500.0,1500,35.60761249356791,False,False,3.46051689699871
-1917500.0,837500.0,1500,30.440460493567386,False,False,3.326746637192418
-1912500.0,837500.0,1500,35.969389430065256,False,False,3.0341698718055956
-1907500.0,837500.0,1500,27.06591691841968,False,False,3.0069656989257814
-1902500.0,837500.0,1500,17.27570518646984,False,False,3.3310525716965556
-1897500.0,837500.0,1500,39.02644255852357,False,False,3.5609403664496453
-1892500.0,837500.0,1500,87.59187596938507,False,False,3.342040091433157
-1887500.0,837500.0,1500,103.82171926602979,False,False,3.172842140890371
-1882500.0,837500.0,1500,81.16258345612987,False,False,3.3793879117257113
-1877500.0,837500.0,1500,45.79064488010845,False,False,3.7618843811399625
-1872500.0,837500.0,1500,12.109313722474589,False,False,3.614032416953579
-1867500.0,837500.0,1500,15.30462424552064,False,False,3.223264183853846
-1862500.0,837500.0,1500,38.491320486527655,False,False,3.1964574112453428
-1857500.0,837500.0,1500,51.93261936185663,False,False,3.608901012609726
-1852500.0,837500.0,1500,44.4659963445751,False,False,3.824959967306751
-1847500.0,837500.0,1500,18.29289568126096,False,False,3.7834531848640105
-1842500.0,837500.0,1500,1.7274195502661178,False,False,3.7576893494350516
-1837500.0,837500.0,1500,5.320164701175388,False,False,3.3773166476742995
-1832500.0,837500.0,1500,8.790614176340377,False,False,3.425828981849715
-1827500.0,837500.0,1500,3.0796349951863142,False,False,3.7903839748094104
-1822500.0,837500.0,1500,1.5127473364614556,False,False,4.084874274211289
-1817500.0,837500.0,1500,-2.4594348878093832,False,False,4.028483632593801
-1812500.0,837500.0,1500,-8.24283097414948,False,False,3.7123567812874776
-1807500.0,837500.0,1500,12.454913652016515,False,False,3.397724098253526
-1802500.0,837500.0,1500,22.63790985181576,False,False,3.2688869314393436
-1797500.0,837500.0,1500,-2.609774856243482,False,False,3.5710502401812088
-1792500.0,837500.0,1500,-6.781759922775328,False,False,3.807520950660452
-1787500.0,837500.0,1500,29.486109092250363,False,False,3.8091678637458695
-1782500.0,837500.0,1500,67.7440677252889,False,False,3.4686003443233338
-1777500.0,837500.0,1500,75.0948133583395,False,False,3.059278114296099
-1767500.0,837500.0,1500,65.65363006277795,False,False,3.203258737460838
-1762500.0,837500.0,1500,36.171689584416924,False,False,3.4637829599923977
-1757500.0,837500.0,1500,51.52352634278787,False,False,3.5501776553231914
-1682500.0,837500.0,1500,15.43004710497649,False,False,5.4507967070898635
-1677500.0,837500.0,1500,3.75327370408236,False,False,5.658135970033258
-1672500.0,837500.0,1500,27.02747879415866,False,False,5.581619221827195
-1667500.0,837500.0,1500,40.65862047043664,False,False,5.236946709863595
-1662500.0,837500.0,1500,43.19127848489944,False,False,4.8621700314960625
-1657500.0,837500.0,1500,43.476345876290885,False,False,4.767680744669294
-1652500.0,837500.0,1500,42.05274696493621,False,False,5.152307904948249
-2197500.0,842500.0,1500,45.52110055271746,False,False,7.163615826226331
-2192500.0,842500.0,1500,42.94761431924094,False,False,7.909098626251895
-2187500.0,842500.0,1500,40.2629134286692,False,False,8.010786599750972
-2182500.0,842500.0,1500,38.429692935037636,False,False,6.980739658697038
-2177500.0,842500.0,1500,48.147454840669376,False,False,6.344801708442437
-2172500.0,842500.0,1500,55.612542297575985,False,False,6.588600888009667
-2167500.0,842500.0,1500,46.716661710448435,False,False,7.025561690266985
-2162500.0,842500.0,1500,32.08685702654676,False,False,7.171458038379638
-2157500.0,842500.0,1500,21.941830383153555,False,False,6.619769876247712
-2152500.0,842500.0,1500,19.414669983518696,False,False,6.1208184516443955
-2147500.0,842500.0,1500,16.525143446581218,False,False,6.051220744393411
-2142500.0,842500.0,1500,14.595310570038288,False,False,6.076961297757622
-2137500.0,842500.0,1500,17.4806435990034,False,True,6.078491468446459
-2132500.0,842500.0,1500,16.9195913299356,False,True,6.052150219599665
-2127500.0,842500.0,1500,12.079134690585494,False,True,6.527681511953912
-2122500.0,842500.0,1500,9.21735163059026,False,True,5.722071766553572
-2117500.0,842500.0,1500,4.647611061344422,False,True,5.689118771469546
-2112500.0,842500.0,1500,6.491973579379205,False,True,6.500585116097588
-2107500.0,842500.0,1500,26.279333588727702,False,True,5.626529301871905
-2102500.0,842500.0,1500,43.8695009736712,False,False,5.480295624399613
-2097500.0,842500.0,1500,34.97129594037881,False,False,5.544392761676827
-2092500.0,842500.0,1500,20.02182505449475,False,False,4.574439886263698
-2087500.0,842500.0,1500,34.241268329492094,False,True,4.126018926096712
-2082500.0,842500.0,1500,62.018045160621696,False,False,3.8967701026194703
-2077500.0,842500.0,1500,49.10821118492852,False,False,4.180785740988056
-2072500.0,842500.0,1500,15.076815876619797,False,False,4.168922310640495
-2067500.0,842500.0,1500,5.510080669996657,False,False,3.766748422480069
-2062500.0,842500.0,1500,4.381868748814885,False,False,3.683917588970906
-2057500.0,842500.0,1500,6.875862865511345,False,False,3.8369403276683682
-2052500.0,842500.0,1500,21.888095046256158,False,False,4.310910023602597
-2047500.0,842500.0,1500,29.21390313512624,False,False,4.279768783708106
-2042500.0,842500.0,1500,38.68655275389855,False,False,4.048540429358558
-2037500.0,842500.0,1500,58.00256525808926,False,False,3.626994561008137
-2032500.0,842500.0,1500,57.626830991735496,False,False,3.523452893061807
-2027500.0,842500.0,1500,33.54218755659962,False,False,3.5868693171789583
-2022500.0,842500.0,1500,29.32355898266963,False,False,3.4831167148547224
-2017500.0,842500.0,1500,53.857921285983295,False,False,3.2119534060607213
-2012500.0,842500.0,1500,64.96838978352108,False,False,3.1508515131601573
-2007500.0,842500.0,1500,82.21442493617066,False,False,3.0378974026507244
-2002500.0,842500.0,1500,93.9514567579655,False,False,3.154723389735948
-1997500.0,842500.0,1500,63.01106536638578,False,False,3.4258123091680046
-1992500.0,842500.0,1500,21.514226119664354,False,False,3.266301927629739
-1987500.0,842500.0,1500,-3.401311333085042,False,False,3.263888324271396
-1982500.0,842500.0,1500,32.380290075981314,False,False,3.5689847046320855
-1977500.0,842500.0,1500,68.00177920862532,False,False,3.485308494122599
-1972500.0,842500.0,1500,29.02460937662055,False,False,3.3579262648721424
-1967500.0,842500.0,1500,-1.7453091718060139,False,False,3.7231752835619667
-1962500.0,842500.0,1500,14.978489395286864,False,False,3.814720198826308
-1957500.0,842500.0,1500,24.790423490062672,False,False,3.2701979261184
-1952500.0,842500.0,1500,22.878425843437864,False,False,3.0948243667256605
-1947500.0,842500.0,1500,51.21812593059669,False,False,3.224474786247311
-1942500.0,842500.0,1500,51.205675438474245,False,False,3.153242669390206
-1937500.0,842500.0,1500,5.018791448539913,False,False,3.127974311132185
-1932500.0,842500.0,1500,-10.06032744895673,False,False,3.1303260258847874
-1927500.0,842500.0,1500,23.241017090723464,False,False,3.109570819201525
-1922500.0,842500.0,1500,47.328101387885425,False,False,3.5084582360506955
-1917500.0,842500.0,1500,51.38701080694785,False,False,3.8058097436846428
-1912500.0,842500.0,1500,63.44096500988059,False,False,3.4693703019188167
-1907500.0,842500.0,1500,37.443071127337454,False,False,3.25947511386945
-1902500.0,842500.0,1500,5.738643727319556,False,False,3.525526370209457
-1897500.0,842500.0,1500,44.33237547139629,False,False,3.864452922588284
-1892500.0,842500.0,1500,100.05372352425067,False,False,3.6198078092033925
-1882500.0,842500.0,1500,56.32471525949878,False,False,3.1771139587651396
-1877500.0,842500.0,1500,30.789406827162225,False,False,3.573722984300385
-1872500.0,842500.0,1500,6.355066140887983,False,False,3.6333625053629772
-1867500.0,842500.0,1500,15.529472029829135,False,False,3.1931864400573127
-1862500.0,842500.0,1500,51.302832882285514,False,False,2.9662909900176646
-1857500.0,842500.0,1500,77.99222057380838,False,False,3.1283387290526403
-1852500.0,842500.0,1500,71.92021940286524,False,False,3.499467947873823
-1847500.0,842500.0,1500,22.916543632444704,False,False,3.7696256305241174
-1842500.0,842500.0,1500,-7.541046475318504,False,False,3.7565058351983254
-1837500.0,842500.0,1500,3.4519677751557447,False,False,3.5214196015672186
-1832500.0,842500.0,1500,11.981145246317704,False,False,3.8107672123468257
-1827500.0,842500.0,1500,28.28581530814832,False,False,3.963294448267401
-1822500.0,842500.0,1500,33.51535904967426,False,False,3.8748402546017697
-1817500.0,842500.0,1500,10.16251993476193,False,False,3.6840888354945154
-1812500.0,842500.0,1500,9.643278488796462,False,False,3.265067794201091
-1807500.0,842500.0,1500,38.52244373132877,False,False,3.347973856468071
-1802500.0,842500.0,1500,42.06894102836219,False,False,3.5345789888949017
-1797500.0,842500.0,1500,2.917597718667014,False,False,3.784973892226701
-1792500.0,842500.0,1500,-14.920909672973401,False,False,3.698206829488361
-1787500.0,842500.0,1500,10.476499804315889,False,False,3.379807337776106
-1782500.0,842500.0,1500,49.555820280797896,False,False,3.149688644224951
-1762500.0,842500.0,1500,58.40211889831099,False,False,3.5485044679359974
-1682500.0,842500.0,1500,39.25541942443669,False,False,5.287861766605314
-1677500.0,842500.0,1500,26.869722339827646,False,False,5.304295027341788
-1672500.0,842500.0,1500,12.56791873551935,False,False,5.199681779729666
-1667500.0,842500.0,1500,15.785267362952277,False,False,5.165163713615825
-1662500.0,842500.0,1500,49.7909638564148,False,False,5.394654426414124
-1657500.0,842500.0,1500,77.64942378143414,False,False,5.905385269135157
-1652500.0,842500.0,1500,78.48792681696509,False,False,6.601360412032457
-2197500.0,847500.0,1500,46.726692780461775,False,False,7.4766765955130605
-2192500.0,847500.0,1500,41.04651950623626,False,False,7.7951681983814565
-2187500.0,847500.0,1500,35.9658036109578,False,False,7.675494042072681
-2182500.0,847500.0,1500,33.3599483302066,False,False,6.710766796551947
-2177500.0,847500.0,1500,35.21596933244769,False,False,6.424731851114268
-2172500.0,847500.0,1500,35.03963584576666,False,False,6.52807312910642
-2167500.0,847500.0,1500,28.45966278741768,False,False,6.599187210105439
-2162500.0,847500.0,1500,20.917157405799923,False,False,6.517599207157521
-2157500.0,847500.0,1500,18.636548150761655,False,False,6.131609244190968
-2152500.0,847500.0,1500,23.085903227622005,False,False,6.032583836211161
-2147500.0,847500.0,1500,22.35796202589767,False,False,6.335362574247217
-2142500.0,847500.0,1500,15.226795129529748,False,False,6.6644665125620115
-2137500.0,847500.0,1500,10.766710114857498,False,True,6.49055883439767
-2132500.0,847500.0,1500,7.037979001027089,False,True,6.224922309410465
-2127500.0,847500.0,1500,4.245174587712448,False,True,6.604783527083774
-2122500.0,847500.0,1500,5.276487047378957,False,True,5.844261648013961
-2117500.0,847500.0,1500,2.3132380119032523,False,True,5.557637795383998
-2112500.0,847500.0,1500,-2.279785803519977,False,True,6.443328239045888
-2107500.0,847500.0,1500,5.680883538532928,False,True,6.700269449378778
-2102500.0,847500.0,1500,16.173120824359486,False,False,6.977939060674984
-2097500.0,847500.0,1500,7.423712226134768,False,True,6.052810435176909
-2092500.0,847500.0,1500,10.43524211160229,False,True,4.619156404375759
-2087500.0,847500.0,1500,36.594624515854264,False,True,4.163448178804376
-2082500.0,847500.0,1500,41.93139375677823,False,True,3.997248459244312
-2077500.0,847500.0,1500,33.93342307526379,False,True,4.138113712690385
-2072500.0,847500.0,1500,23.329229780059958,False,False,4.041108632669511
-2067500.0,847500.0,1500,12.3607813558202,False,False,3.9717156161170366
-2062500.0,847500.0,1500,14.617851927393906,False,False,3.8410234169512685
-2057500.0,847500.0,1500,17.459575551849646,False,False,3.655701585876213
-2052500.0,847500.0,1500,25.60820793763701,False,False,3.7102500164954315
-2047500.0,847500.0,1500,33.56641343022334,False,False,3.6041724005723954
-2042500.0,847500.0,1500,40.77487071839042,False,False,3.555223410934568
-2037500.0,847500.0,1500,66.40665282237907,False,False,3.349192898209724
-2032500.0,847500.0,1500,68.95874844385627,False,False,3.2130733132273566
-2027500.0,847500.0,1500,40.48358118887337,False,False,3.1123606882883705
-2022500.0,847500.0,1500,48.77368725961102,False,False,2.925086422840315
-2017500.0,847500.0,1500,72.58117372807001,False,False,2.9537940893404926
-2012500.0,847500.0,1500,60.24964978661545,False,False,3.219408829049824
-2007500.0,847500.0,1500,80.37454409481154,False,False,3.087625781627889
-2002500.0,847500.0,1500,115.31874912671938,False,False,3.0387582319990005
-1997500.0,847500.0,1500,113.45080634174279,False,False,3.34381157872966
-1992500.0,847500.0,1500,76.05624509417233,False,False,3.325740724263939
-1987500.0,847500.0,1500,23.928628779231925,False,False,3.22315264739728
-1982500.0,847500.0,1500,55.02832008285503,False,False,3.286827965318134
-1977500.0,847500.0,1500,92.33672660198177,False,False,3.1551180053244128
-1972500.0,847500.0,1500,49.10036672781134,False,False,2.985153020169539
-1967500.0,847500.0,1500,28.912410092307724,False,False,3.016299450234464
-1962500.0,847500.0,1500,38.05040174769697,False,False,3.047878453798881
-1957500.0,847500.0,1500,28.05224971580041,False,False,2.927467149961714
-1952500.0,847500.0,1500,21.650365593203293,False,False,2.8384014701566618
-1947500.0,847500.0,1500,56.46363746417166,False,False,3.1161962167931367
-1942500.0,847500.0,1500,56.78413156545279,False,False,3.6988054592812256
-1937500.0,847500.0,1500,16.074731673748712,False,False,3.816054176812711
-1932500.0,847500.0,1500,19.227468407892033,False,False,3.5251849456903566
-1927500.0,847500.0,1500,24.917254200439878,False,False,3.3663499681573272
-1922500.0,847500.0,1500,26.86797510736258,False,False,3.534245776975277
-1917500.0,847500.0,1500,35.81603556799439,False,False,3.910382868436577
-1912500.0,847500.0,1500,71.28130536166469,False,False,3.649920524469847
-1907500.0,847500.0,1500,66.3589624528274,False,False,3.161665501793077
-1902500.0,847500.0,1500,17.570611468740406,False,False,3.1652071437029288
-1897500.0,847500.0,1500,26.647000352611215,False,False,3.5226951028230116
-1892500.0,847500.0,1500,58.94009221660556,False,False,3.494028469607288
-1887500.0,847500.0,1500,47.010056561542115,False,False,3.0574401644108042
-1882500.0,847500.0,1500,14.128237612806991,False,False,2.8903483071360085
-1877500.0,847500.0,1500,7.397951850906291,False,False,2.999922447670768
-1872500.0,847500.0,1500,1.3676714534744172,False,False,3.118698035615494
-1867500.0,847500.0,1500,9.44430791839518,False,False,3.0020486318402866
-1862500.0,847500.0,1500,49.979659109546105,False,False,2.824283416237708
-1852500.0,847500.0,1500,88.25632201213976,False,False,3.0532706434563996
-1847500.0,847500.0,1500,21.93185194660783,False,False,3.525682344540537
-1842500.0,847500.0,1500,-10.940877669619251,False,False,3.673505038056942
-1837500.0,847500.0,1500,17.84055684434679,False,False,3.498144296513578
-1832500.0,847500.0,1500,30.380137126895317,False,False,3.655303174833817
-1827500.0,847500.0,1500,54.07793099454553,False,False,3.722512374095643
-1822500.0,847500.0,1500,69.3898898933005,False,False,3.3943444014998714
-1817500.0,847500.0,1500,33.06027019234932,False,False,3.264615155613487
-1812500.0,847500.0,1500,28.811693992427642,False,False,3.358279341396638
-1807500.0,847500.0,1500,49.26116627635584,False,False,3.67052351734789
-1802500.0,847500.0,1500,39.88126714276493,False,False,3.69308600956872
-1797500.0,847500.0,1500,16.921845964006085,False,False,3.643267946492073
-1792500.0,847500.0,1500,-0.6938795936572442,False,False,3.448836782437586
-1787500.0,847500.0,1500,-1.3731530337960227,False,False,3.02293300006018
-1782500.0,847500.0,1500,41.95043163848082,False,False,3.17357524715134
-1677500.0,847500.0,1500,59.99746630801423,False,False,4.926554645515812
-1672500.0,847500.0,1500,38.50127323394166,False,False,5.384191356146085
-1667500.0,847500.0,1500,9.136599239261086,False,False,6.157157171667542
-1662500.0,847500.0,1500,17.33773261703075,False,False,6.984490132293079
-1657500.0,847500.0,1500,48.07443144224636,False,False,7.552616030741787
-1652500.0,847500.0,1500,61.049883009093385,False,False,7.710475128133683
-2197500.0,852500.0,1500,43.9723260699061,False,False,7.747035185121473
-2192500.0,852500.0,1500,38.964105375969794,False,False,7.179709256216203
-2187500.0,852500.0,1500,30.183884859422225,False,False,6.76894639171885
-2182500.0,852500.0,1500,25.208602652689674,False,False,6.314697029487581
-2177500.0,852500.0,1500,22.690620281004648,False,False,6.265720765092052
-2172500.0,852500.0,1500,19.882926925651063,False,False,6.40381909930459
-2167500.0,852500.0,1500,16.142768571828572,False,False,6.708017670924401
-2162500.0,852500.0,1500,12.38257556781436,False,False,6.569632240723067
-2157500.0,852500.0,1500,12.866981742701016,False,False,6.281391039581951
-2152500.0,852500.0,1500,17.926301769179897,False,False,6.584360451436284
-2147500.0,852500.0,1500,18.84333825876631,False,False,7.046312022276399
-2142500.0,852500.0,1500,13.340467058842151,False,False,6.958764587716206
-2137500.0,852500.0,1500,6.25654595719113,False,False,6.587921424540956
-2132500.0,852500.0,1500,0.30242830195562104,False,True,6.694903984865466
-2127500.0,852500.0,1500,-3.580977755011394,False,True,7.03580856947438
-2122500.0,852500.0,1500,-4.889879784071765,False,True,5.871506242585138
-2117500.0,852500.0,1500,-8.295256469795916,False,True,5.403921996564337
-2112500.0,852500.0,1500,-11.818123120491098,False,True,6.662416096247157
-2107500.0,852500.0,1500,-8.974657488682794,False,False,7.273972141090734
-2102500.0,852500.0,1500,-6.9564125203989535,False,True,7.408823921326165
-2097500.0,852500.0,1500,-7.255756527552034,False,True,5.972937937398402
-2092500.0,852500.0,1500,12.75940705577805,False,True,4.707998154858822
-2087500.0,852500.0,1500,49.85712732186308,False,True,4.2838614254967435
-2082500.0,852500.0,1500,59.362003623404625,False,True,3.940943486765147
-2077500.0,852500.0,1500,54.47264839603083,False,True,3.9589114010236406
-2072500.0,852500.0,1500,40.101694334775516,False,True,3.955352838323215
-2067500.0,852500.0,1500,18.02871779526488,False,False,4.07709100538982
-2062500.0,852500.0,1500,20.307155893596626,False,False,3.803827420530436
-2057500.0,852500.0,1500,29.45842842795311,False,False,3.45927103036625
-2052500.0,852500.0,1500,33.979515168434105,False,False,3.2158799662880724
-2047500.0,852500.0,1500,34.081064038389755,False,False,3.1550131395619427
-2042500.0,852500.0,1500,26.674534938433776,False,False,3.159808403112948
-2037500.0,852500.0,1500,35.2844274407957,False,False,3.0165297112366516
-2032500.0,852500.0,1500,58.00196810900638,False,False,2.862932116955745
-2027500.0,852500.0,1500,48.93862529003143,False,False,2.790956421527284
-2022500.0,852500.0,1500,49.39116533361728,False,False,2.777708848675462
-2017500.0,852500.0,1500,88.54442867625917,False,False,2.789660300889291
-2012500.0,852500.0,1500,102.79441794957836,False,False,2.9003466836411116
-2007500.0,852500.0,1500,109.59338865272326,False,False,2.877780757354567
-1992500.0,852500.0,1500,90.74721351481564,False,False,2.927167804641916
-1987500.0,852500.0,1500,35.13808660994316,False,False,2.9573686907235572
-1982500.0,852500.0,1500,90.09066057081642,False,False,2.780011308655993
-1972500.0,852500.0,1500,72.39395542500075,False,False,3.0426132735514995
-1967500.0,852500.0,1500,50.37253010908443,False,False,3.07406263469557
-1962500.0,852500.0,1500,60.473358361735066,False,False,3.3928944287166996
-1957500.0,852500.0,1500,39.33310940089347,False,False,3.5831278642657978
-1952500.0,852500.0,1500,27.596775725710184,False,False,3.349646509126929
-1947500.0,852500.0,1500,58.5570593238344,False,False,3.4846413905037736
-1942500.0,852500.0,1500,56.28804924606646,False,False,4.084030114272026
-1937500.0,852500.0,1500,29.22962282627359,False,False,4.146621535908894
-1932500.0,852500.0,1500,45.9435576299115,False,False,3.6186785181349177
-1927500.0,852500.0,1500,46.16247998304881,False,False,3.328843694727311
-1922500.0,852500.0,1500,44.11613531215966,False,False,3.2611784438344844
-1917500.0,852500.0,1500,44.08210883550941,False,False,3.5425270305574483
-1912500.0,852500.0,1500,65.57286549412133,False,False,3.447233690934126
-1907500.0,852500.0,1500,69.76486363893969,False,False,2.949994947858718
-1902500.0,852500.0,1500,22.994655494438412,False,False,2.824916894813956
-1897500.0,852500.0,1500,9.295228614491819,False,False,2.9509355859099493
-1892500.0,852500.0,1500,13.125242635068906,False,False,3.077155748934829
-1887500.0,852500.0,1500,5.718635810032213,False,False,2.955327407976329
-1882500.0,852500.0,1500,4.435562941280265,False,False,2.810535152979323
-1877500.0,852500.0,1500,23.756083472604967,False,False,2.8606628443483815
-1872500.0,852500.0,1500,23.13341556759159,False,False,3.1132013358310653
-1867500.0,852500.0,1500,14.684672262624662,False,False,3.2409002729344065
-1862500.0,852500.0,1500,45.65099923019984,False,False,3.0310817381953035
-1852500.0,852500.0,1500,89.84507904645059,False,False,2.9624909520203038
-1847500.0,852500.0,1500,30.894219046103682,False,False,3.48403323340274
-1842500.0,852500.0,1500,9.113581906686452,False,False,3.869755514011992
-1837500.0,852500.0,1500,44.504651248126045,False,False,3.7926617693791753
-1832500.0,852500.0,1500,56.95300136493544,False,False,3.590451006415268
-1827500.0,852500.0,1500,69.35501327642793,False,False,3.3188992371188775
-1822500.0,852500.0,1500,82.37805756488623,False,False,3.118745115428054
-1817500.0,852500.0,1500,57.45030153429412,False,False,3.3511057053786963
-1812500.0,852500.0,1500,33.15121502109081,False,False,3.663413585515303
-1807500.0,852500.0,1500,45.197112333402764,False,False,3.668736210501206
-1802500.0,852500.0,1500,58.04627539797226,False,False,3.6177805663657487
-1797500.0,852500.0,1500,62.11174349737483,False,False,3.379065542642283
-1792500.0,852500.0,1500,34.358104097156335,False,False,3.19072053495876
-1787500.0,852500.0,1500,-0.9035551760735715,False,False,3.109263749587302
-1782500.0,852500.0,1500,32.265827051497055,False,False,3.359187840052503
-1677500.0,852500.0,1500,65.38299927373865,False,False,5.489740967878205
-1672500.0,852500.0,1500,53.566112677842725,False,False,6.367502934755936
-1667500.0,852500.0,1500,28.64793452799551,False,False,7.229574074739051
-1662500.0,852500.0,1500,-0.4493102776776625,False,False,7.823780387216745
-1657500.0,852500.0,1500,-4.044685191824467,False,False,7.986844272517107
-1652500.0,852500.0,1500,17.235068956606167,False,False,7.57145354608171
-2197500.0,857500.0,1500,38.77782139333422,False,False,7.558040325279484
-2192500.0,857500.0,1500,36.22123643974613,False,False,6.5616790070384665
-2187500.0,857500.0,1500,24.417453618795033,False,False,6.046636189377227
-2182500.0,857500.0,1500,16.400047440049125,False,False,6.062885599913316
-2177500.0,857500.0,1500,15.62090663090301,False,False,6.1211694365322735
-2172500.0,857500.0,1500,15.921252230659741,False,False,6.501443772875206
-2167500.0,857500.0,1500,13.056332707426584,False,False,7.05537171353464
-2162500.0,857500.0,1500,9.315205153899715,False,False,6.764776245955066
-2157500.0,857500.0,1500,7.802918806320008,False,False,6.6439026607015705
-2152500.0,857500.0,1500,8.827920509185272,False,False,7.172734193451666
-2147500.0,857500.0,1500,9.490197900611312,False,False,7.222256533842916
-2142500.0,857500.0,1500,7.263644148783682,False,False,6.764877090847497
-2137500.0,857500.0,1500,1.9323401828227997,False,False,6.846238655695645
-2132500.0,857500.0,1500,-3.1084168548860145,False,False,7.369719591854664
-2127500.0,857500.0,1500,-8.276549135216829,False,False,7.461716627059475
-2122500.0,857500.0,1500,-13.77156759124436,False,True,6.202005143890748
-2117500.0,857500.0,1500,-17.706743944808036,False,False,5.580589121543046
-2112500.0,857500.0,1500,-17.710675691423216,False,False,6.763044521060709
-2107500.0,857500.0,1500,-14.166705757906827,False,False,7.349161924337716
-2102500.0,857500.0,1500,-13.679074371858116,False,True,7.164045670903097
-2097500.0,857500.0,1500,-12.791495980800864,False,True,5.546754333976393
-2092500.0,857500.0,1500,2.2692613047066805,False,True,4.959329105525921
-2087500.0,857500.0,1500,33.71996704208661,False,True,4.693835096192331
-2082500.0,857500.0,1500,56.47622869556883,False,True,4.147129989755894
-2077500.0,857500.0,1500,52.23236452127441,False,True,4.026349681056747
-2072500.0,857500.0,1500,28.13912882929228,False,True,3.7447859975779574
-2067500.0,857500.0,1500,15.928628188145524,False,True,3.7674632532647863
-2062500.0,857500.0,1500,23.220528841864752,False,False,3.313558750592258
-2057500.0,857500.0,1500,26.71062544508167,False,False,3.1271887922240573
-2052500.0,857500.0,1500,28.49410264803365,False,False,3.0330718504968526
-2047500.0,857500.0,1500,25.409163615356512,False,False,3.039064365749428
-2042500.0,857500.0,1500,16.0689529324822,False,False,3.0906851455278233
-2037500.0,857500.0,1500,16.617885847915637,False,False,3.1085740297339344
-2032500.0,857500.0,1500,41.23397544003855,False,False,2.9116708385408216
-2027500.0,857500.0,1500,45.22336585480162,False,False,2.7915513596115495
-2022500.0,857500.0,1500,47.07476525533369,False,False,2.811518023251757
-2017500.0,857500.0,1500,95.80950551475694,False,False,2.8486000099601183
-1992500.0,857500.0,1500,95.61253000509575,False,False,2.7862415285035103
-1987500.0,857500.0,1500,36.99198596098105,False,False,3.152674101311236
-1982500.0,857500.0,1500,84.06553090531209,False,False,3.1175061205808974
-1977500.0,857500.0,1500,131.56175221259133,False,False,3.209936041586247
-1972500.0,857500.0,1500,87.32147077638453,False,False,3.5408984843584044
-1967500.0,857500.0,1500,62.866572349470715,False,False,3.426006921174679
-1962500.0,857500.0,1500,67.70018424371811,False,False,3.713958481231602
-1957500.0,857500.0,1500,46.26816874069552,False,False,3.9757134101036713
-1952500.0,857500.0,1500,40.87093033833138,False,False,3.492804671559293
-1947500.0,857500.0,1500,73.3240574036221,False,False,3.179721043394886
-1942500.0,857500.0,1500,46.992711188256955,False,False,3.466067757573004
-1937500.0,857500.0,1500,24.23377157918715,False,False,3.6179877121996284
-1932500.0,857500.0,1500,68.39024393890135,False,False,3.2604537946399526
-1927500.0,857500.0,1500,86.03454273141709,False,False,3.008887556768041
-1922500.0,857500.0,1500,89.96885590242867,False,False,2.9254856721076714
-1917500.0,857500.0,1500,63.64296877822908,False,False,3.0309526336084023
-1912500.0,857500.0,1500,44.801065123810446,False,False,3.1636227561209282
-1907500.0,857500.0,1500,42.84336624173751,False,False,3.005353036755255
-1902500.0,857500.0,1500,13.01393067935155,False,False,2.8315593424106558
-1897500.0,857500.0,1500,-0.9155597600539649,False,False,2.8561929874102447
-1892500.0,857500.0,1500,-4.366132553745507,False,False,3.2010335877391762
-1887500.0,857500.0,1500,-0.49762561994994525,False,False,3.3460052142702397
-1882500.0,857500.0,1500,12.543767457993416,False,False,3.1118894522254275
-1872500.0,857500.0,1500,51.81653931276222,False,False,3.3860050849209715
-1867500.0,857500.0,1500,30.998731755588306,False,False,3.5679796367964065
-1847500.0,857500.0,1500,57.29899015156366,False,False,3.594593604023891
-1842500.0,857500.0,1500,41.81385263447739,False,False,4.128810363361026
-1837500.0,857500.0,1500,51.977785687219296,False,False,4.059384320659653
-1832500.0,857500.0,1500,54.4998505372342,False,False,3.730071760709051
-1827500.0,857500.0,1500,67.94190105457096,False,False,3.298719664652256
-1812500.0,857500.0,1500,40.80105565361143,False,False,3.5302117362939605
-1807500.0,857500.0,1500,56.59535829274491,False,False,3.387630002682932
-1792500.0,857500.0,1500,56.64780111146676,False,False,3.284117849724091
-1787500.0,857500.0,1500,8.476785898748567,False,False,3.3610324110738414
-1782500.0,857500.0,1500,34.489340702795616,False,False,3.334740520788369
-1677500.0,857500.0,1500,71.3893264964685,False,False,6.248513788033712
-1672500.0,857500.0,1500,58.41675939152862,False,False,6.739073003773557
-1667500.0,857500.0,1500,51.97398325363364,False,False,6.961885638830459
-1662500.0,857500.0,1500,40.39142955246182,False,False,6.905053089422118
-1657500.0,857500.0,1500,14.597000151400154,False,False,6.639861598247357
-1652500.0,857500.0,1500,-0.5484383393513543,False,False,6.186396682715532
-2197500.0,862500.0,1500,29.2055685073329,False,False,6.788376828380235
-2192500.0,862500.0,1500,28.443425046475276,False,False,6.174805040543321
-2187500.0,862500.0,1500,16.843408293877353,False,False,5.988324742509411
-2182500.0,862500.0,1500,6.068846643175762,False,False,6.02467352051999
-2177500.0,862500.0,1500,6.122107995919693,False,False,5.763141090330326
-2172500.0,862500.0,1500,10.02034668144576,False,False,5.488390780080077
-2167500.0,862500.0,1500,9.279147442911377,False,False,5.398918745661545
-2162500.0,862500.0,1500,6.683607896365263,False,False,5.393272130766602
-2157500.0,862500.0,1500,3.9380850186704075,False,False,6.274194108699873
-2152500.0,862500.0,1500,3.413174193355745,False,False,7.277262226703838
-2147500.0,862500.0,1500,4.7799406779558495,False,False,7.057120071729824
-2142500.0,862500.0,1500,4.486851431104993,False,False,6.790644310207244
-2137500.0,862500.0,1500,2.1805144518926634,False,False,7.255451313191313
-2132500.0,862500.0,1500,-1.7596130905262164,False,False,7.615500753005699
-2127500.0,862500.0,1500,-8.121140806864867,False,False,7.334184650556713
-2122500.0,862500.0,1500,-14.961750472513422,False,False,6.3054241724760915
-2117500.0,862500.0,1500,-18.009031458070954,False,False,6.086038908374863
-2112500.0,862500.0,1500,-16.881377857817096,False,False,6.971610136354533
-2107500.0,862500.0,1500,-16.38420691963907,False,True,7.223895441215882
-2102500.0,862500.0,1500,-20.249719188480043,False,True,6.755869749630001
-2097500.0,862500.0,1500,-20.853078673907632,False,True,5.028121011906619
-2092500.0,862500.0,1500,-13.7358299556711,False,True,4.897690085342294
-2087500.0,862500.0,1500,-3.313641186174036,True,True,4.940611445193164
-2082500.0,862500.0,1500,5.179945271078197,False,True,4.105042520744309
-2077500.0,862500.0,1500,7.656823665463773,False,True,3.7474087843738144
-2072500.0,862500.0,1500,11.054252163340168,False,True,3.4898703206790334
-2067500.0,862500.0,1500,25.796952606578884,False,True,3.475043166380186
-2062500.0,862500.0,1500,33.83973488671165,False,False,3.181422535145371
-2057500.0,862500.0,1500,22.464659649449377,False,False,3.083456551950989
-2052500.0,862500.0,1500,20.45734447867736,False,False,3.0174708586590477
-2047500.0,862500.0,1500,22.03469645718398,False,False,3.122871249306514
-2042500.0,862500.0,1500,14.543511965000908,False,False,3.1810652291077326
-2037500.0,862500.0,1500,21.7168460637968,False,False,3.3031683031877836
-2032500.0,862500.0,1500,46.90247179806912,False,False,3.1032393884759744
-2027500.0,862500.0,1500,49.81811899835567,False,False,2.9465892280913524
-2022500.0,862500.0,1500,45.335626197156,False,False,2.9598881978979468
-2017500.0,862500.0,1500,79.11212792611731,False,False,3.049641743808149
-2012500.0,862500.0,1500,116.95208378051686,False,False,2.991150960343987
-1987500.0,862500.0,1500,82.06413752110076,False,False,3.1456984510007158
-1982500.0,862500.0,1500,56.726890135168816,False,False,3.452544964367001
-1977500.0,862500.0,1500,99.19061017834679,False,False,3.4485084468125105
-1972500.0,862500.0,1500,105.98548124978777,False,False,3.5562781034447997
-1967500.0,862500.0,1500,102.62670968221059,False,False,3.3486401149329277
-1962500.0,862500.0,1500,95.50246615834432,False,False,3.2440620093408774
-1957500.0,862500.0,1500,53.28209535965391,False,False,3.3464708952305724
-1952500.0,862500.0,1500,42.76661784005738,False,False,3.0724614394748793
-1947500.0,862500.0,1500,73.57471261929007,False,False,2.8679392115900755
-1942500.0,862500.0,1500,52.05530640204823,False,False,2.909570726521938
-1937500.0,862500.0,1500,26.38405302059641,False,False,2.9597054640220364
-1932500.0,862500.0,1500,77.5313463007951,False,False,2.906173163141487
-1927500.0,862500.0,1500,109.58598986573777,False,False,2.854060831367333
-1917500.0,862500.0,1500,79.90163962607716,False,False,2.8430816755780093
-1912500.0,862500.0,1500,53.98859686245021,False,False,3.2182526177478312
-1907500.0,862500.0,1500,39.826657035695966,False,False,3.383899075095184
-1902500.0,862500.0,1500,6.518007234296534,False,False,3.1463565405010865
-1897500.0,862500.0,1500,-12.994731787241623,False,False,3.1018999511030945
-1892500.0,862500.0,1500,-10.59418702932159,False,False,3.4622604677078073
-1887500.0,862500.0,1500,5.054782237823151,False,False,3.707094935954308
-1882500.0,862500.0,1500,15.713394102035352,False,False,3.3742939179443483
-1842500.0,862500.0,1500,56.94894413149866,False,False,3.964577087579216
-1787500.0,862500.0,1500,22.57957597572751,False,False,3.4565397226284316
-1697500.0,862500.0,1500,60.585623648750115,False,False,4.253764642546875
-1692500.0,862500.0,1500,48.7270309888017,False,False,5.3647748938438315
-1687500.0,862500.0,1500,65.45869669074065,False,False,5.86332710190737
-1682500.0,862500.0,1500,70.82201287776545,False,False,6.032033767218664
-1677500.0,862500.0,1500,69.91506651835323,False,False,6.110583504206835
-1672500.0,862500.0,1500,55.49975863232485,False,False,6.0680204669780915
-1667500.0,862500.0,1500,46.05830967184161,False,False,5.773070132202287
-1662500.0,862500.0,1500,63.18474283151557,False,False,5.315409957986123
-1657500.0,862500.0,1500,70.1884350047326,False,False,5.05251978266188
-1652500.0,862500.0,1500,46.92359520838629,False,False,5.187483013644327
-2197500.0,867500.0,1500,19.150297498736162,False,False,6.0834631678202316
-2192500.0,867500.0,1500,19.797850243018477,False,False,5.416062977388744
-2187500.0,867500.0,1500,16.043568405761253,False,False,4.9945815647143785
-2182500.0,867500.0,1500,8.920119450694093,False,False,4.876435984124837
-2177500.0,867500.0,1500,4.817340569823026,False,False,5.062808565128481
-2172500.0,867500.0,1500,3.9793953128633723,False,False,5.14672189271487
-2167500.0,867500.0,1500,3.5646098943346307,False,False,5.328345097587828
-2162500.0,867500.0,1500,2.596866159644152,False,False,5.852663280335549
-2157500.0,867500.0,1500,0.8739995893670784,False,False,6.776009101391517
-2152500.0,867500.0,1500,1.8447455313985752,False,False,7.244897639661866
-2147500.0,867500.0,1500,4.129496969645174,False,False,6.846827431150335
-2142500.0,867500.0,1500,5.026425076209743,False,False,6.919727544210176
-2137500.0,867500.0,1500,4.269795992496339,False,False,7.38803014627608
-2132500.0,867500.0,1500,1.506708969860428,False,False,7.435068346030018
-2127500.0,867500.0,1500,-4.760122536113399,False,False,6.95354711245398
-2122500.0,867500.0,1500,-12.100969937629761,False,False,6.646135774001146
-2117500.0,867500.0,1500,-15.425007771403719,False,False,7.006817943936229
-2112500.0,867500.0,1500,-15.467730412082972,False,False,7.301691878468501
-2107500.0,867500.0,1500,-17.95998842505692,False,True,6.755228423098759
-2102500.0,867500.0,1500,-24.610513545098335,False,True,5.5627855375985105
-2097500.0,867500.0,1500,-25.34244662645473,False,True,4.2008507144508505
-2092500.0,867500.0,1500,-20.318876730312066,False,True,4.321049991836358
-2087500.0,867500.0,1500,-17.76603912617964,True,True,4.595208014339394
-2082500.0,867500.0,1500,-18.441252879416556,True,True,4.309441391580922
-2077500.0,867500.0,1500,-4.223691297985809,False,True,3.899449145934603
-2072500.0,867500.0,1500,36.746677967067775,False,True,3.729086156065241
-2067500.0,867500.0,1500,59.3191829840023,False,True,3.57157555496132
-2062500.0,867500.0,1500,43.87638832412291,False,True,3.134570370879136
-2057500.0,867500.0,1500,24.0991524317674,False,False,3.1072842689504734
-2052500.0,867500.0,1500,23.92821988471743,False,False,3.090129493471406
-2047500.0,867500.0,1500,27.572420535312602,False,False,3.1129748537631423
-2042500.0,867500.0,1500,18.71362164052553,False,False,3.058187030341404
-2037500.0,867500.0,1500,26.292852142514715,False,False,3.216200414376788
-2032500.0,867500.0,1500,48.32195747674873,False,False,3.162044341430547
-2027500.0,867500.0,1500,63.269697374571635,False,False,3.1133810378789892
-2022500.0,867500.0,1500,56.42019241255458,False,False,3.0733081793912795
-2017500.0,867500.0,1500,53.41922280814268,False,False,3.029999327753197
-2012500.0,867500.0,1500,88.75197826697278,False,False,2.898667453314266
-1982500.0,867500.0,1500,71.52782613566741,False,False,3.026697061585973
-1972500.0,867500.0,1500,120.76241233123991,False,False,2.9136450597541375
-1957500.0,867500.0,1500,67.20421625615909,False,False,2.887751581575195
-1952500.0,867500.0,1500,47.06414492374194,False,False,3.08136786405562
-1947500.0,867500.0,1500,70.604885447265,False,False,3.0689099040329157
-1942500.0,867500.0,1500,65.51271848689035,False,False,2.8231260407846754
-1937500.0,867500.0,1500,40.46176184519364,False,False,2.9959569495297824
-1932500.0,867500.0,1500,69.91575913877068,False,False,3.3982001716581793
-1902500.0,867500.0,1500,41.283441229408176,False,False,3.31523652678123
-1897500.0,867500.0,1500,4.123286374397085,False,False,3.0378943877491036
-1892500.0,867500.0,1500,-13.39903501517227,False,False,3.1451315966604554
-1887500.0,867500.0,1500,6.1174253191643215,False,False,3.359510761103848
-1737500.0,867500.0,1500,44.14781233133601,False,False,3.5411081406838303
-1732500.0,867500.0,1500,43.86226915419466,False,False,3.468470298070156
-1707500.0,867500.0,1500,70.92378585815783,False,False,3.252595039776624
-1702500.0,867500.0,1500,57.807601296564506,False,False,3.397428648825521
-1697500.0,867500.0,1500,37.824964239992134,False,False,4.104979994702427
-1692500.0,867500.0,1500,35.40115837340268,False,False,5.360487932457972
-1687500.0,867500.0,1500,54.01256314214168,False,False,5.775886141313322
-1677500.0,867500.0,1500,66.1057723081049,False,False,5.26960296182676
-1672500.0,867500.0,1500,50.37197604274007,False,False,5.002375833625477
-1667500.0,867500.0,1500,39.59986776189673,False,False,4.838160532937952
-1662500.0,867500.0,1500,48.41672561142811,False,False,4.8357356409363375
-1657500.0,867500.0,1500,63.00549027976678,False,False,5.072889729654287
-1652500.0,867500.0,1500,64.04912647860247,False,False,5.489201027473241
-2197500.0,872500.0,1500,10.861292550115204,False,False,5.101333428832221
-2192500.0,872500.0,1500,13.936200904869532,False,False,5.220197857948397
-2187500.0,872500.0,1500,18.4891661483361,False,False,5.153048128768258
-2182500.0,872500.0,1500,17.899242818598278,False,False,5.28151414400125
-2177500.0,872500.0,1500,12.674222466791669,False,False,5.706869022091398
-2172500.0,872500.0,1500,6.968670531176617,False,False,6.287270598632752
-2167500.0,872500.0,1500,3.5253172793646264,False,False,7.093944587004733
-2162500.0,872500.0,1500,1.0100278611402436,False,False,7.506365018843891
-2157500.0,872500.0,1500,-1.9453746288320777,False,False,7.393115378238264
-2152500.0,872500.0,1500,-1.258591924633154,False,False,6.918521758227344
-2147500.0,872500.0,1500,1.191348706125142,False,False,6.785235046778772
-2142500.0,872500.0,1500,3.2654123116774274,False,False,7.215082287096762
-2137500.0,872500.0,1500,3.231695629673918,False,False,7.447610096769229
-2132500.0,872500.0,1500,1.1771277916551959,False,False,7.1552873975672675
-2127500.0,872500.0,1500,-3.1740730601167493,False,False,6.789365236232628
-2122500.0,872500.0,1500,-10.607671705975838,False,False,7.138975594845089
-2117500.0,872500.0,1500,-14.372481437030915,False,False,7.650782672923965
-2112500.0,872500.0,1500,-14.212568412708949,False,True,7.539445972376121
-2107500.0,872500.0,1500,-16.7418761331271,False,True,6.399864593312523
-2102500.0,872500.0,1500,-21.93683947687965,False,True,4.925930688813172
-2097500.0,872500.0,1500,-24.348200019646477,False,True,4.364245739658585
-2092500.0,872500.0,1500,-16.213000119760604,False,True,4.674096939491899
-2087500.0,872500.0,1500,-7.606912753651314,True,True,4.718299703857519
-2082500.0,872500.0,1500,-7.033181084175292,True,True,4.851128070224505
-2077500.0,872500.0,1500,5.165429807512193,False,True,4.56361718504365
-2072500.0,872500.0,1500,46.2561215712895,False,True,3.979752658586206
-2067500.0,872500.0,1500,64.26754500648923,False,True,3.553703837512469
-2062500.0,872500.0,1500,37.555837059715024,False,True,3.1787492070773467
-2057500.0,872500.0,1500,20.32450470541289,False,False,3.1800927361791076
-2052500.0,872500.0,1500,28.353144509835776,False,False,3.2465311588691836
-2047500.0,872500.0,1500,39.40195603845565,False,False,3.1263871752858727
-2042500.0,872500.0,1500,27.74336581648818,False,False,2.987865332398494
-2037500.0,872500.0,1500,28.18384761298515,False,False,3.2256417156984507
-2032500.0,872500.0,1500,44.22903207864745,False,False,3.2051147103819044
-2027500.0,872500.0,1500,79.68408687093216,False,False,3.110133232033919
-2022500.0,872500.0,1500,101.23282265897508,False,False,2.988094333758984
-2017500.0,872500.0,1500,73.21475465518863,False,False,2.9538751028141084
-1957500.0,872500.0,1500,89.87697460326201,False,False,2.9092323554974615
-1952500.0,872500.0,1500,60.126262086924115,False,False,3.3516864373188873
-1937500.0,872500.0,1500,54.89899866019939,False,False,3.243355935633171
-1932500.0,872500.0,1500,67.9776009715119,False,False,3.74879578946744
-1742500.0,872500.0,1500,58.459870207350484,False,False,3.473584399949541
-1737500.0,872500.0,1500,43.95205944352245,False,False,3.6262099863712693
-1732500.0,872500.0,1500,54.327776202702296,False,False,3.531748107958818
-1727500.0,872500.0,1500,74.02449102144898,False,False,3.5134458267646598
-1702500.0,872500.0,1500,53.52994253471075,False,False,3.4864619316113115
-1697500.0,872500.0,1500,30.918837527962314,False,False,3.798723131496941
-1692500.0,872500.0,1500,22.11783129432776,False,False,4.755312098711116
-1687500.0,872500.0,1500,47.042055307491836,False,False,5.173403338149296
-1682500.0,872500.0,1500,64.83162266328424,False,False,4.836458478853834
-1677500.0,872500.0,1500,66.060797529456,False,False,4.621556554783338
-1672500.0,872500.0,1500,67.91151372023349,False,False,4.6485687117619365
-1667500.0,872500.0,1500,56.361910943059115,False,False,4.930422078793395
-1662500.0,872500.0,1500,42.072449137159744,False,False,5.3403536844355095
-1657500.0,872500.0,1500,47.04902495582741,False,False,5.685087494106852
-1652500.0,872500.0,1500,48.83292475494322,False,False,5.906011313209582
-2197500.0,877500.0,1500,7.7167695654677155,False,False,5.648206812021035
-2192500.0,877500.0,1500,10.868566496459756,False,False,6.558495491287558
-2187500.0,877500.0,1500,14.313927747205579,False,False,6.861288601476982
-2182500.0,877500.0,1500,15.633231927226833,False,False,6.72802523412436
-2177500.0,877500.0,1500,14.482304985569126,False,False,6.597070931190453
-2172500.0,877500.0,1500,11.72189167807428,False,False,6.906335220430796
-2167500.0,877500.0,1500,5.5641807905747624,False,False,7.417909093185713
-2162500.0,877500.0,1500,-1.4154691058128064,False,False,7.484591714656283
-2157500.0,877500.0,1500,-6.0786310904460015,False,False,7.02551094953506
-2152500.0,877500.0,1500,-7.014328721220432,False,False,6.773194798698039
-2147500.0,877500.0,1500,-4.699477568167713,False,False,7.3719236656434886
-2142500.0,877500.0,1500,-0.8281794623239196,False,False,7.90628602451614
-2137500.0,877500.0,1500,1.501140370276378,False,False,7.686950393548425
-2132500.0,877500.0,1500,-0.7442032116962626,False,False,7.06208797030625
-2127500.0,877500.0,1500,-5.335773004362229,False,False,7.219009358539983
-2122500.0,877500.0,1500,-11.85303624218326,False,False,8.153133567897063
-2117500.0,877500.0,1500,-13.304520915060028,False,False,8.418014914020475
-2112500.0,877500.0,1500,-10.084277609836764,False,True,7.699671769098337
-2107500.0,877500.0,1500,-10.638776396534837,False,True,6.685582685178616
-2102500.0,877500.0,1500,-14.8269944755401,False,True,5.507781728620147
-2097500.0,877500.0,1500,-10.766193644809938,False,True,5.165830760757112
-2092500.0,877500.0,1500,19.346138275676566,False,True,5.142506120190399
-2087500.0,877500.0,1500,27.52306694006321,False,True,4.739437999709464
-2082500.0,877500.0,1500,7.560507456445141,False,True,4.676877584826058
-2077500.0,877500.0,1500,15.202760349341693,False,True,4.331255570651058
-2072500.0,877500.0,1500,35.5390331582934,False,True,3.7660754908213026
-2067500.0,877500.0,1500,33.90925165568996,False,True,3.5661702168099962
-2062500.0,877500.0,1500,18.123665688939766,False,False,3.67901247892671
-2057500.0,877500.0,1500,17.478915327984048,False,False,3.600312612118179
-2052500.0,877500.0,1500,41.0306525941873,False,False,3.538077330384136
-2047500.0,877500.0,1500,58.51312012374152,False,False,3.221478118985045
-2042500.0,877500.0,1500,37.873383287389345,False,False,3.032409941422019
-2037500.0,877500.0,1500,28.932061183234868,False,False,3.3999556931442885
-2032500.0,877500.0,1500,45.47301779830267,False,False,3.35470617807674
-2027500.0,877500.0,1500,80.98894532578883,False,False,3.048239985169458
-2022500.0,877500.0,1500,113.19433209527627,False,False,2.893837938587165
-1772500.0,877500.0,1500,45.12776717817447,False,False,3.5157609375077863
-1767500.0,877500.0,1500,50.40594175560581,False,False,3.6968005482152058
-1762500.0,877500.0,1500,68.41793490984145,False,False,3.5645805551018457
-1757500.0,877500.0,1500,72.84093517874227,False,False,3.6061073874670817
-1752500.0,877500.0,1500,69.66193464544071,False,False,3.473707203240987
-1747500.0,877500.0,1500,66.88612431280518,False,False,3.52923410693774
-1742500.0,877500.0,1500,54.16333968512346,False,False,3.5575609568325053
-1737500.0,877500.0,1500,36.90808734670025,False,False,3.708963165081749
-1732500.0,877500.0,1500,46.49663055488215,False,False,3.7817342806389953
-1727500.0,877500.0,1500,73.067071958725,False,False,3.675263962426611
-1722500.0,877500.0,1500,58.09059544862308,False,False,3.7154881216435767
-1717500.0,877500.0,1500,52.50219669431879,False,False,3.6207150280209417
-1702500.0,877500.0,1500,73.36670422074219,False,False,3.5092113774188283
-1697500.0,877500.0,1500,48.62343980365648,False,False,3.7604782646225385
-1692500.0,877500.0,1500,16.772563754064564,False,False,4.288504808465278
-1687500.0,877500.0,1500,39.29215442004577,False,False,4.727840608835841
-1682500.0,877500.0,1500,63.704467050321284,False,False,4.8033898115791125
-1677500.0,877500.0,1500,57.161073084838016,False,False,5.019659689852993
-1672500.0,877500.0,1500,71.99788485133023,False,False,5.182750985515391
-1667500.0,877500.0,1500,71.33364258930163,False,False,5.353714415541831
-1662500.0,877500.0,1500,55.51551929807333,False,False,5.467559568223101
-1657500.0,877500.0,1500,58.307458464999954,False,False,5.3882719647327555
-1652500.0,877500.0,1500,54.97807242815483,False,False,5.3551041327198865
-2197500.0,882500.0,1500,6.445431500824421,False,False,7.057316124394718
-2192500.0,882500.0,1500,8.994121255495635,False,False,7.451105886911279
-2187500.0,882500.0,1500,9.709581838288846,False,False,7.2483799316251005
-2182500.0,882500.0,1500,8.781676039434645,False,False,6.617427964801459
-2177500.0,882500.0,1500,11.212124174775642,False,False,6.681983392315517
-2172500.0,882500.0,1500,13.881221348192174,False,False,7.538380643920222
-2167500.0,882500.0,1500,7.442279508172795,False,False,7.956597662019617
-2162500.0,882500.0,1500,-3.318245589221773,False,False,7.598407727453763
-2157500.0,882500.0,1500,-8.186282895256374,False,False,6.9927816505043126
-2152500.0,882500.0,1500,-9.374557330232154,False,False,7.424721280970095
-2147500.0,882500.0,1500,-9.252483429174287,False,False,8.47616977963986
-2142500.0,882500.0,1500,-6.764874110149459,False,False,8.565371981978771
-2137500.0,882500.0,1500,-1.269261451789857,False,False,7.6609264504276515
-2132500.0,882500.0,1500,-2.727448419730853,False,False,7.22768997411155
-2127500.0,882500.0,1500,-10.168243567327826,False,False,8.189380630189277
-2122500.0,882500.0,1500,-17.38527141719615,False,False,9.122462200859175
-2117500.0,882500.0,1500,-18.58799285180725,False,True,8.706906553078516
-2112500.0,882500.0,1500,-12.753502516150895,False,True,7.43022755619633
-2107500.0,882500.0,1500,-10.552974337764194,False,True,6.91849214183099
-2102500.0,882500.0,1500,-11.428676714094594,False,True,5.601095555657955
-2097500.0,882500.0,1500,0.1433655856980361,True,True,5.042044461756127
-2092500.0,882500.0,1500,36.48245744382195,False,True,4.900382428563209
-2087500.0,882500.0,1500,38.74436304350131,False,True,4.1883460262577925
-2082500.0,882500.0,1500,1.3802427127800194,False,True,4.212311806870296
-2077500.0,882500.0,1500,0.8172451751464407,False,True,4.1474697776617955
-2072500.0,882500.0,1500,10.51156180698582,False,True,3.964004796258979
-2067500.0,882500.0,1500,13.308579597981245,False,True,3.9430855003214162
-2062500.0,882500.0,1500,17.095015351489295,False,False,4.008549247018364
-2057500.0,882500.0,1500,18.579514839870367,False,False,3.8181078366307455
-2052500.0,882500.0,1500,48.70963781580352,False,False,3.775196052703756
-2047500.0,882500.0,1500,76.09095624402053,False,False,3.2863232295022113
-2042500.0,882500.0,1500,48.6473845488181,False,False,3.102334228343139
-2037500.0,882500.0,1500,22.288471921489226,False,False,3.526616343840846
-2032500.0,882500.0,1500,41.83092887484034,False,False,3.5705809380447864
-2027500.0,882500.0,1500,70.35553984739418,False,False,3.1250997938602447
-2022500.0,882500.0,1500,82.90627990327968,False,False,2.914401470846349
-1782500.0,882500.0,1500,59.39334955950581,False,False,3.0136701196487348
-1777500.0,882500.0,1500,63.641812807105616,False,False,3.021376341407267
-1772500.0,882500.0,1500,57.73212326855502,False,False,3.129634446710036
-1767500.0,882500.0,1500,33.96695725014271,False,False,3.4833725066321364
-1762500.0,882500.0,1500,27.46144149941598,False,False,3.5410994503011306
-1757500.0,882500.0,1500,43.571436662198096,False,False,3.645727268856884
-1752500.0,882500.0,1500,51.290090329829,False,False,3.628896106720602
-1747500.0,882500.0,1500,57.834755329702894,False,False,3.5333492253121537
-1742500.0,882500.0,1500,43.731912689650095,False,False,3.7576061084695507
-1737500.0,882500.0,1500,21.011664796977268,False,False,3.8905224909476597
-1732500.0,882500.0,1500,45.13826124268301,False,False,3.978213883255949
-1727500.0,882500.0,1500,58.58243909211673,False,False,3.8956102574524625
-1722500.0,882500.0,1500,36.448790088668936,False,False,4.016054086651049
-1717500.0,882500.0,1500,54.77973336570059,False,False,3.788141974986751
-1712500.0,882500.0,1500,87.08147670110414,False,False,3.6034124820937405
-1707500.0,882500.0,1500,89.2236278891002,False,False,3.4985756479838988
-1702500.0,882500.0,1500,82.85715302431937,False,False,3.352629906318607
-1697500.0,882500.0,1500,71.19754466285404,False,False,3.698469362798522
-1692500.0,882500.0,1500,40.73193984132861,False,False,4.062373754760257
-1687500.0,882500.0,1500,23.039646066460037,False,False,4.716151820639965
-1682500.0,882500.0,1500,28.644166529670667,False,False,5.388892522171212
-1677500.0,882500.0,1500,28.2272759149953,False,False,5.541203332945511
-1672500.0,882500.0,1500,49.19214062268208,False,False,5.310423617759446
-1667500.0,882500.0,1500,64.95304474924266,False,False,4.885676433486433
-1662500.0,882500.0,1500,58.79957003435187,False,False,4.366279564704853
-1657500.0,882500.0,1500,65.08423152045444,False,False,3.9264158810846013
-1652500.0,882500.0,1500,72.89858401922625,False,False,3.8779399206316096
-2197500.0,887500.0,1500,4.448196235223893,False,False,7.6285563083187995
-2192500.0,887500.0,1500,6.709436123609356,False,False,7.717999003300017
-2187500.0,887500.0,1500,3.8062884262765024,False,False,7.195658208402943
-2182500.0,887500.0,1500,2.6309047956938736,False,False,6.629245020116097
-2177500.0,887500.0,1500,8.932427633065846,False,False,7.0428566329355995
-2172500.0,887500.0,1500,11.347467494182746,False,False,8.090232679141321
-2167500.0,887500.0,1500,4.328235044403192,False,False,8.30123647479522
-2162500.0,887500.0,1500,-4.935678921099059,False,False,7.450803796319025
-2157500.0,887500.0,1500,-7.95630826346021,False,False,7.25652705649644
-2152500.0,887500.0,1500,-7.157925931790316,False,False,8.369412977031136
-2147500.0,887500.0,1500,-7.009995340373565,False,False,9.122660038763515
-2142500.0,887500.0,1500,-5.966074074056725,False,False,8.42381310477344
-2137500.0,887500.0,1500,-3.239658181839669,False,False,7.3251671453645635
-2132500.0,887500.0,1500,-8.239235254268763,False,False,7.637142716878476
-2127500.0,887500.0,1500,-20.326461841637784,False,False,8.815992928516438
-2122500.0,887500.0,1500,-29.094914332978824,False,False,9.086335891280449
-2117500.0,887500.0,1500,-29.979229368568564,False,False,8.01579972635059
-2112500.0,887500.0,1500,-24.25532044589797,False,True,6.939722252969138
-2107500.0,887500.0,1500,-19.419415066031963,False,True,6.966367269754764
-2102500.0,887500.0,1500,-16.53761428939016,False,True,5.432264766054578
-2097500.0,887500.0,1500,-8.626921848294128,False,True,4.871371546675126
-2092500.0,887500.0,1500,3.306932644330904,False,True,4.7119729460065045
-2087500.0,887500.0,1500,-0.3683708947800787,False,True,3.6588113569000456
-2082500.0,887500.0,1500,-17.506224755510527,False,True,3.6576579131827542
-2077500.0,887500.0,1500,-22.50090486993604,False,True,4.310861043838783
-2072500.0,887500.0,1500,-20.06461638331212,False,True,4.370544499710497
-2067500.0,887500.0,1500,5.474115179762403,False,False,4.194698632402863
-2062500.0,887500.0,1500,23.93799390221306,False,False,4.143363745874674
-2057500.0,887500.0,1500,26.626245490901656,False,False,3.8856370758063634
-2052500.0,887500.0,1500,56.28353491851945,False,False,3.858822000296706
-2047500.0,887500.0,1500,86.74034698362438,False,False,3.2906279511508267
-2042500.0,887500.0,1500,63.650449109592635,False,False,3.201320814399267
-2037500.0,887500.0,1500,10.696221774538778,False,False,3.4001572725004205
-2032500.0,887500.0,1500,20.681953131337163,False,False,3.6567519005229165
-2027500.0,887500.0,1500,62.16932600942728,False,False,3.2769853102530218
-1787500.0,887500.0,1500,64.40263733053332,False,False,3.234273915385928
-1782500.0,887500.0,1500,52.50184403753406,False,False,3.2967840961439046
-1777500.0,887500.0,1500,56.040574788631105,False,False,3.1049749688207453
-1772500.0,887500.0,1500,64.42806623612258,False,False,3.137029745722187
-1767500.0,887500.0,1500,40.91759783499573,False,False,3.1739194342679777
-1762500.0,887500.0,1500,13.110622087010695,False,False,3.23147418659002
-1757500.0,887500.0,1500,28.568943710806323,False,False,3.264405032381021
-1752500.0,887500.0,1500,40.70252112621917,False,False,3.385380512951013
-1747500.0,887500.0,1500,38.835849908761006,False,False,3.5382032664796554
-1742500.0,887500.0,1500,20.71984888915495,False,False,4.075355836515532
-1737500.0,887500.0,1500,13.509930819130862,False,False,4.229157302260292
-1732500.0,887500.0,1500,42.45617821717455,False,False,4.219803506847771
-1727500.0,887500.0,1500,27.18947403680471,False,False,4.2668644092662795
-1722500.0,887500.0,1500,29.084842960363954,False,False,4.10846660503006
-1717500.0,887500.0,1500,69.29782669250632,False,False,3.8153345965656706
-1712500.0,887500.0,1500,72.55163697789982,False,False,3.4913520202243147
-1707500.0,887500.0,1500,77.21908373483274,False,False,3.4497617792183553
-1702500.0,887500.0,1500,86.49005915300025,False,False,3.3156395772094798
-1697500.0,887500.0,1500,74.39862466655086,False,False,3.546180716209732
-1692500.0,887500.0,1500,59.75629935914901,False,False,3.8671096794632778
-1687500.0,887500.0,1500,34.11426709704927,False,False,4.235150241552354
-1682500.0,887500.0,1500,-1.103296579657913,False,False,4.620498360193173
-1677500.0,887500.0,1500,-9.56914859353231,False,False,4.478594852948191
-1672500.0,887500.0,1500,21.405385471762052,False,False,4.512782721161207
-1667500.0,887500.0,1500,41.49493868341439,False,False,4.456036037618491
-1662500.0,887500.0,1500,43.736847087103115,False,False,4.000598865963546
-1657500.0,887500.0,1500,57.38722632560227,False,False,3.801919926934577
-1652500.0,887500.0,1500,72.79691779609959,False,False,4.040116662613521
-2197500.0,892500.0,1500,1.3788427256136693,False,False,8.51650690023207
-2192500.0,892500.0,1500,0.30822080015885867,False,False,7.974506387350612
-2187500.0,892500.0,1500,-4.645133482622738,False,False,7.036374096633266
-2182500.0,892500.0,1500,-1.9916401805482218,False,False,6.924703627016622
-2177500.0,892500.0,1500,4.124739252883436,False,False,7.336381335559496
-2172500.0,892500.0,1500,2.1359707531307275,False,False,7.854011484523797
-2167500.0,892500.0,1500,-1.927147149745946,False,False,7.707223590608679
-2162500.0,892500.0,1500,-4.063704043024916,False,False,7.064509020964081
-2157500.0,892500.0,1500,-5.191089120280213,False,False,7.641120954792544
-2152500.0,892500.0,1500,-3.065377040242391,False,False,8.564637134100021
-2147500.0,892500.0,1500,8.665176627388066,False,False,8.284704876465728
-2142500.0,892500.0,1500,15.112375785449215,False,False,7.107324220204931
-2137500.0,892500.0,1500,6.276485091855031,False,False,6.762851329859306
-2132500.0,892500.0,1500,-7.459464421706031,False,False,7.691917914393335
-2127500.0,892500.0,1500,-20.812988923859493,False,False,8.407304729663785
-2122500.0,892500.0,1500,-29.379454617171533,False,False,8.030478490386043
-2117500.0,892500.0,1500,-31.022929466099498,False,False,6.949267751404497
-2112500.0,892500.0,1500,-27.910335798112115,False,True,6.421359369241837
-2107500.0,892500.0,1500,-25.572295954562993,False,True,6.490708881980581
-2102500.0,892500.0,1500,-21.810427726628436,False,True,5.501491934632332
-2097500.0,892500.0,1500,-18.003668106037956,False,True,4.729673989180309
-2092500.0,892500.0,1500,-23.190297871485836,False,True,4.097696252151227
-2087500.0,892500.0,1500,-22.452911938237655,False,True,3.979804584887039
-2082500.0,892500.0,1500,-4.989406208309688,False,True,3.9500326207187753
-2077500.0,892500.0,1500,-5.2923731874041575,False,False,4.385643512673511
-2072500.0,892500.0,1500,-14.01885083289086,False,False,4.388137786512052
-2067500.0,892500.0,1500,2.5252012978835925,False,False,4.216113852238381
-2062500.0,892500.0,1500,13.644090854463107,False,False,4.1840127693516145
-2057500.0,892500.0,1500,19.73034473437065,False,False,3.984801648002573
-2052500.0,892500.0,1500,51.49921398721741,False,False,3.943122163983615
-2047500.0,892500.0,1500,95.56697609201684,False,False,3.439107762236983
-2042500.0,892500.0,1500,102.50378828074933,False,False,3.4411853959158867
-2037500.0,892500.0,1500,62.63193434278397,False,False,3.3118994065380702
-2032500.0,892500.0,1500,53.71528422348577,False,False,3.6848902869684115
-1787500.0,892500.0,1500,74.30394430319146,False,False,3.650637132626407
-1782500.0,892500.0,1500,60.037669838389235,False,False,3.8226322034237623
-1777500.0,892500.0,1500,43.327996327807824,False,False,3.661874908903029
-1772500.0,892500.0,1500,50.18792045885899,False,False,3.641594315241379
-1767500.0,892500.0,1500,57.171960276130726,False,False,3.4948335468265035
-1762500.0,892500.0,1500,35.9560524042108,False,False,3.5326125477071377
-1757500.0,892500.0,1500,32.99732921458195,False,False,3.4537647114012886
-1752500.0,892500.0,1500,46.69712930265254,False,False,3.3848916592485647
-1747500.0,892500.0,1500,28.338491796328082,False,False,3.8672317117392088
-1742500.0,892500.0,1500,8.27030595587746,False,False,4.49866249614372
-1737500.0,892500.0,1500,17.125333321273025,False,False,4.659548799721951
-1732500.0,892500.0,1500,10.175528313372004,False,False,4.542344897651005
-1727500.0,892500.0,1500,1.1391128672241988,False,False,4.495158829171016
-1722500.0,892500.0,1500,34.319810834533854,False,False,4.081380914308036
-1717500.0,892500.0,1500,49.479037134490994,False,False,3.7675862100046977
-1712500.0,892500.0,1500,47.04674581256252,False,False,3.457469828620906
-1707500.0,892500.0,1500,71.10352691772957,False,False,3.243467658191513
-1702500.0,892500.0,1500,85.91335967084699,False,False,3.1748315489188466
-1697500.0,892500.0,1500,78.08964532601524,False,False,3.1882216319818264
-1692500.0,892500.0,1500,70.7185981314503,False,False,3.472598962282531
-1687500.0,892500.0,1500,56.932208845535605,False,False,3.701364493163614
-1682500.0,892500.0,1500,21.526652383634794,False,False,4.065296960617227
-1677500.0,892500.0,1500,-4.231716761313541,False,False,4.375252337707739
-1672500.0,892500.0,1500,12.164450678028881,False,False,4.754440294381212
-1667500.0,892500.0,1500,25.089416393468397,False,False,5.06943989857171
-1662500.0,892500.0,1500,38.91251419092428,False,False,4.995240739311687
-1657500.0,892500.0,1500,54.060098168501135,False,False,5.201450186210552
-1652500.0,892500.0,1500,58.7283472126598,False,False,5.602661045904625
-2197500.0,897500.0,1500,-1.367524254241315,False,False,8.729839627616427
-2192500.0,897500.0,1500,-6.290482087409909,False,False,7.614139098789525
-2187500.0,897500.0,1500,-9.112502188998779,False,False,6.980173024945227
-2182500.0,897500.0,1500,-5.2500572293967025,False,False,7.473659407362481
-2177500.0,897500.0,1500,-1.031973030639475,False,False,7.516170337661112
-2172500.0,897500.0,1500,-3.412907825734326,False,False,7.2197415466275965
-2167500.0,897500.0,1500,-5.387921630621629,False,False,6.905474662015383
-2162500.0,897500.0,1500,-3.3430169308579725,False,False,6.976031891931175
-2157500.0,897500.0,1500,-3.740001551941635,False,False,7.7121951443490815
-2152500.0,897500.0,1500,-2.443488562332539,False,False,7.932990455624526
-2147500.0,897500.0,1500,14.192183313823993,False,False,7.0189122283583325
-2142500.0,897500.0,1500,25.283149530624723,False,False,6.050664394453654
-2137500.0,897500.0,1500,21.611623328975988,False,False,6.2798711784294
-2132500.0,897500.0,1500,7.020657233154162,False,False,7.11052166742787
-2127500.0,897500.0,1500,-11.22280215250595,False,False,7.460935129863352
-2122500.0,897500.0,1500,-19.459788619727814,False,False,6.865655763859326
-2117500.0,897500.0,1500,-22.474084933546845,False,True,6.267189927577217
-2112500.0,897500.0,1500,-20.920764909678127,False,True,6.166756902051752
-2107500.0,897500.0,1500,-14.213635267354885,False,True,5.728233401254181
-2102500.0,897500.0,1500,-4.613277575801246,False,True,4.810411818711884
-2097500.0,897500.0,1500,-9.103253479999557,True,True,4.188543048674579
-2092500.0,897500.0,1500,-23.704472157597415,False,True,4.020588469672009
-2087500.0,897500.0,1500,-10.457080819617955,False,True,4.763438024357471
-2082500.0,897500.0,1500,26.6513071170336,False,True,4.512575258892109
-2077500.0,897500.0,1500,20.885146782737277,False,True,4.35313389647473
-2072500.0,897500.0,1500,-8.526514159300907,False,False,4.282407029037145
-2067500.0,897500.0,1500,-9.63566824634427,False,False,4.200273385461234
-2062500.0,897500.0,1500,-0.5226572334724103,False,False,4.13198210933738
-2057500.0,897500.0,1500,3.0207601126493966,False,False,4.0346164379941225
-2052500.0,897500.0,1500,27.360215751690728,False,False,4.013138546454093
-2047500.0,897500.0,1500,91.47240826544967,False,False,3.6484009128419213
-2042500.0,897500.0,1500,132.65359756562276,False,False,3.655579941919412
-1797500.0,897500.0,1500,19.426522449692275,False,False,3.587021176394471
-1792500.0,897500.0,1500,39.05750368977678,False,False,3.7419147535383055
-1787500.0,897500.0,1500,55.82802422500696,False,False,3.7447224409194946
-1782500.0,897500.0,1500,41.22150632636183,False,False,3.8154607388569874
-1777500.0,897500.0,1500,10.02931835967624,False,False,3.881780744653394
-1772500.0,897500.0,1500,11.181327578903897,False,False,4.072915888640445
-1767500.0,897500.0,1500,29.83872765403699,False,False,4.186760327024388
-1762500.0,897500.0,1500,30.600541744815963,False,False,4.205433911220989
-1757500.0,897500.0,1500,18.1904094672575,False,False,4.19428877340964
-1752500.0,897500.0,1500,17.452483301164925,False,False,4.011552924824483
-1747500.0,897500.0,1500,9.774535844486001,False,False,4.4355056944816855
-1742500.0,897500.0,1500,-2.4105848725719774,False,False,4.744959701950509
-1737500.0,897500.0,1500,-7.370237853464725,False,False,4.772962940174546
-1732500.0,897500.0,1500,-14.060412154498023,False,False,4.425698926723307
-1727500.0,897500.0,1500,18.63025628543097,False,False,3.8481616389826896
-1722500.0,897500.0,1500,47.523136917401594,False,False,3.5582439264332573
-1717500.0,897500.0,1500,38.17272977930613,False,False,3.360180072042577
-1712500.0,897500.0,1500,37.85070508421186,False,False,3.2792778131326514
-1707500.0,897500.0,1500,50.80042701259328,False,False,3.2544561359265205
-1702500.0,897500.0,1500,65.49480296252094,False,False,3.403256177098333
-1697500.0,897500.0,1500,68.19522315749246,False,False,3.4252123171344637
-1692500.0,897500.0,1500,61.30543621106788,False,False,3.668990737055454
-1687500.0,897500.0,1500,48.14322790106125,False,False,3.96027537946404
-1682500.0,897500.0,1500,33.037458624272006,False,False,4.573226881009924
-1677500.0,897500.0,1500,21.536050822076252,False,False,5.476730399458177
-1672500.0,897500.0,1500,14.903364728857001,False,False,5.91964785736011
-1667500.0,897500.0,1500,19.363888192191336,False,False,6.100659554485438
-1662500.0,897500.0,1500,51.52336437920804,False,False,5.971597749569036
-1657500.0,897500.0,1500,62.57241165352331,False,False,6.19290951607799
-1652500.0,897500.0,1500,47.766064836002556,False,False,6.525938288296717
