x,y,height,faa,inv_msk,inv_pad,stdev
-2447500.0,952500.0,1500,19.565271401921812,False,False,8.08587252611095
-2442500.0,952500.0,1500,17.179202845106687,False,False,8.141270861245044
-2437500.0,952500.0,1500,18.440992579136058,False,False,8.232866584675362
-2432500.0,952500.0,1500,19.80531932106577,False,False,8.26220579499843
-2427500.0,952500.0,1500,19.321355073791114,False,False,8.241630147131053
-2422500.0,952500.0,1500,19.2675565395959,False,False,8.229643476330638
-2417500.0,952500.0,1500,19.794242489507397,False,False,8.153137755760161
-2412500.0,952500.0,1500,22.965096526565848,False,False,7.6262149660580105
-2407500.0,952500.0,1500,25.850892681709976,False,False,7.088473755492798
-2402500.0,952500.0,1500,24.32587516659914,False,False,7.501355667049936
-2397500.0,952500.0,1500,24.61221802781407,False,False,8.076274239293001
-2392500.0,952500.0,1500,32.20942903823587,False,False,7.5767460080422255
-2387500.0,952500.0,1500,37.24735474148095,False,False,6.886550198712898
-2382500.0,952500.0,1500,36.529388206196195,False,False,7.393182530786607
-2377500.0,952500.0,1500,41.91057561379889,False,False,7.862691850373446
-2372500.0,952500.0,1500,49.01509701877802,False,False,7.351135782971265
-2367500.0,952500.0,1500,46.138745586465866,False,False,6.5493700831188875
-2362500.0,952500.0,1500,28.318955871164686,False,False,6.502193785765039
-2357500.0,952500.0,1500,7.698860026821397,False,False,7.537960900668866
-2352500.0,952500.0,1500,-0.6505793078670572,False,False,8.258925739338768
-2347500.0,952500.0,1500,3.5714052202992903,False,False,8.074204609508898
-2342500.0,952500.0,1500,5.986075410430204,False,False,7.123489968225807
-2337500.0,952500.0,1500,14.946362501882774,False,False,6.519394282944435
-2332500.0,952500.0,1500,34.165864971923334,False,False,7.054555099223916
-2327500.0,952500.0,1500,35.29290865935369,False,False,7.663975990183911
-2322500.0,952500.0,1500,23.733615015931218,False,False,7.484638900337789
-2317500.0,952500.0,1500,19.66099153272832,False,False,6.841066368905754
-2312500.0,952500.0,1500,15.37631963232298,False,False,6.513142515626562
-2307500.0,952500.0,1500,8.100877829509939,False,False,6.987180568734692
-2302500.0,952500.0,1500,21.686252990482078,False,False,6.953309702492661
-2297500.0,952500.0,1500,43.809119632468615,False,False,5.9977656600704075
-2292500.0,952500.0,1500,51.89400207299725,False,False,5.695721660360817
-2287500.0,952500.0,1500,67.16020251372491,False,False,6.299014150396832
-2282500.0,952500.0,1500,45.0611124083639,False,False,7.153424375148869
-2277500.0,952500.0,1500,9.466328736525355,False,False,7.111445619720298
-2272500.0,952500.0,1500,26.215403856007036,False,False,6.972809915843507
-2267500.0,952500.0,1500,30.77005603904722,False,False,7.606247929778495
-2262500.0,952500.0,1500,11.088158764253532,False,False,7.780100457522151
-2257500.0,952500.0,1500,1.7559516224982534,False,False,7.5701295908741475
-2252500.0,952500.0,1500,9.102117060450466,False,False,7.260381943330062
-2247500.0,952500.0,1500,10.203299220537518,False,False,6.674748510599236
-2242500.0,952500.0,1500,12.158729680002113,False,False,6.415570605606669
-2237500.0,952500.0,1500,20.748917246958705,False,False,6.432284055423352
-2232500.0,952500.0,1500,40.58312295226066,False,False,5.869098963711536
-2227500.0,952500.0,1500,62.9308405212155,False,False,4.979943822937726
-2222500.0,952500.0,1500,69.55958369880075,False,False,4.384648314960698
-2217500.0,952500.0,1500,71.73994435239356,False,False,4.375359754570052
-2212500.0,952500.0,1500,58.593258592262714,False,False,4.765515781199195
-2207500.0,952500.0,1500,71.91440808116651,False,False,4.745280053690073
-2202500.0,952500.0,1500,79.32357584241706,False,False,4.624662650692113
-2197500.0,952500.0,1500,47.209664901523816,False,False,4.887090670090542
-2192500.0,952500.0,1500,58.21016718348959,False,False,4.93953452410485
-2187500.0,952500.0,1500,80.3193506164098,False,False,4.8896443876202556
-2182500.0,952500.0,1500,100.24964616102604,False,False,4.743675663976635
-2177500.0,952500.0,1500,145.9807923445656,False,False,4.116810678633248
-2172500.0,952500.0,1500,156.5147585471522,False,False,3.805155530325282
-2157500.0,952500.0,1500,97.80838399809276,False,False,4.205017281683544
-2152500.0,952500.0,1500,39.126897892905816,False,False,4.593868031115021
-2147500.0,952500.0,1500,31.27034395763511,False,False,5.165867996891292
-2142500.0,952500.0,1500,61.73964623913183,False,False,5.688892848633778
-2137500.0,952500.0,1500,80.67201280335082,False,False,5.631757590489002
-2132500.0,952500.0,1500,116.7445612912091,False,False,4.814458786880648
-2127500.0,952500.0,1500,121.37012119762507,False,False,4.223327443826971
-2122500.0,952500.0,1500,120.91347913462468,False,False,4.578745422466527
-1937500.0,952500.0,1500,26.146995278107195,False,False,3.249602381794321
-1932500.0,952500.0,1500,11.753254535888273,False,False,3.445354399293892
-1927500.0,952500.0,1500,11.488368318168492,False,False,3.4652585037296832
-1922500.0,952500.0,1500,3.4668451771757667,False,False,3.462447010720258
-2447500.0,957500.0,1500,18.75181272666357,False,False,8.234145882604835
-2442500.0,957500.0,1500,18.447041770279853,False,False,8.258070600115804
-2437500.0,957500.0,1500,21.029129445495954,False,False,8.229147527729001
-2432500.0,957500.0,1500,23.481989716647654,False,False,8.125529850504996
-2427500.0,957500.0,1500,22.638253461544785,False,False,8.049762615226365
-2422500.0,957500.0,1500,20.61154647431291,False,False,8.019770013953167
-2417500.0,957500.0,1500,18.64520274276762,False,False,7.75438250748733
-2412500.0,957500.0,1500,20.15379814907043,False,False,7.138711357723823
-2407500.0,957500.0,1500,22.25285010105829,False,False,7.165520282615013
-2402500.0,957500.0,1500,22.068949425470507,False,False,7.859135301175279
-2397500.0,957500.0,1500,25.718655106286725,False,False,7.843113094451061
-2392500.0,957500.0,1500,32.339209108925644,False,False,6.998408771722923
-2387500.0,957500.0,1500,35.92569629927122,False,False,7.002516102228305
-2382500.0,957500.0,1500,34.82831204414852,False,False,7.875137885427906
-2377500.0,957500.0,1500,39.58615092753833,False,False,7.7195292293577396
-2372500.0,957500.0,1500,43.46537571619994,False,False,6.779802971087874
-2367500.0,957500.0,1500,29.23584251054811,False,False,6.468360808155292
-2362500.0,957500.0,1500,11.021866955304978,False,False,7.265950091985049
-2357500.0,957500.0,1500,2.871830433948056,False,False,8.122072203403185
-2352500.0,957500.0,1500,-0.6784851493616975,False,False,8.14679435543739
-2347500.0,957500.0,1500,-0.7595639727470026,False,False,7.420736414087166
-2342500.0,957500.0,1500,-6.915368199675501,False,False,6.761461463008549
-2337500.0,957500.0,1500,-5.75409957429164,False,False,7.33986386146953
-2332500.0,957500.0,1500,16.488585936303686,False,False,7.929399344700258
-2327500.0,957500.0,1500,28.18905696056154,False,False,7.760443376408484
-2322500.0,957500.0,1500,25.56725375522526,False,False,7.321097073846243
-2317500.0,957500.0,1500,22.873647259797785,False,False,6.96610359221459
-2312500.0,957500.0,1500,21.630278372095784,False,False,6.711720150629545
-2307500.0,957500.0,1500,21.013183910196997,False,False,6.579964599493891
-2302500.0,957500.0,1500,35.517277435352995,False,False,6.352662259380283
-2297500.0,957500.0,1500,51.19375018310554,False,False,5.736436223420229
-2292500.0,957500.0,1500,59.89267381275801,False,False,5.960749137567847
-2287500.0,957500.0,1500,72.11177114204577,False,False,6.801955481205949
-2282500.0,957500.0,1500,49.256011242128665,False,False,7.051338175164547
-2277500.0,957500.0,1500,23.287405212420076,False,False,6.6552216404366735
-2272500.0,957500.0,1500,19.64504916176267,False,False,7.053305839054801
-2267500.0,957500.0,1500,3.6807457972523805,False,False,7.671434560713465
-2262500.0,957500.0,1500,2.856626075165468,False,False,7.301164802164189
-2257500.0,957500.0,1500,12.142227047097606,False,False,6.913052888642403
-2252500.0,957500.0,1500,27.917520039603577,False,False,6.237268734967363
-2247500.0,957500.0,1500,25.842794046915287,False,False,5.9542419362266505
-2242500.0,957500.0,1500,27.71759144025705,False,False,6.058848149382852
-2237500.0,957500.0,1500,33.20257299932897,False,False,6.0361021354563995
-2232500.0,957500.0,1500,24.240773579446365,False,False,5.824642738415482
-2227500.0,957500.0,1500,40.38200115477701,False,False,4.8676979933320785
-2222500.0,957500.0,1500,80.91639557496208,False,False,3.9405347305892997
-2212500.0,957500.0,1500,118.0429609238324,False,False,4.138437258207322
-2207500.0,957500.0,1500,124.973181023857,False,False,4.147051015915669
-2202500.0,957500.0,1500,125.28425922420689,False,False,4.107956437415949
-2197500.0,957500.0,1500,92.92980748195272,False,False,4.574445764955103
-2192500.0,957500.0,1500,91.43253279567598,False,False,4.591156426034234
-2187500.0,957500.0,1500,103.86807069584108,False,False,4.1208978519019706
-2182500.0,957500.0,1500,108.34144128462441,False,False,4.026907836707865
-2177500.0,957500.0,1500,108.49745245711075,False,False,4.063947436364764
-2172500.0,957500.0,1500,92.14547261609952,False,False,4.216778742547321
-2167500.0,957500.0,1500,84.55017302842039,False,False,4.440606222092987
-2162500.0,957500.0,1500,80.29080325503101,False,False,4.473717937819043
-2157500.0,957500.0,1500,59.80371559771869,False,False,4.462562660607222
-2152500.0,957500.0,1500,26.25178706791254,False,False,4.855823247879103
-2147500.0,957500.0,1500,2.0627117030663893,False,False,5.6556467450324845
-2142500.0,957500.0,1500,20.51436198299653,False,False,6.016728469740296
-2137500.0,957500.0,1500,65.64692395842367,False,False,5.577072992046501
-2132500.0,957500.0,1500,98.29431240185238,False,False,4.758581427839079
-2127500.0,957500.0,1500,89.19866530518956,False,False,4.621698985301923
-2122500.0,957500.0,1500,65.58040002350795,False,False,5.036231517254295
-2117500.0,957500.0,1500,63.271954691992924,False,False,5.139592504977822
-2112500.0,957500.0,1500,58.3029701252407,False,False,5.10082309531594
-2107500.0,957500.0,1500,72.61543988659885,False,False,4.982296920627544
-2102500.0,957500.0,1500,79.33800037821877,False,False,4.764591590344123
-2097500.0,957500.0,1500,62.523895212475935,False,False,4.547099434899297
-2092500.0,957500.0,1500,65.6640161573257,False,False,4.181474848454936
-2087500.0,957500.0,1500,73.2097787420443,False,False,3.4160827155715845
-1942500.0,957500.0,1500,45.529738965704674,False,False,3.3460838502889048
-1932500.0,957500.0,1500,43.18736786470232,False,False,3.693666647918696
-1927500.0,957500.0,1500,26.653571782736208,False,False,3.7495342581434414
-1922500.0,957500.0,1500,15.199950763656881,False,False,3.519153537321025
-2447500.0,962500.0,1500,16.92423029154184,False,False,8.118692253064207
-2442500.0,962500.0,1500,19.57623045514951,False,False,8.225570839536609
-2437500.0,962500.0,1500,23.557913234129277,False,False,8.21401745630628
-2432500.0,962500.0,1500,25.994288421140702,False,False,8.064708080891359
-2427500.0,962500.0,1500,25.26665353900045,False,False,7.935947095580768
-2422500.0,962500.0,1500,20.958052329461736,False,False,7.761363796737056
-2417500.0,962500.0,1500,17.470687918449922,False,False,7.1735418358108145
-2412500.0,962500.0,1500,16.344728610219892,False,False,6.724603978880646
-2407500.0,962500.0,1500,17.353546738391483,False,False,7.390857210252587
-2402500.0,962500.0,1500,20.410708161650078,False,False,8.009692256760177
-2397500.0,962500.0,1500,23.956118096386387,False,False,7.355433474241605
-2392500.0,962500.0,1500,29.912682504272276,False,False,6.874769794566861
-2387500.0,962500.0,1500,32.85890840701594,False,False,7.65742109888993
-2382500.0,962500.0,1500,32.97251006462602,False,False,8.202782912574147
-2377500.0,962500.0,1500,41.19873886075821,False,False,7.453276532374549
-2372500.0,962500.0,1500,40.06349791562361,False,False,6.483979980596544
-2367500.0,962500.0,1500,20.332284968341053,False,False,6.9083127498103565
-2362500.0,962500.0,1500,5.459054296649032,False,False,8.117924295957264
-2357500.0,962500.0,1500,2.0556005977380156,False,False,8.54237608629213
-2352500.0,962500.0,1500,-1.6705141885671313,False,False,8.036315882229841
-2347500.0,962500.0,1500,-6.77412086297314,False,False,7.1326565496578365
-2342500.0,962500.0,1500,-14.570041415526738,False,False,7.2567115399112625
-2337500.0,962500.0,1500,-5.771716044452175,False,False,8.317519208974225
-2332500.0,962500.0,1500,24.277980726391007,False,False,8.420384747500432
-2327500.0,962500.0,1500,44.845960582363865,False,False,7.5281561283195835
-2322500.0,962500.0,1500,49.783663876598546,False,False,6.853277762094744
-2317500.0,962500.0,1500,59.86611616588953,False,False,6.753743608291873
-2312500.0,962500.0,1500,61.34071292223018,False,False,6.6518818314263655
-2307500.0,962500.0,1500,55.080567883065186,False,False,5.890893991222924
-2302500.0,962500.0,1500,81.45904085292,False,False,4.984831781781682
-2297500.0,962500.0,1500,90.75780585504924,False,False,4.981325317586283
-2292500.0,962500.0,1500,93.61156681155114,False,False,5.752663676306844
-2287500.0,962500.0,1500,106.60179737196445,False,False,6.24586296763877
-2282500.0,962500.0,1500,61.79193623256227,False,False,6.315385938029394
-2277500.0,962500.0,1500,34.176859947727614,False,False,6.346687513646442
-2272500.0,962500.0,1500,30.05451851968391,False,False,6.843871698076909
-2267500.0,962500.0,1500,-0.07436022538668285,False,False,7.1977868680932175
-2262500.0,962500.0,1500,9.300743422852381,False,False,6.561363329102414
-2257500.0,962500.0,1500,25.07819721839778,False,False,6.115820852441204
-2252500.0,962500.0,1500,39.81475214776495,False,False,5.6296524843526115
-2247500.0,962500.0,1500,37.73772095698074,False,False,5.758502641951196
-2242500.0,962500.0,1500,37.51721821350629,False,False,6.01179025538551
-2237500.0,962500.0,1500,42.566671911106475,False,False,5.4846007484156365
-2232500.0,962500.0,1500,36.28664143651612,False,False,4.7632857154889265
-2227500.0,962500.0,1500,74.39498220866678,False,False,3.8884775353161203
-2222500.0,962500.0,1500,115.94476458376414,False,False,3.6304866628894468
-2217500.0,962500.0,1500,144.9328519704002,False,False,3.750722980063279
-2202500.0,962500.0,1500,138.3609662394267,False,False,3.749653979836842
-2197500.0,962500.0,1500,124.6953560099128,False,False,4.121066689301337
-2192500.0,962500.0,1500,146.02438877913278,False,False,3.9758805088307776
-2187500.0,962500.0,1500,163.2716689490224,False,False,3.5161746185146088
-2177500.0,962500.0,1500,133.4584745179778,False,False,3.8266870094101346
-2172500.0,962500.0,1500,96.81038226205413,False,False,4.2487331951950225
-2167500.0,962500.0,1500,63.990419146318935,False,False,4.684184693309844
-2162500.0,962500.0,1500,38.68403829042832,False,False,4.792929841221046
-2157500.0,962500.0,1500,18.11579825763099,False,False,4.718116463257225
-2152500.0,962500.0,1500,5.250089604662461,False,False,5.068059643577721
-2147500.0,962500.0,1500,-11.337591095524278,False,False,5.5336771316585525
-2142500.0,962500.0,1500,-11.661131652606842,False,False,5.591447529766217
-2137500.0,962500.0,1500,25.32965701898088,False,True,5.226003760919617
-2132500.0,962500.0,1500,38.56940737186726,False,False,4.984845374836748
-2127500.0,962500.0,1500,20.243911079506,False,False,5.263382278222134
-2122500.0,962500.0,1500,4.148988800062331,False,False,5.458962193373038
-2117500.0,962500.0,1500,12.425641832394136,False,False,5.408330797361803
-2112500.0,962500.0,1500,22.199603595416782,False,False,5.500492680875895
-2107500.0,962500.0,1500,30.316449814671394,False,False,5.508483431816084
-2102500.0,962500.0,1500,46.3886079844939,False,False,5.135657471438683
-2097500.0,962500.0,1500,39.35301426665771,False,False,4.71363763102196
-1932500.0,962500.0,1500,58.61486456025911,False,False,3.4863589875869962
-1927500.0,962500.0,1500,40.69729659655516,False,False,3.8907183124677447
-1922500.0,962500.0,1500,30.234413919908313,False,False,3.730412998586173
-2447500.0,967500.0,1500,16.953094010584394,False,False,8.342565145215461
-2442500.0,967500.0,1500,22.614001790725,False,False,8.440203665996277
-2437500.0,967500.0,1500,27.304539739711455,False,False,8.304260317050664
-2432500.0,967500.0,1500,28.03372164913619,False,False,7.929070735351992
-2427500.0,967500.0,1500,26.44923494813959,False,False,7.524623980306817
-2422500.0,967500.0,1500,22.197270611187083,False,False,7.103466722681805
-2417500.0,967500.0,1500,17.856295580757898,False,False,6.739717772083513
-2412500.0,967500.0,1500,15.872225259649658,False,False,6.954045000365877
-2407500.0,967500.0,1500,17.62702043486767,False,False,7.7642595304090065
-2402500.0,967500.0,1500,21.68725100833668,False,False,7.783366300806533
-2397500.0,967500.0,1500,24.94906895196767,False,False,7.002380519653182
-2392500.0,967500.0,1500,30.19017117680759,False,False,7.351120236916062
-2387500.0,967500.0,1500,30.831745676550717,False,False,8.384641855232392
-2382500.0,967500.0,1500,33.08204223789745,False,False,8.163322485341004
-2377500.0,967500.0,1500,47.045515961716774,False,False,6.930141306995414
-2372500.0,967500.0,1500,41.433732584606155,False,False,6.494891021931187
-2367500.0,967500.0,1500,19.067958161901288,False,False,7.57236554866991
-2362500.0,967500.0,1500,3.434382392746767,False,False,8.65505558528562
-2357500.0,967500.0,1500,-2.0848896369982226,False,False,8.598787537003629
-2352500.0,967500.0,1500,-0.6715071407449682,False,False,7.745908340565477
-2347500.0,967500.0,1500,-6.418754005375187,False,False,7.299294295452324
-2342500.0,967500.0,1500,-12.53991421097295,False,False,8.060647327678396
-2337500.0,967500.0,1500,-4.211521794146436,False,False,8.848747027603487
-2332500.0,967500.0,1500,15.045830955721204,False,False,8.545466685013185
-2327500.0,967500.0,1500,35.46196649723947,False,False,7.3185415740313395
-2322500.0,967500.0,1500,57.00361556047277,False,False,6.479325582192424
-2317500.0,967500.0,1500,93.11272898282607,False,False,6.466197988905341
-2312500.0,967500.0,1500,102.1456571602522,False,False,6.27433189957034
-2307500.0,967500.0,1500,101.04391100405488,False,False,5.172547685016844
-2302500.0,967500.0,1500,123.17616534548337,False,False,4.137688266233505
-2297500.0,967500.0,1500,103.39557212632525,False,False,4.6555460190636815
-2292500.0,967500.0,1500,100.47295598726072,False,False,5.453742327605971
-2282500.0,967500.0,1500,57.01378337516839,False,False,5.865013468567484
-2277500.0,967500.0,1500,28.390630038567043,False,False,6.416484635183044
-2272500.0,967500.0,1500,34.38437045346092,False,False,6.617943028825008
-2267500.0,967500.0,1500,9.613023857243038,False,False,6.781202032652281
-2262500.0,967500.0,1500,32.710917894604826,False,False,5.936013165973881
-2257500.0,967500.0,1500,63.427373188305914,False,False,5.211245028473089
-2252500.0,967500.0,1500,50.15853020033273,False,False,5.545263748538888
-2247500.0,967500.0,1500,23.983040686066097,False,False,5.862875357518109
-2242500.0,967500.0,1500,23.216467780243324,False,False,5.414507095498996
-2237500.0,967500.0,1500,54.39872332631739,False,False,4.431729723088654
-2232500.0,967500.0,1500,90.37681950159765,False,False,3.6383689050963492
-2227500.0,967500.0,1500,136.03436303151605,False,False,3.418834525782423
-2202500.0,967500.0,1500,147.53894099958933,False,False,3.679460115642127
-2197500.0,967500.0,1500,137.6058362229296,False,False,3.8469166902185883
-2192500.0,967500.0,1500,161.36760888167677,False,False,3.795717008474791
-2187500.0,967500.0,1500,186.3589436276049,False,False,3.766496782448251
-2177500.0,967500.0,1500,165.10250167154848,False,False,3.6858337581819995
-2172500.0,967500.0,1500,145.24661231764526,False,False,3.7579648543932693
-2167500.0,967500.0,1500,116.9297971699678,False,False,3.9479359585606923
-2162500.0,967500.0,1500,82.21193553699615,False,False,4.116950271338002
-2157500.0,967500.0,1500,28.78384458378019,False,False,4.570409900083994
-2152500.0,967500.0,1500,-20.309364875817746,False,False,5.334310482083879
-2147500.0,967500.0,1500,-36.16304436825426,False,True,5.66559577498523
-2142500.0,967500.0,1500,-33.90079021141655,False,True,5.523438864655896
-2137500.0,967500.0,1500,-15.187460365629624,False,True,5.452515548722731
-2132500.0,967500.0,1500,-17.29059409114872,False,True,5.821573929580724
-2127500.0,967500.0,1500,-30.697965751435387,False,True,6.204504998368325
-2122500.0,967500.0,1500,-17.582764455338665,False,False,6.0188094405189965
-2117500.0,967500.0,1500,10.483387781004888,False,False,5.547778780485037
-2112500.0,967500.0,1500,27.333701034619338,False,False,5.221721396077716
-2107500.0,967500.0,1500,41.21000813489056,False,False,5.030557488641295
-2102500.0,967500.0,1500,85.93125754810488,False,False,4.786769396898326
-2037500.0,967500.0,1500,19.498433415553652,False,False,3.811171145028237
-1947500.0,967500.0,1500,55.21692654168986,False,False,3.619856569175107
-1932500.0,967500.0,1500,63.5594840551641,False,False,3.333779119156585
-1927500.0,967500.0,1500,43.55944960501968,False,False,3.8931705096901803
-1922500.0,967500.0,1500,44.073038319059194,False,False,3.963503910638093
-2447500.0,972500.0,1500,18.600842319926937,False,False,8.474610075361198
-2442500.0,972500.0,1500,26.591287086520733,False,False,8.127448078765903
-2437500.0,972500.0,1500,31.661526765582106,False,False,7.636734570874147
-2432500.0,972500.0,1500,30.667871593491014,False,False,7.241593243182513
-2427500.0,972500.0,1500,27.524448398312668,False,False,6.928286654006009
-2422500.0,972500.0,1500,24.02165033680812,False,False,6.610843159929756
-2417500.0,972500.0,1500,20.159484011519215,False,False,6.943680782195083
-2412500.0,972500.0,1500,20.545258542493613,False,False,7.768127186452423
-2407500.0,972500.0,1500,24.702933319400746,False,False,8.00791892346856
-2402500.0,972500.0,1500,28.348905978716235,False,False,7.266168559908132
-2397500.0,972500.0,1500,31.270069686473494,False,False,7.008716561599735
-2392500.0,972500.0,1500,32.49915748450381,False,False,7.9458283559085965
-2387500.0,972500.0,1500,30.73226087597234,False,False,8.571626800565433
-2382500.0,972500.0,1500,33.36675283930227,False,False,7.843452435221222
-2377500.0,972500.0,1500,41.24684506241849,False,False,6.736633596139001
-2372500.0,972500.0,1500,28.883440675741234,False,False,7.04923984046556
-2367500.0,972500.0,1500,10.748252273911822,False,False,8.168148694345994
-2362500.0,972500.0,1500,3.8792872581209434,False,False,8.603612014679165
-2357500.0,972500.0,1500,8.125040932661236,False,False,7.8747986910693
-2352500.0,972500.0,1500,21.631604646818698,False,False,6.986748122841812
-2347500.0,972500.0,1500,11.552737640349005,False,False,7.4032152549987
-2342500.0,972500.0,1500,-6.924710126508589,False,False,8.3321647656158
-2337500.0,972500.0,1500,-5.985596136229136,False,False,8.488312553784873
-2332500.0,972500.0,1500,5.8443483170698896,False,False,7.828638418642209
-2327500.0,972500.0,1500,24.165677702316366,False,False,6.9984751018109375
-2322500.0,972500.0,1500,49.172303490819196,False,False,6.542003530675254
-2317500.0,972500.0,1500,83.10006390912613,False,False,6.25382115139254
-2312500.0,972500.0,1500,101.01087936549368,False,False,5.7177424700474875
-2307500.0,972500.0,1500,106.99970497248087,False,False,4.821957615400803
-2302500.0,972500.0,1500,89.5591356068069,False,False,4.400946541076604
-2297500.0,972500.0,1500,61.567316633563934,False,False,4.900648411676112
-2292500.0,972500.0,1500,53.31041914497495,False,False,5.436911135611133
-2287500.0,972500.0,1500,36.00094582781317,False,False,5.524328678142321
-2282500.0,972500.0,1500,20.145911730458185,False,False,6.051560941725615
-2277500.0,972500.0,1500,23.419512049185517,False,False,6.541229982386564
-2272500.0,972500.0,1500,21.515274289745037,False,False,6.660962692019118
-2267500.0,972500.0,1500,10.043992390703352,False,False,6.855971885629417
-2262500.0,972500.0,1500,39.58459308187049,False,False,5.906083415794211
-2257500.0,972500.0,1500,66.62337977755124,False,False,4.910704319265024
-2252500.0,972500.0,1500,45.24490595696659,False,False,4.939032386828246
-2247500.0,972500.0,1500,33.117161311691625,False,False,4.741223772915682
-2242500.0,972500.0,1500,42.1404117653496,False,False,4.378146042493961
-2237500.0,972500.0,1500,77.69657304002682,False,False,3.991470255998606
-2232500.0,972500.0,1500,125.70132841641974,False,False,3.638629181197676
-2212500.0,972500.0,1500,144.49106541607824,False,False,3.633230634634244
-2207500.0,972500.0,1500,145.63902537943383,False,False,3.7208188377526494
-2202500.0,972500.0,1500,155.8266052416756,False,False,3.9142133397781844
-2197500.0,972500.0,1500,154.41518471470792,False,False,4.00204926201534
-2192500.0,972500.0,1500,159.51966198246112,False,True,4.1007556689495726
-2187500.0,972500.0,1500,162.3459029899465,False,True,4.1440986398946364
-2172500.0,972500.0,1500,155.23374830271223,False,False,3.729549117112666
-2167500.0,972500.0,1500,137.56153306826482,False,True,3.5830771830573025
-2162500.0,972500.0,1500,114.06615700017004,False,True,3.6574866019791665
-2157500.0,972500.0,1500,67.14738070967778,False,False,4.217314340564095
-2152500.0,972500.0,1500,5.838472112027503,False,True,5.089719819388071
-2147500.0,972500.0,1500,-30.96968700067358,False,True,5.6319753125189855
-2142500.0,972500.0,1500,-44.34448107141553,False,True,5.815741233151062
-2137500.0,972500.0,1500,-45.339383835297966,False,True,6.35601108906849
-2132500.0,972500.0,1500,-48.79145757239521,False,True,7.157134095863675
-2127500.0,972500.0,1500,-28.412751720291983,False,True,7.240832236081245
-2122500.0,972500.0,1500,27.438902890970436,False,True,6.563630045415728
-2117500.0,972500.0,1500,60.26824318094093,False,False,5.939202115056395
-2112500.0,972500.0,1500,74.172157045007,False,False,5.407697457303705
-2107500.0,972500.0,1500,99.76116351405366,False,False,4.765785128079306
-2072500.0,972500.0,1500,61.22703541315455,False,False,4.05913805543501
-2042500.0,972500.0,1500,34.699200633983665,False,False,3.7462583992019014
-2037500.0,972500.0,1500,7.7421158799392655,False,False,3.2854643630865388
-1952500.0,972500.0,1500,48.30002428605639,False,False,3.5528518913479354
-1947500.0,972500.0,1500,22.745321456242262,False,False,3.539822946904585
-1942500.0,972500.0,1500,53.013182977525595,False,False,3.1150412881382845
-1932500.0,972500.0,1500,60.756900624957495,False,False,3.20732812477139
-1927500.0,972500.0,1500,34.3951815257942,False,False,3.7314854496133862
-1922500.0,972500.0,1500,47.48637571177613,False,False,4.124380067398922
-2447500.0,977500.0,1500,19.80754036139385,False,False,7.555495630379923
-2442500.0,977500.0,1500,28.418018203364102,False,False,7.239065708423645
-2437500.0,977500.0,1500,33.37344913622346,False,False,7.133106056266723
-2432500.0,977500.0,1500,30.993362381580656,False,False,7.164171533824273
-2427500.0,977500.0,1500,27.04553136680901,False,False,6.888585011510187
-2422500.0,977500.0,1500,23.227194908922712,False,False,6.727452969988052
-2417500.0,977500.0,1500,22.054460786193694,False,False,7.434770656589282
-2412500.0,977500.0,1500,27.077841707317724,False,False,8.079877198286843
-2407500.0,977500.0,1500,30.844386822055736,False,False,7.596863285773354
-2402500.0,977500.0,1500,31.986837595317848,False,False,6.9064323487083135
-2397500.0,977500.0,1500,32.307879781790746,False,False,7.392018914830835
-2392500.0,977500.0,1500,30.749334466664692,False,False,8.22026058747905
-2387500.0,977500.0,1500,29.423872082679033,False,False,8.21529837283617
-2382500.0,977500.0,1500,28.42197225230647,False,False,7.310059966505477
-2377500.0,977500.0,1500,20.43569972319291,False,False,6.935560830516379
-2372500.0,977500.0,1500,6.05832236914263,False,False,7.753386495750046
-2367500.0,977500.0,1500,6.463829637545059,False,False,8.301591302407758
-2362500.0,977500.0,1500,23.074066904353494,False,False,7.824790162118893
-2357500.0,977500.0,1500,43.15378467710437,False,False,6.579796705454526
-2352500.0,977500.0,1500,49.45187644451377,False,False,6.5061273125112855
-2347500.0,977500.0,1500,22.391135981315454,False,False,7.632406896786054
-2342500.0,977500.0,1500,-5.6646054809015345,False,False,8.092148369153556
-2337500.0,977500.0,1500,-2.8744567165881882,False,False,7.757143356824633
-2332500.0,977500.0,1500,12.44401698240206,False,False,7.055201769771389
-2327500.0,977500.0,1500,33.14796083295853,False,False,6.515444624106453
-2322500.0,977500.0,1500,67.94061820851994,False,False,6.119821184403605
-2317500.0,977500.0,1500,93.67398477768594,False,False,5.774647028573239
-2312500.0,977500.0,1500,86.64146737120882,False,False,5.42199150657629
-2307500.0,977500.0,1500,60.616252832954416,False,False,5.270847777540435
-2302500.0,977500.0,1500,28.989367491396408,False,False,5.32309195847696
-2297500.0,977500.0,1500,22.448878342833545,False,False,5.287001695015054
-2292500.0,977500.0,1500,13.096599349742098,False,False,5.452998843871962
-2287500.0,977500.0,1500,1.4616201694022615,False,False,5.54926956338509
-2282500.0,977500.0,1500,28.887126494172044,False,False,5.669103391322775
-2277500.0,977500.0,1500,45.13343901996654,False,False,5.912470713167608
-2272500.0,977500.0,1500,32.39869053142966,False,False,6.27892684090601
-2267500.0,977500.0,1500,13.18384497847595,False,False,6.581534531478718
-2262500.0,977500.0,1500,21.162988480542886,False,False,5.730031294978879
-2257500.0,977500.0,1500,48.067154980034026,False,False,4.716334432224762
-2252500.0,977500.0,1500,73.94651506779864,False,False,4.138002580336315
-2247500.0,977500.0,1500,104.22203077268713,False,False,3.7563427302091146
-2242500.0,977500.0,1500,108.39044652988697,False,False,4.047422573114526
-2237500.0,977500.0,1500,119.29509519056731,False,False,4.125207247241531
-2232500.0,977500.0,1500,140.07816989409804,False,False,3.876899949342491
-2212500.0,977500.0,1500,134.11742669771928,False,False,3.7418850694201433
-2207500.0,977500.0,1500,129.566295512544,False,False,4.028876875712617
-2202500.0,977500.0,1500,132.70936034398997,False,True,4.213600861090748
-2197500.0,977500.0,1500,144.90207606884942,False,True,4.258023264443711
-2192500.0,977500.0,1500,145.45979510208093,False,True,4.408286259045822
-2187500.0,977500.0,1500,130.11307369818144,False,True,4.4955208999347525
-2182500.0,977500.0,1500,146.46322273796184,False,True,4.232932657956391
-2177500.0,977500.0,1500,156.9169146901445,False,True,4.187530091749485
-2172500.0,977500.0,1500,140.25574094922538,False,True,4.175595689775075
-2167500.0,977500.0,1500,111.43550369495375,False,True,4.0322044864703175
-2162500.0,977500.0,1500,84.08430506650828,False,True,4.053505029893062
-2157500.0,977500.0,1500,78.73841478571819,False,True,4.110549819845676
-2152500.0,977500.0,1500,66.32057684241705,False,True,4.521903652198737
-2147500.0,977500.0,1500,21.23055360805035,False,True,5.141776434265413
-2142500.0,977500.0,1500,-32.819542072756235,False,True,5.709398294501076
-2137500.0,977500.0,1500,-50.86475471006301,False,True,6.778925725007115
-2132500.0,977500.0,1500,-46.16081922157248,False,True,7.855464739615517
-2127500.0,977500.0,1500,-1.2485232344482793,False,True,7.640186222846228
-2122500.0,977500.0,1500,68.40602426390625,False,True,6.786954187824579
-2117500.0,977500.0,1500,82.12799329802792,False,True,6.4236860402730835
-2112500.0,977500.0,1500,72.54042120779415,False,True,6.157998114124615
-2107500.0,977500.0,1500,96.41345987191406,False,False,5.4163815233930315
-2072500.0,977500.0,1500,66.17880385980094,False,False,3.8440851359139945
-2067500.0,977500.0,1500,77.31969244641883,False,False,4.212865299260873
-2057500.0,977500.0,1500,88.50199325318098,False,False,4.501565054425762
-2042500.0,977500.0,1500,18.256461795998394,False,False,3.9829329813811634
-2037500.0,977500.0,1500,-3.664031564799533,False,False,3.40208545169777
-2032500.0,977500.0,1500,79.9542580660249,False,False,4.0485781486300745
-1967500.0,977500.0,1500,83.77478280401044,False,False,3.175029780728816
-1962500.0,977500.0,1500,84.61377082283998,False,False,3.1601007508377497
-1952500.0,977500.0,1500,56.71986648722449,False,False,3.699374715815031
-1947500.0,977500.0,1500,19.08594226009066,False,False,3.754967188539708
-1942500.0,977500.0,1500,49.92959760130216,False,False,3.2484555275633697
-1937500.0,977500.0,1500,89.38970142187142,False,False,3.040203262209375
-1932500.0,977500.0,1500,70.5983894012398,False,False,3.2795510320752697
-1927500.0,977500.0,1500,47.95242174164518,False,False,3.764074221383792
-1922500.0,977500.0,1500,52.30214444155942,False,False,4.324467297052857
-2447500.0,982500.0,1500,20.58651845305957,False,False,7.233202456971177
-2442500.0,982500.0,1500,26.69470456055776,False,False,7.447829075863554
-2437500.0,982500.0,1500,29.89926384915263,False,False,7.699487143434817
-2432500.0,982500.0,1500,27.47841069361239,False,False,7.481238307166905
-2427500.0,982500.0,1500,23.915748339824024,False,False,6.871867838023441
-2422500.0,982500.0,1500,20.06185488326746,False,False,7.098327354721695
-2417500.0,982500.0,1500,21.584165124441647,False,False,7.888119977939839
-2412500.0,982500.0,1500,29.20909976538485,False,False,7.822165752033065
-2407500.0,982500.0,1500,31.64841954934152,False,False,7.0311194683879075
-2402500.0,982500.0,1500,31.53470036327217,False,False,7.138690291677204
-2397500.0,982500.0,1500,31.65990936114864,False,False,8.068362288257006
-2392500.0,982500.0,1500,28.72606956713995,False,False,8.328157821814841
-2387500.0,982500.0,1500,23.764730131126825,False,False,7.714653970065698
-2382500.0,982500.0,1500,14.240506689619084,False,False,7.004182766718806
-2377500.0,982500.0,1500,2.7945460944168787,False,False,7.416382734567527
-2372500.0,982500.0,1500,1.529076522766394,False,False,8.258519708592654
-2367500.0,982500.0,1500,15.167121156018684,False,False,8.257233933286466
-2362500.0,982500.0,1500,39.8410255903931,False,False,7.203015920108202
-2357500.0,982500.0,1500,57.9117493055407,False,False,6.231826015606506
-2352500.0,982500.0,1500,46.13680479214174,False,False,7.007607268785995
-2347500.0,982500.0,1500,12.88189081677447,False,False,7.965548578231907
-2342500.0,982500.0,1500,-4.459051386026258,False,False,7.793636883162231
-2337500.0,982500.0,1500,4.386586098129333,False,False,7.281366194078995
-2332500.0,982500.0,1500,24.631981386853482,False,False,6.701587696644182
-2327500.0,982500.0,1500,51.397545230934476,False,False,6.26717241194556
-2322500.0,982500.0,1500,76.33305959949749,False,False,6.067539039710674
-2317500.0,982500.0,1500,79.68268142041967,False,False,6.09736205976429
-2312500.0,982500.0,1500,54.722303673016064,False,False,6.0088406061369
-2307500.0,982500.0,1500,20.27010907993925,False,False,5.972623305229049
-2302500.0,982500.0,1500,-0.4585274903147319,False,False,5.997712895664921
-2297500.0,982500.0,1500,-1.9289669226050703,False,False,5.695072075244479
-2292500.0,982500.0,1500,8.776097817068454,False,False,5.299894374953932
-2287500.0,982500.0,1500,40.783093913221244,False,False,4.991944203635835
-2282500.0,982500.0,1500,91.49267380846932,False,False,4.8059014610778465
-2277500.0,982500.0,1500,100.42957724899877,False,False,4.903930079474127
-2272500.0,982500.0,1500,60.33490740279658,False,False,5.508374646393717
-2267500.0,982500.0,1500,30.305174445160993,False,False,5.5379557810934354
-2262500.0,982500.0,1500,37.47631675662448,False,False,4.7986277076676735
-2257500.0,982500.0,1500,62.30631484656802,False,False,4.485786408144694
-2252500.0,982500.0,1500,109.91476304395113,False,False,4.250036310112257
-2247500.0,982500.0,1500,147.66917336932573,False,False,4.002189204796878
-2242500.0,982500.0,1500,139.74804240304195,False,False,3.9898608084847735
-2237500.0,982500.0,1500,146.766833121073,False,False,3.943609702378864
-2212500.0,982500.0,1500,137.64725000957046,False,False,3.8358200484005573
-2207500.0,982500.0,1500,118.534886442415,False,True,4.169137956673115
-2202500.0,982500.0,1500,94.95169948489843,False,True,4.26187455086184
-2197500.0,982500.0,1500,95.04265012299155,False,True,4.438472980583432
-2192500.0,982500.0,1500,96.34222556205,False,True,5.041109441912496
-2187500.0,982500.0,1500,92.77766039762366,False,True,5.378124295551164
-2182500.0,982500.0,1500,123.95341097812901,False,True,4.65750339688464
-2177500.0,982500.0,1500,126.9332120292958,False,True,4.061284739885985
-2172500.0,982500.0,1500,97.99140485366463,False,True,3.923442978044024
-2167500.0,982500.0,1500,67.527314975491,False,True,3.8828504350408153
-2162500.0,982500.0,1500,52.001353630168204,False,True,3.897739438045374
-2157500.0,982500.0,1500,68.147147445013,False,True,3.6470583763711533
-2152500.0,982500.0,1500,80.41688845988376,False,True,3.6055115942375595
-2147500.0,982500.0,1500,42.010035689342885,False,True,4.00403375082607
-2142500.0,982500.0,1500,-24.007153860897716,False,True,4.630547462781337
-2137500.0,982500.0,1500,-47.11911934265972,True,True,6.073439778457646
-2132500.0,982500.0,1500,-36.25138770432294,False,True,7.471570640280676
-2127500.0,982500.0,1500,17.58571839239544,False,True,7.292548556179691
-2122500.0,982500.0,1500,61.49636553441091,False,True,6.814686834623314
-2117500.0,982500.0,1500,55.88921400840594,False,True,6.660773463763088
-2112500.0,982500.0,1500,55.17251736856004,False,True,6.305238058114494
-2107500.0,982500.0,1500,83.62082732701256,False,True,5.5134808175896435
-2102500.0,982500.0,1500,118.39797839663936,False,False,4.185514474835387
-2072500.0,982500.0,1500,91.82946794011788,False,False,3.980712401332272
-2067500.0,982500.0,1500,63.03835590725998,False,False,4.136538755438625
-2062500.0,982500.0,1500,87.51305599622417,False,False,3.9374248282068907
-2057500.0,982500.0,1500,59.93104139196649,False,False,4.321834621806587
-2052500.0,982500.0,1500,72.51548709103412,False,False,5.110248816794039
-2042500.0,982500.0,1500,27.93055536134237,False,False,4.369128952112047
-2037500.0,982500.0,1500,-11.524606774307657,False,False,3.61284236475209
-2032500.0,982500.0,1500,64.33469285452824,False,False,4.34624220735555
-1972500.0,982500.0,1500,92.76172873677574,False,False,3.2560608878071946
-1967500.0,982500.0,1500,64.51668153783962,False,False,3.3357829680980564
-1962500.0,982500.0,1500,57.50665636868599,False,False,3.3527853997636416
-1957500.0,982500.0,1500,75.46268750664616,False,False,3.395675252637556
-1952500.0,982500.0,1500,48.826255880156744,False,False,3.606648055007134
-1947500.0,982500.0,1500,27.219239076919486,False,False,3.6943965621005193
-1942500.0,982500.0,1500,69.36325609904019,False,False,3.405883131602629
-1937500.0,982500.0,1500,92.07856523239188,False,False,3.1888277487731953
-1932500.0,982500.0,1500,76.72048593053707,False,False,3.384488821032387
-1927500.0,982500.0,1500,71.13675182806412,False,False,3.727235050843267
-1922500.0,982500.0,1500,76.93576788400283,False,False,4.373855618820071
-2447500.0,987500.0,1500,22.22548317565228,False,False,8.381782966101103
-2442500.0,987500.0,1500,23.96952470536012,False,False,8.5069125998593
-2437500.0,987500.0,1500,23.9437512147193,False,False,8.209419053120923
-2432500.0,987500.0,1500,22.161469756659404,False,False,7.354624961026158
-2427500.0,987500.0,1500,19.53280734771676,False,False,7.09389812245408
-2422500.0,987500.0,1500,15.159396808237368,False,False,7.9524015671019015
-2417500.0,987500.0,1500,13.493630890016727,False,False,8.297272538014367
-2412500.0,987500.0,1500,18.07210451012355,False,False,7.418253620668639
-2407500.0,987500.0,1500,22.712779716552966,False,False,7.013759662056559
-2402500.0,987500.0,1500,24.599474450229803,False,False,7.987326996237574
-2397500.0,987500.0,1500,25.229059343463142,False,False,8.758989020830573
-2392500.0,987500.0,1500,21.290158102682746,False,False,8.331282144468247
-2387500.0,987500.0,1500,13.889644785698302,False,False,7.2887088403444595
-2382500.0,987500.0,1500,4.15304984794693,False,False,7.144617368922261
-2377500.0,987500.0,1500,2.329215447494382,False,False,8.005424877447245
-2372500.0,987500.0,1500,10.59328180061559,False,False,8.41320222948765
-2367500.0,987500.0,1500,16.885005153361316,False,False,7.976894314423051
-2362500.0,987500.0,1500,25.36013520849309,False,False,7.140314245278022
-2357500.0,987500.0,1500,29.89475806440881,False,False,7.003090279623478
-2352500.0,987500.0,1500,18.13330177679482,False,False,7.655561623463319
-2347500.0,987500.0,1500,-1.4646773111644154,False,False,7.899979552329882
-2342500.0,987500.0,1500,-1.6002147683548542,False,False,7.45541031333685
-2337500.0,987500.0,1500,21.24528672160372,False,False,6.7396077036286
-2332500.0,987500.0,1500,43.417466615029674,False,False,6.357450419796142
-2327500.0,987500.0,1500,54.127371084430536,False,False,6.501901490200353
-2322500.0,987500.0,1500,40.99181664559849,False,False,6.8302292981008454
-2317500.0,987500.0,1500,18.54718777831437,False,False,6.969509699563477
-2312500.0,987500.0,1500,4.86820667035931,False,False,6.670784238663915
-2307500.0,987500.0,1500,-2.765534499530904,False,False,6.277704957303196
-2302500.0,987500.0,1500,0.95611682590615,False,False,5.955479926534334
-2297500.0,987500.0,1500,22.75090951802773,False,False,5.360469083404961
-2292500.0,987500.0,1500,54.078553109151976,False,False,4.748748878339574
-2287500.0,987500.0,1500,79.77189314477371,False,False,4.629370683661355
-2282500.0,987500.0,1500,112.16828373264553,False,False,4.490915201651631
-2277500.0,987500.0,1500,104.99905155158933,False,False,4.332197955114724
-2272500.0,987500.0,1500,70.2413948956564,False,False,4.4337423522827955
-2267500.0,987500.0,1500,67.63531524595274,False,False,4.345013806921105
-2262500.0,987500.0,1500,88.43919001981617,False,False,4.2524485536573895
-2257500.0,987500.0,1500,90.96847964912493,False,False,4.6829917081979335
-2252500.0,987500.0,1500,111.39118368724456,False,False,4.811890772019393
-2247500.0,987500.0,1500,149.0646101279037,False,False,4.191139267092613
-2242500.0,987500.0,1500,146.59014859223356,False,False,3.7666646483425645
-2237500.0,987500.0,1500,146.1110859169713,False,False,3.7735896733051595
-2227500.0,987500.0,1500,151.4392464548586,False,False,3.9505139519792554
-2222500.0,987500.0,1500,160.20184843681412,False,False,3.7334333735120127
-2212500.0,987500.0,1500,149.88855519722642,False,True,4.03218158600234
-2207500.0,987500.0,1500,137.2906864427737,False,True,4.268382066306011
-2202500.0,987500.0,1500,97.21048787491242,False,True,4.205077031193077
-2197500.0,987500.0,1500,52.20867996514395,False,True,4.216680009635414
-2192500.0,987500.0,1500,29.11915589839298,False,True,5.228475724410941
-2187500.0,987500.0,1500,45.78492402096126,False,True,6.011953680327199
-2182500.0,987500.0,1500,91.84825281531263,False,True,5.098008840718714
-2177500.0,987500.0,1500,94.54071387969405,False,True,4.107793015725097
-2172500.0,987500.0,1500,56.8090683661924,False,True,4.204523256417932
-2167500.0,987500.0,1500,20.181289113485843,False,True,4.593340601801666
-2162500.0,987500.0,1500,15.268724639016163,False,True,4.5661460721077685
-2157500.0,987500.0,1500,39.53110879582393,False,True,4.257413037399104
-2152500.0,987500.0,1500,55.01069109690115,False,True,4.0823989181342775
-2147500.0,987500.0,1500,26.223399710101983,False,True,4.418115777872796
-2142500.0,987500.0,1500,-17.642443052161738,True,True,4.91228736193143
-2137500.0,987500.0,1500,-32.98868952350948,True,True,5.967196807636257
-2132500.0,987500.0,1500,-29.58122390417424,True,True,7.154635613975326
-2127500.0,987500.0,1500,10.792562921616335,False,True,7.181480015617017
-2122500.0,987500.0,1500,39.387951460250584,False,True,6.897382160011085
-2117500.0,987500.0,1500,45.78467759768522,False,True,6.657438866785172
-2112500.0,987500.0,1500,73.92360181725407,False,True,6.009958002896861
-2107500.0,987500.0,1500,100.04985001413823,False,True,4.952462282736761
-2102500.0,987500.0,1500,116.67045009600463,False,True,4.073484688574637
-2082500.0,987500.0,1500,120.60918759332131,False,False,4.847498696542318
-2077500.0,987500.0,1500,111.69456496816227,False,False,4.610343495226042
-2072500.0,987500.0,1500,91.305405794894,False,False,4.0623783934438835
-2067500.0,987500.0,1500,46.32329585043224,False,False,3.8203991849242596
-2062500.0,987500.0,1500,71.62388546805654,False,False,3.915110884931161
-2057500.0,987500.0,1500,56.82813384786917,False,False,4.518519303904121
-2052500.0,987500.0,1500,56.57025623775038,False,False,5.174377640219628
-2047500.0,987500.0,1500,111.8057097860404,False,False,5.32860443471363
-2042500.0,987500.0,1500,42.57713673638793,False,False,4.6194802352975035
-2037500.0,987500.0,1500,-19.707890762001497,False,False,3.758051159998524
-2032500.0,987500.0,1500,48.89668162843306,False,False,4.080789705018174
-2027500.0,987500.0,1500,116.59002141588002,False,False,5.111877889724653
-2022500.0,987500.0,1500,103.96138149896932,False,False,5.972056235114074
-2017500.0,987500.0,1500,94.5331816678811,False,False,6.17286968801021
-1972500.0,987500.0,1500,98.16139481544248,False,False,3.560632779723349
-1967500.0,987500.0,1500,65.56086591796513,False,False,3.6457307121540063
-1962500.0,987500.0,1500,47.415559508361284,False,False,3.6453684731430407
-1957500.0,987500.0,1500,63.54758993212224,False,False,3.58942372471156
-1952500.0,987500.0,1500,46.53579920524512,False,False,3.583418904017748
-1947500.0,987500.0,1500,54.57202344042376,False,False,3.564064092863708
-1942500.0,987500.0,1500,91.39775492544867,False,False,3.445667440719906
-1937500.0,987500.0,1500,76.55671043905,False,False,3.406080417442311
-1932500.0,987500.0,1500,58.1161539115612,False,False,3.5232058104129536
-1927500.0,987500.0,1500,68.93748230947539,False,False,3.6996039236511726
-1922500.0,987500.0,1500,81.04518817741616,False,False,4.581734356296533
-2447500.0,992500.0,1500,24.349916853354348,False,False,9.59322863030879
-2442500.0,992500.0,1500,21.718756080072808,False,False,9.153540357543081
-2437500.0,992500.0,1500,19.341509642461695,False,False,8.118959748261142
-2432500.0,992500.0,1500,18.70417433043544,False,False,7.3161314967078654
-2427500.0,992500.0,1500,17.389362826990084,False,False,7.9111222568320585
-2422500.0,992500.0,1500,12.218244718140843,False,False,8.747031156756087
-2417500.0,992500.0,1500,4.73423257516189,False,False,8.142029405198764
-2412500.0,992500.0,1500,5.104556079996243,False,False,7.084383071765854
-2407500.0,992500.0,1500,12.940765414751233,False,False,7.505890137784013
-2402500.0,992500.0,1500,17.29812236368059,False,False,8.645315994093444
-2397500.0,992500.0,1500,17.299232376562713,False,False,8.78886535983048
-2392500.0,992500.0,1500,14.515089031371032,False,False,7.823572133381336
-2387500.0,992500.0,1500,11.156601510345979,False,False,7.023186952134867
-2382500.0,992500.0,1500,5.358179034600082,False,False,7.443446779815946
-2377500.0,992500.0,1500,2.7643042017993715,False,False,8.07874806623105
-2372500.0,992500.0,1500,6.046671601248568,False,False,7.996672625862199
-2367500.0,992500.0,1500,7.023085036041394,False,False,7.40618076850299
-2362500.0,992500.0,1500,8.571104406819588,False,False,7.180243656200877
-2357500.0,992500.0,1500,5.788413234248061,False,False,7.582619992225078
-2352500.0,992500.0,1500,-2.003250155908907,False,False,7.8161926806473225
-2347500.0,992500.0,1500,-5.46629672393679,False,False,7.573808726363276
-2342500.0,992500.0,1500,5.878128842849591,False,False,6.985429852967883
-2337500.0,992500.0,1500,31.558933601786055,False,False,6.412525657927665
-2332500.0,992500.0,1500,38.063414002979826,False,False,6.490101630149561
-2327500.0,992500.0,1500,19.433333938310426,False,False,7.071963997384569
-2322500.0,992500.0,1500,-2.165023989024527,False,False,7.446730733923811
-2317500.0,992500.0,1500,-12.898609442512626,False,False,7.261568474367414
-2312500.0,992500.0,1500,-17.11819031723954,False,False,6.716086862557895
-2307500.0,992500.0,1500,-15.973450720812298,False,False,6.29163413456827
-2302500.0,992500.0,1500,-1.0938645619392449,False,False,5.924234009151113
-2297500.0,992500.0,1500,21.250764105768415,False,False,5.443947591440918
-2292500.0,992500.0,1500,34.364146615139475,False,False,5.196975282658905
-2287500.0,992500.0,1500,38.12779928897771,False,False,4.98907211122058
-2282500.0,992500.0,1500,51.735331989854636,False,False,4.49297946329041
-2277500.0,992500.0,1500,73.34453307548092,False,False,4.070332554644122
-2272500.0,992500.0,1500,103.50865159546446,False,False,3.5558216381563095
-2267500.0,992500.0,1500,116.46897886583078,False,False,3.666273259067503
-2262500.0,992500.0,1500,126.47196245290286,False,False,4.178381341430449
-2257500.0,992500.0,1500,134.37184947357477,False,False,4.426131792391184
-2252500.0,992500.0,1500,134.97583729919046,False,False,4.387608416878292
-2247500.0,992500.0,1500,152.99955917582494,False,False,3.8223321565186077
-2232500.0,992500.0,1500,151.51940944347933,False,False,3.970530875670222
-2227500.0,992500.0,1500,139.1366688281778,False,True,4.018854611523855
-2222500.0,992500.0,1500,130.12967777973282,False,True,4.055241617060487
-2217500.0,992500.0,1500,139.82421716679124,False,True,4.321509819259341
-2212500.0,992500.0,1500,150.4683187188731,False,True,4.382548428884975
-2207500.0,992500.0,1500,149.47816411417122,False,True,4.014050716896952
-2202500.0,992500.0,1500,113.40215610859237,False,True,3.9602908200678
-2197500.0,992500.0,1500,47.53251293196735,False,True,4.596311315960451
-2192500.0,992500.0,1500,0.6444020873652849,True,True,5.4446285125690785
-2187500.0,992500.0,1500,12.57722967037379,True,True,5.76221156423125
-2182500.0,992500.0,1500,64.85725922666508,False,True,5.3033528893202915
-2177500.0,992500.0,1500,82.70869717675353,False,True,4.810718144624818
-2172500.0,992500.0,1500,44.33747250544026,False,True,5.48412922401474
-2167500.0,992500.0,1500,5.272251778672155,True,True,6.336910678755694
-2162500.0,992500.0,1500,0.7770169086987411,True,True,6.106609925724319
-2157500.0,992500.0,1500,32.91386172313005,False,True,5.376868839483755
-2152500.0,992500.0,1500,51.081137539416225,False,True,5.162638840974684
-2147500.0,992500.0,1500,19.909825233547117,False,True,5.842494196025326
-2142500.0,992500.0,1500,-7.160562438430081,True,True,6.247384130707468
-2137500.0,992500.0,1500,-19.579909814220567,True,True,6.33811629187117
-2132500.0,992500.0,1500,-25.276705684839335,True,True,6.864006648221403
-2127500.0,992500.0,1500,-8.39995237026994,True,True,7.24118719766515
-2122500.0,992500.0,1500,7.866902010087016,True,True,6.318800224503159
-2117500.0,992500.0,1500,26.56939954662696,False,True,5.482608560019637
-2112500.0,992500.0,1500,73.28907810069245,False,True,5.326689285399234
-2107500.0,992500.0,1500,101.85736986991748,False,True,4.699865337724883
-2102500.0,992500.0,1500,106.71444665779086,False,True,4.767457352833505
-2097500.0,992500.0,1500,124.03762013214873,False,True,5.442290452342479
-2092500.0,992500.0,1500,129.9205520326523,False,True,5.583392968365432
-2082500.0,992500.0,1500,115.0464657360721,False,False,4.9453545011584845
-2077500.0,992500.0,1500,71.3581217625777,False,False,4.479868775690534
-2072500.0,992500.0,1500,50.72029235096781,False,False,4.255479797030807
-2067500.0,992500.0,1500,30.2708208357389,False,False,4.656275974477781
-2062500.0,992500.0,1500,35.3999512986445,False,False,5.106724414726212
-2057500.0,992500.0,1500,35.24743665913018,False,False,5.120035003148656
-2052500.0,992500.0,1500,55.01340690906491,False,False,4.903103380016345
-2047500.0,992500.0,1500,111.30086486192195,False,False,4.747800344426473
-2042500.0,992500.0,1500,65.15748024977248,False,False,4.347831077172079
-2037500.0,992500.0,1500,-13.193272935447828,False,False,3.8451837388983323
-2032500.0,992500.0,1500,28.531147796180306,False,False,4.040306710480907
-2027500.0,992500.0,1500,87.83943248331008,False,False,4.7580365106475355
-2022500.0,992500.0,1500,80.28895370624946,False,False,5.480360079809145
-2017500.0,992500.0,1500,88.37291393773057,False,False,5.659181452074854
-2012500.0,992500.0,1500,107.51311283744066,False,False,5.346252417986595
-1997500.0,992500.0,1500,75.94845667527854,False,False,5.293446348422764
-1992500.0,992500.0,1500,71.24731356875087,False,False,5.2142127989816975
-1987500.0,992500.0,1500,67.61214243166339,False,False,5.007244600507988
-1982500.0,992500.0,1500,86.69601146530566,False,False,4.500286999170717
-1977500.0,992500.0,1500,102.2615901774248,False,False,3.8859006598676253
-1972500.0,992500.0,1500,95.77106874050727,False,False,3.7133252785717494
-1967500.0,992500.0,1500,70.69321577252184,False,False,3.799285769510374
-1962500.0,992500.0,1500,46.25066520154927,False,False,3.8083655345975376
-1957500.0,992500.0,1500,53.39291544521344,False,False,3.8106006839702893
-1952500.0,992500.0,1500,51.195305546975646,False,False,3.7627912738137117
-1947500.0,992500.0,1500,65.80731107438734,False,False,3.6855998968462362
-1942500.0,992500.0,1500,88.67185006105095,False,False,3.6029317651103945
-1937500.0,992500.0,1500,70.95629902871326,False,False,3.664962853883028
-1932500.0,992500.0,1500,59.834559832661284,False,False,3.7255739420284786
-1927500.0,992500.0,1500,62.17019753983645,False,False,3.7452685818134754
-1922500.0,992500.0,1500,59.21781840194619,False,False,4.290572632456729
-2447500.0,997500.0,1500,25.846812088275268,False,False,10.116876489202445
-2442500.0,997500.0,1500,21.054209070421965,False,False,9.046236237986724
-2437500.0,997500.0,1500,17.72220129050389,False,False,7.665521949900994
-2432500.0,997500.0,1500,19.33009343162164,False,False,7.540893653271466
-2427500.0,997500.0,1500,20.407601143466728,False,False,8.569242227895042
-2422500.0,997500.0,1500,15.85632156582548,False,False,8.666777287967227
-2417500.0,997500.0,1500,8.382340195197324,False,False,7.46184504307605
-2412500.0,997500.0,1500,9.249549714360175,False,False,7.055182262192355
-2407500.0,997500.0,1500,18.944284608583548,False,False,7.950436874306
-2402500.0,997500.0,1500,23.03733462298974,False,False,8.484861646122196
-2397500.0,997500.0,1500,21.730584508219806,False,False,7.992366988807568
-2392500.0,997500.0,1500,18.237790950280292,False,False,7.106628931366437
-2387500.0,997500.0,1500,11.716326085755925,False,False,7.1437727652579674
-2382500.0,997500.0,1500,4.4147774139494755,False,False,7.750322014116099
-2377500.0,997500.0,1500,-2.0989743734822874,False,False,7.884715221549193
-2372500.0,997500.0,1500,-4.841285021218134,False,False,7.508604273605202
-2367500.0,997500.0,1500,-2.432381569579815,False,False,7.128891678197305
-2362500.0,997500.0,1500,0.22527923627996482,False,False,7.336915444983296
-2357500.0,997500.0,1500,-6.543713106622764,False,False,7.6049867105456945
-2352500.0,997500.0,1500,-13.037466489222409,False,False,7.457473609507675
-2347500.0,997500.0,1500,-7.467971652075827,False,False,7.051705561596067
-2342500.0,997500.0,1500,5.028982227540157,False,False,6.638964047384354
-2337500.0,997500.0,1500,11.034314575902338,False,False,6.813225365262093
-2332500.0,997500.0,1500,-1.5421671925091294,False,False,7.45485166811861
-2327500.0,997500.0,1500,-17.844599988900885,False,False,7.811246119207615
-2322500.0,997500.0,1500,-23.31524035900296,False,False,7.710413935362625
-2317500.0,997500.0,1500,-17.86963460685395,False,False,7.1321853437061336
-2312500.0,997500.0,1500,-13.829929056155741,False,False,6.421811390516035
-2307500.0,997500.0,1500,-15.345720074924104,False,False,6.100104541089907
-2302500.0,997500.0,1500,-10.905807852836007,False,False,5.979199402020933
-2297500.0,997500.0,1500,0.6924877560362983,False,False,5.524237654457281
-2292500.0,997500.0,1500,10.603566373019369,False,False,5.003591083573996
-2287500.0,997500.0,1500,5.929671772992734,False,False,4.731424028897612
-2282500.0,997500.0,1500,22.17020656374169,False,False,4.251931226285136
-2277500.0,997500.0,1500,76.55691104209929,False,False,3.8496162571999166
-2272500.0,997500.0,1500,125.67803306090023,False,False,3.5820361135135803
-2267500.0,997500.0,1500,143.06443598675293,False,False,3.581780632347667
-2262500.0,997500.0,1500,152.71667664617175,False,False,3.8231347789430816
-2252500.0,997500.0,1500,150.13448173308484,False,False,3.776088463119245
-2247500.0,997500.0,1500,156.5513000544517,False,False,3.6098264854391
-2237500.0,997500.0,1500,145.6111556775523,False,True,4.042003163155075
-2232500.0,997500.0,1500,143.06819954325528,False,True,4.1087261058832
-2227500.0,997500.0,1500,132.97618708870257,False,True,4.145146416776152
-2222500.0,997500.0,1500,109.567374406397,False,True,4.6797227874147715
-2217500.0,997500.0,1500,100.99387378618117,False,True,4.879458100196483
-2212500.0,997500.0,1500,117.80968100728796,False,True,4.105962706426849
-2207500.0,997500.0,1500,133.80781417718606,False,True,3.739232757831563
-2202500.0,997500.0,1500,111.39540351466769,False,True,4.60171990419625
-2197500.0,997500.0,1500,46.379292498144984,False,True,6.008086218032621
-2192500.0,997500.0,1500,-0.342375685280882,True,True,6.424627643829357
-2187500.0,997500.0,1500,6.187228112848972,True,True,5.8681730983763964
-2182500.0,997500.0,1500,49.610165291260046,False,True,5.244279739099106
-2177500.0,997500.0,1500,76.35589839437732,False,True,5.074622024471403
-2172500.0,997500.0,1500,44.18121079258875,False,True,6.116927943692684
-2167500.0,997500.0,1500,8.5234146222203,True,True,7.035012012857434
-2162500.0,997500.0,1500,2.419021780032698,True,True,6.670921473951009
-2157500.0,997500.0,1500,26.29748435743641,False,True,5.701432258812082
-2152500.0,997500.0,1500,47.42236812584982,False,True,5.401611316166536
-2147500.0,997500.0,1500,18.870950793999018,False,True,6.043621073813586
-2142500.0,997500.0,1500,-8.030625518847112,True,True,6.44011555493044
-2137500.0,997500.0,1500,-21.817103172258808,True,True,6.241643370207124
-2132500.0,997500.0,1500,-28.131034079558148,True,True,6.284058721073725
-2127500.0,997500.0,1500,-18.61886300670365,True,True,6.7685071356440645
-2122500.0,997500.0,1500,-10.57499163486861,True,True,6.184014731241922
-2117500.0,997500.0,1500,7.75741759520226,True,True,4.869925686064929
-2112500.0,997500.0,1500,41.96544346103543,False,True,4.421570127264883
-2107500.0,997500.0,1500,54.989930445223024,False,True,4.9415133350084535
-2102500.0,997500.0,1500,59.19109343447482,False,True,6.077495021487655
-2097500.0,997500.0,1500,79.38198465070442,False,True,6.645331465248468
-2092500.0,997500.0,1500,99.60474187991966,False,True,5.940666192026516
-2087500.0,997500.0,1500,125.58767614083298,False,False,4.742518105132391
-2082500.0,997500.0,1500,117.56525233968901,False,False,4.119796366008856
-2077500.0,997500.0,1500,55.49182053702794,False,False,4.562658753227252
-2072500.0,997500.0,1500,36.860686969220076,False,True,5.439140653353132
-2067500.0,997500.0,1500,26.09766782464713,False,False,6.1372658256918715
-2062500.0,997500.0,1500,11.55237602469576,False,False,6.233513573185081
-2057500.0,997500.0,1500,57.15630398031423,False,False,5.581319148680537
-2052500.0,997500.0,1500,96.54194653802713,False,False,4.9421444402125445
-2047500.0,997500.0,1500,106.10636417854246,False,False,4.748462605641485
-2042500.0,997500.0,1500,62.62257251538075,False,False,4.231116760120519
-2037500.0,997500.0,1500,6.778889197376456,False,False,3.859546138748976
-2032500.0,997500.0,1500,39.628144052027594,False,False,4.113914350197412
-2027500.0,997500.0,1500,73.22206040457978,False,False,4.346868418412285
-2022500.0,997500.0,1500,63.76006472978478,False,False,4.882350454440232
-2017500.0,997500.0,1500,79.79033308205187,False,False,5.213226409893848
-2012500.0,997500.0,1500,92.98416195432576,False,False,5.003731125966928
-2007500.0,997500.0,1500,85.3003186036349,False,False,4.885891334745285
-2002500.0,997500.0,1500,73.26638060933959,False,False,4.941400310403986
-1997500.0,997500.0,1500,64.07098272346387,False,False,4.976157960480298
-1992500.0,997500.0,1500,61.020682250403446,False,False,4.908405892900744
-1987500.0,997500.0,1500,58.775645591213575,False,False,4.743530127141927
-1982500.0,997500.0,1500,66.77758318215619,False,False,4.495712824366237
-1977500.0,997500.0,1500,80.40422464031006,False,False,4.051052574803017
-1972500.0,997500.0,1500,78.6783264488909,False,False,3.753423918075256
-1967500.0,997500.0,1500,60.54414717238778,False,False,3.8162643925410364
-1962500.0,997500.0,1500,35.19604169291871,False,False,3.9505856539965074
-1957500.0,997500.0,1500,29.03944166398121,False,False,4.115329897846668
-1952500.0,997500.0,1500,38.989440992652945,False,False,4.023114277951222
-1947500.0,997500.0,1500,61.019245477039476,False,False,3.7854013563910316
-1942500.0,997500.0,1500,79.35141771638699,False,False,3.547236984876085
-1937500.0,997500.0,1500,65.7915641483025,False,False,3.422621200134754
-1932500.0,997500.0,1500,53.78637418843839,False,False,3.397510246773574
-1927500.0,997500.0,1500,51.450125864843585,False,False,3.5195638840849552
-1922500.0,997500.0,1500,42.33868884044733,False,False,3.8407835015071248
-2447500.0,1002500.0,1500,24.76209951052293,False,False,9.714294509949685
-2442500.0,1002500.0,1500,20.29837060324828,False,False,8.247963247925183
-2437500.0,1002500.0,1500,17.289179800037758,False,False,7.329983746742067
-2432500.0,1002500.0,1500,21.326318493877086,False,False,7.895638899784229
-2427500.0,1002500.0,1500,25.009065791307933,False,False,8.524668540997997
-2422500.0,1002500.0,1500,23.688702982616867,False,False,7.817369074226268
-2417500.0,1002500.0,1500,21.796864619658297,False,False,6.942720153836154
-2412500.0,1002500.0,1500,23.580103483239785,False,False,7.358573010782457
-2407500.0,1002500.0,1500,30.030683166045783,False,False,8.036005466110291
-2402500.0,1002500.0,1500,31.53089707690178,False,False,7.940107127321584
-2397500.0,1002500.0,1500,27.56748095203618,False,False,7.060775569610217
-2392500.0,1002500.0,1500,22.457351779592713,False,False,6.7400356226167135
-2387500.0,1002500.0,1500,12.936107332917759,False,False,7.5045264366793525
-2382500.0,1002500.0,1500,6.348177739592241,False,False,7.942214267818356
-2377500.0,1002500.0,1500,-1.3979138061631509,False,False,7.718747791400558
-2372500.0,1002500.0,1500,-14.072022639540027,False,False,7.188207086835683
-2367500.0,1002500.0,1500,-17.24539263896933,False,False,7.065376010571308
-2362500.0,1002500.0,1500,-17.118209123683208,False,False,7.346455678199432
-2357500.0,1002500.0,1500,-20.2210986922607,False,False,7.362714129050551
-2352500.0,1002500.0,1500,-16.36669268305834,False,False,7.091441294142408
-2347500.0,1002500.0,1500,-4.553604809317799,False,False,6.756827042795356
-2342500.0,1002500.0,1500,7.624645816171368,False,False,6.760848034269626
-2337500.0,1002500.0,1500,6.050790400604104,False,False,7.419520865141193
-2332500.0,1002500.0,1500,-11.473846692980096,False,False,8.037620041748525
-2327500.0,1002500.0,1500,-18.02955228996968,False,False,8.003847955438095
-2322500.0,1002500.0,1500,-4.494903279270591,False,False,7.286501414960115
-2317500.0,1002500.0,1500,0.03472047798365552,False,False,6.500264418126394
-2312500.0,1002500.0,1500,-1.0104778539164865,False,False,5.865649488827134
-2307500.0,1002500.0,1500,6.326669986220864,False,False,5.308231849216257
-2302500.0,1002500.0,1500,19.542284269032553,False,False,4.952030225314575
-2297500.0,1002500.0,1500,49.001238220681024,False,False,4.318654675976789
-2292500.0,1002500.0,1500,72.47508688658593,False,False,3.956063363402369
-2287500.0,1002500.0,1500,42.236085705129405,False,False,4.155361463134468
-2282500.0,1002500.0,1500,54.10595275244181,False,False,3.9631087636065514
-2277500.0,1002500.0,1500,105.32017958502266,False,False,3.6990330299148155
-2272500.0,1002500.0,1500,122.9904902000592,False,False,3.6775614003748855
-2267500.0,1002500.0,1500,145.84148463519136,False,False,3.591448314508148
-2252500.0,1002500.0,1500,151.24298347378775,False,True,3.6578707436134863
-2242500.0,1002500.0,1500,147.89068695019967,False,True,4.097309160140319
-2237500.0,1002500.0,1500,135.4934944361616,False,True,4.413194755002323
-2232500.0,1002500.0,1500,129.9067678818684,False,True,4.387093137492031
-2227500.0,1002500.0,1500,128.6987343562251,False,True,4.27528894086154
-2222500.0,1002500.0,1500,102.27032663439405,False,True,4.3864974916970105
-2217500.0,1002500.0,1500,62.49421486293748,False,True,4.542112136942485
-2212500.0,1002500.0,1500,55.53138686657475,False,True,4.830897450128153
-2207500.0,1002500.0,1500,83.10503867584319,False,True,5.427739460116308
-2202500.0,1002500.0,1500,87.22611385517548,False,True,6.268764318030982
-2197500.0,1002500.0,1500,38.26773404066148,False,True,6.82966981070923
-2192500.0,1002500.0,1500,0.06180606433888347,True,True,6.862968908959794
-2187500.0,1002500.0,1500,7.4559723144828824,True,True,6.652864251528866
-2182500.0,1002500.0,1500,28.608010884909962,True,True,5.933417641523177
-2177500.0,1002500.0,1500,50.55110122721965,False,True,5.219525484246017
-2172500.0,1002500.0,1500,29.40269173616531,False,True,5.812415733987109
-2167500.0,1002500.0,1500,-3.655612831882493,True,True,6.744845369965411
-2162500.0,1002500.0,1500,-2.080952440233476,True,True,6.6665093249201846
-2157500.0,1002500.0,1500,9.923095545082166,True,True,6.37967140945659
-2152500.0,1002500.0,1500,19.976798750132506,False,True,6.587473007945322
-2147500.0,1002500.0,1500,4.3996194814109,True,True,6.6298306883395846
-2142500.0,1002500.0,1500,-16.171208375912514,True,True,6.395611089536577
-2137500.0,1002500.0,1500,-28.27615287652892,True,True,6.129197605979203
-2132500.0,1002500.0,1500,-30.91092331440711,True,True,6.165697317838061
-2127500.0,1002500.0,1500,-22.15266126830095,True,True,6.471223888603523
-2122500.0,1002500.0,1500,-15.058915461445642,True,True,6.532498130866626
-2117500.0,1002500.0,1500,-5.1593611622378575,False,True,5.752775515652477
-2112500.0,1002500.0,1500,8.454931246715041,True,True,4.62918904924977
-2107500.0,1002500.0,1500,9.869805445949101,True,True,4.700921381597171
-2102500.0,1002500.0,1500,19.841243047577752,False,True,5.966025202303839
-2097500.0,1002500.0,1500,49.6388673005698,False,True,6.331141062632706
-2092500.0,1002500.0,1500,87.77345918048479,False,True,4.960220242082803
-2087500.0,1002500.0,1500,114.54547932825284,False,True,3.919582002910759
-2082500.0,1002500.0,1500,115.22579538051463,False,True,4.290144368000799
-2077500.0,1002500.0,1500,63.997586826728444,False,True,5.676932507341991
-2072500.0,1002500.0,1500,32.35003983793891,False,True,6.691228259976299
-2067500.0,1002500.0,1500,23.18540387645357,False,True,6.843671179331935
-2062500.0,1002500.0,1500,35.266187074742824,False,True,6.462980332853045
-2057500.0,1002500.0,1500,106.1492555151199,False,False,5.6449798646542835
-2052500.0,1002500.0,1500,123.95333886069764,False,False,5.25068160548139
-2047500.0,1002500.0,1500,104.57636116498288,False,False,5.276812403188473
-2042500.0,1002500.0,1500,48.570308626171425,False,False,4.421628700459886
-2037500.0,1002500.0,1500,18.467593434927547,False,False,4.061551570338532
-2032500.0,1002500.0,1500,61.43724504034796,False,False,4.590444175577115
-2027500.0,1002500.0,1500,68.7630353674776,False,False,4.348969990618408
-2022500.0,1002500.0,1500,53.849223297532,False,False,4.447689175245115
-2017500.0,1002500.0,1500,63.44407965248652,False,False,4.851522870690155
-2012500.0,1002500.0,1500,82.30254745978945,False,False,4.7544996473243
-2007500.0,1002500.0,1500,88.51054063131637,False,False,4.590512882091446
-2002500.0,1002500.0,1500,81.49191663418064,False,False,4.370915637002462
-1997500.0,1002500.0,1500,70.65335945596352,False,False,4.26342425154395
-1992500.0,1002500.0,1500,61.343121806775855,False,False,4.510478670568966
-1987500.0,1002500.0,1500,59.77142470374769,False,False,4.640728288108434
-1982500.0,1002500.0,1500,62.985133601094496,False,False,4.630105901964059
-1977500.0,1002500.0,1500,65.7526827579743,False,False,4.5100038009161425
-1972500.0,1002500.0,1500,65.36539534879782,False,False,4.108821664827562
-1967500.0,1002500.0,1500,52.143046957659635,False,False,3.845971370159245
-1962500.0,1002500.0,1500,32.6406797643679,False,True,3.836684614761076
-1957500.0,1002500.0,1500,17.675496644600976,False,True,3.9235014753790307
-1952500.0,1002500.0,1500,27.67581092441248,False,False,3.7192714606889874
-1947500.0,1002500.0,1500,62.256446005456226,False,False,3.4508807127438654
-1942500.0,1002500.0,1500,75.00288089595375,False,True,3.4498138812012726
-1937500.0,1002500.0,1500,49.07623805435005,False,False,3.4419519716912497
-1932500.0,1002500.0,1500,37.10653544547405,False,False,3.473829792846347
-1927500.0,1002500.0,1500,37.45604508880858,False,False,3.6916076611283497
-1922500.0,1002500.0,1500,26.0896583919939,False,False,4.026755232643261
-2447500.0,1007500.0,1500,21.169482254197128,False,False,8.610852205726879
-2442500.0,1007500.0,1500,18.322842243930587,False,False,7.42608852071975
-2437500.0,1007500.0,1500,17.982587155270355,False,False,7.375375481256718
-2432500.0,1007500.0,1500,22.81199503886197,False,False,8.026483559475384
-2427500.0,1007500.0,1500,28.14076749351778,False,False,7.89112468323614
-2422500.0,1007500.0,1500,29.898482481113792,False,False,7.020916972222469
-2417500.0,1007500.0,1500,34.06913339520624,False,False,7.0014077393580365
-2412500.0,1007500.0,1500,37.297627168796936,False,False,7.703863565601169
-2407500.0,1007500.0,1500,36.58432205086347,False,False,7.842173446852943
-2402500.0,1007500.0,1500,33.29788519317727,False,False,7.261805355329281
-2397500.0,1007500.0,1500,28.763599507117966,False,False,6.5014485524833585
-2392500.0,1007500.0,1500,25.235591140021874,False,False,6.904107177140617
-2387500.0,1007500.0,1500,17.16878064367579,False,False,7.753846407969718
-2382500.0,1007500.0,1500,12.60315701328233,False,False,7.82099522735974
-2377500.0,1007500.0,1500,4.536761968519943,False,False,7.371477543593462
-2372500.0,1007500.0,1500,-16.4421975643489,False,False,7.000254955075777
-2367500.0,1007500.0,1500,-27.333181359089423,False,False,7.200772103257524
-2362500.0,1007500.0,1500,-24.973652173787794,False,False,7.498552158043547
-2357500.0,1007500.0,1500,-15.10738185708656,False,False,7.432772513787896
-2352500.0,1007500.0,1500,-1.9377133364215204,False,False,7.0202202060602525
-2347500.0,1007500.0,1500,7.2035994102463174,False,False,6.757434645451813
-2342500.0,1007500.0,1500,14.393762726238426,False,False,7.042637449120262
-2337500.0,1007500.0,1500,13.98451772535152,False,False,7.519016206886426
-2332500.0,1007500.0,1500,-1.5387702319147096,False,False,7.602789825334519
-2327500.0,1007500.0,1500,-5.80618640137678,False,False,7.170774328161865
-2322500.0,1007500.0,1500,23.508880611083555,False,False,6.155668000681839
-2317500.0,1007500.0,1500,34.92199430692699,False,False,5.410109166490821
-2312500.0,1007500.0,1500,34.08942840655693,False,False,4.982754474327024
-2307500.0,1007500.0,1500,53.284753031845256,False,False,4.226734596884424
-2302500.0,1007500.0,1500,70.5312580628869,False,False,3.8157418872014404
-2297500.0,1007500.0,1500,104.81620732994071,False,False,3.6657274681825176
-2292500.0,1007500.0,1500,126.49124716005548,False,False,3.7118645224578577
-2287500.0,1007500.0,1500,78.32041690306899,False,False,3.864268398224055
-2282500.0,1007500.0,1500,82.25822752739033,False,False,3.681836676612814
-2277500.0,1007500.0,1500,128.77027977385308,False,False,3.567162533265832
-2272500.0,1007500.0,1500,137.25877377277135,False,False,3.627984540865324
-2267500.0,1007500.0,1500,149.12102674007,False,False,3.717484828866911
-2262500.0,1007500.0,1500,148.34128325277374,False,True,3.9030080037751795
-2257500.0,1007500.0,1500,147.65808789094143,False,True,3.816297551642486
-2252500.0,1007500.0,1500,151.23283340987766,False,True,3.7746029770759693
-2247500.0,1007500.0,1500,150.18164804518614,False,True,3.9754296656583117
-2242500.0,1007500.0,1500,142.9715331406306,False,True,4.233256644746985
-2237500.0,1007500.0,1500,127.92350057655958,False,True,4.495177478704386
-2232500.0,1007500.0,1500,106.27622766477022,False,True,4.551097198869716
-2227500.0,1007500.0,1500,85.68372825781951,False,True,4.303230170296526
-2222500.0,1007500.0,1500,61.28087528253432,False,True,4.333338228028275
-2217500.0,1007500.0,1500,27.107588596713626,False,True,5.1930693159967785
-2212500.0,1007500.0,1500,6.76471724899402,True,True,6.120940963112439
-2207500.0,1007500.0,1500,18.558207298069636,True,True,6.65979738711578
-2202500.0,1007500.0,1500,33.37704702298086,False,True,6.952568198117236
-2197500.0,1007500.0,1500,18.14745388989227,False,True,6.873790574966839
-2192500.0,1007500.0,1500,0.18356232097703296,True,True,6.787301175023765
-2187500.0,1007500.0,1500,4.018532458262129,True,True,7.007354872440461
-2182500.0,1007500.0,1500,19.264836175596333,True,True,6.622214054632992
-2177500.0,1007500.0,1500,44.3327656755943,False,True,5.643577709952083
-2172500.0,1007500.0,1500,25.270272781405414,False,True,5.500741806941664
-2167500.0,1007500.0,1500,-8.699191653371017,True,True,6.0010009593037115
-2162500.0,1007500.0,1500,-4.47333586910199,True,True,6.262807907111032
-2157500.0,1007500.0,1500,-1.0573735316238135,True,True,6.881044731931815
-2152500.0,1007500.0,1500,-6.174761751185738,True,True,7.422644590316329
-2147500.0,1007500.0,1500,-13.5465444355603,True,True,6.921967923921792
-2142500.0,1007500.0,1500,-20.152723313776097,True,True,6.275567040775128
-2137500.0,1007500.0,1500,-24.102268132775663,True,True,6.11124102008923
-2132500.0,1007500.0,1500,-22.113638564524564,True,True,6.223988598493945
-2127500.0,1007500.0,1500,-17.090069348256534,True,True,6.278098784350082
-2122500.0,1007500.0,1500,-15.068840913766708,True,True,6.1648585388635775
-2117500.0,1007500.0,1500,-14.344946409522453,True,True,5.986867553312725
-2112500.0,1007500.0,1500,-8.912348262717243,True,True,5.6306216038855315
-2107500.0,1007500.0,1500,-6.347676722450223,True,True,5.027804116606745
-2102500.0,1007500.0,1500,6.593276006973636,False,True,4.7517142097322855
-2097500.0,1007500.0,1500,43.91526706663038,False,True,4.577386654341754
-2092500.0,1007500.0,1500,84.73354582412442,False,True,4.071991680585013
-2087500.0,1007500.0,1500,92.62436609226681,False,True,4.521329904506812
-2082500.0,1007500.0,1500,89.90725445231453,False,True,5.629730630352318
-2077500.0,1007500.0,1500,51.89741940130718,False,True,6.48521579147358
-2072500.0,1007500.0,1500,9.438321035604181,False,True,6.9191682876129565
-2067500.0,1007500.0,1500,8.48250567893336,False,True,6.894034461090194
-2062500.0,1007500.0,1500,44.58163354567007,False,True,6.509787182102714
-2057500.0,1007500.0,1500,108.2535049419947,False,True,5.78926697103153
-2052500.0,1007500.0,1500,123.76689700554974,False,False,5.5074524943478265
-2047500.0,1007500.0,1500,106.06654009264496,False,True,5.541280452214038
-2042500.0,1007500.0,1500,38.7865071840382,False,True,4.411662935112953
-2037500.0,1007500.0,1500,25.10294070749676,False,False,4.370939757011485
-2032500.0,1007500.0,1500,62.37970466002314,False,False,5.521175001244961
-2027500.0,1007500.0,1500,51.77442629010199,False,False,5.140064921572322
-2022500.0,1007500.0,1500,48.62681504840763,False,False,4.593862982404023
-2017500.0,1007500.0,1500,62.458157226292826,False,False,4.537316848903034
-2012500.0,1007500.0,1500,80.1875543957218,False,False,4.368095160550973
-2007500.0,1007500.0,1500,88.25843169809045,False,False,3.939973373387863
-2002500.0,1007500.0,1500,88.02519905109779,False,False,3.561177459053713
-1997500.0,1007500.0,1500,83.09633780302724,False,False,3.6889780557953085
-1992500.0,1007500.0,1500,67.75031467877209,False,False,4.255872773516301
-1987500.0,1007500.0,1500,59.20499280242599,False,False,4.570804490103893
-1982500.0,1007500.0,1500,71.25990223857306,False,False,4.443706205721342
-1977500.0,1007500.0,1500,72.07974297984902,False,False,4.190803536485337
-1972500.0,1007500.0,1500,67.7662389442433,False,True,3.8017798284608357
-1967500.0,1007500.0,1500,68.85920365018802,False,True,3.548771023451293
-1962500.0,1007500.0,1500,54.394801766851636,False,True,3.6835349115536884
-1957500.0,1007500.0,1500,31.06869186719006,False,True,3.942364955826181
-1952500.0,1007500.0,1500,30.891925616547937,False,True,3.843595356732608
-1947500.0,1007500.0,1500,59.30022315297815,False,True,3.718431457455257
-1942500.0,1007500.0,1500,67.14720727450702,False,True,3.9093996754845532
-1937500.0,1007500.0,1500,38.53132416190881,False,True,3.8835159285730976
-1932500.0,1007500.0,1500,31.206071481713586,False,True,3.736055985733562
-1927500.0,1007500.0,1500,36.029316925094214,False,True,4.014785266901685
-1922500.0,1007500.0,1500,24.91091540941146,False,True,4.4912431877175525
-2447500.0,1012500.0,1500,16.724067210052795,False,False,7.551582514474374
-2442500.0,1012500.0,1500,17.330692123665177,False,False,7.165869232844422
-2437500.0,1012500.0,1500,22.0028152613854,False,False,7.684382681978283
-2432500.0,1012500.0,1500,26.534834034124657,False,False,7.88342490822968
-2427500.0,1012500.0,1500,30.84055683646059,False,False,7.204460363911048
-2422500.0,1012500.0,1500,33.11101641512704,False,False,6.8448022900275385
-2417500.0,1012500.0,1500,38.45426608526944,False,False,7.516245974534816
-2412500.0,1012500.0,1500,43.05417992220137,False,False,7.83954498528815
-2407500.0,1012500.0,1500,38.28977124154897,False,False,7.467924495303553
-2402500.0,1012500.0,1500,30.92791263547603,False,False,6.77134922471605
-2397500.0,1012500.0,1500,27.1538182373232,False,False,6.615179665082435
-2392500.0,1012500.0,1500,19.889587353054306,False,False,7.294836609792991
-2387500.0,1012500.0,1500,12.435133178428325,False,False,7.590574298958673
-2382500.0,1012500.0,1500,14.023531790518991,False,False,7.318196200732064
-2377500.0,1012500.0,1500,11.487193721402068,False,False,7.022099242295549
-2372500.0,1012500.0,1500,-5.507568231773628,False,False,7.258937939389849
-2367500.0,1012500.0,1500,-18.931019910522668,False,False,7.766991253610444
-2362500.0,1012500.0,1500,-14.69976714776822,False,False,7.897170905525726
-2357500.0,1012500.0,1500,0.04739992338635535,False,False,7.459156679935658
-2352500.0,1012500.0,1500,11.951457341442406,False,False,6.732293507466636
-2347500.0,1012500.0,1500,13.38960855887729,False,False,6.590225908213695
-2342500.0,1012500.0,1500,12.844648918894999,False,False,6.982211513826364
-2337500.0,1012500.0,1500,10.510646270300018,False,False,7.173318715994934
-2332500.0,1012500.0,1500,4.190964537121143,False,False,7.05644074006635
-2327500.0,1012500.0,1500,13.10219237052592,False,False,6.3625876288509176
-2322500.0,1012500.0,1500,47.573343672711566,False,False,5.049227686444679
-2317500.0,1012500.0,1500,71.6573861312675,False,False,4.083706860932549
-2312500.0,1012500.0,1500,80.706250607217,False,False,3.8242402107741955
-2307500.0,1012500.0,1500,112.76091575726328,False,False,3.542098546311936
-2302500.0,1012500.0,1500,133.7294009242182,False,False,3.532186657636216
-2297500.0,1012500.0,1500,149.50298171049064,False,False,3.652195322282733
-2292500.0,1012500.0,1500,148.29300748703662,False,False,3.445166987429731
-2287500.0,1012500.0,1500,96.1311827185411,False,False,3.5226063175056406
-2282500.0,1012500.0,1500,101.09651440559847,False,False,3.5833493208456657
-2277500.0,1012500.0,1500,139.22229016151988,False,False,3.507081210601877
-2272500.0,1012500.0,1500,144.59837676741344,False,False,3.6363729388922374
-2267500.0,1012500.0,1500,141.68960734673658,False,True,3.9933684267591207
-2262500.0,1012500.0,1500,116.76480914310496,False,True,4.306389885599741
-2257500.0,1012500.0,1500,123.65797044517592,False,True,4.388843643931127
-2252500.0,1012500.0,1500,145.98453710808457,False,True,4.607024191791761
-2247500.0,1012500.0,1500,152.9015436610657,False,True,4.62748587901976
-2242500.0,1012500.0,1500,153.95377110579105,False,True,4.259803998251146
-2237500.0,1012500.0,1500,129.26257254532882,False,True,3.8438783202163607
-2232500.0,1012500.0,1500,81.87124612931844,False,True,4.365468402451775
-2227500.0,1012500.0,1500,34.20638897439577,True,True,5.243093865053934
-2222500.0,1012500.0,1500,13.87784365730284,True,True,5.81609489255871
-2217500.0,1012500.0,1500,5.063034403819145,True,True,6.3041371486790005
-2212500.0,1012500.0,1500,-3.0729606452262104,True,True,5.959328080653579
-2207500.0,1012500.0,1500,-4.974964260335581,True,True,5.5247244534187745
-2202500.0,1012500.0,1500,-1.7343580214139889,True,True,5.95051194906198
-2197500.0,1012500.0,1500,-2.565153586933333,True,True,6.2352615730508445
-2192500.0,1012500.0,1500,-2.669640132899652,True,True,6.098873296855562
-2187500.0,1012500.0,1500,4.977053461563845,True,True,6.188898209964634
-2182500.0,1012500.0,1500,36.10602232297748,False,True,5.795814822477354
-2177500.0,1012500.0,1500,72.14482961662802,False,True,4.980544242730712
-2172500.0,1012500.0,1500,41.965485563220575,False,True,4.6140059481137525
-2167500.0,1012500.0,1500,-2.3880326014682387,True,True,4.837513552163491
-2162500.0,1012500.0,1500,-4.4894279512559105,True,True,5.613712019245911
-2157500.0,1012500.0,1500,-3.8223287641627324,True,True,6.486191184685961
-2152500.0,1012500.0,1500,-10.46609542701392,True,True,6.135926301336488
-2147500.0,1012500.0,1500,-15.988785184682522,True,True,5.548579120553591
-2142500.0,1012500.0,1500,-13.557061020680045,True,True,5.637540265873447
-2137500.0,1012500.0,1500,-10.18824360098045,True,True,5.536597316975446
-2132500.0,1012500.0,1500,-8.017536592810933,True,True,5.609854080011259
-2127500.0,1012500.0,1500,-5.1602024450814366,True,True,5.285499078205858
-2122500.0,1012500.0,1500,-6.59751317711821,True,True,4.884434052581185
-2117500.0,1012500.0,1500,-6.39615589214598,True,True,5.397759266874916
-2112500.0,1012500.0,1500,-1.8924902887633261,True,True,5.9206981909359895
-2107500.0,1012500.0,1500,-3.340758614970788,True,True,5.369099502488023
-2102500.0,1012500.0,1500,-0.5798799961416328,True,True,4.489670825714541
-2097500.0,1012500.0,1500,21.442152024351874,False,True,4.430642122909866
-2092500.0,1012500.0,1500,52.959071188114095,False,True,4.9264131999619405
-2087500.0,1012500.0,1500,66.92569080918838,False,True,5.774015001875563
-2082500.0,1012500.0,1500,59.254790698535125,False,True,6.505945750803269
-2077500.0,1012500.0,1500,22.391373403463028,False,True,6.946053207887128
-2072500.0,1012500.0,1500,-15.592080899398264,False,True,6.9557868879542
-2067500.0,1012500.0,1500,-5.20674759442606,False,True,6.590667515153745
-2062500.0,1012500.0,1500,44.11354000918014,False,True,6.2469221474512535
-2057500.0,1012500.0,1500,93.62468830255183,False,True,5.759103501605946
-2052500.0,1012500.0,1500,111.39829612621291,False,True,5.55729305264141
-2047500.0,1012500.0,1500,77.95113786791799,False,True,5.621753308360526
-2042500.0,1012500.0,1500,14.173998219103575,False,True,4.558939910584415
-2037500.0,1012500.0,1500,26.246986870270437,False,True,4.772423768314654
-2032500.0,1012500.0,1500,51.88522557779069,False,True,6.154551619306541
-2027500.0,1012500.0,1500,42.751540627097484,False,True,5.898676312508008
-2022500.0,1012500.0,1500,50.96274428292569,False,True,5.112498024220629
-2017500.0,1012500.0,1500,62.72244278581033,False,True,4.497556747311723
-2012500.0,1012500.0,1500,70.03385231762296,False,False,4.143000348965181
-2007500.0,1012500.0,1500,78.22560584901663,False,False,3.6701172811363856
-2002500.0,1012500.0,1500,95.75139662618022,False,False,3.2719638082399323
-1997500.0,1012500.0,1500,105.02063123847272,False,False,3.2998583544301945
-1992500.0,1012500.0,1500,92.05055266915625,False,False,3.535739189779698
-1987500.0,1012500.0,1500,71.01075335738177,False,False,3.8343897558914826
-1982500.0,1012500.0,1500,74.10570908693211,False,False,4.072842205780441
-1977500.0,1012500.0,1500,73.59703031216232,False,True,4.28206298751936
-1972500.0,1012500.0,1500,70.43427250557939,False,True,4.387525616359026
-1967500.0,1012500.0,1500,72.42537806181417,False,True,4.285074272001777
-1962500.0,1012500.0,1500,52.50790978270743,False,True,4.375892737504743
-1957500.0,1012500.0,1500,28.26525738652562,False,True,4.591787177923027
-1952500.0,1012500.0,1500,25.124031181866798,False,True,4.503936579119109
-1947500.0,1012500.0,1500,38.154055390696925,False,True,4.2334753702008365
-1942500.0,1012500.0,1500,40.60076079982695,False,True,4.098559558026411
-1937500.0,1012500.0,1500,23.24783136790014,False,True,4.160061602661409
-1932500.0,1012500.0,1500,24.13791971256751,False,True,4.120103465638126
-1927500.0,1012500.0,1500,41.42907356241558,False,True,4.521787825652231
-1922500.0,1012500.0,1500,39.95415270597936,False,True,4.952646815284931
-2447500.0,1017500.0,1500,13.8680061788967,False,False,7.123452206615366
-2442500.0,1017500.0,1500,16.093006186183604,False,False,7.472042319643973
-2437500.0,1017500.0,1500,21.905759223666248,False,False,7.937736750533093
-2432500.0,1017500.0,1500,26.355138311569185,False,False,7.470403521822181
-2427500.0,1017500.0,1500,29.761284282384064,False,False,6.812286683795695
-2422500.0,1017500.0,1500,33.62322413441437,False,False,7.255374241193412
-2417500.0,1017500.0,1500,37.39979023576305,False,False,8.078793855523188
-2412500.0,1017500.0,1500,39.034349339139574,False,False,7.9159897483925885
-2407500.0,1017500.0,1500,33.77328702552906,False,False,7.1472146575057725
-2402500.0,1017500.0,1500,26.58397766216598,False,False,6.693756980892292
-2397500.0,1017500.0,1500,23.06173307454962,False,False,6.988426303136826
-2392500.0,1017500.0,1500,13.526859302412682,False,False,7.383126938709009
-2387500.0,1017500.0,1500,7.213788675939787,False,False,7.317696907023954
-2382500.0,1017500.0,1500,10.87014468151419,False,False,7.023309102539882
-2377500.0,1017500.0,1500,10.39335020928074,False,False,7.104575879363448
-2372500.0,1017500.0,1500,1.58348439917039,False,False,7.669909668379402
-2367500.0,1017500.0,1500,-5.803831364941939,False,False,7.930781448090692
-2362500.0,1017500.0,1500,-0.3723831985672681,False,False,7.594132971950323
-2357500.0,1017500.0,1500,12.661269567822115,False,False,6.897554258036987
-2352500.0,1017500.0,1500,19.429154125711158,False,False,6.2685143237517105
-2347500.0,1017500.0,1500,27.336166062669083,False,False,6.062083625471611
-2342500.0,1017500.0,1500,29.272322116961654,False,False,6.36847489633512
-2337500.0,1017500.0,1500,10.483788706276814,False,False,6.73350396301488
-2332500.0,1017500.0,1500,-1.1043346935754372,False,False,6.684487533903708
-2327500.0,1017500.0,1500,20.549143450282983,False,False,5.869472378533881
-2322500.0,1017500.0,1500,54.40682789098891,False,False,4.509447397686015
-2317500.0,1017500.0,1500,94.4169132714974,False,False,3.568566770519551
-2312500.0,1017500.0,1500,134.0200342111419,False,False,3.2736946673669984
-2287500.0,1017500.0,1500,114.68909978049021,False,False,3.404699972692282
-2282500.0,1017500.0,1500,124.70401947042434,False,False,3.6753432901936574
-2277500.0,1017500.0,1500,146.6024233203982,False,False,3.5937414140976602
-2272500.0,1017500.0,1500,140.13454030500202,False,True,3.8832750017281032
-2267500.0,1017500.0,1500,127.3764860959675,False,True,4.473436495224435
-2262500.0,1017500.0,1500,109.64558082740261,False,True,4.836086185543316
-2257500.0,1017500.0,1500,97.84201014319906,False,True,5.402879319863205
-2252500.0,1017500.0,1500,102.89731141163729,False,True,5.854759507408497
-2247500.0,1017500.0,1500,116.15128481218186,False,True,5.230508878868737
-2242500.0,1017500.0,1500,126.30987060553262,False,True,4.1482013762709125
-2237500.0,1017500.0,1500,119.98506116419348,False,True,3.8868005460015036
-2232500.0,1017500.0,1500,73.10044727706195,False,True,5.225315438780648
-2227500.0,1017500.0,1500,20.635902086369136,True,True,6.721195265116772
-2222500.0,1017500.0,1500,5.799342693243855,True,True,6.9732716922754365
-2217500.0,1017500.0,1500,3.3926028528718355,True,True,6.81719831235777
-2212500.0,1017500.0,1500,-0.32930277650566353,True,True,6.4943453839882785
-2207500.0,1017500.0,1500,-4.976003182956743,True,True,5.353913012052504
-2202500.0,1017500.0,1500,-7.414766794843869,True,True,4.824426705066019
-2197500.0,1017500.0,1500,-8.539777269590912,True,True,4.9271660488039695
-2192500.0,1017500.0,1500,-3.9733946940887446,True,True,4.653393964986117
-2187500.0,1017500.0,1500,7.7743367518405435,True,True,4.7149603046244115
-2182500.0,1017500.0,1500,33.31786901047616,False,True,4.650390179167867
-2177500.0,1017500.0,1500,63.504164142876036,False,True,4.326244278365561
-2172500.0,1017500.0,1500,40.83419159061852,False,True,4.2795351662104455
-2167500.0,1017500.0,1500,4.254722768145523,True,True,4.524537510302813
-2162500.0,1017500.0,1500,-1.0822259104743064,True,True,5.007955216704897
-2157500.0,1017500.0,1500,-7.192535306866574,True,True,5.2664654688776675
-2152500.0,1017500.0,1500,-12.571571224589448,True,True,4.569441732972444
-2147500.0,1017500.0,1500,-11.284991762628724,True,True,4.3269008827082045
-2142500.0,1017500.0,1500,-3.2611394459092145,True,True,4.880401978025809
-2137500.0,1017500.0,1500,1.0110703938450847,True,True,4.788763363119467
-2132500.0,1017500.0,1500,2.200199004575365,True,True,4.392678110075573
-2127500.0,1017500.0,1500,4.473880399717732,True,True,4.094798171408947
-2122500.0,1017500.0,1500,3.8425574380413687,True,True,4.413725362105885
-2117500.0,1017500.0,1500,6.941251294779107,True,True,5.290916781315545
-2112500.0,1017500.0,1500,13.223384962555578,False,True,5.205178254316654
-2107500.0,1017500.0,1500,8.155881095711138,True,True,4.790031836405464
-2102500.0,1017500.0,1500,5.000695288714713,True,True,5.2643080286181965
-2097500.0,1017500.0,1500,18.235851947756053,False,True,5.7700484812463655
-2092500.0,1017500.0,1500,29.482377546592737,False,True,6.175165528305934
-2087500.0,1017500.0,1500,39.55253787922635,False,True,6.443573434528387
-2082500.0,1017500.0,1500,39.09532185927852,False,True,6.625881498305396
-2077500.0,1017500.0,1500,3.9014738232128687,False,True,7.2227863276564985
-2072500.0,1017500.0,1500,-27.11914598716633,True,True,7.3114438260297625
-2067500.0,1017500.0,1500,-10.20906553000145,False,True,6.722214487134552
-2062500.0,1017500.0,1500,40.71478037927205,False,True,6.018682198132334
-2057500.0,1017500.0,1500,91.40191052128101,False,True,5.251896629526605
-2052500.0,1017500.0,1500,103.63531914398807,False,True,5.113541562074267
-2047500.0,1017500.0,1500,49.857195903706874,False,True,5.284776149791604
-2042500.0,1017500.0,1500,-7.821335079237571,False,True,4.836143553711294
-2037500.0,1017500.0,1500,17.069456138729798,False,True,5.287650084320951
-2032500.0,1017500.0,1500,40.79789723055657,False,True,6.25503631843976
-2027500.0,1017500.0,1500,35.90080934398605,False,True,5.994405475770106
-2022500.0,1017500.0,1500,38.13408915743383,False,True,5.075139543199649
-2017500.0,1017500.0,1500,33.548245000942,False,True,4.1293742050608895
-2012500.0,1017500.0,1500,30.950468108014082,False,True,3.7384791296469144
-2007500.0,1017500.0,1500,42.162246264173035,False,True,3.7579420207469085
-2002500.0,1017500.0,1500,79.79087475064266,False,False,3.7233287227148613
-1997500.0,1017500.0,1500,107.03058380662081,False,False,3.701400597126442
-1992500.0,1017500.0,1500,104.98653802211274,False,False,3.886528021407295
-1987500.0,1017500.0,1500,92.87332449258733,False,False,4.335935631976464
-1982500.0,1017500.0,1500,78.68734119021259,False,True,4.962571517127659
-1977500.0,1017500.0,1500,61.99587503273222,False,True,5.516597603657104
-1972500.0,1017500.0,1500,50.53989284081884,False,True,5.727872741753117
-1967500.0,1017500.0,1500,37.029879219180174,False,True,5.4936320610854485
-1962500.0,1017500.0,1500,19.95779911613806,False,True,5.1952781061749675
-1957500.0,1017500.0,1500,9.905795283132306,False,True,4.76723136953872
-1952500.0,1017500.0,1500,3.902255515169797,False,True,4.327984135337603
-1947500.0,1017500.0,1500,-2.90337231431602,False,True,4.401145253335555
-1942500.0,1017500.0,1500,0.9647457604900778,False,True,4.615925898276815
-1937500.0,1017500.0,1500,6.607708231269797,False,True,4.98809913553437
-1932500.0,1017500.0,1500,17.9823732218371,False,True,5.111354012637461
-1927500.0,1017500.0,1500,38.764726591169605,False,True,5.068677949563109
-1922500.0,1017500.0,1500,44.21557504121637,False,True,4.648072388467691
-2447500.0,1022500.0,1500,12.418988277388888,False,False,7.278928984734174
-2442500.0,1022500.0,1500,13.371314347230769,False,False,7.959071831766577
-2437500.0,1022500.0,1500,16.07323228250348,False,False,7.883510725032602
-2432500.0,1022500.0,1500,19.3999326483979,False,False,6.893178725137121
-2427500.0,1022500.0,1500,24.592641607478313,False,False,6.78148500260218
-2422500.0,1022500.0,1500,31.170480268739283,False,False,7.745100312487913
-2417500.0,1022500.0,1500,34.61867158987446,False,False,8.13958568326951
-2412500.0,1022500.0,1500,32.206413071725805,False,False,7.611961492215316
-2407500.0,1022500.0,1500,26.498408104786932,False,False,6.817343985905559
-2402500.0,1022500.0,1500,22.044377602809323,False,False,6.752377752267424
-2397500.0,1022500.0,1500,16.650424674379966,False,False,7.237305670810007
-2392500.0,1022500.0,1500,10.86802257218687,False,False,7.482419419443524
-2387500.0,1022500.0,1500,9.210064464740013,False,False,7.271574545373106
-2382500.0,1022500.0,1500,9.38528188879815,False,False,6.99977575220061
-2377500.0,1022500.0,1500,8.020582203736023,False,False,7.181708889314292
-2372500.0,1022500.0,1500,3.355037536150143,False,False,7.472766747413782
-2367500.0,1022500.0,1500,2.872069537458051,False,False,7.370550604841751
-2362500.0,1022500.0,1500,13.578491149627363,False,False,6.9011347970922765
-2357500.0,1022500.0,1500,29.85707442863663,False,False,6.334537180675412
-2352500.0,1022500.0,1500,46.587700218932845,False,False,5.696819898342921
-2347500.0,1022500.0,1500,72.55725136277297,False,False,5.20625777804471
-2342500.0,1022500.0,1500,62.78631353813098,False,False,5.509747367697457
-2337500.0,1022500.0,1500,18.99469402800428,False,False,5.921873286094611
-2332500.0,1022500.0,1500,11.500269173917312,False,False,5.718666714082536
-2327500.0,1022500.0,1500,30.024429854768183,False,False,5.123566704032553
-2322500.0,1022500.0,1500,44.98203673390688,False,False,4.455094351118854
-2317500.0,1022500.0,1500,71.57862621392594,False,False,3.9926306517575254
-2312500.0,1022500.0,1500,121.62509358274018,False,False,3.6506584704255114
-2287500.0,1022500.0,1500,134.49960441523558,False,False,3.367796350967098
-2282500.0,1022500.0,1500,126.70752907419512,False,False,3.888491046090155
-2277500.0,1022500.0,1500,120.58012456567577,False,True,3.945279224338142
-2272500.0,1022500.0,1500,121.1881301227135,False,True,4.419041708343476
-2267500.0,1022500.0,1500,119.05710262637754,False,True,5.16496678667233
-2262500.0,1022500.0,1500,124.22256110822933,False,True,5.404416566031297
-2257500.0,1022500.0,1500,81.75751630731304,False,True,5.719283722929277
-2252500.0,1022500.0,1500,36.98138775832115,True,True,5.4487636311679575
-2247500.0,1022500.0,1500,44.2975721432271,True,True,4.885735498722536
-2242500.0,1022500.0,1500,58.76742518077641,False,True,4.906197065828998
-2237500.0,1022500.0,1500,70.0487262446341,False,True,5.649167107037616
-2232500.0,1022500.0,1500,51.163031689288495,False,True,6.845249295330962
-2227500.0,1022500.0,1500,19.884773639132526,True,True,7.274052039780867
-2222500.0,1022500.0,1500,7.172343567258245,True,True,7.052383462026857
-2217500.0,1022500.0,1500,6.004600790317695,True,True,6.971286013949194
-2212500.0,1022500.0,1500,5.658871606613894,True,True,7.015844057606759
-2207500.0,1022500.0,1500,1.4280337078387935,True,True,6.210391005983036
-2202500.0,1022500.0,1500,-2.8266806219662532,True,True,4.86427278396746
-2197500.0,1022500.0,1500,-4.487984062355328,True,True,4.380057180727968
-2192500.0,1022500.0,1500,1.4832441092318662,True,True,4.644907446597145
-2187500.0,1022500.0,1500,15.030230633645461,False,True,4.663034793025394
-2182500.0,1022500.0,1500,27.11589556956771,True,True,4.570964516226789
-2177500.0,1022500.0,1500,38.39617574041388,False,True,4.679437616061037
-2172500.0,1022500.0,1500,26.05083675743047,False,True,4.8539696349824215
-2167500.0,1022500.0,1500,5.328388584649763,True,True,4.644217959281648
-2162500.0,1022500.0,1500,-1.651360405446571,True,True,4.417258642514476
-2157500.0,1022500.0,1500,-9.664787349039146,True,True,4.2334525714067155
-2152500.0,1022500.0,1500,-10.994650991544063,True,True,4.04794797908848
-2147500.0,1022500.0,1500,-6.204880741807807,True,True,4.5752654087152
-2142500.0,1022500.0,1500,0.5174909955484028,True,True,5.066060157639957
-2137500.0,1022500.0,1500,5.545693707948755,True,True,4.713189783352062
-2132500.0,1022500.0,1500,8.166571248100016,True,True,4.241498216597121
-2127500.0,1022500.0,1500,9.818817896741917,True,True,4.531562193371121
-2122500.0,1022500.0,1500,12.581174756851077,True,True,4.997078695958674
-2117500.0,1022500.0,1500,21.80571136561819,False,True,5.00099833665508
-2112500.0,1022500.0,1500,33.14150886237127,True,True,4.824501944239296
-2107500.0,1022500.0,1500,33.06655963482512,False,True,4.775367914250527
-2102500.0,1022500.0,1500,31.032063272997185,False,True,5.157819116413439
-2097500.0,1022500.0,1500,36.486501199340324,False,True,5.791699061684667
-2092500.0,1022500.0,1500,37.600204350401675,False,True,6.36462885136085
-2087500.0,1022500.0,1500,40.467487437139475,False,True,6.418557633963976
-2082500.0,1022500.0,1500,53.79329409222138,False,True,6.175259191939424
-2077500.0,1022500.0,1500,36.33534454925796,False,True,6.486805567980502
-2072500.0,1022500.0,1500,-9.786870197284207,False,True,6.961865120877936
-2067500.0,1022500.0,1500,-18.930859592431013,True,True,6.843613725206039
-2062500.0,1022500.0,1500,10.408462206881042,False,True,6.072506663828836
-2057500.0,1022500.0,1500,63.21107809782667,False,True,4.995410011967486
-2052500.0,1022500.0,1500,73.8968801588752,False,True,4.6004000953692294
-2047500.0,1022500.0,1500,15.81655521454743,False,True,4.49552656001021
-2042500.0,1022500.0,1500,-20.89654822718116,False,True,4.389607196349492
-2037500.0,1022500.0,1500,16.709009865833742,False,True,4.760861854997414
-2032500.0,1022500.0,1500,36.8044701007314,False,True,4.903913435572971
-2027500.0,1022500.0,1500,16.510594294101775,False,True,4.706765882500073
-2022500.0,1022500.0,1500,6.80786892943512,False,True,4.58331769108049
-2017500.0,1022500.0,1500,-10.509234407204302,False,True,4.414528183317209
-2012500.0,1022500.0,1500,-12.113386725964666,False,True,4.517945149849197
-2007500.0,1022500.0,1500,9.65984688807371,False,True,5.020923466247986
-2002500.0,1022500.0,1500,48.33894599486535,False,True,5.29807275193135
-1997500.0,1022500.0,1500,84.77041192378199,False,True,5.353996934609119
-1992500.0,1022500.0,1500,98.08787165183176,False,True,5.425430098602491
-1987500.0,1022500.0,1500,99.57853312220118,False,True,5.530967651871401
-1982500.0,1022500.0,1500,86.55414477431047,False,True,5.615222639050652
-1977500.0,1022500.0,1500,67.38315785521836,False,True,5.666914375577716
-1972500.0,1022500.0,1500,43.59556884314299,False,True,5.609727689788608
-1967500.0,1022500.0,1500,12.918001947423502,False,True,5.215262756984492
-1962500.0,1022500.0,1500,-5.871165913723958,True,True,4.88756208654898
-1957500.0,1022500.0,1500,-12.362246277812591,True,True,4.820195699476725
-1952500.0,1022500.0,1500,-13.277996979158651,False,True,4.698444699230048
-1947500.0,1022500.0,1500,-21.53319974851116,False,True,4.941016077716955
-1942500.0,1022500.0,1500,-18.311092285455253,True,True,5.213321698276046
-1937500.0,1022500.0,1500,-6.5046903531669775,False,True,5.0173186821679305
-1932500.0,1022500.0,1500,2.7162881367895224,False,True,4.550863521969294
-1927500.0,1022500.0,1500,14.758903729423155,False,True,4.250399228377793
-1922500.0,1022500.0,1500,18.136762550739057,False,True,4.070758973749654
-2447500.0,1027500.0,1500,13.72510121811442,False,False,7.766241261495113
-2442500.0,1027500.0,1500,12.898959078893185,False,False,8.230479125699615
-2437500.0,1027500.0,1500,12.350984338968916,False,False,7.515713555303797
-2432500.0,1027500.0,1500,13.851139919745995,False,False,6.685292452747007
-2427500.0,1027500.0,1500,21.947675948261693,False,False,7.065285588866484
-2422500.0,1027500.0,1500,30.387618035819987,False,False,7.690326930361048
-2417500.0,1027500.0,1500,32.76267460289854,False,False,7.5825849614301095
-2412500.0,1027500.0,1500,28.422806961827384,False,False,6.9748995654500945
-2407500.0,1027500.0,1500,23.515429009310665,False,False,6.645310623247452
-2402500.0,1027500.0,1500,22.613228074333094,False,False,7.072040123241024
-2397500.0,1027500.0,1500,14.21071863957869,False,False,7.500802054288123
-2392500.0,1027500.0,1500,10.56454275879103,False,False,7.434675966168815
-2387500.0,1027500.0,1500,15.591700602721264,False,False,6.988480534893977
-2382500.0,1027500.0,1500,13.5234864258308,False,False,6.8379123035770215
-2377500.0,1027500.0,1500,8.90427600892457,False,False,7.09779318998646
-2372500.0,1027500.0,1500,4.373220307966283,False,False,7.238815207972623
-2367500.0,1027500.0,1500,6.202540445480275,False,False,7.05040227831074
-2362500.0,1027500.0,1500,23.755131162065883,False,False,6.493918116371818
-2357500.0,1027500.0,1500,50.065139305660495,False,False,5.900707299627683
-2352500.0,1027500.0,1500,88.96803397007511,False,False,5.030308470592911
-2347500.0,1027500.0,1500,128.34886571072576,False,False,4.408432062826364
-2342500.0,1027500.0,1500,94.80329418687987,False,False,4.801547350227216
-2337500.0,1027500.0,1500,38.697562916256295,False,False,5.195750477464387
-2332500.0,1027500.0,1500,52.396741446168555,False,False,4.916956930207011
-2327500.0,1027500.0,1500,73.26572565233602,False,False,4.431626174296232
-2322500.0,1027500.0,1500,85.61665127558119,False,False,4.11606395696842
-2317500.0,1027500.0,1500,79.88203286855634,False,False,3.9704585645416803
-2312500.0,1027500.0,1500,101.05980504622447,False,False,3.8726257561906756
-2307500.0,1027500.0,1500,137.51857339855127,False,False,3.92039419058131
-2287500.0,1027500.0,1500,131.74583318643187,False,False,3.521578068006063
-2282500.0,1027500.0,1500,114.77007620875565,False,False,4.098077054196668
-2277500.0,1027500.0,1500,95.81807237181874,False,True,4.40145389569731
-2272500.0,1027500.0,1500,84.96379849968658,False,True,4.993380192246765
-2267500.0,1027500.0,1500,75.6728352373655,False,True,5.895726372162747
-2262500.0,1027500.0,1500,71.92415549976165,False,True,5.577134059167059
-2257500.0,1027500.0,1500,39.667757329923944,False,True,4.865913842344347
-2252500.0,1027500.0,1500,5.2640167574775205,True,True,4.951798784021655
-2247500.0,1027500.0,1500,10.909105115695423,True,True,5.340856487889015
-2242500.0,1027500.0,1500,21.37411224330392,True,True,6.0793160586906705
-2237500.0,1027500.0,1500,23.940921909427583,True,True,6.90734723974595
-2232500.0,1027500.0,1500,18.906691917740144,True,True,7.26824805159394
-2227500.0,1027500.0,1500,9.732330710111324,True,True,6.832750050957785
-2222500.0,1027500.0,1500,3.2370037845595094,True,True,6.232136630360225
-2217500.0,1027500.0,1500,5.679545392851997,True,True,5.905223356849251
-2212500.0,1027500.0,1500,9.486870856868778,False,True,5.7703065488680245
-2207500.0,1027500.0,1500,8.254329951452876,False,True,5.5659354102288825
-2202500.0,1027500.0,1500,4.553767250475261,True,True,5.023284958496546
-2197500.0,1027500.0,1500,1.5470916196877973,True,True,4.4926389968635405
-2192500.0,1027500.0,1500,7.359363434415978,True,True,5.031318906751302
-2187500.0,1027500.0,1500,22.578056895641822,True,True,5.489138160430171
-2182500.0,1027500.0,1500,32.72891451565682,True,True,5.303892066413912
-2177500.0,1027500.0,1500,31.963881221693747,True,True,5.281019158944769
-2172500.0,1027500.0,1500,19.059651441996454,True,True,4.719448587491768
-2167500.0,1027500.0,1500,4.387691326146863,True,True,4.116929333212348
-2162500.0,1027500.0,1500,-3.5952061996218325,True,True,3.9295590870589923
-2157500.0,1027500.0,1500,-8.486293082317413,True,True,3.8533789597098513
-2152500.0,1027500.0,1500,-6.680526185726609,True,True,4.240138092143662
-2147500.0,1027500.0,1500,-2.0458221183326453,True,True,4.941727007240558
-2142500.0,1027500.0,1500,2.8188395567168065,True,True,5.420067376110297
-2137500.0,1027500.0,1500,9.559281041778513,True,True,5.487817655277325
-2132500.0,1027500.0,1500,12.696199258249674,True,True,5.502770234840464
-2127500.0,1027500.0,1500,12.718399116322276,True,True,4.990902085890085
-2122500.0,1027500.0,1500,17.870778842762384,True,True,4.622737648683765
-2117500.0,1027500.0,1500,32.42577601731603,False,True,5.195595708453015
-2112500.0,1027500.0,1500,49.43302456095071,False,True,5.78786381960731
-2107500.0,1027500.0,1500,55.9998903786109,False,True,5.36562465954837
-2102500.0,1027500.0,1500,53.51845466910654,False,True,4.6806024892795675
-2097500.0,1027500.0,1500,46.28207786771212,False,True,4.714604988621008
-2092500.0,1027500.0,1500,43.5524588178947,False,True,5.034865535218421
-2087500.0,1027500.0,1500,46.87039540577953,False,True,5.448091133972351
-2082500.0,1027500.0,1500,56.1279985155181,False,True,5.494266644066913
-2077500.0,1027500.0,1500,52.05808602510504,False,True,5.421915139360805
-2072500.0,1027500.0,1500,8.62853486988695,False,True,5.7572355021769175
-2067500.0,1027500.0,1500,-20.38377377105025,True,True,5.932355060501784
-2062500.0,1027500.0,1500,-19.933974813916578,True,True,5.656284082327554
-2057500.0,1027500.0,1500,5.633057493011547,False,True,5.0293488388415195
-2052500.0,1027500.0,1500,9.801331004883533,False,True,4.638103200408468
-2047500.0,1027500.0,1500,-18.291007482267588,True,True,4.429976051712118
-2042500.0,1027500.0,1500,-9.550707516956923,True,True,4.213276246781051
-2037500.0,1027500.0,1500,35.732207368586536,False,True,3.937213182999544
-2032500.0,1027500.0,1500,44.04146864979822,False,True,3.404495942248104
-2027500.0,1027500.0,1500,4.627853500667619,False,True,3.6495349767186767
-2022500.0,1027500.0,1500,-20.55819344247044,False,True,4.780574975466328
-2017500.0,1027500.0,1500,-30.43436163341844,False,True,5.541790874570594
-2012500.0,1027500.0,1500,-11.530179056703549,False,True,5.872822829096071
-2007500.0,1027500.0,1500,22.80021931431672,False,True,6.376210455512702
-2002500.0,1027500.0,1500,45.04464193917763,False,True,6.595670579976003
-1997500.0,1027500.0,1500,64.486772031455,False,True,6.323903518743271
-1992500.0,1027500.0,1500,80.69744647078089,False,True,5.839511841813591
-1987500.0,1027500.0,1500,86.23985710713016,False,True,5.446593891238155
-1982500.0,1027500.0,1500,77.25335277354571,False,True,5.086411329578602
-1977500.0,1027500.0,1500,60.30785366587197,False,True,4.60718994793301
-1972500.0,1027500.0,1500,30.52431583551005,False,True,4.584559000492806
-1967500.0,1027500.0,1500,-4.513809445287649,True,True,4.910464906623659
-1962500.0,1027500.0,1500,-26.84876210353804,True,True,4.920547299586209
-1957500.0,1027500.0,1500,-37.39821944203767,True,True,4.8894860725924545
-1952500.0,1027500.0,1500,-34.18866912899289,True,True,4.644013257734863
-1947500.0,1027500.0,1500,-31.677402145064722,True,True,4.434489427063833
-1942500.0,1027500.0,1500,-29.873025173870115,True,True,4.596023822462463
-1937500.0,1027500.0,1500,-28.025204419282908,False,True,4.326081880312907
-1932500.0,1027500.0,1500,-28.215101614686258,True,True,3.8301544588951377
-1927500.0,1027500.0,1500,-23.651968434124683,True,True,3.8251049696716484
-1922500.0,1027500.0,1500,-21.996518039852305,True,True,4.311176368512784
-2447500.0,1032500.0,1500,17.747805356865577,False,False,8.1597472641835
-2442500.0,1032500.0,1500,17.70675540927772,False,False,7.952335948085101
-2437500.0,1032500.0,1500,16.274915663325505,False,False,6.968759753662232
-2432500.0,1032500.0,1500,15.779966939503888,False,False,6.765074918522027
-2427500.0,1032500.0,1500,23.50887218531595,False,False,7.26860462300059
-2422500.0,1032500.0,1500,31.56907123586019,False,False,7.408774930071549
-2417500.0,1032500.0,1500,29.68555357786091,False,False,7.099236467204124
-2412500.0,1032500.0,1500,26.661662395739643,False,False,6.725747940854671
-2407500.0,1032500.0,1500,29.775186606272246,False,False,6.750016024594204
-2402500.0,1032500.0,1500,25.62848777807795,False,False,7.106040447681734
-2397500.0,1032500.0,1500,12.181350744129276,False,False,7.26657889450565
-2392500.0,1032500.0,1500,12.538423375825971,False,False,6.970849909567079
-2387500.0,1032500.0,1500,19.320958605640136,False,False,6.752790940683861
-2382500.0,1032500.0,1500,16.051729492787285,False,False,6.942514754333857
-2377500.0,1032500.0,1500,8.688840358456725,False,False,7.200604215796078
-2372500.0,1032500.0,1500,3.2883220387884347,False,False,7.192671268420167
-2367500.0,1032500.0,1500,5.829460892908449,False,False,6.760418660230142
-2362500.0,1032500.0,1500,25.796628527240607,False,False,6.149435311200344
-2357500.0,1032500.0,1500,54.99861617990136,False,False,5.752841299045038
-2352500.0,1032500.0,1500,99.91689414764741,False,False,4.925108401384352
-2342500.0,1032500.0,1500,123.87419693003646,False,False,4.316606206353566
-2337500.0,1032500.0,1500,67.28834954592284,False,False,4.798900842762864
-2332500.0,1032500.0,1500,93.73535896092335,False,False,4.464623097717228
-2327500.0,1032500.0,1500,118.90165458678771,False,False,3.8393768620734456
-2317500.0,1032500.0,1500,134.2510937126018,False,False,3.52830790724804
-2287500.0,1032500.0,1500,132.9364655556581,False,False,3.478648807901408
-2282500.0,1032500.0,1500,127.99334613938969,False,True,4.00562377419746
-2277500.0,1032500.0,1500,111.18717018194708,False,True,4.529951951700685
-2272500.0,1032500.0,1500,81.23829656595733,False,True,5.11343072378329
-2267500.0,1032500.0,1500,37.39381624217078,False,True,6.013206228658952
-2262500.0,1032500.0,1500,7.857004620319352,True,True,5.815856965440218
-2257500.0,1032500.0,1500,2.468250537759517,True,True,5.264385567456538
-2252500.0,1032500.0,1500,-4.416179062846785,True,True,5.958999226405804
-2247500.0,1032500.0,1500,-0.5028221468357278,True,True,6.223766405225707
-2242500.0,1032500.0,1500,10.182456414599343,True,True,6.213443844200438
-2237500.0,1032500.0,1500,12.110497046418324,True,True,6.3561747676734495
-2232500.0,1032500.0,1500,6.60776473211292,True,True,6.237671426389949
-2227500.0,1032500.0,1500,-0.15753766327599183,True,True,5.702240563977218
-2222500.0,1032500.0,1500,-3.312271782289264,True,True,5.029667417454272
-2217500.0,1032500.0,1500,2.230828535508981,True,True,5.093246641148517
-2212500.0,1032500.0,1500,10.073492772971441,True,True,5.559239820895889
-2207500.0,1032500.0,1500,11.866804653465056,True,True,5.572308250694107
-2202500.0,1032500.0,1500,8.829348391546242,True,True,5.641253076778607
-2197500.0,1032500.0,1500,6.228017915675539,True,True,5.1437672596682
-2192500.0,1032500.0,1500,9.400165791206424,True,True,5.128785640658825
-2187500.0,1032500.0,1500,17.922924904898586,True,True,5.89462241769788
-2182500.0,1032500.0,1500,24.27159594833793,True,True,5.776526014964212
-2177500.0,1032500.0,1500,23.295156548386867,True,True,5.053629560704044
-2172500.0,1032500.0,1500,14.949026568419198,True,True,3.968096801135743
-2167500.0,1032500.0,1500,4.783446266697382,True,True,3.605929460145034
-2162500.0,1032500.0,1500,-2.9563036407291294,True,True,3.6869569589595312
-2157500.0,1032500.0,1500,-5.283186684755133,True,True,3.8977666455013096
-2152500.0,1032500.0,1500,-0.5940666307115428,True,True,4.727617360909612
-2147500.0,1032500.0,1500,4.602906802888787,True,True,5.442729627702034
-2142500.0,1032500.0,1500,9.710096034494,True,True,5.880598710967991
-2137500.0,1032500.0,1500,15.335319383433694,True,True,6.0602328610996485
-2132500.0,1032500.0,1500,15.305128603402183,True,True,5.386213442044203
-2127500.0,1032500.0,1500,15.352889185051467,True,True,4.732839261606253
-2122500.0,1032500.0,1500,23.837266181141548,False,True,5.31898009427076
-2117500.0,1032500.0,1500,41.07244843654941,False,True,6.130604419066835
-2112500.0,1032500.0,1500,53.7906488976904,False,True,6.30285982823688
-2107500.0,1032500.0,1500,49.34144590796827,False,True,6.075238879204447
-2102500.0,1032500.0,1500,41.56289119304345,False,True,5.69928203465862
-2097500.0,1032500.0,1500,38.15956151915759,False,True,5.1123383071070485
-2092500.0,1032500.0,1500,37.58229959509257,False,True,4.599189771263893
-2087500.0,1032500.0,1500,36.489925051847564,False,True,4.487585602293293
-2082500.0,1032500.0,1500,37.58961313555252,False,True,4.531947325334692
-2077500.0,1032500.0,1500,31.34290139025192,False,True,4.810477534233111
-2072500.0,1032500.0,1500,2.7666734040528485,False,True,5.225771086725754
-2067500.0,1032500.0,1500,-18.26959854827122,True,True,5.433519035928457
-2062500.0,1032500.0,1500,-26.239435873680897,True,True,5.541538687759058
-2057500.0,1032500.0,1500,-25.373627295817695,True,True,5.48408462930642
-2052500.0,1032500.0,1500,-27.34146006599513,False,True,5.527961062625
-2047500.0,1032500.0,1500,-28.045595740212676,True,True,5.487323567637171
-2042500.0,1032500.0,1500,-7.088263451434744,False,True,5.179678468758973
-2037500.0,1032500.0,1500,12.311147580465185,True,True,4.745198343817654
-2032500.0,1032500.0,1500,14.155800906200987,True,True,4.706712859200663
-2027500.0,1032500.0,1500,-6.65980802721202,True,True,5.2079543942599384
-2022500.0,1032500.0,1500,-26.73033146547978,True,True,5.401331749653135
-2017500.0,1032500.0,1500,-17.87537197232212,True,True,5.13785858345072
-2012500.0,1032500.0,1500,13.976666650435375,False,True,4.861145861354983
-2007500.0,1032500.0,1500,38.02554280063701,False,True,5.273549144911499
-2002500.0,1032500.0,1500,37.64969299949776,False,True,6.0696955711192775
-1997500.0,1032500.0,1500,36.59992732662973,False,True,6.230277095681457
-1992500.0,1032500.0,1500,47.8247374576082,False,True,5.6190337513664375
-1987500.0,1032500.0,1500,51.0213730825636,False,True,4.67309235166399
-1982500.0,1032500.0,1500,36.531249979868434,False,True,4.190676680026937
-1977500.0,1032500.0,1500,12.105699172273683,False,True,4.026144824756008
-1972500.0,1032500.0,1500,-13.531848456375641,True,True,4.005996834572938
-1967500.0,1032500.0,1500,-30.340592660592122,True,True,4.5175279997309525
-1962500.0,1032500.0,1500,-38.03898221685226,True,True,4.7536003052346
-1957500.0,1032500.0,1500,-39.54780034370516,True,True,4.374354933344527
-1952500.0,1032500.0,1500,-35.495038505988376,True,True,3.812274156060305
-1947500.0,1032500.0,1500,-32.71611156316791,True,True,3.6614997964380724
-1942500.0,1032500.0,1500,-37.65947454219196,True,True,3.874053702602334
-1937500.0,1032500.0,1500,-44.86208070316225,True,True,4.155754348636897
-1932500.0,1032500.0,1500,-45.53390616476065,True,True,4.629837586355007
-1927500.0,1032500.0,1500,-44.766877899350604,True,True,5.02036806891433
-1922500.0,1032500.0,1500,-48.46547870924533,True,True,5.153358572018034
-2447500.0,1037500.0,1500,22.242808994034032,False,False,7.884011514332109
-2442500.0,1037500.0,1500,26.728364612246352,False,False,7.167814833027564
-2437500.0,1037500.0,1500,25.926765341976502,False,False,6.64828160073205
-2432500.0,1037500.0,1500,21.345248767595674,False,False,7.035674195722984
-2427500.0,1037500.0,1500,25.407273496838375,False,False,7.3563845034914275
-2422500.0,1037500.0,1500,31.414267728857535,False,False,7.212385705365132
-2417500.0,1037500.0,1500,29.526803720187907,False,False,6.613588958672341
-2412500.0,1037500.0,1500,30.36922254813772,False,False,6.438485833393948
-2407500.0,1037500.0,1500,33.02932791009531,False,False,6.811678592286086
-2402500.0,1037500.0,1500,17.67646049858248,False,False,6.989308843730315
-2397500.0,1037500.0,1500,6.263373028971195,False,False,6.947665986941734
-2392500.0,1037500.0,1500,14.234213531228468,False,False,6.767434770599486
-2387500.0,1037500.0,1500,18.639699409653396,False,False,6.853959899901567
-2382500.0,1037500.0,1500,15.261601478093182,False,False,7.037120379388805
-2377500.0,1037500.0,1500,7.051914268856718,False,False,7.044357579925313
-2372500.0,1037500.0,1500,0.7106742698932142,False,False,6.827107713256618
-2367500.0,1037500.0,1500,2.4470743511941886,False,False,6.450002714816266
-2362500.0,1037500.0,1500,15.456988975830528,False,False,6.4249767584829485
-2357500.0,1037500.0,1500,38.87688054519986,False,False,6.365966588330409
-2352500.0,1037500.0,1500,70.86080632080161,False,False,5.454624084697487
-2347500.0,1037500.0,1500,126.27432383048038,False,False,4.321416700609719
-2342500.0,1037500.0,1500,128.59466162929496,False,False,4.220014337573538
-2337500.0,1037500.0,1500,103.20623174336254,False,False,4.438278330003865
-2317500.0,1037500.0,1500,171.76242841622525,False,False,3.234577776966441
-2282500.0,1037500.0,1500,132.1465882040696,False,True,3.7012574212766456
-2277500.0,1037500.0,1500,108.00057113396099,False,True,4.323075883806829
-2272500.0,1037500.0,1500,80.02936319589415,False,True,4.643811064268592
-2267500.0,1037500.0,1500,56.996737671573236,False,True,5.028981898376452
-2262500.0,1037500.0,1500,33.38499783466375,True,True,5.55725166716784
-2257500.0,1037500.0,1500,10.508598492862651,True,True,6.013415760292425
-2252500.0,1037500.0,1500,-6.1998277712378815,True,True,6.154954229950956
-2247500.0,1037500.0,1500,-9.1546641998406,True,True,6.01827548036096
-2242500.0,1037500.0,1500,-0.7421132597742086,True,True,5.823204959832575
-2237500.0,1037500.0,1500,5.95149490749247,True,True,5.4960034899320025
-2232500.0,1037500.0,1500,5.167077569430938,True,True,5.369153717877094
-2227500.0,1037500.0,1500,0.9009022357542907,True,True,5.177708229214576
-2222500.0,1037500.0,1500,-1.9977081311788543,True,True,4.901430850016748
-2217500.0,1037500.0,1500,1.9022686230226284,True,True,5.316478153372049
-2212500.0,1037500.0,1500,8.58741556862442,True,True,6.2377644309242815
-2207500.0,1037500.0,1500,9.18307396372703,True,True,6.313435836315131
-2202500.0,1037500.0,1500,7.919787119872762,True,True,5.921831036215098
-2197500.0,1037500.0,1500,9.42708258371447,True,True,5.407707356797658
-2192500.0,1037500.0,1500,9.886242490158905,True,True,5.043308980533251
-2187500.0,1037500.0,1500,11.214631827316463,True,True,5.162031213399316
-2182500.0,1037500.0,1500,14.076586648108531,True,True,4.641109609097044
-2177500.0,1037500.0,1500,12.813644932731371,True,True,3.999247604361294
-2172500.0,1037500.0,1500,7.388479619922681,True,True,3.9965405669059715
-2167500.0,1037500.0,1500,1.260026046305044,True,True,4.206985553882048
-2162500.0,1037500.0,1500,-3.3458740860972824,True,True,4.446985283849417
-2157500.0,1037500.0,1500,-1.1095054061450518,True,True,4.917036664958907
-2152500.0,1037500.0,1500,6.220389654295876,True,True,5.739492043895515
-2147500.0,1037500.0,1500,11.130624931020607,True,True,6.409253691898824
-2142500.0,1037500.0,1500,13.836031329865133,True,True,5.873081701751422
-2137500.0,1037500.0,1500,15.909818924000358,True,True,4.972655204019058
-2132500.0,1037500.0,1500,17.27291292194256,True,True,4.684407681586552
-2127500.0,1037500.0,1500,21.29791888859621,True,True,5.364507034068366
-2122500.0,1037500.0,1500,31.879870455457194,False,True,6.195309525502253
-2117500.0,1037500.0,1500,49.28737810456303,False,True,5.9954549820906715
-2112500.0,1037500.0,1500,47.85472166225384,False,True,5.944049263212072
-2107500.0,1037500.0,1500,30.518263191280614,True,True,6.304566240164004
-2102500.0,1037500.0,1500,22.17578269534332,True,True,6.395121147167286
-2097500.0,1037500.0,1500,16.887840293015486,True,True,6.140718219754435
-2092500.0,1037500.0,1500,22.44536631262211,True,True,5.5344660198926245
-2087500.0,1037500.0,1500,34.48412059554099,False,True,4.7227229881603785
-2082500.0,1037500.0,1500,34.8927875046632,False,True,4.611494077535649
-2077500.0,1037500.0,1500,19.618220577367687,False,True,5.061806882636806
-2072500.0,1037500.0,1500,-4.550657249574754,False,True,5.194531136971468
-2067500.0,1037500.0,1500,-20.78184411046961,True,True,5.564380339161907
-2062500.0,1037500.0,1500,-29.02359382625034,True,True,6.3376833365064895
-2057500.0,1037500.0,1500,-36.68761477865339,True,True,6.687305609517397
-2052500.0,1037500.0,1500,-42.98628005787247,True,True,6.2840655575517355
-2047500.0,1037500.0,1500,-40.613730822939495,True,True,5.584998371040118
-2042500.0,1037500.0,1500,-27.86095186180915,True,True,5.872154292063804
-2037500.0,1037500.0,1500,-23.32851140955903,True,True,6.561844874246994
-2032500.0,1037500.0,1500,-22.04920505488283,True,True,7.043772687205182
-2027500.0,1037500.0,1500,-23.26921254401592,True,True,7.20604406475096
-2022500.0,1037500.0,1500,-26.19345110801668,True,True,6.4789092150702
-2017500.0,1037500.0,1500,-13.158986914570532,True,True,5.561305926806093
-2012500.0,1037500.0,1500,5.633763140916134,False,True,4.910350448950151
-2007500.0,1037500.0,1500,12.891747931139381,False,True,4.77055362964901
-2002500.0,1037500.0,1500,7.352269197422432,False,True,5.335813570584104
-1997500.0,1037500.0,1500,8.787361027087236,False,True,5.541941167054701
-1992500.0,1037500.0,1500,15.72127519910533,False,True,4.742642017722972
-1987500.0,1037500.0,1500,4.125014539414353,False,True,3.8013549958463235
-1982500.0,1037500.0,1500,-14.807973051882492,True,True,3.85545888212948
-1977500.0,1037500.0,1500,-27.59826535054438,True,True,4.216760718064068
-1972500.0,1037500.0,1500,-30.9893595351457,True,True,3.9010753274992824
-1967500.0,1037500.0,1500,-25.64427446390411,True,True,3.7219982202558213
-1962500.0,1037500.0,1500,-22.614653664070662,True,True,4.108127719263393
-1957500.0,1037500.0,1500,-17.9074920132169,True,True,4.593492697202625
-1952500.0,1037500.0,1500,-9.103641138836128,True,True,4.690561447736396
-1947500.0,1037500.0,1500,-5.678833938528999,True,True,4.135490300412283
-1942500.0,1037500.0,1500,-17.75720421738294,True,True,4.053292527284428
-1937500.0,1037500.0,1500,-29.879411496502758,True,True,4.824085746819733
-1932500.0,1037500.0,1500,-30.84214280764097,True,True,5.701719914687459
-1927500.0,1037500.0,1500,-34.2330674794127,True,True,6.379611951075528
-1922500.0,1037500.0,1500,-33.29648285230281,True,True,5.96562307013162
-2447500.0,1042500.0,1500,30.529738572547224,False,False,7.157806730571917
-2442500.0,1042500.0,1500,35.541996713916134,False,False,6.620076319882796
-2437500.0,1042500.0,1500,33.604548810065936,False,False,6.794802917495731
-2432500.0,1042500.0,1500,25.901911546006332,False,False,7.271781756089233
-2427500.0,1042500.0,1500,25.652108420610276,False,False,7.2272980308753265
-2422500.0,1042500.0,1500,29.88526876371514,False,False,6.737645763935954
-2417500.0,1042500.0,1500,30.623576430417405,False,False,6.305538179731077
-2412500.0,1042500.0,1500,27.908858112975285,False,False,6.57101170084885
-2407500.0,1042500.0,1500,18.17645581780151,False,False,7.00188406033924
-2402500.0,1042500.0,1500,6.147485408979271,False,False,7.046527275148147
-2397500.0,1042500.0,1500,7.710544411482944,False,False,6.788618162908007
-2392500.0,1042500.0,1500,15.66246768593772,False,False,6.708731848201659
-2387500.0,1042500.0,1500,17.514258965477303,False,False,6.905372087267305
-2382500.0,1042500.0,1500,14.482863039335585,False,False,6.9928146546371215
-2377500.0,1042500.0,1500,7.029443285039602,False,False,6.879354017335248
-2372500.0,1042500.0,1500,1.4814219061569003,False,False,6.5757809622267756
-2367500.0,1042500.0,1500,1.5769832296501334,False,False,6.599754538458126
-2362500.0,1042500.0,1500,5.22677517967942,False,False,7.093547708449805
-2357500.0,1042500.0,1500,15.484172437813546,False,False,7.182900470873889
-2352500.0,1042500.0,1500,32.043713839530504,False,False,6.250428771479515
-2347500.0,1042500.0,1500,56.0019979352005,False,False,5.150334216425648
-2342500.0,1042500.0,1500,72.46216721367037,False,False,4.938180631101425
-2337500.0,1042500.0,1500,81.0283677211278,False,False,4.720770488590069
-2332500.0,1042500.0,1500,114.90353567414284,False,False,3.9122796706779686
-2282500.0,1042500.0,1500,117.89117516856798,False,False,3.3704472739463824
-2277500.0,1042500.0,1500,101.11560512420365,False,True,3.6961370584094806
-2272500.0,1042500.0,1500,103.4291313240124,False,True,3.802017467885831
-2267500.0,1042500.0,1500,105.95197898925966,False,True,4.140231888704632
-2262500.0,1042500.0,1500,61.056379067624356,False,True,5.049606772103881
-2257500.0,1042500.0,1500,9.835780954888575,True,True,5.748349563457596
-2252500.0,1042500.0,1500,-5.3680640145789535,True,True,5.715707991114719
-2247500.0,1042500.0,1500,-11.922385032130254,True,True,5.825305162382032
-2242500.0,1042500.0,1500,-4.712902402100899,True,True,5.8702179937738626
-2237500.0,1042500.0,1500,4.677916212205145,True,True,5.842372210787462
-2232500.0,1042500.0,1500,14.621870573794205,True,True,5.781164368039674
-2227500.0,1042500.0,1500,19.660255867627008,False,True,5.648910043438865
-2222500.0,1042500.0,1500,10.184162099711953,True,True,5.670144846160257
-2217500.0,1042500.0,1500,5.146894924018164,True,True,5.618307773230172
-2212500.0,1042500.0,1500,9.168839140676743,True,True,5.621242153130256
-2207500.0,1042500.0,1500,6.878704370568459,True,True,5.415633748061165
-2202500.0,1042500.0,1500,6.086526770706991,True,True,5.175644451296104
-2197500.0,1042500.0,1500,11.255725826362617,True,True,5.053439858027621
-2192500.0,1042500.0,1500,12.149330629373365,True,True,4.473922663397194
-2187500.0,1042500.0,1500,11.746469502517629,True,True,3.899235278842555
-2182500.0,1042500.0,1500,12.4807058712873,True,True,3.7790746644991597
-2177500.0,1042500.0,1500,9.814035733844094,True,True,4.719831869268512
-2172500.0,1042500.0,1500,5.3595068706771025,True,True,5.754803456710233
-2167500.0,1042500.0,1500,1.1860773617307223,True,True,5.809161133526819
-2162500.0,1042500.0,1500,-0.046191298806278924,True,True,5.692142203322242
-2157500.0,1042500.0,1500,5.266713240066346,True,True,6.027588796843459
-2152500.0,1042500.0,1500,12.0220470285714,True,True,6.415039203674914
-2147500.0,1042500.0,1500,13.766991632791042,True,True,6.034816224157668
-2142500.0,1042500.0,1500,13.564227714682323,True,True,5.142250238184829
-2137500.0,1042500.0,1500,14.4534649399718,True,True,4.824717015217409
-2132500.0,1042500.0,1500,18.414679181879517,True,True,5.457705046341614
-2127500.0,1042500.0,1500,23.58769755477254,True,True,5.929511218433358
-2122500.0,1042500.0,1500,31.998785576947075,False,True,5.883767051621706
-2117500.0,1042500.0,1500,45.84193360543695,False,True,5.597487909948433
-2112500.0,1042500.0,1500,37.72345465633091,False,True,5.6750182754596885
-2107500.0,1042500.0,1500,22.222089907885856,True,True,6.289149831143552
-2102500.0,1042500.0,1500,19.13421719665773,True,True,6.558486069310597
-2097500.0,1042500.0,1500,12.896270392589997,True,True,6.472605171329917
-2092500.0,1042500.0,1500,12.720305436900773,True,True,6.194685594547171
-2087500.0,1042500.0,1500,25.645929785379902,False,True,5.927798930997693
-2082500.0,1042500.0,1500,31.737285706056937,False,True,5.840118533910063
-2077500.0,1042500.0,1500,17.81919071697915,True,True,5.220980381279546
-2072500.0,1042500.0,1500,-4.32968397221159,True,True,4.737525251137389
-2067500.0,1042500.0,1500,-24.791860689110674,True,True,4.978710613596638
-2062500.0,1042500.0,1500,-36.09904491616433,True,True,6.050206579270871
-2057500.0,1042500.0,1500,-40.802643616040186,True,True,6.326336262707052
-2052500.0,1042500.0,1500,-45.344357693689126,True,True,5.50413613375399
-2047500.0,1042500.0,1500,-44.872838748685055,True,True,5.697313417810638
-2042500.0,1042500.0,1500,-36.34093516785872,True,True,6.812922065053387
-2037500.0,1042500.0,1500,-27.05626220718704,True,True,7.696267552271916
-2032500.0,1042500.0,1500,-22.428345352053352,True,True,7.805781855403019
-2027500.0,1042500.0,1500,-23.818680431644754,True,True,7.628346132827885
-2022500.0,1042500.0,1500,-24.40118759645096,True,True,7.277823965987204
-2017500.0,1042500.0,1500,-21.855690493978155,True,True,6.880801539400246
-2012500.0,1042500.0,1500,-19.38497813351048,True,True,6.474660092881906
-2007500.0,1042500.0,1500,-18.30979444031427,True,True,5.9933778470969745
-2002500.0,1042500.0,1500,-18.403314254677152,True,True,5.720120859615555
-1997500.0,1042500.0,1500,-14.79109401871436,True,True,5.0820048193100815
-1992500.0,1042500.0,1500,-15.173645254771209,True,True,4.019525249980979
-1987500.0,1042500.0,1500,-24.8226009928312,True,True,3.5415441675245414
-1982500.0,1042500.0,1500,-27.154261190684963,True,True,4.0106013579158555
-1977500.0,1042500.0,1500,-18.9962597214447,True,True,4.628672697028075
-1972500.0,1042500.0,1500,-7.391023543239109,True,True,4.750589445883813
-1967500.0,1042500.0,1500,-0.8334654067196865,False,True,4.957163777860411
-1962500.0,1042500.0,1500,-3.3826386057049236,True,True,5.461355540249083
-1957500.0,1042500.0,1500,-2.4887981713375824,True,True,5.842633778187399
-1952500.0,1042500.0,1500,6.986201306281512,True,True,5.188978145532913
-1947500.0,1042500.0,1500,10.144799439257161,True,True,4.457047702276208
-1942500.0,1042500.0,1500,-2.781637256147697,True,True,5.2291162581595785
-1937500.0,1042500.0,1500,-10.81751594016692,True,True,6.03237360292402
-1932500.0,1042500.0,1500,-10.32426168838596,True,True,6.429513949852061
-1927500.0,1042500.0,1500,-11.539362153038855,True,True,6.906706912040303
-1922500.0,1042500.0,1500,1.6793745315395712,True,True,6.175450021211598
-2447500.0,1047500.0,1500,37.44067880743767,False,False,6.707008662109243
-2442500.0,1047500.0,1500,39.06301119478994,False,False,6.611364217977476
-2437500.0,1047500.0,1500,36.894543237744514,False,False,7.0223853148789335
-2432500.0,1047500.0,1500,29.377747144338578,False,False,7.1784404604785275
-2427500.0,1047500.0,1500,21.5490516299903,False,False,6.899517124319184
-2422500.0,1047500.0,1500,20.49261070435301,False,False,6.41693847208838
-2417500.0,1047500.0,1500,19.62537083206402,False,False,6.561755450495436
-2412500.0,1047500.0,1500,11.947222814506938,False,False,6.980025582169074
-2407500.0,1047500.0,1500,1.7339981099206028,False,False,6.993606048958916
-2402500.0,1047500.0,1500,2.824742493904005,False,False,6.832916546000204
-2397500.0,1047500.0,1500,11.78492738317089,False,False,6.668799371036913
-2392500.0,1047500.0,1500,14.61783813352618,False,False,6.867151558033608
-2387500.0,1047500.0,1500,15.394369944314644,False,False,7.158818210024196
-2382500.0,1047500.0,1500,13.309118555277887,False,False,7.222194121014026
-2377500.0,1047500.0,1500,9.577812931089696,False,False,6.923938149350421
-2372500.0,1047500.0,1500,7.314058638689226,False,False,6.605005635179184
-2367500.0,1047500.0,1500,5.4043603333101435,False,False,6.956498722316912
-2362500.0,1047500.0,1500,1.926387783648485,False,False,7.448336003534864
-2357500.0,1047500.0,1500,-2.531668857670345,False,False,7.441183325866
-2352500.0,1047500.0,1500,0.754982700387555,False,False,6.670127225313934
-2347500.0,1047500.0,1500,4.10783340323281,False,False,5.9809673474639755
-2342500.0,1047500.0,1500,4.255749398944897,False,False,6.027688294393852
-2337500.0,1047500.0,1500,18.03642183506203,False,False,5.438045308307229
-2332500.0,1047500.0,1500,61.66601132736252,False,False,4.247593738711255
-2327500.0,1047500.0,1500,121.63890324236537,False,False,3.4925127746644593
-2287500.0,1047500.0,1500,121.8425822991606,False,False,3.19841410666331
-2282500.0,1047500.0,1500,118.11056491865284,False,True,3.051883748506949
-2277500.0,1047500.0,1500,133.30040332224954,False,True,2.944045333903567
-2272500.0,1047500.0,1500,150.77839244724424,False,True,3.4681559953557892
-2267500.0,1047500.0,1500,120.38578249381146,False,True,4.280611226618683
-2262500.0,1047500.0,1500,49.85401655686005,False,True,5.105631246145193
-2257500.0,1047500.0,1500,7.189643676334362,True,True,5.7320024613470055
-2252500.0,1047500.0,1500,-1.0533325723571774,True,True,5.957461023501403
-2247500.0,1047500.0,1500,-8.450034821016365,True,True,6.189603016278432
-2242500.0,1047500.0,1500,-4.913445406460614,True,True,6.215438845947531
-2237500.0,1047500.0,1500,1.2822548632231057,True,True,6.078081960443262
-2232500.0,1047500.0,1500,14.210920519993785,True,True,5.701523219841774
-2227500.0,1047500.0,1500,32.140653850878536,False,True,5.352754638906831
-2222500.0,1047500.0,1500,24.74222336709686,False,True,5.599605955536397
-2217500.0,1047500.0,1500,12.103080379192473,True,True,5.760918686868083
-2212500.0,1047500.0,1500,14.561398907396272,True,True,5.496771142452827
-2207500.0,1047500.0,1500,12.987585245043732,True,True,5.516045865462282
-2202500.0,1047500.0,1500,11.569229938604947,True,True,5.695385360971326
-2197500.0,1047500.0,1500,14.827034200575515,True,True,4.926006002072036
-2192500.0,1047500.0,1500,16.518534919925692,True,True,4.388424823761687
-2187500.0,1047500.0,1500,14.701234341800314,True,True,4.654157333207108
-2182500.0,1047500.0,1500,12.44632306579785,True,True,4.536194815943503
-2177500.0,1047500.0,1500,9.883848052080479,True,True,5.487155216777052
-2172500.0,1047500.0,1500,7.604654858207401,True,True,6.693950155212221
-2167500.0,1047500.0,1500,5.802543492286656,True,True,6.493719275485209
-2162500.0,1047500.0,1500,5.562363005744006,True,True,6.020487717317873
-2157500.0,1047500.0,1500,8.907969356521598,True,True,5.927039151481148
-2152500.0,1047500.0,1500,12.702130480696686,True,True,5.457653974343372
-2147500.0,1047500.0,1500,13.725638310718415,True,True,5.236056261631644
-2142500.0,1047500.0,1500,14.47816709648874,True,True,5.509573888642456
-2137500.0,1047500.0,1500,16.915321414952427,True,True,5.787108270039793
-2132500.0,1047500.0,1500,19.532583022468707,True,True,6.294181303286184
-2127500.0,1047500.0,1500,21.42113506739323,True,True,6.16507639352708
-2122500.0,1047500.0,1500,27.91477962387912,False,True,5.596767518922135
-2117500.0,1047500.0,1500,40.72694931665149,False,True,5.206838668354947
-2112500.0,1047500.0,1500,35.49785770284915,False,True,5.678392187603448
-2107500.0,1047500.0,1500,24.294014837735155,True,True,6.7148736259688935
-2102500.0,1047500.0,1500,21.59732759735577,True,True,7.13938588004885
-2097500.0,1047500.0,1500,13.73208073157025,True,True,6.976812413245908
-2092500.0,1047500.0,1500,7.232209857663884,True,True,6.65487669032683
-2087500.0,1047500.0,1500,7.033449073855418,True,True,6.27522363181798
-2082500.0,1047500.0,1500,14.971960473603442,True,True,5.433876482170637
-2077500.0,1047500.0,1500,13.951462592282933,False,True,5.029994094005166
-2072500.0,1047500.0,1500,-2.9505551427691046,True,True,5.620305336791121
-2067500.0,1047500.0,1500,-22.618011982548232,True,True,5.385195462104342
-2062500.0,1047500.0,1500,-36.172170483778814,True,True,4.922830811162008
-2057500.0,1047500.0,1500,-40.40780261488048,True,True,5.183456186916027
-2052500.0,1047500.0,1500,-40.794636822560314,True,True,5.938902184585789
-2047500.0,1047500.0,1500,-38.07530652581241,True,True,7.190858357929283
-2042500.0,1047500.0,1500,-31.229393130987596,True,True,7.863854398724349
-2037500.0,1047500.0,1500,-22.855464857722765,True,True,7.861824686993419
-2032500.0,1047500.0,1500,-14.79354950945128,True,True,7.617438958998436
-2027500.0,1047500.0,1500,-11.032236117004397,True,True,7.290193285221116
-2022500.0,1047500.0,1500,-10.75800289263388,True,True,6.840867406332686
-2017500.0,1047500.0,1500,-9.855008926906468,True,True,6.256292802996455
-2012500.0,1047500.0,1500,-7.645201949048192,True,True,5.656810840225177
-2007500.0,1047500.0,1500,-8.935291857725819,True,True,5.135315151487714
-2002500.0,1047500.0,1500,-15.874839269059311,True,True,4.980873670053355
-1997500.0,1047500.0,1500,-23.04757756949997,True,True,4.992279363366382
-1992500.0,1047500.0,1500,-24.464277679670065,True,True,5.00340410496826
-1987500.0,1047500.0,1500,-17.027298535910695,True,True,5.053733452925906
-1982500.0,1047500.0,1500,-3.8416750074538633,False,True,5.260398782401101
-1977500.0,1047500.0,1500,7.069191385351328,False,True,5.750809439685146
-1972500.0,1047500.0,1500,11.715514853172733,False,True,6.236806847612643
-1967500.0,1047500.0,1500,7.465654205913046,True,True,6.672986801311748
-1962500.0,1047500.0,1500,-1.5118128125050312,False,True,6.59524088466752
-1957500.0,1047500.0,1500,-4.675180142570191,True,True,5.527149696443481
-1952500.0,1047500.0,1500,-0.3348851435644813,True,True,4.768257176497059
-1947500.0,1047500.0,1500,-2.668753098890835,True,True,5.3628170225251655
-1942500.0,1047500.0,1500,-10.740518147805238,True,True,6.0805303459265865
-1937500.0,1047500.0,1500,-7.3776474273647095,True,True,5.966781221294453
-1932500.0,1047500.0,1500,-1.1235303383054318,True,True,5.444618038261458
-1927500.0,1047500.0,1500,-2.5101916824763135,True,True,5.251949622142758
-1922500.0,1047500.0,1500,-0.46956669924696604,True,True,5.25260123081632
-2447500.0,1052500.0,1500,32.84013932016539,False,False,6.6142206421863206
-2442500.0,1052500.0,1500,34.5300684213154,False,False,6.937945213515342
-2437500.0,1052500.0,1500,33.64356321427249,False,False,7.241080678242164
-2432500.0,1052500.0,1500,28.00784405059935,False,False,7.094626683371564
-2427500.0,1052500.0,1500,13.404955239254896,False,False,6.594903032797175
-2422500.0,1052500.0,1500,2.001687594597695,False,False,6.426918841832622
-2417500.0,1052500.0,1500,1.3391085256190354,False,False,6.888161564085776
-2412500.0,1052500.0,1500,0.19839547027369353,False,False,7.07060339159704
-2407500.0,1052500.0,1500,-2.5767216815256373,False,False,6.935635613541785
-2402500.0,1052500.0,1500,0.40779100029028414,False,False,6.798267886196612
-2397500.0,1052500.0,1500,7.951962873441207,False,False,6.953515513615423
-2392500.0,1052500.0,1500,10.828228602156376,False,False,7.343373645864875
-2387500.0,1052500.0,1500,10.326192212305033,False,False,7.492395800078136
-2382500.0,1052500.0,1500,10.176239324318077,False,False,7.260697148231823
-2377500.0,1052500.0,1500,10.676766148755258,False,False,6.769850296815395
-2372500.0,1052500.0,1500,11.923076356606925,False,False,6.818303704176154
-2367500.0,1052500.0,1500,9.174199041636353,False,False,7.421213752359091
-2362500.0,1052500.0,1500,0.7094403270055314,False,False,7.656108897816994
-2357500.0,1052500.0,1500,-7.906523891456763,False,False,7.220639323616816
-2352500.0,1052500.0,1500,-12.095378478673263,False,False,6.521526736463662
-2347500.0,1052500.0,1500,-14.541810175800984,False,False,6.2363205979203835
-2342500.0,1052500.0,1500,-19.4459798262386,False,False,6.294280852013911
-2337500.0,1052500.0,1500,-3.615704210885094,False,False,5.535193814139031
-2332500.0,1052500.0,1500,51.17658450898634,False,False,4.146410322078372
-2327500.0,1052500.0,1500,122.69070084572297,False,False,3.250183618749381
-2292500.0,1052500.0,1500,123.90581304514667,False,False,3.642060227973175
-2287500.0,1052500.0,1500,111.65243602701048,False,True,3.5772142593992418
-2282500.0,1052500.0,1500,128.5558159070263,False,True,3.113201275154615
-2277500.0,1052500.0,1500,137.12650860035126,False,True,3.165108049554364
-2272500.0,1052500.0,1500,128.43621545078148,False,True,4.145468166437649
-2267500.0,1052500.0,1500,96.95535188552344,False,True,4.915866676976606
-2262500.0,1052500.0,1500,47.456173737618705,False,True,5.22641951780075
-2257500.0,1052500.0,1500,13.87925409595483,True,True,5.5877001154864
-2252500.0,1052500.0,1500,3.9175109964730996,True,True,5.980587006457163
-2247500.0,1052500.0,1500,-1.8912530412268018,True,True,6.117640867133636
-2242500.0,1052500.0,1500,-4.35681767145507,True,True,5.931689765980647
-2237500.0,1052500.0,1500,-0.36108432537714363,True,True,5.715862817866974
-2232500.0,1052500.0,1500,6.837588516659806,True,True,5.749625811365055
-2227500.0,1052500.0,1500,23.056889080053388,False,True,5.807020093484185
-2222500.0,1052500.0,1500,25.92314852464299,False,True,6.101899824017989
-2217500.0,1052500.0,1500,16.83801138172031,True,True,6.219752570686707
-2212500.0,1052500.0,1500,17.797365629787507,True,True,6.0122072166970355
-2207500.0,1052500.0,1500,19.083899905568483,True,True,6.0806844683144785
-2202500.0,1052500.0,1500,18.348125083036955,True,True,5.586136280000873
-2197500.0,1052500.0,1500,18.536558155052287,True,True,4.744697236788316
-2192500.0,1052500.0,1500,19.40749798878575,True,True,5.13589031757998
-2187500.0,1052500.0,1500,15.641526159824213,True,True,6.094365576773553
-2182500.0,1052500.0,1500,11.447030434209136,True,True,5.831283274298041
-2177500.0,1052500.0,1500,8.494398576527287,True,True,5.264993108043386
-2172500.0,1052500.0,1500,5.851180327100255,True,True,5.94701419843254
-2167500.0,1052500.0,1500,5.613414355020428,True,True,6.339702618538806
-2162500.0,1052500.0,1500,6.5709165586921365,True,True,5.459095905248087
-2157500.0,1052500.0,1500,8.871858271411897,True,True,5.04086913890711
-2152500.0,1052500.0,1500,12.127466605172293,True,True,5.164694628302046
-2147500.0,1052500.0,1500,13.764049788159898,True,True,5.669561894495279
-2142500.0,1052500.0,1500,15.027539858454567,True,True,6.078490360513329
-2137500.0,1052500.0,1500,18.352445337579493,True,True,6.225517899305544
-2132500.0,1052500.0,1500,19.765599737243832,True,True,6.078952342060854
-2127500.0,1052500.0,1500,18.971634671369774,True,True,5.244038602752346
-2122500.0,1052500.0,1500,25.754129912737167,True,True,4.944825672427977
-2117500.0,1052500.0,1500,43.307051895277326,False,True,5.010309874174462
-2112500.0,1052500.0,1500,40.09349789985364,False,True,5.385126426812275
-2107500.0,1052500.0,1500,26.203674046667924,True,True,6.478929269564941
-2102500.0,1052500.0,1500,22.97109069482496,True,True,7.196025937243663
-2097500.0,1052500.0,1500,15.757783840055268,True,True,6.756285220074891
-2092500.0,1052500.0,1500,7.231459769443653,True,True,5.810443621955453
-2087500.0,1052500.0,1500,-0.9201603403316614,True,True,5.252473387570921
-2082500.0,1052500.0,1500,-1.02297426404414,True,True,5.355481739149895
-2077500.0,1052500.0,1500,2.150448349972822,True,True,6.137786710093128
-2072500.0,1052500.0,1500,-5.29298560427167,True,True,6.24594653419067
-2067500.0,1052500.0,1500,-20.742823269922628,True,True,5.430659736599344
-2062500.0,1052500.0,1500,-32.634701284749106,True,True,5.329461676509421
-2057500.0,1052500.0,1500,-35.61814172818336,True,True,6.50004374274221
-2052500.0,1052500.0,1500,-33.36842501286867,True,True,7.754925948825791
-2047500.0,1052500.0,1500,-28.797299777278123,True,True,8.001640160401761
-2042500.0,1052500.0,1500,-20.13359858543599,True,True,7.6879778866422175
-2037500.0,1052500.0,1500,-8.220565096116381,True,True,7.126587403372454
-2032500.0,1052500.0,1500,3.715263733286223,True,True,6.338611168508943
-2027500.0,1052500.0,1500,11.966746866315667,False,True,5.520331274516809
-2022500.0,1052500.0,1500,17.28005814435183,False,True,5.039809901784086
-2017500.0,1052500.0,1500,24.386928061708186,False,True,4.895506123564259
-2012500.0,1052500.0,1500,28.602881187921305,False,True,4.912312890889147
-2007500.0,1052500.0,1500,23.75115995598405,False,True,4.931458351264954
-2002500.0,1052500.0,1500,13.311539528261886,False,True,5.1622306852082325
-1997500.0,1052500.0,1500,4.629837070951171,False,True,5.7070484789008376
-1992500.0,1052500.0,1500,6.1470007832555025,False,True,6.126402494497907
-1987500.0,1052500.0,1500,13.94738564012535,False,True,6.105188016158224
-1982500.0,1052500.0,1500,19.144046770253716,False,True,6.032557596754923
-1977500.0,1052500.0,1500,20.221069559008754,False,True,6.4444420218687615
-1972500.0,1052500.0,1500,16.29809133691048,False,True,6.8826493241395985
-1967500.0,1052500.0,1500,8.327799985496998,False,True,6.631101976955794
-1962500.0,1052500.0,1500,-1.394907731724299,False,True,5.462695968774176
-1957500.0,1052500.0,1500,-7.921020748759002,True,True,4.366599675128944
-1952500.0,1052500.0,1500,-8.921380855004488,True,True,4.564670894625814
-1947500.0,1052500.0,1500,-10.588947017484012,True,True,5.098050089028666
-1942500.0,1052500.0,1500,-11.49635066691086,True,True,5.409696073105195
-1937500.0,1052500.0,1500,-4.336254029671794,True,True,5.478113799953179
-1932500.0,1052500.0,1500,3.8354726917326722,True,True,5.098660981484282
-1927500.0,1052500.0,1500,1.5325413851542793,True,True,5.180542651445865
-1922500.0,1052500.0,1500,-7.633558597577894,True,True,5.89228582134355
-2447500.0,1057500.0,1500,24.757968791409827,False,False,6.756323989596484
-2442500.0,1057500.0,1500,27.237137008674658,False,False,7.323317664792179
-2437500.0,1057500.0,1500,27.855229939970254,False,False,7.406468389257019
-2432500.0,1057500.0,1500,23.764633752565285,False,False,6.88748381803147
-2427500.0,1057500.0,1500,9.435188283170723,False,False,6.4090651422500216
-2422500.0,1057500.0,1500,-5.396405076790916,False,False,6.770999924744182
-2417500.0,1057500.0,1500,-4.105829824119042,False,False,7.3142657494820895
-2412500.0,1057500.0,1500,3.043734568705753,False,False,7.370151109687483
-2407500.0,1057500.0,1500,2.8147492403974392,False,False,7.126379197071982
-2402500.0,1057500.0,1500,0.7965736976523621,False,False,7.075829832548219
-2397500.0,1057500.0,1500,4.955693767891554,False,False,7.4789747466884045
-2392500.0,1057500.0,1500,7.28437408900373,False,False,7.783259932027353
-2387500.0,1057500.0,1500,5.088821612912127,False,False,7.622825202248264
-2382500.0,1057500.0,1500,5.518620794436393,False,False,7.03693124758217
-2377500.0,1057500.0,1500,7.448562401993814,False,False,6.691272023784248
-2372500.0,1057500.0,1500,11.009204657408327,False,False,7.094710660125605
-2367500.0,1057500.0,1500,10.567759656153441,False,False,7.475460787075619
-2362500.0,1057500.0,1500,0.8817705047104827,False,False,7.282773820879062
-2357500.0,1057500.0,1500,-8.860558423182107,False,False,6.655406276115931
-2352500.0,1057500.0,1500,-12.364117899186486,False,False,6.231947037548109
-2347500.0,1057500.0,1500,-14.233084103538948,False,False,6.0670158152464
-2342500.0,1057500.0,1500,-14.599848220773918,False,False,5.649199288408334
-2337500.0,1057500.0,1500,5.509562498164021,False,False,4.771845594603045
-2332500.0,1057500.0,1500,66.70869106983089,False,False,3.6701065630524177
-2297500.0,1057500.0,1500,117.86017208728093,False,True,3.975640871128694
-2292500.0,1057500.0,1500,99.20854243198295,False,True,4.04358219733928
-2287500.0,1057500.0,1500,102.9195034294024,False,True,3.705552584394403
-2282500.0,1057500.0,1500,132.43203342092758,False,True,3.2750243917416655
-2277500.0,1057500.0,1500,115.87313610231226,False,True,3.6094953580624276
-2272500.0,1057500.0,1500,73.32317085674373,False,True,4.570101881365913
-2267500.0,1057500.0,1500,58.57911462882224,False,True,5.321559646305334
-2262500.0,1057500.0,1500,43.371383943008865,False,True,5.435322419518386
-2257500.0,1057500.0,1500,17.86197988817575,True,True,5.602263833205276
-2252500.0,1057500.0,1500,7.311480643937562,True,True,5.9915422337741235
-2247500.0,1057500.0,1500,2.249220462285715,True,True,6.231119117608449
-2242500.0,1057500.0,1500,-2.517559699121045,True,True,6.100676035140233
-2237500.0,1057500.0,1500,0.5433891828490174,True,True,6.143381554941363
-2232500.0,1057500.0,1500,7.929947775242428,True,True,6.696371294957972
-2227500.0,1057500.0,1500,16.35549989635416,True,True,7.109631812763532
-2222500.0,1057500.0,1500,18.493380071608986,True,True,7.020102034508655
-2217500.0,1057500.0,1500,14.24338812709214,True,True,6.4369388243573304
-2212500.0,1057500.0,1500,15.386555889884324,True,True,5.615724328890205
-2207500.0,1057500.0,1500,19.225840959172114,True,True,5.398854587870343
-2202500.0,1057500.0,1500,20.708770685907748,True,True,5.378568632275089
-2197500.0,1057500.0,1500,21.495562084338122,True,True,5.212768473967257
-2192500.0,1057500.0,1500,21.209459135402014,True,True,5.715245982811001
-2187500.0,1057500.0,1500,17.67259044787361,True,True,6.608926894958586
-2182500.0,1057500.0,1500,13.125159248957859,True,True,6.919780361100474
-2177500.0,1057500.0,1500,8.53986754888567,True,True,5.851704232488894
-2172500.0,1057500.0,1500,4.212483585989535,True,True,5.020060448333395
-2167500.0,1057500.0,1500,3.7785020994514866,True,True,5.486628845564185
-2162500.0,1057500.0,1500,6.49172983125982,True,True,5.370463585345994
-2157500.0,1057500.0,1500,9.707369394853588,True,True,5.432265323149826
-2152500.0,1057500.0,1500,12.554219931472026,True,True,6.106304955527599
-2147500.0,1057500.0,1500,12.76839189486303,True,True,6.042751695254372
-2142500.0,1057500.0,1500,13.275570009701296,True,True,5.801372691653646
-2137500.0,1057500.0,1500,16.622314487144905,True,True,5.405594393941929
-2132500.0,1057500.0,1500,18.167930385983944,True,True,5.0219096438805515
-2127500.0,1057500.0,1500,16.695251470142264,True,True,4.992606381359546
-2122500.0,1057500.0,1500,23.88845837081721,True,True,4.934663598633461
-2117500.0,1057500.0,1500,41.46158946170526,False,True,4.663143193630832
-2112500.0,1057500.0,1500,37.59266065106466,False,True,4.843495375001926
-2107500.0,1057500.0,1500,24.407688100520133,True,True,5.808647579271819
-2102500.0,1057500.0,1500,23.36126046487362,True,True,6.106263317253767
-2097500.0,1057500.0,1500,18.378429869206887,True,True,5.299843152136736
-2092500.0,1057500.0,1500,8.104506269042604,True,True,5.0429623913449095
-2087500.0,1057500.0,1500,-0.6113725175062301,True,True,5.864845756731334
-2082500.0,1057500.0,1500,-1.6408434567691927,True,True,6.52422030612013
-2077500.0,1057500.0,1500,-1.8086856501374553,True,True,5.919725110963842
-2072500.0,1057500.0,1500,-9.707491262387027,True,True,5.088895575541327
-2067500.0,1057500.0,1500,-23.267076107209014,True,True,5.433174667315269
-2062500.0,1057500.0,1500,-31.368255867375687,True,True,6.507119878888091
-2057500.0,1057500.0,1500,-30.37146414190993,True,True,7.294984195453564
-2052500.0,1057500.0,1500,-25.137365997435705,True,True,7.029809643464915
-2047500.0,1057500.0,1500,-17.289305524748617,True,True,6.127725471319509
-2042500.0,1057500.0,1500,-8.69008933373267,True,True,5.431871038404246
-2037500.0,1057500.0,1500,2.2917355020535357,True,True,5.412450412923759
-2032500.0,1057500.0,1500,15.744147631034311,True,True,5.538221640722287
-2027500.0,1057500.0,1500,24.742096747603266,False,True,5.391169662810704
-2022500.0,1057500.0,1500,33.18604397185312,False,True,5.3177030496132405
-2017500.0,1057500.0,1500,44.360724384916885,False,True,5.513952093138364
-2012500.0,1057500.0,1500,48.486106288218906,False,True,5.951047751273983
-2007500.0,1057500.0,1500,45.45958479370762,False,True,6.2853510408988065
-2002500.0,1057500.0,1500,41.48510091692336,False,True,6.2636560262996595
-1997500.0,1057500.0,1500,38.67824751779868,False,True,6.036113455918207
-1992500.0,1057500.0,1500,40.867665631488755,False,True,5.777293179359821
-1987500.0,1057500.0,1500,39.27068905417294,False,True,5.079500454268021
-1982500.0,1057500.0,1500,26.16556809517871,False,True,5.185416316676736
-1977500.0,1057500.0,1500,17.16907533410249,True,True,6.251102725199039
-1972500.0,1057500.0,1500,15.078758505860133,False,True,6.1617855869302725
-1967500.0,1057500.0,1500,10.547888570422774,False,True,5.002451757747567
-1962500.0,1057500.0,1500,3.182768506221783,False,True,4.04134619080821
-1957500.0,1057500.0,1500,-3.841480969432549,False,True,4.482219841922556
-1952500.0,1057500.0,1500,-6.195709218819808,True,True,5.163196437846345
-1947500.0,1057500.0,1500,-5.8015829163489165,True,True,5.196095136435019
-1942500.0,1057500.0,1500,-5.1576488742114455,True,True,5.659138328927902
-1937500.0,1057500.0,1500,2.2192743152795584,False,True,6.056929384570374
-1932500.0,1057500.0,1500,12.38218669909811,False,True,6.358493768209367
-1927500.0,1057500.0,1500,11.654166614974253,False,True,7.011923407261918
-1922500.0,1057500.0,1500,4.715173750224667,True,True,7.48490253822567
-2447500.0,1062500.0,1500,25.748906851665136,False,False,7.176422260283086
-2442500.0,1062500.0,1500,26.495437952772775,False,False,7.575823012873124
-2437500.0,1062500.0,1500,25.954968025338072,False,False,7.363807151249345
-2432500.0,1062500.0,1500,21.298538235189863,False,False,6.686271939675331
-2427500.0,1062500.0,1500,12.096063902220298,False,False,6.750444522509404
-2422500.0,1062500.0,1500,3.7440892826282672,False,False,7.493697587349605
-2417500.0,1062500.0,1500,2.8580641178270496,False,False,7.769262119131259
-2412500.0,1062500.0,1500,4.725224612110471,False,False,7.559161414156224
-2407500.0,1062500.0,1500,4.146521702258234,False,False,7.185877320498039
-2402500.0,1062500.0,1500,3.503973628228416,False,False,7.317703442378703
-2397500.0,1062500.0,1500,5.724253103467437,False,False,7.710492845413661
-2392500.0,1062500.0,1500,6.376363061102669,False,False,7.744512177061187
-2387500.0,1062500.0,1500,3.581334304164001,False,False,7.3350034543658165
-2382500.0,1062500.0,1500,1.7118683183132404,False,False,6.707572807578963
-2377500.0,1062500.0,1500,3.063561577912892,False,False,6.631491171692734
-2372500.0,1062500.0,1500,6.327457411540196,False,False,6.987226999779892
-2367500.0,1062500.0,1500,5.648354243035409,False,False,7.007444746817278
-2362500.0,1062500.0,1500,-2.7032865396347665,False,False,6.60729634517949
-2357500.0,1062500.0,1500,-6.975752893562017,False,False,6.047175764574046
-2352500.0,1062500.0,1500,-2.870233676088558,False,False,5.779987947326079
-2347500.0,1062500.0,1500,-0.5779346721227676,False,False,5.311575651772918
-2342500.0,1062500.0,1500,20.168452681605686,False,False,4.366335007256702
-2337500.0,1062500.0,1500,46.962275447032546,False,False,3.7568746517926748
-2332500.0,1062500.0,1500,77.25418701814031,False,False,3.521464670666517
-2327500.0,1062500.0,1500,128.54839995471923,False,False,3.117559182436767
-2302500.0,1062500.0,1500,127.04620544273233,False,True,3.9875010148115635
-2297500.0,1062500.0,1500,94.25881158186236,False,True,4.147827802606041
-2292500.0,1062500.0,1500,68.43491131060236,False,True,4.337059664163981
-2287500.0,1062500.0,1500,84.06361897288211,False,True,3.801655362057999
-2282500.0,1062500.0,1500,119.70710663038079,False,True,3.684275664151256
-2277500.0,1062500.0,1500,96.76950112077263,False,True,4.255162185626518
-2272500.0,1062500.0,1500,34.91377272318588,True,True,4.507099455032032
-2267500.0,1062500.0,1500,18.334546636057006,True,True,5.187091624134236
-2262500.0,1062500.0,1500,29.35262320849684,False,True,5.4920371970163435
-2257500.0,1062500.0,1500,21.137445416434705,True,True,5.636831288140693
-2252500.0,1062500.0,1500,11.567082214239903,True,True,6.429791717017581
-2247500.0,1062500.0,1500,5.411643240526852,True,True,6.754368876576337
-2242500.0,1062500.0,1500,1.2709054798310278,True,True,6.417294326389114
-2237500.0,1062500.0,1500,2.8790865437815745,True,True,6.577524169856282
-2232500.0,1062500.0,1500,10.085219820437747,True,True,7.197899195265946
-2227500.0,1062500.0,1500,15.301668128543717,True,True,7.220429963553185
-2222500.0,1062500.0,1500,14.763532110774314,True,True,6.285737143384652
-2217500.0,1062500.0,1500,12.695807314086304,True,True,4.999477434357768
-2212500.0,1062500.0,1500,14.724349929104676,True,True,4.660869097838204
-2207500.0,1062500.0,1500,20.23238336473563,True,True,5.575362920519364
-2202500.0,1062500.0,1500,23.273837693686424,True,True,6.547514843198755
-2197500.0,1062500.0,1500,22.832501080794607,True,True,5.696607004691355
-2192500.0,1062500.0,1500,20.543815390894814,True,True,5.257157607755537
-2187500.0,1062500.0,1500,17.67682272978996,True,True,6.530330050708828
-2182500.0,1062500.0,1500,13.509598096550034,True,True,7.060263265360125
-2177500.0,1062500.0,1500,8.125454035354341,True,True,5.969524603575712
-2172500.0,1062500.0,1500,4.139152764585193,True,True,4.476805585456884
-2167500.0,1062500.0,1500,3.0070749608406193,True,True,4.727218180307062
-2162500.0,1062500.0,1500,7.30897732330422,True,True,6.080114337357303
-2157500.0,1062500.0,1500,12.161227102748075,True,True,6.8600424502493205
-2152500.0,1062500.0,1500,12.669944401922615,True,True,6.577745429862025
-2147500.0,1062500.0,1500,12.67301393562802,True,True,5.428858150646832
-2142500.0,1062500.0,1500,13.269068065753226,True,True,4.785294221650354
-2137500.0,1062500.0,1500,15.20842172981232,True,True,4.944712774793669
-2132500.0,1062500.0,1500,17.269829856179054,True,True,5.513683964280581
-2127500.0,1062500.0,1500,16.89943144043711,True,True,5.484260915979912
-2122500.0,1062500.0,1500,22.992464067159602,True,True,4.822866344021797
-2117500.0,1062500.0,1500,34.259328187127636,False,True,4.987218545875046
-2112500.0,1062500.0,1500,30.80501874018656,True,True,5.66683719151627
-2107500.0,1062500.0,1500,22.7592111025576,True,True,5.398536569871684
-2102500.0,1062500.0,1500,21.590246048774446,True,True,4.740410971032491
-2097500.0,1062500.0,1500,14.731494698408753,True,True,4.777099945304556
-2092500.0,1062500.0,1500,5.1750989190754995,True,True,5.661963771063359
-2087500.0,1062500.0,1500,0.016139215277397145,True,True,6.380801359023174
-2082500.0,1062500.0,1500,-3.6125352238798243,True,True,5.627523926075497
-2077500.0,1062500.0,1500,-8.634164324964267,True,True,4.588623132611026
-2072500.0,1062500.0,1500,-16.276820127779583,True,True,4.696457915506553
-2067500.0,1062500.0,1500,-26.32152774371881,True,True,5.480635375805608
-2062500.0,1062500.0,1500,-30.72938569258009,True,True,5.766371485467786
-2057500.0,1062500.0,1500,-25.67585679071858,True,True,5.719960356170761
-2052500.0,1062500.0,1500,-17.285752483391285,True,True,5.625869218437444
-2047500.0,1062500.0,1500,-9.46748655544142,True,True,5.412123648462794
-2042500.0,1062500.0,1500,-3.3532975084080467,True,True,5.409511899506306
-2037500.0,1062500.0,1500,3.7744775325730586,True,True,6.048028730084284
-2032500.0,1062500.0,1500,14.079471541195185,True,True,6.848051188457524
-2027500.0,1062500.0,1500,21.388424350926236,False,True,7.269190460281574
-2022500.0,1062500.0,1500,28.279456967353028,False,True,7.234214294291723
-2017500.0,1062500.0,1500,39.23864159651713,False,True,6.899828976241987
-2012500.0,1062500.0,1500,45.23433424154158,False,True,6.589479631405828
-2007500.0,1062500.0,1500,47.72776121691141,False,True,6.204097406977944
-2002500.0,1062500.0,1500,51.91691648409503,False,True,5.701603525932248
-1997500.0,1062500.0,1500,51.61177641989387,False,True,5.324501003783439
-1992500.0,1062500.0,1500,47.43064433596118,False,True,4.960428236590951
-1987500.0,1062500.0,1500,38.8432030806242,False,True,4.159470784922015
-1982500.0,1062500.0,1500,21.44806255406622,False,True,4.3201113719852335
-1977500.0,1062500.0,1500,11.828145580777363,True,True,5.044066188175534
-1972500.0,1062500.0,1500,11.944687297229535,False,True,4.9094296696804545
-1967500.0,1062500.0,1500,8.7556397251719,False,True,4.763431952333343
-1962500.0,1062500.0,1500,4.358133421836781,False,True,5.202756792842277
-1957500.0,1062500.0,1500,1.428247092024968,False,True,5.975360750226319
-1952500.0,1062500.0,1500,1.1208365427586342,True,True,6.498603233422129
-1947500.0,1062500.0,1500,0.5363362660316582,True,True,6.813574372633396
-1942500.0,1062500.0,1500,0.9027357420050997,True,True,7.000339945661015
-1937500.0,1062500.0,1500,8.099969962147732,False,True,7.143329161255903
-1932500.0,1062500.0,1500,15.363906621543164,False,True,7.3583196368953345
-1927500.0,1062500.0,1500,15.488939335138529,False,True,7.690218917827297
-1922500.0,1062500.0,1500,12.489843674445268,False,True,7.889840088375943
-2447500.0,1067500.0,1500,31.627385633855937,False,False,7.76213023943189
-2442500.0,1067500.0,1500,30.228021570184946,False,False,7.783407991291196
-2437500.0,1067500.0,1500,26.53880497871233,False,False,7.112897001478344
-2432500.0,1067500.0,1500,21.553133884798175,False,False,6.602488169854034
-2427500.0,1067500.0,1500,16.66421860045146,False,False,7.1985472474812155
-2422500.0,1067500.0,1500,13.615800723782671,False,False,7.699093570414622
-2417500.0,1067500.0,1500,8.917939594171175,False,False,7.571979280922592
-2412500.0,1067500.0,1500,1.8104210565557168,False,False,7.208525436655887
-2407500.0,1067500.0,1500,1.838852594504182,False,False,6.939039057835364
-2402500.0,1067500.0,1500,5.835792751412486,False,False,7.090606953299229
-2397500.0,1067500.0,1500,6.391886373367068,False,False,7.200064187872689
-2392500.0,1067500.0,1500,6.862752990263929,False,False,7.1307536789315495
-2387500.0,1067500.0,1500,8.218625030332323,False,False,6.858349015503704
-2382500.0,1067500.0,1500,13.445605441220001,False,False,6.491989594920567
-2377500.0,1067500.0,1500,8.16503868623553,False,False,6.73431680812894
-2372500.0,1067500.0,1500,-0.8690922842974312,False,False,7.1402836841338475
-2367500.0,1067500.0,1500,-0.9759827961944918,False,False,6.835462100253802
-2362500.0,1067500.0,1500,-1.7943166061950475,False,False,6.177316771121157
-2357500.0,1067500.0,1500,4.906543525926402,False,False,5.49838013014438
-2352500.0,1067500.0,1500,24.394058578472507,False,False,4.834140778166725
-2347500.0,1067500.0,1500,36.82486986027073,False,False,4.150135133392866
-2342500.0,1067500.0,1500,75.40675122079874,False,False,3.468526861961563
-2332500.0,1067500.0,1500,111.83675549152166,False,False,3.3547495584846123
-2327500.0,1067500.0,1500,120.11775007853375,False,False,3.103099675924385
-2307500.0,1067500.0,1500,125.65597175102312,False,False,3.9554562350592324
-2302500.0,1067500.0,1500,112.99224797331418,False,True,3.999084920284184
-2297500.0,1067500.0,1500,80.66116334636158,False,True,4.3392006581533344
-2292500.0,1067500.0,1500,28.434882993267767,False,True,4.613480158744312
-2287500.0,1067500.0,1500,29.111440688411182,False,True,4.688491753560085
-2282500.0,1067500.0,1500,68.90107889563289,False,True,5.2329858960222175
-2277500.0,1067500.0,1500,63.576114444066924,False,True,5.690793134730114
-2272500.0,1067500.0,1500,19.57897929822652,True,True,5.252623084113226
-2267500.0,1067500.0,1500,5.977320208752435,True,True,4.976228938035435
-2262500.0,1067500.0,1500,21.32019320261762,True,True,4.976736816092269
-2257500.0,1067500.0,1500,22.583851749788614,True,True,5.538110794131339
-2252500.0,1067500.0,1500,16.417794083690556,True,True,6.474895427246321
-2247500.0,1067500.0,1500,10.126943538971773,True,True,6.455048581078891
-2242500.0,1067500.0,1500,5.750208573535712,True,True,5.55699626397738
-2237500.0,1067500.0,1500,5.97727347005716,True,True,6.0078013163869635
-2232500.0,1067500.0,1500,9.851224756260052,True,True,6.840029233331052
-2227500.0,1067500.0,1500,12.677184040619155,True,True,5.780519062614651
-2222500.0,1067500.0,1500,11.869607990571884,True,True,4.532896668883825
-2217500.0,1067500.0,1500,12.03284389467639,True,True,4.318366469620894
-2212500.0,1067500.0,1500,16.078492357579385,True,True,5.4167729602047725
-2207500.0,1067500.0,1500,21.207006604877108,True,True,6.469722697490966
-2202500.0,1067500.0,1500,23.62523571557235,True,True,6.655383000326875
-2197500.0,1067500.0,1500,21.075679602255406,True,True,5.922735200791909
-2192500.0,1067500.0,1500,17.849328070593327,True,True,5.041003314572066
-2187500.0,1067500.0,1500,14.697938155652269,True,True,5.685062179471549
-2182500.0,1067500.0,1500,10.196192657937008,True,True,5.802111178893316
-2177500.0,1067500.0,1500,6.023747620702189,True,True,4.9378353521953935
-2172500.0,1067500.0,1500,3.8345429534752116,True,True,5.144556749446744
-2167500.0,1067500.0,1500,3.0745555893983374,True,True,5.050692371924679
-2162500.0,1067500.0,1500,6.378114769015071,True,True,5.663470944166004
-2157500.0,1067500.0,1500,11.87936974978161,True,True,6.525464438392504
-2152500.0,1067500.0,1500,13.66590044909104,True,True,5.531249862397395
-2147500.0,1067500.0,1500,14.734744232841969,True,True,4.7302317626054435
-2142500.0,1067500.0,1500,15.15022786566083,True,True,5.03883350942991
-2137500.0,1067500.0,1500,15.089101004717346,True,True,5.595096455411196
-2132500.0,1067500.0,1500,16.699961222801313,True,True,5.4727639794139264
-2127500.0,1067500.0,1500,17.59516667296357,True,True,4.921823475384366
-2122500.0,1067500.0,1500,21.142664238215183,True,True,5.27492712983008
-2117500.0,1067500.0,1500,27.479853047565094,False,True,5.816945907270024
-2112500.0,1067500.0,1500,26.624610863249153,True,True,5.437264188838082
-2107500.0,1067500.0,1500,20.265266187607,True,True,4.768722268897568
-2102500.0,1067500.0,1500,14.851077801042885,True,True,4.888903645592228
-2097500.0,1067500.0,1500,6.837559461863224,True,True,5.441373844665658
-2092500.0,1067500.0,1500,0.10718676304811825,True,True,5.295115320609844
-2087500.0,1067500.0,1500,-3.2931473686841732,True,True,5.0848911975247475
-2082500.0,1067500.0,1500,-8.561711929910452,True,True,5.011007201640368
-2077500.0,1067500.0,1500,-13.483845604120361,True,True,5.138391394953867
-2072500.0,1067500.0,1500,-17.04499236581371,True,True,5.519960685405381
-2067500.0,1067500.0,1500,-21.75268207760084,True,True,5.6457997202619055
-2062500.0,1067500.0,1500,-24.607784637736245,True,True,5.531437519441944
-2057500.0,1067500.0,1500,-20.87888767331049,True,True,5.152473423197689
-2052500.0,1067500.0,1500,-13.287397541658777,True,True,5.910665786400617
-2047500.0,1067500.0,1500,-7.519792028332842,True,True,7.060531960149833
-2042500.0,1067500.0,1500,-2.6760150940349403,True,True,7.417493559058115
-2037500.0,1067500.0,1500,3.088617902897698,True,True,7.685463863576679
-2032500.0,1067500.0,1500,9.736717442627477,True,True,7.797973598328759
-2027500.0,1067500.0,1500,15.956219343131535,True,True,7.654992501259337
-2022500.0,1067500.0,1500,20.769113500033306,True,True,7.302183243867992
-2017500.0,1067500.0,1500,27.097540751943228,True,True,6.788606394816161
-2012500.0,1067500.0,1500,30.795664323968722,False,True,6.106662600437168
-2007500.0,1067500.0,1500,32.177183550236904,True,True,5.203043791822256
-2002500.0,1067500.0,1500,35.40963582063203,False,True,4.460558164263241
-1997500.0,1067500.0,1500,31.12031775245382,False,True,4.507441036104894
-1992500.0,1067500.0,1500,21.719357884670046,True,True,4.939200299220245
-1987500.0,1067500.0,1500,17.98676128008396,True,True,5.031762959041268
-1982500.0,1067500.0,1500,14.937965161180891,False,True,4.474564503223343
-1977500.0,1067500.0,1500,10.665462751713585,False,True,4.227516501904075
-1972500.0,1067500.0,1500,7.90929521896465,False,True,4.928841704844805
-1967500.0,1067500.0,1500,4.519420525289351,False,True,5.378775996671582
-1962500.0,1067500.0,1500,1.5293746617928905,False,True,6.200273577263303
-1957500.0,1067500.0,1500,1.7921849251550233,False,True,7.048771060709081
-1952500.0,1067500.0,1500,3.5219776435916814,False,True,7.16674219988244
-1947500.0,1067500.0,1500,3.628636355773093,False,True,7.401147661072138
-1942500.0,1067500.0,1500,4.555671565187792,True,True,7.671006021041576
-1937500.0,1067500.0,1500,7.957222141117327,False,True,7.896325717166903
-1932500.0,1067500.0,1500,10.120071210028742,False,True,8.015020423589535
-1927500.0,1067500.0,1500,10.694890072546224,False,True,8.060812876076314
-1922500.0,1067500.0,1500,10.393507016782763,False,True,8.092921831820279
-2447500.0,1072500.0,1500,33.93926796825024,False,False,7.819570038931612
-2442500.0,1072500.0,1500,30.594189944306127,False,False,7.38942779974534
-2437500.0,1072500.0,1500,26.102430847271783,False,False,6.661232606858103
-2432500.0,1072500.0,1500,23.36920721155381,False,False,6.43931610927215
-2427500.0,1072500.0,1500,20.124041808818223,False,False,6.935651378145516
-2422500.0,1072500.0,1500,17.545853610328447,False,False,7.0497397898800624
-2417500.0,1072500.0,1500,9.75303807937016,False,False,6.821740585150739
-2412500.0,1072500.0,1500,3.6300366467716967,False,False,6.717094208762379
-2407500.0,1072500.0,1500,7.211492819508435,False,False,6.8837631772377135
-2402500.0,1072500.0,1500,10.416244796592673,False,False,7.09004542691848
-2397500.0,1072500.0,1500,10.554862577392603,False,False,7.134946072974656
-2392500.0,1072500.0,1500,10.79212834545651,False,False,7.070931657867158
-2387500.0,1072500.0,1500,13.215961181831512,False,False,6.930866442088767
-2382500.0,1072500.0,1500,25.907465381468295,False,False,6.741080548414874
-2377500.0,1072500.0,1500,15.888814833347125,False,False,7.002425602045896
-2372500.0,1072500.0,1500,-1.9128945810600455,False,False,7.3616508744262
-2367500.0,1072500.0,1500,5.786843439261111,False,False,6.511163947375074
-2362500.0,1072500.0,1500,19.751256734075824,False,False,5.22576538785609
-2357500.0,1072500.0,1500,21.44958367173209,False,False,4.605289510162078
-2352500.0,1072500.0,1500,44.710539079725095,False,False,4.1454797784261785
-2347500.0,1072500.0,1500,74.43790819904169,False,False,3.734389947209561
-2312500.0,1072500.0,1500,131.52189498494099,False,True,3.8776003625737094
-2307500.0,1072500.0,1500,94.19436604753457,False,True,4.236475405405967
-2302500.0,1072500.0,1500,74.80351159754622,False,True,4.319258862043179
-2297500.0,1072500.0,1500,47.866717422401834,False,True,4.455555358727865
-2292500.0,1072500.0,1500,-8.477701908319949,False,True,4.773765716529131
-2287500.0,1072500.0,1500,-20.22838780650691,True,True,6.035957248365601
-2282500.0,1072500.0,1500,9.15666820340091,True,True,7.019024894220253
-2277500.0,1072500.0,1500,18.514808492519602,False,True,6.789554572448134
-2272500.0,1072500.0,1500,5.296210915791572,True,True,6.163345428825895
-2267500.0,1072500.0,1500,6.691851462391477,True,True,4.795291251915499
-2262500.0,1072500.0,1500,21.732986521718452,True,True,4.4552520678014025
-2257500.0,1072500.0,1500,25.89306230805057,True,True,5.91809046998182
-2252500.0,1072500.0,1500,20.75595096836237,True,True,6.465112326967912
-2247500.0,1072500.0,1500,14.735618913265187,True,True,6.239492129773694
-2242500.0,1072500.0,1500,10.042845591590691,True,True,5.1749427891786395
-2237500.0,1072500.0,1500,7.276214487975686,True,True,4.733584961387664
-2232500.0,1072500.0,1500,8.091741124231431,True,True,4.950619262953525
-2227500.0,1072500.0,1500,9.356829854536409,True,True,3.9887160416807292
-2222500.0,1072500.0,1500,9.156875497138259,True,True,4.202275646820423
-2217500.0,1072500.0,1500,10.843401395824653,True,True,5.713858964950788
-2212500.0,1072500.0,1500,16.146984497799533,True,True,6.7477095433148495
-2207500.0,1072500.0,1500,20.680905489696016,True,True,6.7029074761018155
-2202500.0,1072500.0,1500,21.849690468842187,True,True,6.339447423630575
-2197500.0,1072500.0,1500,19.750737210012197,True,True,6.262558508598421
-2192500.0,1072500.0,1500,16.006622329083125,True,True,4.999394086817603
-2187500.0,1072500.0,1500,11.650101981369009,True,True,4.232663834963456
-2182500.0,1072500.0,1500,6.7847777626483765,True,True,4.657656371114363
-2177500.0,1072500.0,1500,4.216088610723916,True,True,5.299815195624409
-2172500.0,1072500.0,1500,3.9836512652226994,True,True,6.5744508974260265
-2167500.0,1072500.0,1500,4.139195455520947,True,True,6.206369240743507
-2162500.0,1072500.0,1500,5.747635943455277,True,True,5.017343690244948
-2157500.0,1072500.0,1500,9.49593256026268,True,True,4.833668396876134
-2152500.0,1072500.0,1500,12.932936254756633,True,True,4.9158595829214615
-2147500.0,1072500.0,1500,14.645175319519621,True,True,5.500757675179388
-2142500.0,1072500.0,1500,14.654781412554271,True,True,5.901271109542038
-2137500.0,1072500.0,1500,14.092496232093424,True,True,5.182122484200874
-2132500.0,1072500.0,1500,14.359952286193481,True,True,4.63170584796017
-2127500.0,1072500.0,1500,15.56982240420038,True,True,5.229781609168601
-2122500.0,1072500.0,1500,17.231296595327013,True,True,5.683502434254921
-2117500.0,1072500.0,1500,21.89333404776338,True,True,5.263908022304257
-2112500.0,1072500.0,1500,29.77178716013303,False,True,4.877134570582509
-2107500.0,1072500.0,1500,26.313898981716292,False,True,5.262405528237968
-2102500.0,1072500.0,1500,14.074333324016177,True,True,5.621020512587707
-2097500.0,1072500.0,1500,6.520398698010588,True,True,5.002854615704574
-2092500.0,1072500.0,1500,2.3406636098591926,True,True,4.682616216131376
-2087500.0,1072500.0,1500,-1.7716338278798118,True,True,5.253142865735094
-2082500.0,1072500.0,1500,-6.6090006505752505,True,True,5.908745194609961
-2077500.0,1072500.0,1500,-10.190273760424532,True,True,6.222296120819381
-2072500.0,1072500.0,1500,-11.513538635044412,True,True,6.356570366397218
-2067500.0,1072500.0,1500,-12.765873662515913,True,True,6.411479201735792
-2062500.0,1072500.0,1500,-15.910799853892224,True,True,5.799268819352189
-2057500.0,1072500.0,1500,-15.121974421642717,True,True,5.556055958949117
-2052500.0,1072500.0,1500,-9.930831710311006,True,True,6.791181492215971
-2047500.0,1072500.0,1500,-4.902671980961708,True,True,7.649780391857189
-2042500.0,1072500.0,1500,-0.2278126470060713,True,True,7.669859804916521
-2037500.0,1072500.0,1500,3.609192197981412,True,True,7.589097379846361
-2032500.0,1072500.0,1500,7.04706421305239,True,True,7.216636922291316
-2027500.0,1072500.0,1500,11.145015541691299,True,True,6.446267385151277
-2022500.0,1072500.0,1500,14.17719560752394,True,True,5.573411966871942
-2017500.0,1072500.0,1500,16.5626330392913,True,True,5.122275323854286
-2012500.0,1072500.0,1500,19.472675512690614,True,True,4.6654801473652565
-2007500.0,1072500.0,1500,19.6144184308268,True,True,4.196885848264744
-2002500.0,1072500.0,1500,16.10326507996152,True,True,4.692998446827988
-1997500.0,1072500.0,1500,11.16097946059694,True,True,5.718329767153357
-1992500.0,1072500.0,1500,8.261490506471993,True,True,6.300753442517737
-1987500.0,1072500.0,1500,10.8763055370978,True,True,5.802267497592539
-1982500.0,1072500.0,1500,13.91691169591857,False,True,4.9973838270846604
-1977500.0,1072500.0,1500,11.354839886955116,False,True,4.846893164896445
-1972500.0,1072500.0,1500,6.556977233335594,False,True,4.920482043716604
-1967500.0,1072500.0,1500,2.417839124629001,False,True,5.34042864613235
-1962500.0,1072500.0,1500,-0.731935110491919,False,True,6.450567905007591
-1957500.0,1072500.0,1500,-0.9711298185801978,False,True,7.341264896867245
-1952500.0,1072500.0,1500,0.4300216786109483,False,True,7.629339103839184
-1947500.0,1072500.0,1500,0.94005755898641,True,True,7.86921542634384
-1942500.0,1072500.0,1500,2.3053480537853535,True,True,8.013809324471096
-1937500.0,1072500.0,1500,4.265709293397509,True,True,8.070539318450383
-1932500.0,1072500.0,1500,5.139861887608308,False,True,8.075691448731485
-1927500.0,1072500.0,1500,5.285515173766681,False,True,8.106643783503316
-1922500.0,1072500.0,1500,5.258631769676666,False,True,8.173620419239995
-2447500.0,1077500.0,1500,31.669688643790888,False,False,7.06199711920484
-2442500.0,1077500.0,1500,27.167452304001532,False,False,6.5069557086713115
-2437500.0,1077500.0,1500,24.837146068929005,False,False,6.334423775922973
-2432500.0,1077500.0,1500,23.849481475471517,False,False,6.570981357323726
-2427500.0,1077500.0,1500,20.555058738372328,False,False,6.787495319481759
-2422500.0,1077500.0,1500,17.41265894888081,False,False,6.754695297529027
-2417500.0,1077500.0,1500,6.752262105591444,False,False,6.695590814752038
-2412500.0,1077500.0,1500,-0.021142017599233898,False,False,6.995601401859064
-2407500.0,1077500.0,1500,7.555692727648898,False,False,7.502768252927059
-2402500.0,1077500.0,1500,13.993440064798559,False,False,7.623414802521358
-2397500.0,1077500.0,1500,15.185102064548751,False,False,7.479858313018527
-2392500.0,1077500.0,1500,14.137944254237537,False,False,7.19716616165316
-2387500.0,1077500.0,1500,21.41818506932395,False,False,6.787104939660127
-2382500.0,1077500.0,1500,29.985917214095075,False,False,6.592289182257269
-2377500.0,1077500.0,1500,17.949097480526756,False,False,6.599108883056362
-2372500.0,1077500.0,1500,15.350864011817487,False,False,6.253810055962086
-2367500.0,1077500.0,1500,35.10145419972633,False,False,5.110549722319701
-2362500.0,1077500.0,1500,59.72369666908729,False,False,4.157844225358639
-2357500.0,1077500.0,1500,50.46721794530108,False,False,4.171914750692135
-2352500.0,1077500.0,1500,49.41368531581714,False,False,4.211700622934437
-2347500.0,1077500.0,1500,73.76044606961663,False,False,3.848756753943057
-2342500.0,1077500.0,1500,117.09042952956841,False,False,3.4517005730823156
-2312500.0,1077500.0,1500,133.5828016589838,False,True,4.151401089375303
-2307500.0,1077500.0,1500,96.7583882843851,False,True,4.3798715642759145
-2302500.0,1077500.0,1500,64.37851003936852,False,True,4.406889437175307
-2297500.0,1077500.0,1500,29.57221186043762,False,True,4.112360092697978
-2292500.0,1077500.0,1500,-13.552139103005002,False,True,5.075448544652904
-2287500.0,1077500.0,1500,-29.278207082559298,True,True,7.090923456458116
-2282500.0,1077500.0,1500,-18.38814947883583,True,True,7.572446817115264
-2277500.0,1077500.0,1500,-9.241581139649735,True,True,6.859267576199534
-2272500.0,1077500.0,1500,-3.355962701876318,True,True,5.883836671417015
-2267500.0,1077500.0,1500,6.912660244650888,True,True,4.735897513991363
-2262500.0,1077500.0,1500,18.608423796261697,True,True,4.41059811869475
-2257500.0,1077500.0,1500,24.576104855154806,True,True,5.73499516149988
-2252500.0,1077500.0,1500,23.83236718107527,True,True,6.411801878966563
-2247500.0,1077500.0,1500,20.198969415737945,True,True,6.207396767160092
-2242500.0,1077500.0,1500,15.682532016337804,True,True,5.924127354015167
-2237500.0,1077500.0,1500,11.329483361032382,True,True,4.632095474661687
-2232500.0,1077500.0,1500,10.57568056998403,True,True,3.8143298298003714
-2227500.0,1077500.0,1500,11.115721677088406,True,True,4.396305571366113
-2222500.0,1077500.0,1500,10.953066015537296,True,True,5.678450726662659
-2217500.0,1077500.0,1500,11.551512185807914,True,True,6.679947621040513
-2212500.0,1077500.0,1500,14.091546238607505,True,True,6.892268541508597
-2207500.0,1077500.0,1500,17.644824133645127,True,True,6.566087793917519
-2202500.0,1077500.0,1500,19.039724455816927,True,True,6.233762234346442
-2197500.0,1077500.0,1500,18.30776967965069,True,True,5.740480606026264
-2192500.0,1077500.0,1500,15.065695390683437,True,True,4.54292384604683
-2187500.0,1077500.0,1500,10.586215985273132,True,True,4.0461817143376395
-2182500.0,1077500.0,1500,6.24402120910952,True,True,4.505767733354235
-2177500.0,1077500.0,1500,3.8117560992110735,True,True,5.7482810490948655
-2172500.0,1077500.0,1500,4.568835149747528,True,True,6.611542565973956
-2167500.0,1077500.0,1500,5.722739467170276,True,True,5.894291501663213
-2162500.0,1077500.0,1500,6.715326049907651,True,True,5.036497384762152
-2157500.0,1077500.0,1500,8.480340023009699,True,True,4.338300989166614
-2152500.0,1077500.0,1500,10.94813157020033,True,True,4.812584190527197
-2147500.0,1077500.0,1500,12.548373343599648,True,True,5.329464321604078
-2142500.0,1077500.0,1500,12.693540852233202,True,True,5.192551612581102
-2137500.0,1077500.0,1500,12.744149333126,True,True,4.549649016263234
-2132500.0,1077500.0,1500,12.458269917203731,True,True,4.35101078691872
-2127500.0,1077500.0,1500,14.027768869001141,True,True,4.88752323928689
-2122500.0,1077500.0,1500,16.275205981300836,True,True,4.976140533198078
-2117500.0,1077500.0,1500,19.261836144474568,True,True,5.672675132312062
-2112500.0,1077500.0,1500,29.374909256909383,False,True,6.073221490547196
-2107500.0,1077500.0,1500,29.071880572977562,False,True,5.52344664036461
-2102500.0,1077500.0,1500,17.91938598238956,True,True,5.009030742010419
-2097500.0,1077500.0,1500,13.926129783249426,True,True,5.252786457276459
-2092500.0,1077500.0,1500,10.231669072657951,True,True,6.196811765485648
-2087500.0,1077500.0,1500,4.370599376037555,True,True,6.623795271034549
-2082500.0,1077500.0,1500,-0.16411255734796393,True,True,6.265223416220771
-2077500.0,1077500.0,1500,-5.677014368490836,True,True,6.163301477469897
-2072500.0,1077500.0,1500,-11.102583594104148,True,True,5.572935034651358
-2067500.0,1077500.0,1500,-12.751701976060893,True,True,5.3047293163535185
-2062500.0,1077500.0,1500,-12.548887767200341,True,True,5.578266670566328
-2057500.0,1077500.0,1500,-10.491342921302165,True,True,6.218044162134606
-2052500.0,1077500.0,1500,-6.44795150582965,True,True,7.415482460983249
-2047500.0,1077500.0,1500,-1.6415776957071,True,True,7.981287590751123
-2042500.0,1077500.0,1500,3.223564240460195,True,True,7.92838203536695
-2037500.0,1077500.0,1500,5.353931375744289,True,True,6.606904460220492
-2032500.0,1077500.0,1500,6.285339557470259,True,True,5.462021615237592
-2027500.0,1077500.0,1500,8.24445129258638,True,True,5.408175775951106
-2022500.0,1077500.0,1500,10.64264021449886,True,True,4.919827713539653
-2017500.0,1077500.0,1500,13.082358203898918,True,True,4.0708313869113955
-2012500.0,1077500.0,1500,15.735021095111257,True,True,4.125205764101013
-2007500.0,1077500.0,1500,17.027993411670067,True,True,5.288210489223959
-2002500.0,1077500.0,1500,14.974648832989452,True,True,6.679634823777232
-1997500.0,1077500.0,1500,13.503589575432825,True,True,7.357170736386642
-1992500.0,1077500.0,1500,14.678909214170337,True,True,6.420381991248801
-1987500.0,1077500.0,1500,15.823512640249561,False,True,4.997442161724511
-1982500.0,1077500.0,1500,14.979328310702101,False,True,5.193143228593675
-1977500.0,1077500.0,1500,12.002997279314403,False,True,5.858035468591002
-1972500.0,1077500.0,1500,7.509014828574431,False,True,5.877348521760201
-1967500.0,1077500.0,1500,2.4791483825729372,False,True,6.69330211725085
-1962500.0,1077500.0,1500,-1.5753126521751861,False,True,7.567440836897401
-1957500.0,1077500.0,1500,-3.565249381247557,False,True,7.801669098016233
-1952500.0,1077500.0,1500,-3.461559851957607,False,True,7.94086355771536
-1947500.0,1077500.0,1500,-2.513115916982463,True,True,8.01526983284262
-1942500.0,1077500.0,1500,-1.0311081875668233,True,True,7.951454048957348
-1937500.0,1077500.0,1500,1.0394104972485367,True,True,7.777968557677817
-1932500.0,1077500.0,1500,2.248761397471429,False,True,7.87072583541698
-1927500.0,1077500.0,1500,1.911176337933334,False,True,8.167454281135516
-1922500.0,1077500.0,1500,1.7224461143702048,False,True,8.319764585106558
-2447500.0,1082500.0,1500,24.704972638514793,False,False,6.729471837572278
-2442500.0,1082500.0,1500,26.29091275712712,False,False,6.265716486229306
-2437500.0,1082500.0,1500,29.504110806443805,False,False,6.494379045691014
-2432500.0,1082500.0,1500,22.36397069548071,False,False,7.177264658727774
-2427500.0,1082500.0,1500,17.551700338147146,False,False,7.3968863144139565
-2422500.0,1082500.0,1500,16.430221996966992,False,False,7.091324717019437
-2417500.0,1082500.0,1500,8.498758535070257,False,False,7.033055271363915
-2412500.0,1082500.0,1500,-0.8602603435300287,False,False,7.476546024431369
-2407500.0,1082500.0,1500,1.2181505620016122,False,False,7.786537433624338
-2402500.0,1082500.0,1500,10.922517195521216,False,False,7.585905458748547
-2397500.0,1082500.0,1500,21.363074632958618,False,False,6.914843049387666
-2392500.0,1082500.0,1500,30.254952782458773,False,False,6.345623464492403
-2387500.0,1082500.0,1500,36.22142765977914,False,False,6.148017193081022
-2382500.0,1082500.0,1500,31.14600369744992,False,False,6.097108618247824
-2377500.0,1082500.0,1500,18.73113939575628,False,False,5.582006415297926
-2372500.0,1082500.0,1500,32.029875686061196,False,False,4.750727269561768
-2367500.0,1082500.0,1500,74.46704721415756,False,False,4.111864265799103
-2357500.0,1082500.0,1500,106.48241023449131,False,False,3.9893459094907193
-2352500.0,1082500.0,1500,87.27583747762907,False,False,3.8814171681582943
-2347500.0,1082500.0,1500,95.1120038894032,False,False,3.5749795580032036
-2342500.0,1082500.0,1500,134.05378845987357,False,False,3.4041033571924944
-2312500.0,1082500.0,1500,111.60230473756631,False,True,4.40109556529681
-2307500.0,1082500.0,1500,70.46531887174406,False,True,4.761942743822527
-2302500.0,1082500.0,1500,46.95012203571426,False,True,4.493248187548255
-2297500.0,1082500.0,1500,27.269333529502433,False,True,4.423688490417035
-2292500.0,1082500.0,1500,-6.192523834610355,False,True,6.097559140990431
-2287500.0,1082500.0,1500,-21.019464721951508,True,True,7.395472785041039
-2282500.0,1082500.0,1500,-20.395280221271314,True,True,7.043217140201856
-2277500.0,1082500.0,1500,-17.27031682901824,True,True,6.367737402662199
-2272500.0,1082500.0,1500,-8.33396475062007,True,True,5.403576515764566
-2267500.0,1082500.0,1500,3.297391868355421,True,True,5.249074074394135
-2262500.0,1082500.0,1500,15.257717827721274,True,True,5.3537521435608735
-2257500.0,1082500.0,1500,21.52319279304401,True,True,5.148505028654497
-2252500.0,1082500.0,1500,23.797351553307575,True,True,5.911195503631314
-2247500.0,1082500.0,1500,24.242831813694238,True,True,6.226111551857539
-2242500.0,1082500.0,1500,21.38695964515734,True,True,5.692632799612605
-2237500.0,1082500.0,1500,17.912673571749913,True,True,4.981794951746761
-2232500.0,1082500.0,1500,17.56777258653474,True,True,4.429066371186758
-2227500.0,1082500.0,1500,17.85724447185257,True,True,5.3820034020700485
-2222500.0,1082500.0,1500,15.069981142573672,True,True,6.653932281586404
-2217500.0,1082500.0,1500,11.866052384042492,True,True,6.897333633626581
-2212500.0,1082500.0,1500,10.589183027557256,True,True,6.8638490338461375
-2207500.0,1082500.0,1500,12.571843930926418,True,True,6.36989661366234
-2202500.0,1082500.0,1500,16.230592065712923,True,True,5.407476672196546
-2197500.0,1082500.0,1500,16.769174508695947,True,True,4.822691752410101
-2192500.0,1082500.0,1500,14.94977352403355,True,True,5.012707107281377
-2187500.0,1082500.0,1500,11.627410830881695,True,True,4.636402763394067
-2182500.0,1082500.0,1500,7.101296697485473,True,True,4.231640096968176
-2177500.0,1082500.0,1500,4.356297659714764,True,True,4.8439223711587935
-2172500.0,1082500.0,1500,4.791428386576751,True,True,5.201426926460975
-2167500.0,1082500.0,1500,6.570099424094066,True,True,5.347608769107555
-2162500.0,1082500.0,1500,6.929075664304716,True,True,5.908439105424738
-2157500.0,1082500.0,1500,8.128207544178126,True,True,4.915730844930938
-2152500.0,1082500.0,1500,9.629334528422168,True,True,4.007123882026801
-2147500.0,1082500.0,1500,10.46665625240445,True,True,4.766026349700877
-2142500.0,1082500.0,1500,10.784684802574706,True,True,5.525205855264786
-2137500.0,1082500.0,1500,10.322935667741316,True,True,4.623400356608887
-2132500.0,1082500.0,1500,11.210055331953345,True,True,3.628524982219117
-2127500.0,1082500.0,1500,13.12560740235427,True,True,4.433726223403429
-2122500.0,1082500.0,1500,15.362707793697675,True,True,5.711418504449688
-2117500.0,1082500.0,1500,16.85817864210372,True,True,6.421898126795566
-2112500.0,1082500.0,1500,19.459256968940533,True,True,5.786501233002784
-2107500.0,1082500.0,1500,20.21029386086333,True,True,5.188824642943567
-2102500.0,1082500.0,1500,18.947086852256454,True,True,5.744542657547353
-2097500.0,1082500.0,1500,19.342398880836406,True,True,6.875117049361998
-2092500.0,1082500.0,1500,15.974843390918592,True,True,7.498420627237031
-2087500.0,1082500.0,1500,8.188357441117674,True,True,7.278411460774721
-2082500.0,1082500.0,1500,-0.21550857226718567,True,True,6.121975235355299
-2077500.0,1082500.0,1500,-9.045541882428918,True,True,4.992913202952645
-2072500.0,1082500.0,1500,-16.403991392102572,True,True,4.674236875965991
-2067500.0,1082500.0,1500,-17.30690282384879,True,True,5.291315088642892
-2062500.0,1082500.0,1500,-13.242398573251176,True,True,6.349875598821126
-2057500.0,1082500.0,1500,-9.257897039253233,True,True,6.048133646738272
-2052500.0,1082500.0,1500,-4.793931611888891,True,True,6.285661997724671
-2047500.0,1082500.0,1500,1.1010977436255331,True,True,7.701272552826721
-2042500.0,1082500.0,1500,6.763697742462774,True,True,8.021562114579599
-2037500.0,1082500.0,1500,9.877328438453295,True,True,6.714587928507439
-2032500.0,1082500.0,1500,10.415567358973862,True,True,5.857035040701799
-2027500.0,1082500.0,1500,11.026820324134489,True,True,5.844210526275281
-2022500.0,1082500.0,1500,12.97509355473177,True,True,5.175035815179105
-2017500.0,1082500.0,1500,14.870567841128674,True,True,4.945680577033187
-2012500.0,1082500.0,1500,16.205762947746887,True,True,5.835825813325046
-2007500.0,1082500.0,1500,17.497448186560984,True,True,6.977380784415152
-2002500.0,1082500.0,1500,15.641842895075404,True,True,7.040768611122439
-1997500.0,1082500.0,1500,12.733860059786345,True,True,5.907584211535953
-1992500.0,1082500.0,1500,12.624297059562931,True,True,4.783473443411202
-1987500.0,1082500.0,1500,11.400482767618973,False,True,4.486085690882193
-1982500.0,1082500.0,1500,9.587029299185463,False,True,5.483394578625924
-1977500.0,1082500.0,1500,9.323442512072614,False,True,6.865221647332524
-1972500.0,1082500.0,1500,6.689496791443741,False,True,7.456965438687529
-1967500.0,1082500.0,1500,2.2674245788570215,False,True,7.7730620486969
-1962500.0,1082500.0,1500,-1.710670520822451,False,True,7.938534129090412
-1957500.0,1082500.0,1500,-5.781618907200835,False,True,7.9908412729187415
-1952500.0,1082500.0,1500,-6.967301324227042,False,True,7.946234092620747
-1947500.0,1082500.0,1500,-4.962392252100473,True,True,7.733783718331191
-1942500.0,1082500.0,1500,-3.111079318761317,True,True,7.388675819297637
-1937500.0,1082500.0,1500,-0.9467027364217946,False,True,7.190116215924931
-1932500.0,1082500.0,1500,0.5204574017435881,False,True,7.6566208362411
-1927500.0,1082500.0,1500,-0.1432650283946133,False,True,8.304492905964398
-1922500.0,1082500.0,1500,-0.624427298181345,False,True,8.508442130886031
-2447500.0,1087500.0,1500,24.412345811072143,False,False,6.525426957637356
-2442500.0,1087500.0,1500,29.538654462326964,False,False,6.377799329775843
-2437500.0,1087500.0,1500,24.097055937008385,False,False,6.801580911553295
-2432500.0,1087500.0,1500,9.4957451894844,False,False,7.2646715054171915
-2427500.0,1087500.0,1500,9.511355806485573,False,False,7.368175138556598
-2422500.0,1087500.0,1500,14.866247070655012,False,False,7.107930629347768
-2417500.0,1087500.0,1500,13.535068935906285,False,False,7.196594043462138
-2412500.0,1087500.0,1500,5.6107839675891125,False,False,7.466362061980092
-2407500.0,1087500.0,1500,-3.814984332986432,False,False,7.3718061604289495
-2402500.0,1087500.0,1500,-0.4746702645850193,False,False,6.998519667608457
-2397500.0,1087500.0,1500,16.868315112441884,False,False,6.460341643514324
-2392500.0,1087500.0,1500,27.246568854867142,False,False,6.325361113664655
-2387500.0,1087500.0,1500,24.312916558772564,False,False,6.375032870247063
-2382500.0,1087500.0,1500,30.297619999882194,False,False,5.9918718049199455
-2377500.0,1087500.0,1500,27.181588343963327,False,False,4.968857283665695
-2372500.0,1087500.0,1500,32.83761315999916,False,False,4.3723415425391305
-2367500.0,1087500.0,1500,75.33693826309087,False,False,4.296192736525281
-2362500.0,1087500.0,1500,109.09952716670908,False,False,4.010610989704026
-2347500.0,1087500.0,1500,154.04234142599188,False,False,3.22203290453165
-2312500.0,1087500.0,1500,120.42425687911326,False,True,4.352803997655307
-2307500.0,1087500.0,1500,39.67968088132598,False,True,4.8962350151444625
-2302500.0,1087500.0,1500,-5.707276046323805,True,True,4.923801073289966
-2297500.0,1087500.0,1500,-5.1987890029797885,True,True,5.6503140719897775
-2292500.0,1087500.0,1500,-15.06607754822549,True,True,7.062498943313388
-2287500.0,1087500.0,1500,-16.913122274234507,True,True,7.135863360714658
-2282500.0,1087500.0,1500,-17.394241321933087,True,True,6.577238503638244
-2277500.0,1087500.0,1500,-17.95653257657711,True,True,5.862704773636418
-2272500.0,1087500.0,1500,-9.962819118986861,True,True,5.271855827193369
-2267500.0,1087500.0,1500,2.252433914602859,True,True,5.97004825964126
-2262500.0,1087500.0,1500,13.42133236692487,True,True,6.5730183121545975
-2257500.0,1087500.0,1500,18.555818850097257,True,True,5.230363984776108
-2252500.0,1087500.0,1500,20.741209615671902,True,True,4.967250898744048
-2247500.0,1087500.0,1500,23.20445293610329,True,True,5.1965660500345585
-2242500.0,1087500.0,1500,22.47686359577913,True,True,4.7774867624032
-2237500.0,1087500.0,1500,19.794529345369657,True,True,5.350589539708163
-2232500.0,1087500.0,1500,19.63788659531058,True,True,5.174090879204856
-2227500.0,1087500.0,1500,19.362237891520714,True,True,5.473124509080927
-2222500.0,1087500.0,1500,15.211464823279544,True,True,6.777246076462606
-2217500.0,1087500.0,1500,10.802266924542009,True,True,7.027417226168383
-2212500.0,1087500.0,1500,9.015007887024508,True,True,6.298380685281959
-2207500.0,1087500.0,1500,11.361383607011547,True,True,5.407643037096581
-2202500.0,1087500.0,1500,16.11945664278416,True,True,5.188975369309959
-2197500.0,1087500.0,1500,16.535487734006704,True,True,5.783157370411121
-2192500.0,1087500.0,1500,14.21366472886898,True,True,5.868289002626393
-2187500.0,1087500.0,1500,11.624122204784598,True,True,4.320399117023294
-2182500.0,1087500.0,1500,7.137784966910146,True,True,3.7221379901862712
-2177500.0,1087500.0,1500,4.7118047969255725,True,True,4.590462652363264
-2172500.0,1087500.0,1500,4.806637455389443,True,True,5.492330226626947
-2167500.0,1087500.0,1500,5.163774776182457,True,True,6.102690357211718
-2162500.0,1087500.0,1500,5.508565396698793,True,True,5.574532806433216
-2157500.0,1087500.0,1500,7.417270564095386,True,True,4.899796587770201
-2152500.0,1087500.0,1500,8.422898143923586,True,True,4.538136887743303
-2147500.0,1087500.0,1500,7.830344328957355,True,True,5.34676295422508
-2142500.0,1087500.0,1500,8.111014821930707,True,True,5.796647920231448
-2137500.0,1087500.0,1500,8.5963836940647,True,True,4.993983253496918
-2132500.0,1087500.0,1500,9.839452470610025,True,True,4.6969525321609975
-2127500.0,1087500.0,1500,10.526193499472281,True,True,4.8908700397786715
-2122500.0,1087500.0,1500,11.393185263193505,True,True,5.356560412368179
-2117500.0,1087500.0,1500,12.320851458065517,True,True,5.213117367102016
-2112500.0,1087500.0,1500,12.773335745282829,True,True,5.305216750876085
-2107500.0,1087500.0,1500,15.550334409288995,True,True,6.474121361108575
-2102500.0,1087500.0,1500,18.124712073346338,True,True,7.601251177476502
-2097500.0,1087500.0,1500,17.956879188375634,True,True,7.5539591592176
-2092500.0,1087500.0,1500,14.128391529204006,True,True,6.936323446978196
-2087500.0,1087500.0,1500,4.584216896929979,True,True,5.9943754935242195
-2082500.0,1087500.0,1500,-5.327726177005221,True,True,4.853965101262297
-2077500.0,1087500.0,1500,-11.807082497186105,True,True,4.837131248615101
-2072500.0,1087500.0,1500,-16.57963100911831,True,True,5.517132398363486
-2067500.0,1087500.0,1500,-17.57182983874999,True,True,5.867973888611429
-2062500.0,1087500.0,1500,-13.453075980871033,True,True,5.54677910628007
-2057500.0,1087500.0,1500,-7.87794614417307,True,True,4.817240614103039
-2052500.0,1087500.0,1500,-2.806992844646651,True,True,4.92818567543234
-2047500.0,1087500.0,1500,2.8825867892196015,True,True,6.2539221373167715
-2042500.0,1087500.0,1500,8.923721984604626,True,True,7.353671085967919
-2037500.0,1087500.0,1500,13.690386634401143,True,True,7.232301546922896
-2032500.0,1087500.0,1500,15.61675613099119,True,True,6.4292438619370085
-2027500.0,1087500.0,1500,15.737085395621516,True,True,5.877665719967831
-2022500.0,1087500.0,1500,16.880722031870725,True,True,5.715663363720138
-2017500.0,1087500.0,1500,18.915392664381095,True,True,6.315041868206881
-2012500.0,1087500.0,1500,23.127932607708484,True,True,7.099132057208518
-2007500.0,1087500.0,1500,25.50815038118701,True,True,6.748015187121475
-2002500.0,1087500.0,1500,19.152024540988062,True,True,5.5624110836631395
-1997500.0,1087500.0,1500,12.650249220931501,True,True,4.295327071784149
-1992500.0,1087500.0,1500,10.63739110002496,False,True,4.453066247735455
-1987500.0,1087500.0,1500,7.5140751060674535,False,True,5.388316694798295
-1982500.0,1087500.0,1500,5.167701049524053,False,True,6.4841282040386545
-1977500.0,1087500.0,1500,5.548144827766041,False,True,7.568051956305663
-1972500.0,1087500.0,1500,4.1981081141910295,False,False,7.911233410107206
-1967500.0,1087500.0,1500,0.5217539638385542,False,False,8.035850188863648
-1962500.0,1087500.0,1500,-2.73106949775383,False,True,8.01561928923067
-1957500.0,1087500.0,1500,-6.3189424669810625,False,True,7.816465189191085
-1952500.0,1087500.0,1500,-8.101522586808525,False,True,7.468969920557392
-1947500.0,1087500.0,1500,-6.369023066657684,False,True,7.189924301777196
-1942500.0,1087500.0,1500,-3.651615201574222,False,True,7.182567555529369
-1937500.0,1087500.0,1500,-1.0668678659989599,False,True,7.447863848316645
-1932500.0,1087500.0,1500,0.18402760339216284,False,True,7.987054449010376
-1927500.0,1087500.0,1500,-0.5994772819117744,False,True,8.429466433519128
-1922500.0,1087500.0,1500,-1.8866266503122127,False,True,8.536627950468866
-2447500.0,1092500.0,1500,27.437675095085368,False,False,6.217220538271906
-2442500.0,1092500.0,1500,23.912089211320698,False,False,6.836746128427227
-2437500.0,1092500.0,1500,9.791897532774996,False,False,7.143696547930569
-2432500.0,1092500.0,1500,-3.63518856607437,False,False,6.904621053860463
-2427500.0,1092500.0,1500,1.1074032406435044,False,False,6.636818100945026
-2422500.0,1092500.0,1500,17.806846511580417,False,False,6.712702739412552
-2417500.0,1092500.0,1500,25.559840350779716,False,False,7.137717189007883
-2412500.0,1092500.0,1500,16.927922197578567,False,False,7.321288074538117
-2407500.0,1092500.0,1500,1.7230661163330834,False,False,7.043926514775402
-2402500.0,1092500.0,1500,-4.489604586499266,False,False,6.6271071226630776
-2397500.0,1092500.0,1500,1.4351512858845228,False,False,6.745013873290756
-2392500.0,1092500.0,1500,0.22246798155848546,False,False,7.295507361283722
-2387500.0,1092500.0,1500,3.2109685471270706,False,False,7.097473125764553
-2382500.0,1092500.0,1500,36.94465749135064,False,False,5.995291584825316
-2377500.0,1092500.0,1500,41.614663154848856,False,False,4.507182715691501
-2372500.0,1092500.0,1500,25.84828755671933,False,False,4.12673064498632
-2367500.0,1092500.0,1500,44.17251252910156,False,False,4.2324039935564315
-2362500.0,1092500.0,1500,86.1386773764296,False,False,3.8526561023538974
-2357500.0,1092500.0,1500,143.00823637886413,False,False,3.4866225227887613
-2317500.0,1092500.0,1500,135.19202231923714,False,True,4.23782168748701
-2312500.0,1092500.0,1500,92.14140101496503,False,True,4.629678914606643
-2307500.0,1092500.0,1500,-0.10957506027995811,False,True,4.74066706469525
-2302500.0,1092500.0,1500,-31.875203208660878,True,True,5.057550437187973
-2297500.0,1092500.0,1500,-16.89375770093653,True,True,6.499731908954962
-2292500.0,1092500.0,1500,-15.42573486206866,True,True,7.288002563734613
-2287500.0,1092500.0,1500,-16.590695165735973,True,True,6.2956389010832385
-2282500.0,1092500.0,1500,-16.854851311297853,True,True,5.827228050862626
-2277500.0,1092500.0,1500,-14.093337135694224,True,True,5.442203864821609
-2272500.0,1092500.0,1500,-6.81383557673089,True,True,5.338841532389926
-2267500.0,1092500.0,1500,3.264783909118199,True,True,6.5406295773495655
-2262500.0,1092500.0,1500,11.548781291217452,True,True,6.66591985081484
-2257500.0,1092500.0,1500,16.554568229796807,True,True,5.351186425529793
-2252500.0,1092500.0,1500,18.72853881385116,True,True,4.251923035968061
-2247500.0,1092500.0,1500,20.67307053721592,True,True,4.455422492479267
-2242500.0,1092500.0,1500,20.33453092508976,True,True,5.352560497759633
-2237500.0,1092500.0,1500,17.158366445155075,True,True,6.078489972447807
-2232500.0,1092500.0,1500,16.649107082014602,True,True,5.923624057145481
-2227500.0,1092500.0,1500,16.107956808777562,True,True,5.18320941976347
-2222500.0,1092500.0,1500,12.322792396763155,True,True,5.758389544974147
-2217500.0,1092500.0,1500,9.50614980230042,True,True,6.052495495399443
-2212500.0,1092500.0,1500,10.185561375328986,True,True,5.1097734245488375
-2207500.0,1092500.0,1500,13.688392007574933,True,True,5.410088468521513
-2202500.0,1092500.0,1500,16.82493888742455,True,True,6.630686980837295
-2197500.0,1092500.0,1500,16.051498652228922,True,True,6.6819776476209425
-2192500.0,1092500.0,1500,12.276148528464958,True,True,4.974126070987599
-2187500.0,1092500.0,1500,9.363364038071488,True,True,3.967126612189898
-2182500.0,1092500.0,1500,6.294207573742097,True,True,3.790098770261345
-2177500.0,1092500.0,1500,4.186768477382206,True,True,4.944788004139884
-2172500.0,1092500.0,1500,2.9844149322644853,True,True,6.613091813101557
-2167500.0,1092500.0,1500,0.690081813242719,True,True,6.024933832696887
-2162500.0,1092500.0,1500,2.8549135341624634,True,True,5.170746201076899
-2157500.0,1092500.0,1500,7.667496459750972,True,True,5.6903548119952925
-2152500.0,1092500.0,1500,8.128718787555611,True,True,5.121603135972982
-2147500.0,1092500.0,1500,5.717258177762445,True,True,4.434826886277507
-2142500.0,1092500.0,1500,5.526065323791178,True,True,4.892677672033187
-2137500.0,1092500.0,1500,8.658385891046997,True,True,5.899109492814894
-2132500.0,1092500.0,1500,9.544994178259852,True,True,6.330629507599008
-2127500.0,1092500.0,1500,8.140207296996724,True,True,4.879956631803635
-2122500.0,1092500.0,1500,8.352534905049994,True,True,4.045266289469929
-2117500.0,1092500.0,1500,8.607419207677719,True,True,4.797400320713467
-2112500.0,1092500.0,1500,9.799699476995402,True,True,6.184701773368938
-2107500.0,1092500.0,1500,12.200187813270874,True,True,7.4150304797683795
-2102500.0,1092500.0,1500,13.231995307153069,True,True,7.740826363705303
-2097500.0,1092500.0,1500,12.71015102194157,True,True,6.717205264585862
-2092500.0,1092500.0,1500,8.54816202075802,True,True,5.1490499559225835
-2087500.0,1092500.0,1500,0.6326735057303249,True,True,4.279840166644023
-2082500.0,1092500.0,1500,-5.749944732415614,True,True,4.855802145848516
-2077500.0,1092500.0,1500,-8.397648715948923,True,True,6.116413923027061
-2072500.0,1092500.0,1500,-10.504707246075094,True,True,6.347244129980704
-2067500.0,1092500.0,1500,-12.133494639423423,True,True,5.522059102554858
-2062500.0,1092500.0,1500,-9.524361008122453,True,True,4.775652276091719
-2057500.0,1092500.0,1500,-4.23421930617225,True,True,5.29965868914014
-2052500.0,1092500.0,1500,0.1694729733853375,True,True,5.827357366814614
-2047500.0,1092500.0,1500,3.9947900511780032,True,True,5.5934820004456025
-2042500.0,1092500.0,1500,8.918161794129338,True,True,5.967178056121101
-2037500.0,1092500.0,1500,14.153942562199026,True,True,5.970397271403334
-2032500.0,1092500.0,1500,17.03189391421937,True,True,5.523122816062784
-2027500.0,1092500.0,1500,16.893299535746305,True,True,6.279919360044034
-2022500.0,1092500.0,1500,17.798093756139064,True,True,7.116004886902152
-2017500.0,1092500.0,1500,22.353641423312233,True,True,7.056975704074928
-2012500.0,1092500.0,1500,28.14538252227353,True,True,6.518352611304565
-2007500.0,1092500.0,1500,28.06921895343232,True,True,5.597949743410666
-2002500.0,1092500.0,1500,19.741540846599985,True,True,4.5831308715396695
-1997500.0,1092500.0,1500,13.112297763481546,True,True,4.807631184189568
-1992500.0,1092500.0,1500,10.860363383617173,False,True,6.162422736776667
-1987500.0,1092500.0,1500,8.058511038844298,False,True,7.2726357477783985
-1982500.0,1092500.0,1500,5.347688625774765,False,True,7.892699570058349
-1977500.0,1092500.0,1500,3.6430629336182307,False,True,8.061640872529786
-1972500.0,1092500.0,1500,1.9985556755596652,False,False,8.083778238592847
-1967500.0,1092500.0,1500,-0.32639823206998764,False,False,7.891596806926265
-1962500.0,1092500.0,1500,-2.6016664539097087,False,True,7.527130462284059
-1957500.0,1092500.0,1500,-4.42082436558505,False,True,7.263066590764901
-1952500.0,1092500.0,1500,-5.743186480699036,False,True,7.258811060835041
-1947500.0,1092500.0,1500,-4.233115175030274,False,True,7.5101381659073745
-1942500.0,1092500.0,1500,-1.2899396455086356,False,True,7.942919530506631
-1937500.0,1092500.0,1500,-0.12107406684774191,False,True,8.321390138356149
-1932500.0,1092500.0,1500,0.46077109592707277,False,True,8.524475755319063
-1927500.0,1092500.0,1500,-0.38213302420370243,False,True,8.583124358819225
-1922500.0,1092500.0,1500,-3.7171936423106215,False,False,8.529639695513675
-2447500.0,1097500.0,1500,25.318746930474514,False,False,6.479210227303931
-2442500.0,1097500.0,1500,16.86878893304276,False,False,7.425719157033215
-2437500.0,1097500.0,1500,8.625225844459672,False,False,7.428408949582959
-2432500.0,1097500.0,1500,-1.4905509199346032,False,False,6.905098292441249
-2427500.0,1097500.0,1500,0.890800473737714,False,False,6.535115476927703
-2422500.0,1097500.0,1500,24.65012830809466,False,False,6.635647407338955
-2417500.0,1097500.0,1500,43.09327497091938,False,False,6.953216130258293
-2412500.0,1097500.0,1500,34.530916170101435,False,False,7.113692162456616
-2407500.0,1097500.0,1500,17.379616740683176,False,False,6.799479742361587
-2402500.0,1097500.0,1500,5.100745101300476,False,False,6.649404433220861
-2397500.0,1097500.0,1500,-3.909986064220049,False,False,7.202606819565269
-2392500.0,1097500.0,1500,-11.299872115562051,False,False,7.7062436824667335
-2387500.0,1097500.0,1500,-3.525268667041987,False,False,7.418133492673587
-2382500.0,1097500.0,1500,30.126934166224455,False,False,6.164237294450926
-2377500.0,1097500.0,1500,33.527254066962556,False,False,4.302007555291719
-2372500.0,1097500.0,1500,13.649375726905147,False,False,3.7839617341112115
-2367500.0,1097500.0,1500,33.65755140271365,False,False,3.9888101522789148
-2362500.0,1097500.0,1500,90.58177678402296,False,False,3.686921892504594
-2317500.0,1097500.0,1500,129.25861632253873,False,True,4.152712916268035
-2312500.0,1097500.0,1500,59.66904801535,False,True,4.585219255953779
-2307500.0,1097500.0,1500,-4.873056047072292,True,True,4.582921036245268
-2302500.0,1097500.0,1500,27.000661093417467,False,True,4.968155841867784
-2297500.0,1097500.0,1500,35.333489920114616,False,True,6.398194471627522
-2292500.0,1097500.0,1500,0.34957416751918613,True,True,6.944785604393587
-2287500.0,1097500.0,1500,-11.614587535339533,True,True,5.907787256045089
-2282500.0,1097500.0,1500,-12.365327701190859,True,True,4.962784716843448
-2277500.0,1097500.0,1500,-7.917781967699792,True,True,5.0800453122445655
-2272500.0,1097500.0,1500,-1.7177141274951033,True,True,6.023311331054957
-2267500.0,1097500.0,1500,4.881667215976256,True,True,6.7389081666644115
-2262500.0,1097500.0,1500,10.771210678744971,True,True,5.937646174598667
-2257500.0,1097500.0,1500,13.721942585201058,True,True,4.693293309942188
-2252500.0,1097500.0,1500,15.630844191559252,True,True,4.125826583683843
-2247500.0,1097500.0,1500,17.084006895279156,True,True,4.486580679268751
-2242500.0,1097500.0,1500,16.71289044255556,True,True,5.498373472050356
-2237500.0,1097500.0,1500,15.030338662247688,True,True,6.132407936193794
-2232500.0,1097500.0,1500,15.024678816594651,True,True,6.420149909825099
-2227500.0,1097500.0,1500,14.1817156107818,True,True,5.423842565922412
-2222500.0,1097500.0,1500,10.679647326990942,True,True,4.427606701664813
-2217500.0,1097500.0,1500,9.982152450634038,True,True,4.7731349490891635
-2212500.0,1097500.0,1500,12.694401958398304,True,True,5.39467916716763
-2207500.0,1097500.0,1500,14.773550369210906,True,True,6.617733454793255
-2202500.0,1097500.0,1500,15.327262082223182,True,True,6.891914726374156
-2197500.0,1097500.0,1500,14.296090948800778,True,True,5.6768007591846485
-2192500.0,1097500.0,1500,11.254080640981478,True,True,4.763268309175023
-2187500.0,1097500.0,1500,8.56782406124856,True,True,5.206378170299914
-2182500.0,1097500.0,1500,6.665504122869567,True,True,5.193816109252867
-2177500.0,1097500.0,1500,3.946931796198253,True,True,5.31791440891233
-2172500.0,1097500.0,1500,-0.21395107017047232,True,True,5.99358946913374
-2167500.0,1097500.0,1500,-2.951038061825258,True,True,5.848290366171465
-2162500.0,1097500.0,1500,0.21068206131710854,True,True,5.843428540783379
-2157500.0,1097500.0,1500,5.766075660817493,True,True,5.513234405442508
-2152500.0,1097500.0,1500,6.1930870357238605,True,True,4.841133275735542
-2147500.0,1097500.0,1500,2.737708914963741,True,True,4.622301108923201
-2142500.0,1097500.0,1500,3.1872091315562496,True,True,4.731318073830507
-2137500.0,1097500.0,1500,7.330929717186601,True,True,5.852185082240968
-2132500.0,1097500.0,1500,7.987787754564678,True,True,5.865782004003172
-2127500.0,1097500.0,1500,7.208258393402968,True,True,4.875696453512495
-2122500.0,1097500.0,1500,7.89731854014652,True,True,4.416688590670603
-2117500.0,1097500.0,1500,7.739668800167693,True,True,5.0098929545008515
-2112500.0,1097500.0,1500,7.646847485141488,True,True,6.378134498345623
-2107500.0,1097500.0,1500,7.471136455266295,True,True,6.898204242921096
-2102500.0,1097500.0,1500,7.516123429162399,True,True,6.453288422164992
-2097500.0,1097500.0,1500,8.955890946463857,True,True,5.39982105131366
-2092500.0,1097500.0,1500,6.389648793167052,True,True,4.916338725636575
-2087500.0,1097500.0,1500,0.5545157038581026,True,True,5.434381148034438
-2082500.0,1097500.0,1500,-4.329271653465497,True,True,6.418630719358631
-2077500.0,1097500.0,1500,-7.228434011059188,True,True,6.408145901695602
-2072500.0,1097500.0,1500,-7.220444129459475,True,True,6.326693296815627
-2067500.0,1097500.0,1500,-6.848635736984734,True,True,6.2978490231175535
-2062500.0,1097500.0,1500,-4.8633796224522285,True,True,5.700255660622341
-2057500.0,1097500.0,1500,-2.0037649124882115,True,True,5.703996739375594
-2052500.0,1097500.0,1500,0.8587828175753676,True,True,6.149825936247671
-2047500.0,1097500.0,1500,5.025175643586403,True,True,5.866203250795856
-2042500.0,1097500.0,1500,9.911156844446893,True,True,5.855889153288485
-2037500.0,1097500.0,1500,13.860887193019716,True,True,5.640202653084337
-2032500.0,1097500.0,1500,15.97945814605579,True,True,5.524310068262778
-2027500.0,1097500.0,1500,16.45524644022168,True,True,6.844021283927074
-2022500.0,1097500.0,1500,16.58539426638676,True,True,7.3261128234919966
-2017500.0,1097500.0,1500,19.772080240323703,True,True,6.295676017959828
-2012500.0,1097500.0,1500,22.304838549217916,True,True,4.855932535146873
-2007500.0,1097500.0,1500,20.720066894839622,True,True,4.434292427392493
-2002500.0,1097500.0,1500,17.142881395859472,True,True,5.231310990569083
-1997500.0,1097500.0,1500,13.260991745072701,False,True,6.613492017857745
-1992500.0,1097500.0,1500,11.03391099971539,False,True,7.819788892449047
-1987500.0,1097500.0,1500,9.283430502653344,False,True,8.259792931550788
-1982500.0,1097500.0,1500,5.849408520582913,False,True,8.191699500757688
-1977500.0,1097500.0,1500,2.38109534601383,False,False,7.976216183637137
-1972500.0,1097500.0,1500,1.214988341221421,False,False,7.65055643379294
-1967500.0,1097500.0,1500,0.38426820184987753,False,False,7.322409963917084
-1962500.0,1097500.0,1500,-0.6499333246049506,False,False,7.281989862340395
-1957500.0,1097500.0,1500,-1.0483680388668029,False,True,7.622701827107429
-1952500.0,1097500.0,1500,-1.840151713463686,False,True,8.164760773724625
-1947500.0,1097500.0,1500,-0.6742581696371894,False,True,8.615902255992044
-1942500.0,1097500.0,1500,1.504110553062274,False,True,8.843920517390952
-1937500.0,1097500.0,1500,1.1402845806114297,False,True,8.894251210547342
-1932500.0,1097500.0,1500,0.19341803414002534,False,True,8.786202938906099
-1927500.0,1097500.0,1500,-1.6858703525664493,False,False,8.51971379247271
-1922500.0,1097500.0,1500,-6.147459325630569,False,False,8.15923115546543
-2447500.0,1102500.0,1500,23.47412490563844,False,False,6.879856402581211
-2442500.0,1102500.0,1500,17.063738221976394,False,False,7.486117843477126
-2437500.0,1102500.0,1500,11.454390812819469,False,False,7.3341952734166
-2432500.0,1102500.0,1500,2.8595090026986516,False,False,6.907427566414276
-2427500.0,1102500.0,1500,-0.26874385154368025,False,False,6.949574679136806
-2422500.0,1102500.0,1500,13.02833021256929,False,False,7.226174110885571
-2417500.0,1102500.0,1500,31.082859283545623,False,False,7.249949308382169
-2412500.0,1102500.0,1500,37.02779690197657,False,False,6.912515652220046
-2407500.0,1102500.0,1500,34.31938412121881,False,False,6.3744028377576685
-2402500.0,1102500.0,1500,30.810673895996093,False,False,6.389539963049008
-2397500.0,1102500.0,1500,14.592866254010225,False,False,7.026903991948915
-2392500.0,1102500.0,1500,-6.210099555828142,False,False,7.580839782367054
-2387500.0,1102500.0,1500,-10.813269134755014,False,False,7.366420873432366
-2382500.0,1102500.0,1500,-5.802452407631205,False,False,6.27232305978017
-2377500.0,1102500.0,1500,-0.786583928461329,False,False,4.631413993514995
-2372500.0,1102500.0,1500,14.628635789692575,False,False,3.7622388292900815
-2367500.0,1102500.0,1500,56.56307155827093,False,False,3.797762609332904
-2362500.0,1102500.0,1500,90.65820240875371,False,False,3.711493012208135
-2357500.0,1102500.0,1500,139.40088770862545,False,False,3.40811817655755
-2317500.0,1102500.0,1500,144.87645842630346,False,True,3.8554251050081394
-2312500.0,1102500.0,1500,97.2257950506735,False,True,4.114232020160252
-2307500.0,1102500.0,1500,76.7482622434489,False,True,4.528195400461509
-2302500.0,1102500.0,1500,91.8900978302413,False,True,5.247580345916066
-2297500.0,1102500.0,1500,49.422837800425995,False,True,6.262469396328698
-2292500.0,1102500.0,1500,2.5501103778554537,True,True,6.567805278439559
-2287500.0,1102500.0,1500,-2.323109449900553,True,True,6.379422440024093
-2282500.0,1102500.0,1500,-2.698095918901737,True,True,5.7407302412271966
-2277500.0,1102500.0,1500,-0.14788047268108906,True,True,4.883030165251979
-2272500.0,1102500.0,1500,3.3538585745964955,True,True,5.41547207479042
-2267500.0,1102500.0,1500,7.1602325393734825,True,True,5.566528143075937
-2262500.0,1102500.0,1500,11.477947450409232,True,True,4.909216960118282
-2257500.0,1102500.0,1500,11.027494800282621,True,True,4.22690069747074
-2252500.0,1102500.0,1500,12.355281678442244,True,True,4.672731933929714
-2247500.0,1102500.0,1500,14.748878493975907,True,True,4.967000338691964
-2242500.0,1102500.0,1500,13.263200960502882,True,True,5.036477795070879
-2237500.0,1102500.0,1500,13.571551259117506,True,True,5.943965197394313
-2232500.0,1102500.0,1500,14.569144680923364,True,True,6.090697076908757
-2227500.0,1102500.0,1500,13.257385171698783,True,True,5.388368518503372
-2222500.0,1102500.0,1500,12.046165096680625,True,True,4.605461555238338
-2217500.0,1102500.0,1500,13.11649603991472,True,True,5.314790466680768
-2212500.0,1102500.0,1500,13.66279699006412,True,True,6.289507015030431
-2207500.0,1102500.0,1500,12.435727524010023,True,True,6.231699218942486
-2202500.0,1102500.0,1500,11.078414834267095,True,True,5.233596539206223
-2197500.0,1102500.0,1500,11.960916026116903,True,True,4.951165667450899
-2192500.0,1102500.0,1500,11.688786393344591,True,True,5.756978544141505
-2187500.0,1102500.0,1500,8.792903348924815,True,True,5.68651718687064
-2182500.0,1102500.0,1500,6.62267525089542,True,True,5.214032685597247
-2177500.0,1102500.0,1500,3.149543452812829,True,True,5.211416092294487
-2172500.0,1102500.0,1500,-1.5142489879470449,True,True,5.062278194412143
-2167500.0,1102500.0,1500,-2.748456237258225,True,True,4.97403990203626
-2162500.0,1102500.0,1500,-0.3822367671217046,True,True,5.084512854540824
-2157500.0,1102500.0,1500,3.0682814513839665,True,True,5.223544547015622
-2152500.0,1102500.0,1500,3.019115231166836,True,True,5.650109264901923
-2147500.0,1102500.0,1500,-0.5490610410063673,True,True,5.874233902465139
-2142500.0,1102500.0,1500,1.3534856892561902,True,True,4.794414432984458
-2137500.0,1102500.0,1500,5.741544346445136,True,True,4.539614508216568
-2132500.0,1102500.0,1500,6.6146942599836445,True,True,5.272267171907219
-2127500.0,1102500.0,1500,8.386390910405291,True,True,5.7458328703443655
-2122500.0,1102500.0,1500,9.43106661948025,True,True,5.716477976102676
-2117500.0,1102500.0,1500,8.657427290291068,True,True,5.038034679889446
-2112500.0,1102500.0,1500,7.323883368449103,True,True,5.702338964623446
-2107500.0,1102500.0,1500,4.907894125596793,True,True,6.376419814704625
-2102500.0,1102500.0,1500,4.1415327165886815,True,True,5.441655832137696
-2097500.0,1102500.0,1500,5.380457053473455,True,True,5.374829907651279
-2092500.0,1102500.0,1500,4.2079034437357254,True,True,6.50025791953039
-2087500.0,1102500.0,1500,-0.9696261078686587,True,True,7.06993540280286
-2082500.0,1102500.0,1500,-6.751090862049825,True,True,6.7377628285486875
-2077500.0,1102500.0,1500,-9.91799761630989,True,True,6.1200557645244675
-2072500.0,1102500.0,1500,-8.315313208343863,True,True,6.671573385796023
-2067500.0,1102500.0,1500,-5.281050451878855,True,True,7.430227338396348
-2062500.0,1102500.0,1500,-3.2983241651582715,True,True,6.579072409986299
-2057500.0,1102500.0,1500,-1.1416654799095518,True,True,5.392086101606329
-2052500.0,1102500.0,1500,2.4777844493158954,True,True,4.861790396257016
-2047500.0,1102500.0,1500,7.676604627647608,True,True,5.166244332807354
-2042500.0,1102500.0,1500,11.634375686213199,True,True,6.3765787225535675
-2037500.0,1102500.0,1500,13.198639994736789,True,True,5.915755444730863
-2032500.0,1102500.0,1500,14.123162112921559,True,True,4.623661475412074
-2027500.0,1102500.0,1500,14.303686743780375,True,True,5.8075920038085735
-2022500.0,1102500.0,1500,14.006464962678518,True,True,6.934458944280325
-2017500.0,1102500.0,1500,15.407643653376574,True,True,5.307640953069072
-2012500.0,1102500.0,1500,15.403740222145801,True,True,4.153133102844928
-2007500.0,1102500.0,1500,13.719558585075804,True,True,5.186659685588763
-2002500.0,1102500.0,1500,13.563773927033143,False,True,6.331217391033501
-1997500.0,1102500.0,1500,12.633051663466015,False,True,6.295642310940701
-1992500.0,1102500.0,1500,11.484959018751233,False,True,6.998583152116624
-1987500.0,1102500.0,1500,11.109716979865986,False,True,7.982061255362458
-1982500.0,1102500.0,1500,6.864446550082058,False,True,7.625883695620132
-1977500.0,1102500.0,1500,1.7116744772127046,False,False,7.373280027123048
-1972500.0,1102500.0,1500,0.4288820152082726,False,False,7.481323531892884
-1967500.0,1102500.0,1500,0.1127782806333808,False,False,7.853549432479206
-1962500.0,1102500.0,1500,0.10583317967230199,False,False,8.435439387685435
-1957500.0,1102500.0,1500,0.7292843862344651,False,False,8.996326747997717
-1952500.0,1102500.0,1500,0.4558330877719361,False,False,9.317002410436285
-1947500.0,1102500.0,1500,0.4270832800277098,False,True,9.383829700842371
-1942500.0,1102500.0,1500,1.1224922002114845,False,True,9.227049592488044
-1937500.0,1102500.0,1500,0.5598772885369001,False,False,8.876460181339736
-1932500.0,1102500.0,1500,-1.1143857897329825,False,False,8.343467129875927
-1927500.0,1102500.0,1500,-3.1426511511842845,False,False,7.784299085508731
-1922500.0,1102500.0,1500,-6.929758752144602,False,False,7.597944635061452
-2447500.0,1107500.0,1500,18.421333502311047,False,False,7.277769113534928
-2442500.0,1107500.0,1500,14.592964542775794,False,False,7.452289635307247
-2437500.0,1107500.0,1500,9.84571778784217,False,False,7.179109095524954
-2432500.0,1107500.0,1500,4.054645142390643,False,False,7.01043371454909
-2427500.0,1107500.0,1500,-4.2262386524554705,False,False,7.399320876845597
-2422500.0,1107500.0,1500,-5.145377662435071,False,False,7.754123567471626
-2417500.0,1107500.0,1500,9.286965577524665,False,False,7.567005362387504
-2412500.0,1107500.0,1500,22.438040229633618,False,False,6.822097111609171
-2407500.0,1107500.0,1500,33.00303027237422,False,False,6.338339069336008
-2402500.0,1107500.0,1500,55.15174477053433,False,False,6.1463529519718065
-2397500.0,1107500.0,1500,46.92279674109161,False,False,6.141049681174449
-2392500.0,1107500.0,1500,20.98914229721644,False,False,6.38419682877495
-2387500.0,1107500.0,1500,17.316582441832587,False,False,6.142857002152934
-2382500.0,1107500.0,1500,2.0989551616973947,False,False,5.562685211993266
-2377500.0,1107500.0,1500,3.6901118338453456,False,False,4.526861476918356
-2372500.0,1107500.0,1500,44.34767895311267,False,False,3.5413675853032203
-2367500.0,1107500.0,1500,99.8891236848465,False,False,3.381202976471493
-2362500.0,1107500.0,1500,122.58478062356613,False,False,3.413573463562432
-2317500.0,1107500.0,1500,150.61410173101982,False,True,3.613335255025988
-2312500.0,1107500.0,1500,131.9066979498278,False,True,4.023507114458292
-2307500.0,1107500.0,1500,119.5769533540336,False,True,4.82332468447365
-2302500.0,1107500.0,1500,84.89997257880039,False,True,5.6345116748674675
-2297500.0,1107500.0,1500,40.088839429688555,False,True,6.042360812770902
-2292500.0,1107500.0,1500,16.086751428751008,False,True,6.14786769689332
-2287500.0,1107500.0,1500,6.886856941111562,True,True,6.758559140591376
-2282500.0,1107500.0,1500,6.675992591402449,True,True,7.1677068174451
-2277500.0,1107500.0,1500,6.729320035066861,True,True,5.643297218058394
-2272500.0,1107500.0,1500,8.024318932553408,True,True,4.356097398903836
-2267500.0,1107500.0,1500,10.192749007743318,True,True,4.536951775221617
-2262500.0,1107500.0,1500,12.4902043926025,True,True,5.1989883106211945
-2257500.0,1107500.0,1500,12.856964052493316,True,True,5.328965847434128
-2252500.0,1107500.0,1500,14.338471042920094,True,True,5.799408920754576
-2247500.0,1107500.0,1500,16.609226851285364,True,True,6.137862346635961
-2242500.0,1107500.0,1500,12.648543745138095,True,True,5.139018206568288
-2237500.0,1107500.0,1500,10.001811045346336,True,True,4.723873461284719
-2232500.0,1107500.0,1500,11.527312430782953,True,True,4.943039454802365
-2227500.0,1107500.0,1500,10.940630121285178,True,True,5.26901318244675
-2222500.0,1107500.0,1500,10.899752717124121,True,True,5.62133654947879
-2217500.0,1107500.0,1500,12.386344066864899,True,True,5.340274870681131
-2212500.0,1107500.0,1500,10.931456417467068,True,True,4.862950004820766
-2207500.0,1107500.0,1500,8.018041387215362,True,True,4.828216776329209
-2202500.0,1107500.0,1500,7.339820735936264,True,True,4.70083180673793
-2197500.0,1107500.0,1500,10.302371154610446,True,True,5.143768911749159
-2192500.0,1107500.0,1500,11.83309420654029,True,True,5.262720196899957
-2187500.0,1107500.0,1500,9.013587309456085,True,True,4.869477451128712
-2182500.0,1107500.0,1500,5.754607153870695,True,True,5.3429887744076625
-2177500.0,1107500.0,1500,2.3799676037328577,True,True,5.369997828566517
-2172500.0,1107500.0,1500,-0.18539418216858994,True,True,4.309520732416766
-2167500.0,1107500.0,1500,-0.31738459199674784,True,True,4.205023462642858
-2162500.0,1107500.0,1500,1.795460722604969,True,True,5.488682174153395
-2157500.0,1107500.0,1500,3.399408294136518,True,True,6.541676508209789
-2152500.0,1107500.0,1500,1.852284607848572,True,True,6.299465634527307
-2147500.0,1107500.0,1500,0.5371777604840025,True,True,5.319691548685114
-2142500.0,1107500.0,1500,2.6471554730947373,True,True,4.884221733826313
-2137500.0,1107500.0,1500,5.486510504529901,True,True,5.151187804977216
-2132500.0,1107500.0,1500,6.343147635800635,True,True,5.607077923713393
-2127500.0,1107500.0,1500,8.134907544749858,True,True,6.15608589450437
-2122500.0,1107500.0,1500,9.698988275970393,True,True,6.541394692455354
-2117500.0,1107500.0,1500,8.948541771660386,True,True,5.527837855771443
-2112500.0,1107500.0,1500,7.891854070485617,True,True,4.784147913686391
-2107500.0,1107500.0,1500,5.754072864213445,True,True,5.14022515018733
-2102500.0,1107500.0,1500,4.223578222033198,True,True,5.292547649964513
-2097500.0,1107500.0,1500,2.9020366229757135,True,True,6.044630308662051
-2092500.0,1107500.0,1500,-0.2396471339234817,True,True,6.1687024250346045
-2087500.0,1107500.0,1500,-4.696857666892359,True,True,6.297697873081961
-2082500.0,1107500.0,1500,-9.594078869059253,True,True,6.541341671495602
-2077500.0,1107500.0,1500,-10.755478593887128,True,True,6.651941290354146
-2072500.0,1107500.0,1500,-7.857757419360995,True,True,7.50438316093411
-2067500.0,1107500.0,1500,-4.345914069032642,True,True,7.640194750241841
-2062500.0,1107500.0,1500,-1.5794937694380795,True,True,6.181117851530761
-2057500.0,1107500.0,1500,1.3160266433356578,True,True,4.761446747761957
-2052500.0,1107500.0,1500,5.296616673311392,True,True,4.890157779271815
-2047500.0,1107500.0,1500,8.67822846592074,True,True,5.65014482365169
-2042500.0,1107500.0,1500,10.95385963631874,True,True,6.309846958823222
-2037500.0,1107500.0,1500,11.850255008167617,True,True,6.110572815861861
-2032500.0,1107500.0,1500,10.96599722259935,True,True,4.730323984308571
-2027500.0,1107500.0,1500,9.55288018356738,True,True,4.5005292138552955
-2022500.0,1107500.0,1500,10.168684529697474,True,True,5.379512814867814
-2017500.0,1107500.0,1500,11.993077887518215,True,True,5.349717744621259
-2012500.0,1107500.0,1500,11.144434047205051,True,True,5.807918460169346
-2007500.0,1107500.0,1500,9.5967606392323,True,True,6.331941787332188
-2002500.0,1107500.0,1500,10.734756444422985,False,True,5.764708081857149
-1997500.0,1107500.0,1500,12.176537791174342,False,True,5.581028601992436
-1992500.0,1107500.0,1500,12.877694230504853,False,True,6.87839316622671
-1987500.0,1107500.0,1500,12.959662249249487,False,True,7.639762016715116
-1982500.0,1107500.0,1500,8.967819828596099,False,False,7.38360414480521
-1977500.0,1107500.0,1500,2.5648760978564535,False,False,7.74765738592614
-1972500.0,1107500.0,1500,-0.7487388033594988,False,False,8.583073131305227
-1967500.0,1107500.0,1500,-1.1551670718501326,False,False,9.395297942024802
-1962500.0,1107500.0,1500,-1.1193511163553687,False,False,9.81107895078877
-1957500.0,1107500.0,1500,-0.8280000668588026,False,False,9.858292980758968
-1952500.0,1107500.0,1500,-0.7202119965244018,False,False,9.637517905953004
-1947500.0,1107500.0,1500,-0.9982921390463741,False,False,9.196865100498924
-1942500.0,1107500.0,1500,-1.1020460855272456,False,False,8.597010395808923
-1937500.0,1107500.0,1500,-1.4608236004023756,False,False,8.025838041073705
-1932500.0,1107500.0,1500,-2.71701665701897,False,False,7.705031814924469
-1927500.0,1107500.0,1500,-4.032847673262146,False,False,7.729284424917531
-1922500.0,1107500.0,1500,-6.375846282539587,False,False,8.207094649826438
-2447500.0,1112500.0,1500,14.600441481839763,False,False,7.636637449075216
-2442500.0,1112500.0,1500,11.113995701483873,False,False,7.427601867127019
-2437500.0,1112500.0,1500,7.009673119382412,False,False,7.156056163742445
-2432500.0,1112500.0,1500,4.9797977622992065,False,False,7.415047235475946
-2427500.0,1112500.0,1500,-2.828729655545241,False,False,7.88759003092154
-2422500.0,1112500.0,1500,-5.012516985292517,False,False,7.930250222406496
-2417500.0,1112500.0,1500,12.234226699956773,False,False,7.348205146541384
-2412500.0,1112500.0,1500,15.537647421930318,False,False,6.749444289987414
-2407500.0,1112500.0,1500,14.774997347744621,False,False,6.966973720530113
-2402500.0,1112500.0,1500,38.33045094733473,False,False,6.9936083347743665
-2397500.0,1112500.0,1500,41.97165913921711,False,False,6.275260719336129
-2392500.0,1112500.0,1500,42.12414348907041,False,False,5.395710993702519
-2387500.0,1112500.0,1500,69.05849507173082,False,False,4.68412548563223
-2382500.0,1112500.0,1500,64.45202675927669,False,False,4.281624423686794
-2377500.0,1112500.0,1500,57.22729290639772,False,False,3.684371134682919
-2372500.0,1112500.0,1500,95.82082869636521,False,False,3.1654203855933476
-2312500.0,1112500.0,1500,134.74084428619994,False,True,4.447874518139374
-2307500.0,1112500.0,1500,98.78399906408595,False,True,5.438450660536508
-2302500.0,1112500.0,1500,65.07208932709143,False,True,5.895919824590695
-2297500.0,1112500.0,1500,64.5044349017297,False,True,5.5142111916443355
-2292500.0,1112500.0,1500,46.828430003441355,False,True,5.816544049132846
-2287500.0,1112500.0,1500,14.520148141471653,False,True,6.9214063660154235
-2282500.0,1112500.0,1500,12.861641554871708,False,True,6.704025505485898
-2277500.0,1112500.0,1500,11.887112909786236,True,True,5.417988725563764
-2272500.0,1112500.0,1500,12.24044840552701,True,True,4.7799458980466385
-2267500.0,1112500.0,1500,12.892713054409453,True,True,4.6368374049009375
-2262500.0,1112500.0,1500,13.27300251203373,True,True,4.737716773289626
-2257500.0,1112500.0,1500,14.896518866752746,True,True,5.643836802800993
-2252500.0,1112500.0,1500,15.537087504004464,True,True,6.370691351931841
-2247500.0,1112500.0,1500,14.242552638698399,True,True,6.049636079156688
-2242500.0,1112500.0,1500,9.942291104137885,True,True,4.703450884014024
-2237500.0,1112500.0,1500,7.492784650394669,True,True,3.5505029905442793
-2232500.0,1112500.0,1500,9.386487069341747,True,True,4.4634819384735565
-2227500.0,1112500.0,1500,9.034594702502202,True,True,5.759949839533188
-2222500.0,1112500.0,1500,7.99181679921977,True,True,5.347569142409374
-2217500.0,1112500.0,1500,9.769180821524941,True,True,4.248426586288443
-2212500.0,1112500.0,1500,9.736716346006443,True,True,3.8825183884789833
-2207500.0,1112500.0,1500,7.176270848440543,True,True,4.703901383152098
-2202500.0,1112500.0,1500,7.3006139513979065,True,True,5.017103772891939
-2197500.0,1112500.0,1500,10.067713976531886,True,True,4.7893939481633065
-2192500.0,1112500.0,1500,12.107816469012251,True,True,5.146076981530331
-2187500.0,1112500.0,1500,11.090435819183778,True,True,5.829491753384032
-2182500.0,1112500.0,1500,7.131956396123515,True,True,5.797504449257056
-2177500.0,1112500.0,1500,4.0996748419954,True,True,5.028635212876795
-2172500.0,1112500.0,1500,3.2278657713226453,True,True,4.71405293093807
-2167500.0,1112500.0,1500,2.5130598093763967,True,True,4.916169394793959
-2162500.0,1112500.0,1500,3.4767367980908555,True,True,6.147041188519149
-2157500.0,1112500.0,1500,3.8417786603279422,True,True,6.24557451450072
-2152500.0,1112500.0,1500,2.913385463075091,True,True,5.698815979850164
-2147500.0,1112500.0,1500,4.852535697591948,True,True,5.680146119539503
-2142500.0,1112500.0,1500,6.325346319924451,True,True,6.025389537809642
-2137500.0,1112500.0,1500,5.417517758291896,True,True,6.634608330688755
-2132500.0,1112500.0,1500,4.56830073882321,True,True,5.930226041478907
-2127500.0,1112500.0,1500,5.022859622254931,True,True,5.631214846873498
-2122500.0,1112500.0,1500,6.989165910403431,True,True,6.240361276244368
-2117500.0,1112500.0,1500,6.341229954432258,True,True,5.579442638210291
-2112500.0,1112500.0,1500,5.2097187321082465,True,True,4.673891809142303
-2107500.0,1112500.0,1500,5.596999336226843,True,True,4.40472787260195
-2102500.0,1112500.0,1500,4.466991972101611,True,True,4.822003678821331
-2097500.0,1112500.0,1500,1.8018589262136535,True,True,5.153948940568409
-2092500.0,1112500.0,1500,-2.6394422157010755,True,True,4.889044095179824
-2087500.0,1112500.0,1500,-6.838420202955695,True,True,5.770516184280585
-2082500.0,1112500.0,1500,-9.735176815149831,True,True,6.6915593939123115
-2077500.0,1112500.0,1500,-9.029202719487364,True,True,7.365306796302533
-2072500.0,1112500.0,1500,-5.614508718131955,True,True,7.640362162987648
-2067500.0,1112500.0,1500,-2.872598662908871,True,True,6.373721414163397
-2062500.0,1112500.0,1500,-0.1419848230924201,True,True,4.711632465014728
-2057500.0,1112500.0,1500,1.5354722423017226,True,True,4.500403864107123
-2052500.0,1112500.0,1500,3.337053666625555,True,True,6.258765552804516
-2047500.0,1112500.0,1500,5.707152640983576,True,True,7.406560126563589
-2042500.0,1112500.0,1500,7.024754446548865,True,True,6.767977734373892
-2037500.0,1112500.0,1500,7.711555287144222,True,True,6.445432595261879
-2032500.0,1112500.0,1500,6.780742311662558,True,True,5.320398947756012
-2027500.0,1112500.0,1500,4.564911132412894,True,True,4.063354601166794
-2022500.0,1112500.0,1500,5.032240315193539,True,True,5.0569216639655865
-2017500.0,1112500.0,1500,6.418191221386718,True,True,6.4118644005048395
-2012500.0,1112500.0,1500,5.283715928845818,True,True,6.065599217774755
-2007500.0,1112500.0,1500,4.810158055852076,False,True,5.420945874133706
-2002500.0,1112500.0,1500,6.892807415633821,False,True,6.111791406752768
-1997500.0,1112500.0,1500,9.6469536155054,False,True,7.8160542800693715
-1992500.0,1112500.0,1500,11.296988383133405,False,True,8.937248481502362
-1987500.0,1112500.0,1500,10.983173868999861,False,False,8.69097232468693
-1982500.0,1112500.0,1500,7.490649841389373,False,False,8.3349368656136
-1977500.0,1112500.0,1500,1.7841564790148454,False,False,8.34756080422977
-1972500.0,1112500.0,1500,-2.279710623736618,False,False,9.111816303524915
-1967500.0,1112500.0,1500,-3.2144577002242993,False,False,9.989964661666633
-1962500.0,1112500.0,1500,-3.874636707125617,False,False,9.970731355045316
-1957500.0,1112500.0,1500,-4.147655602126607,False,False,9.441052286995776
-1952500.0,1112500.0,1500,-3.7768130215863227,False,False,8.73859215225798
-1947500.0,1112500.0,1500,-3.9735841601839783,False,False,8.0987340041211
-1942500.0,1112500.0,1500,-3.1825471469769786,False,False,7.747915449511695
-1937500.0,1112500.0,1500,-2.653510123553278,False,False,7.7998530322712725
-1932500.0,1112500.0,1500,-3.7561491318308713,False,False,8.21210590834953
-1927500.0,1112500.0,1500,-4.811247332409118,False,False,8.75030551085071
-1922500.0,1112500.0,1500,-6.08478819381395,False,False,9.18922212008907
-2447500.0,1117500.0,1500,14.095785653552756,False,False,7.86408783067458
-2442500.0,1117500.0,1500,10.421493569732867,False,False,7.3560722849168405
-2437500.0,1117500.0,1500,8.015460453540944,False,False,7.304096469491905
-2432500.0,1117500.0,1500,9.0329277805471,False,False,7.887366620503661
-2427500.0,1117500.0,1500,6.498349124653057,False,False,8.184730087014394
-2422500.0,1117500.0,1500,4.158675517585672,False,False,7.776063062247047
-2417500.0,1117500.0,1500,13.326410221263924,False,False,6.951116100662256
-2412500.0,1117500.0,1500,14.356829648332226,False,False,6.907290211169306
-2407500.0,1117500.0,1500,7.261075534134137,False,False,7.704150626574784
-2402500.0,1117500.0,1500,16.577049151541747,False,False,7.8263870904484065
-2397500.0,1117500.0,1500,36.23287384964775,False,False,6.727985117907895
-2392500.0,1117500.0,1500,67.63902131965992,False,False,5.3046829744334865
-2387500.0,1117500.0,1500,115.62959843722462,False,False,4.3944044717101125
-2377500.0,1117500.0,1500,132.12756685499087,False,False,2.8545591084032225
-2317500.0,1117500.0,1500,118.2899218711919,False,True,4.602789095145886
-2312500.0,1117500.0,1500,86.19361641722674,False,True,5.761127987226327
-2307500.0,1117500.0,1500,49.499802088482866,False,True,6.028266803165776
-2302500.0,1117500.0,1500,30.082197785364514,False,True,5.803217620667206
-2297500.0,1117500.0,1500,48.14966512597725,False,True,5.5974311507634305
-2292500.0,1117500.0,1500,42.00893215745271,False,True,5.814638542080365
-2287500.0,1117500.0,1500,20.121460271724477,False,True,5.708430209905923
-2282500.0,1117500.0,1500,19.40194455359353,False,True,5.057024190671923
-2277500.0,1117500.0,1500,17.187838563176797,True,True,5.186682972683863
-2272500.0,1117500.0,1500,17.48905422263686,True,True,6.035186409174848
-2267500.0,1117500.0,1500,14.757771279812486,True,True,5.287494640928232
-2262500.0,1117500.0,1500,12.475545919753142,True,True,3.7599691125357513
-2257500.0,1117500.0,1500,13.074365426102764,True,True,4.7939959961554015
-2252500.0,1117500.0,1500,11.756687667484806,True,True,5.540701636242097
-2247500.0,1117500.0,1500,8.035823545566812,True,True,4.8913021026345005
-2242500.0,1117500.0,1500,6.952653016147746,True,True,5.032712553518279
-2237500.0,1117500.0,1500,8.651579815683094,True,True,4.798493789230026
-2232500.0,1117500.0,1500,10.025868243331852,True,True,4.674840133873937
-2227500.0,1117500.0,1500,9.765951727665216,True,True,4.836006696506436
-2222500.0,1117500.0,1500,9.09705135640047,True,True,4.791527812584107
-2217500.0,1117500.0,1500,10.84975830185044,True,True,5.288453739610679
-2212500.0,1117500.0,1500,11.314700773640123,True,True,4.817063623303937
-2207500.0,1117500.0,1500,9.248459837430609,True,True,4.410396809772018
-2202500.0,1117500.0,1500,9.942320281726868,True,True,4.794716822644874
-2197500.0,1117500.0,1500,12.519589650675188,True,True,5.3025275471091025
-2192500.0,1117500.0,1500,13.594286093881715,True,True,6.120443285431701
-2187500.0,1117500.0,1500,12.591194280026272,True,True,6.378532345838809
-2182500.0,1117500.0,1500,8.770108866618266,True,True,5.483570316106072
-2177500.0,1117500.0,1500,6.618833625816138,True,True,5.248429431533955
-2172500.0,1117500.0,1500,7.025137004852472,True,True,6.210836511047681
-2167500.0,1117500.0,1500,5.402747159471511,True,True,5.837036358023958
-2162500.0,1117500.0,1500,3.7378878707443937,True,True,5.126987220723295
-2157500.0,1117500.0,1500,3.3791879696205336,True,True,5.118208247132692
-2152500.0,1117500.0,1500,4.941062922208989,True,True,6.040909988071916
-2147500.0,1117500.0,1500,7.920694910672574,True,True,7.089467643834734
-2142500.0,1117500.0,1500,7.988260644555692,True,True,7.186602060908572
-2137500.0,1117500.0,1500,4.477092472680204,True,True,6.798273301655133
-2132500.0,1117500.0,1500,2.496817000006818,True,True,5.621335052904576
-2127500.0,1117500.0,1500,2.8105257127146897,True,True,4.583625363799129
-2122500.0,1117500.0,1500,3.376654841998945,True,True,4.790094172537941
-2117500.0,1117500.0,1500,2.9899894606547552,True,True,4.911250915514313
-2112500.0,1117500.0,1500,2.1271065995568716,True,True,5.190730648388859
-2107500.0,1117500.0,1500,3.1349250409670395,True,True,4.7686362469183665
-2102500.0,1117500.0,1500,2.9440554317477736,True,True,3.9949876104747952
-2097500.0,1117500.0,1500,-0.15688088005592138,True,True,4.596582057534478
-2092500.0,1117500.0,1500,-3.5758957131972426,True,True,5.550916580696676
-2087500.0,1117500.0,1500,-6.84506383616927,True,True,6.2517401099488765
-2082500.0,1117500.0,1500,-8.368175837276967,True,True,6.788488040745594
-2077500.0,1117500.0,1500,-6.892044832497868,True,True,6.871739581683919
-2072500.0,1117500.0,1500,-4.179617222482843,True,True,6.377935006021442
-2067500.0,1117500.0,1500,-1.3245533054379823,True,True,5.528957753162442
-2062500.0,1117500.0,1500,-0.03981842232564203,True,True,4.849414557744936
-2057500.0,1117500.0,1500,0.15881538287155506,True,True,5.282604228421125
-2052500.0,1117500.0,1500,1.0934304230132936,True,True,6.973336734606354
-2047500.0,1117500.0,1500,2.3275593594904858,True,True,8.002757896190532
-2042500.0,1117500.0,1500,2.54975422693581,True,True,6.903921316589923
-2037500.0,1117500.0,1500,3.2840906108824868,True,True,5.443252873373863
-2032500.0,1117500.0,1500,3.798152297835489,True,True,4.9375322898384475
-2027500.0,1117500.0,1500,2.526529735890875,True,True,5.487147113068603
-2022500.0,1117500.0,1500,3.238915071108699,True,True,6.154950872784026
-2017500.0,1117500.0,1500,4.550621808518899,True,True,5.845834128969015
-2012500.0,1117500.0,1500,3.4668279555531254,True,True,5.361905703143873
-2007500.0,1117500.0,1500,2.712211805623249,False,True,6.605692508882029
-2002500.0,1117500.0,1500,4.19514716738048,False,True,8.733798338245123
-1997500.0,1117500.0,1500,6.537614373029391,False,True,9.999851030903715
-1992500.0,1117500.0,1500,7.302691290852849,False,True,10.26660019662932
-1987500.0,1117500.0,1500,6.194271200973799,False,False,9.928781702217897
-1982500.0,1117500.0,1500,2.4791769649254434,False,False,8.833659660808511
-1977500.0,1117500.0,1500,-2.9097913946356533,False,False,7.200939275782363
-1972500.0,1117500.0,1500,-6.563698845733482,False,False,7.781022157274574
-1967500.0,1117500.0,1500,-7.66916613908814,False,False,9.193106011185302
-1962500.0,1117500.0,1500,-7.685650988803216,False,False,8.826393541954381
-1957500.0,1117500.0,1500,-7.333673585787002,False,False,8.1325079398904
-1952500.0,1117500.0,1500,-6.266370280149305,False,False,7.703577076527335
-1947500.0,1117500.0,1500,-5.17685464408532,False,False,7.690475320621213
-1942500.0,1117500.0,1500,-4.049649152888485,False,False,8.012189069745009
-1937500.0,1117500.0,1500,-3.328350168897585,False,False,8.408726554426242
-1932500.0,1117500.0,1500,-4.1910825653109285,False,False,8.704693089648515
-1927500.0,1117500.0,1500,-5.463492966080947,False,False,8.812696148583926
-1922500.0,1117500.0,1500,-6.483124707450033,False,False,8.721843172105173
-2447500.0,1122500.0,1500,12.631224258935243,False,False,7.655937128047787
-2442500.0,1122500.0,1500,12.458560979003344,False,False,7.219656949993782
-2437500.0,1122500.0,1500,15.598592312450288,False,False,7.652209985090231
-2432500.0,1122500.0,1500,18.352524047644252,False,False,8.24255820345654
-2427500.0,1122500.0,1500,17.165492195113806,False,False,8.161262066126195
-2422500.0,1122500.0,1500,11.980349317783146,False,False,7.327992655193806
-2417500.0,1122500.0,1500,12.912945527246684,False,False,6.82287098323387
-2412500.0,1122500.0,1500,13.538720753340192,False,False,7.476744659936005
-2407500.0,1122500.0,1500,7.056316024424034,False,False,8.22174780765001
-2402500.0,1122500.0,1500,21.997183621603245,False,False,7.802002650283605
-2397500.0,1122500.0,1500,58.266253621729874,False,False,6.429339023992038
-2392500.0,1122500.0,1500,86.85057498669403,False,False,5.534898655140814
-2387500.0,1122500.0,1500,118.41467222982459,False,False,5.054345538997287
-2337500.0,1122500.0,1500,158.77793999506807,False,False,3.9562790262277217
-2332500.0,1122500.0,1500,133.16194428126943,False,True,4.284468665904927
-2327500.0,1122500.0,1500,116.40306238965599,False,True,4.165898315792834
-2322500.0,1122500.0,1500,103.15080231052839,False,True,4.3740751202627735
-2317500.0,1122500.0,1500,63.35403943105883,False,True,5.670799331770686
-2312500.0,1122500.0,1500,22.481373610509205,True,True,6.692928663621621
-2307500.0,1122500.0,1500,2.7758486084516463,False,True,5.770751717120639
-2302500.0,1122500.0,1500,2.073135895447638,False,True,5.324128181675979
-2297500.0,1122500.0,1500,21.874885574868504,False,True,5.775771382750161
-2292500.0,1122500.0,1500,27.931309252121864,False,True,5.102298146420165
-2287500.0,1122500.0,1500,24.99669604059206,False,True,4.511064622029646
-2282500.0,1122500.0,1500,23.096940659682666,False,True,5.262895235649832
-2277500.0,1122500.0,1500,19.7195093298655,True,True,6.44454212644262
-2272500.0,1122500.0,1500,20.063799155023055,True,True,7.137757064363776
-2267500.0,1122500.0,1500,15.568881204885397,True,True,6.290945029525723
-2262500.0,1122500.0,1500,11.443039235841905,True,True,4.718865191048197
-2257500.0,1122500.0,1500,10.595515595359954,True,True,4.365049903040677
-2252500.0,1122500.0,1500,8.782700291160117,True,True,4.466991051437422
-2247500.0,1122500.0,1500,7.77407300236712,True,True,5.1291478263896835
-2242500.0,1122500.0,1500,9.028247848921517,True,True,6.211486268805489
-2237500.0,1122500.0,1500,11.032303700521354,True,True,5.537304895267765
-2232500.0,1122500.0,1500,11.424657067952563,True,True,4.147860433631049
-2227500.0,1122500.0,1500,10.956837979373045,True,True,4.267921812165817
-2222500.0,1122500.0,1500,11.533485133621959,True,True,5.4156253073709175
-2217500.0,1122500.0,1500,12.221578751438615,True,True,6.207928004353516
-2212500.0,1122500.0,1500,12.051795870297763,True,True,5.276629455722257
-2207500.0,1122500.0,1500,12.253522960030182,True,True,4.633075403733977
-2202500.0,1122500.0,1500,13.540873547634753,True,True,5.5850948726927045
-2197500.0,1122500.0,1500,14.73595083458258,True,True,5.69697876303688
-2192500.0,1122500.0,1500,14.087134396981517,True,True,5.228240949732475
-2187500.0,1122500.0,1500,11.79113029048449,True,True,5.631233175841812
-2182500.0,1122500.0,1500,9.578764960153197,True,True,6.026153366464096
-2177500.0,1122500.0,1500,8.378984910491031,True,True,6.3609552868202766
-2172500.0,1122500.0,1500,7.964180868743444,True,True,6.319645965594604
-2167500.0,1122500.0,1500,6.065908022272235,True,True,5.97166281332685
-2162500.0,1122500.0,1500,3.2298735427523755,True,True,4.984837166432233
-2157500.0,1122500.0,1500,3.3025441135064795,True,True,4.823613834734308
-2152500.0,1122500.0,1500,6.477843794031784,True,True,6.611966012288643
-2147500.0,1122500.0,1500,8.49655018823943,True,True,7.537320754796723
-2142500.0,1122500.0,1500,6.443976214299334,True,True,6.991107104807526
-2137500.0,1122500.0,1500,2.054540919050423,True,True,5.639160459357132
-2132500.0,1122500.0,1500,0.3979881735945169,True,True,4.717528498332771
-2127500.0,1122500.0,1500,1.1572519850603873,True,True,4.129774505477968
-2122500.0,1122500.0,1500,0.9684260537629812,True,True,3.7517320095493423
-2117500.0,1122500.0,1500,0.4764755178460235,True,True,4.415044875368839
-2112500.0,1122500.0,1500,0.458711511269273,True,True,4.837432429948198
-2107500.0,1122500.0,1500,0.5896763150660653,True,True,4.781425627913787
-2102500.0,1122500.0,1500,0.4308409358504972,True,True,4.804303048898837
-2097500.0,1122500.0,1500,-2.2140433424436776,True,True,5.132716950145147
-2092500.0,1122500.0,1500,-5.510465508335502,True,True,5.9371919475808
-2087500.0,1122500.0,1500,-7.477957075988749,True,True,6.2525691009573805
-2082500.0,1122500.0,1500,-8.640080667199516,True,True,5.760929558366975
-2077500.0,1122500.0,1500,-7.379678260830691,True,True,5.243661849058968
-2072500.0,1122500.0,1500,-3.880295807121404,True,True,5.642088988542826
-2067500.0,1122500.0,1500,0.11479716779444216,True,True,6.293590834327922
-2062500.0,1122500.0,1500,1.6563124341317645,True,True,6.092064511182385
-2057500.0,1122500.0,1500,1.8148659801897407,True,True,5.485879009498724
-2052500.0,1122500.0,1500,2.3609129872183923,True,True,6.522819619391683
-2047500.0,1122500.0,1500,2.3915573386864093,True,True,7.004676124538995
-2042500.0,1122500.0,1500,2.986844606841683,True,True,5.544881919430208
-2037500.0,1122500.0,1500,3.5433950675428916,True,True,5.117458465765323
-2032500.0,1122500.0,1500,3.1497501374499484,True,True,6.00215476116967
-2027500.0,1122500.0,1500,3.017785863176843,True,True,6.372505899867937
-2022500.0,1122500.0,1500,4.0767836547015674,True,True,5.754190664852677
-2017500.0,1122500.0,1500,5.624021367135663,True,True,5.788373039842959
-2012500.0,1122500.0,1500,4.917406816899068,True,True,7.2907494665432875
-2007500.0,1122500.0,1500,3.2678593757468706,False,True,9.100418796993694
-2002500.0,1122500.0,1500,3.5328983105523593,False,True,9.953978611754028
-1997500.0,1122500.0,1500,4.299295592563284,False,True,10.221366801293293
-1992500.0,1122500.0,1500,3.8715518900423094,False,True,10.17294404837547
-1987500.0,1122500.0,1500,1.9125305773416623,False,False,9.791731707039695
-1982500.0,1122500.0,1500,-2.849009124041717,False,False,8.235280219226766
-1977500.0,1122500.0,1500,-8.865166234377263,False,False,6.083506660344135
-1972500.0,1122500.0,1500,-11.80797382833273,False,False,6.578336353073805
-1967500.0,1122500.0,1500,-11.89852386389412,False,False,7.836126937961319
-1962500.0,1122500.0,1500,-10.742099146048394,False,False,7.532815865724567
-1957500.0,1122500.0,1500,-8.638962349143027,False,False,7.339791327108774
-1952500.0,1122500.0,1500,-6.082191616316489,False,False,7.441341777616358
-1947500.0,1122500.0,1500,-3.535253253148876,False,False,7.8515260714615
-1942500.0,1122500.0,1500,-2.5791436520299023,False,False,8.204038006336136
-1937500.0,1122500.0,1500,-3.1322721777277915,False,False,7.961273530325435
-1932500.0,1122500.0,1500,-4.679719181964447,False,False,7.521469570364886
-1927500.0,1122500.0,1500,-6.621174073031323,False,False,7.222054263490719
-1922500.0,1122500.0,1500,-7.445028153173556,False,False,6.920948426269606
-2447500.0,1127500.0,1500,9.881094172465444,False,False,7.06604055977831
-2442500.0,1127500.0,1500,13.304859020865893,False,False,7.210515911122622
-2437500.0,1127500.0,1500,18.45986486485707,False,False,8.044271251733463
-2432500.0,1127500.0,1500,18.35554198460926,False,False,8.329358562085963
-2427500.0,1127500.0,1500,16.638310182536276,False,False,7.795837721396859
-2422500.0,1127500.0,1500,14.59418783507857,False,False,6.987278168882263
-2417500.0,1127500.0,1500,14.296854841801089,False,False,7.200739651762561
-2412500.0,1127500.0,1500,11.377893021830165,False,False,8.064157548787382
-2407500.0,1127500.0,1500,5.280034580838559,False,False,8.356176996102805
-2402500.0,1127500.0,1500,16.2779496393352,False,False,7.640928729718055
-2397500.0,1127500.0,1500,39.0825441567252,False,False,6.627732809737509
-2392500.0,1127500.0,1500,50.300283820419715,False,False,6.5829259656643835
-2387500.0,1127500.0,1500,63.05022733012968,False,False,6.178538922460621
-2382500.0,1127500.0,1500,93.2954052294235,False,False,4.194469972122922
-2337500.0,1127500.0,1500,149.62119381730005,False,True,4.242289970631886
-2332500.0,1127500.0,1500,106.20982142806147,False,True,4.4298892041463755
-2327500.0,1127500.0,1500,78.73580236313732,False,True,4.427125789595554
-2322500.0,1127500.0,1500,49.28658567163363,False,True,4.855250020824174
-2317500.0,1127500.0,1500,6.921378435209858,True,True,5.934647093001358
-2312500.0,1127500.0,1500,-11.1088215945869,True,True,6.235122074823012
-2307500.0,1127500.0,1500,-15.606389140744426,True,True,5.319478973096196
-2302500.0,1127500.0,1500,-9.534768870167895,True,True,5.171891420247354
-2297500.0,1127500.0,1500,4.119159719858931,False,True,5.06030902194818
-2292500.0,1127500.0,1500,11.828431580537504,False,True,4.800379393602244
-2287500.0,1127500.0,1500,15.856268212468043,False,True,5.66270735003785
-2282500.0,1127500.0,1500,16.033301131601586,False,True,6.548337065823525
-2277500.0,1127500.0,1500,16.01820251520455,True,True,6.774546443546729
-2272500.0,1127500.0,1500,17.206410993427014,True,True,7.039675460849048
-2267500.0,1127500.0,1500,14.052898368882595,True,True,6.358233358161054
-2262500.0,1127500.0,1500,10.891745291210274,True,True,4.969800090225649
-2257500.0,1127500.0,1500,9.824605141478605,True,True,4.515223161357794
-2252500.0,1127500.0,1500,9.850291891441302,True,True,5.00695051654424
-2247500.0,1127500.0,1500,10.154460896669073,True,True,6.244680710352286
-2242500.0,1127500.0,1500,9.91333256023582,True,True,6.527964932263525
-2237500.0,1127500.0,1500,10.15537190584277,True,True,5.355130065320478
-2232500.0,1127500.0,1500,11.05609485605225,True,True,4.833924262229473
-2227500.0,1127500.0,1500,12.063268374133663,True,True,5.375491384509024
-2222500.0,1127500.0,1500,13.426303050098056,True,True,5.510512910667104
-2217500.0,1127500.0,1500,13.06716041484091,True,True,5.490483554906907
-2212500.0,1127500.0,1500,12.456370984169082,True,True,5.5325132880096985
-2207500.0,1127500.0,1500,14.318733445889304,True,True,5.51121057470948
-2202500.0,1127500.0,1500,15.439312585843213,True,True,5.4470206138933746
-2197500.0,1127500.0,1500,15.323398490920784,True,True,5.031530647561887
-2192500.0,1127500.0,1500,14.310829432068374,True,True,5.02241619056629
-2187500.0,1127500.0,1500,11.859584453605047,True,True,5.212477314779048
-2182500.0,1127500.0,1500,10.785538813289984,True,True,5.138144694509087
-2177500.0,1127500.0,1500,9.408105965830636,True,True,4.891681432960673
-2172500.0,1127500.0,1500,6.466732859412522,True,True,4.834497840209204
-2167500.0,1127500.0,1500,3.6566267801234216,True,True,5.5531552604929715
-2162500.0,1127500.0,1500,1.3628796881766045,True,True,5.805463549697375
-2157500.0,1127500.0,1500,2.4753228311530595,True,True,5.08525254562881
-2152500.0,1127500.0,1500,6.354139171390594,True,True,5.81313985781328
-2147500.0,1127500.0,1500,7.3233750662410255,True,True,6.658735020051799
-2142500.0,1127500.0,1500,4.50197527739838,True,True,5.654220757065476
-2137500.0,1127500.0,1500,0.9479796016007386,True,True,4.773206196163929
-2132500.0,1127500.0,1500,-0.5779700477222677,True,True,4.516560747659115
-2127500.0,1127500.0,1500,-0.08495433250866768,True,True,4.599320702131244
-2122500.0,1127500.0,1500,-0.12764637804574652,True,True,4.27451115320381
-2117500.0,1127500.0,1500,-1.2741677062225287,True,True,4.20190126486984
-2112500.0,1127500.0,1500,-1.1100410051687646,True,True,4.929032558136761
-2107500.0,1127500.0,1500,-0.9876101390446211,True,True,6.201915896487636
-2102500.0,1127500.0,1500,-2.607373032089584,True,True,7.069335299571856
-2097500.0,1127500.0,1500,-5.323115894024472,True,True,5.81293947978669
-2092500.0,1127500.0,1500,-8.172138496821855,True,True,4.922813666639451
-2087500.0,1127500.0,1500,-8.714835179454033,True,True,4.933319160495102
-2082500.0,1127500.0,1500,-10.259590598307474,True,True,4.785625610397382
-2077500.0,1127500.0,1500,-11.985037064094238,True,True,5.431049712420435
-2072500.0,1127500.0,1500,-7.260704786332569,True,True,6.263295045865985
-2067500.0,1127500.0,1500,-0.41730189469062473,True,True,6.809059351070346
-2062500.0,1127500.0,1500,3.2820221011144755,True,True,6.784952946901303
-2057500.0,1127500.0,1500,4.602265898556575,True,True,5.3839630847925894
-2052500.0,1127500.0,1500,4.898284292208342,True,True,4.856805704010037
-2047500.0,1127500.0,1500,5.6434040599169135,True,True,5.263375059218835
-2042500.0,1127500.0,1500,6.8112592617957395,True,True,5.465933818552008
-2037500.0,1127500.0,1500,7.078143256558144,True,True,6.2331107288397565
-2032500.0,1127500.0,1500,5.502294616428506,True,True,6.034790997861084
-2027500.0,1127500.0,1500,4.345245599326482,True,True,5.521687315472028
-2022500.0,1127500.0,1500,4.626729187920086,True,True,6.2672557436561
-2017500.0,1127500.0,1500,5.363563976802468,True,True,7.75795868284686
-2012500.0,1127500.0,1500,5.071702854689127,False,True,8.880880560725664
-2007500.0,1127500.0,1500,3.6923293150844394,False,True,9.273281509122123
-2002500.0,1127500.0,1500,2.7240497625316102,False,True,9.30192864293008
-1997500.0,1127500.0,1500,1.5948915481077732,False,True,9.17619863145424
-1992500.0,1127500.0,1500,-0.2350847089692234,False,False,8.93357228456191
-1987500.0,1127500.0,1500,-3.021007938224332,False,False,8.516081030587168
-1982500.0,1127500.0,1500,-7.684494777192403,False,False,7.127897665802714
-1977500.0,1127500.0,1500,-12.552450908776828,False,False,5.840610065549374
-1972500.0,1127500.0,1500,-14.098591676417955,False,False,6.3300437215064305
-1967500.0,1127500.0,1500,-12.688176693500013,False,False,6.915753498009962
-1962500.0,1127500.0,1500,-10.788913924330426,False,False,6.905780751395683
-1957500.0,1127500.0,1500,-7.819988775267076,False,False,7.01761566543114
-1952500.0,1127500.0,1500,-4.12645268034706,False,False,7.090188274824087
-1947500.0,1127500.0,1500,-1.7181557744367513,False,False,7.434034677689387
-1942500.0,1127500.0,1500,-0.9932501971179575,False,False,7.787939964639669
-1937500.0,1127500.0,1500,-2.276063379239554,False,False,7.344453909863351
-1932500.0,1127500.0,1500,-4.824755295188084,False,False,6.761849685922275
-1927500.0,1127500.0,1500,-7.022548750409392,False,False,6.571466147242884
-1922500.0,1127500.0,1500,-8.124287031284489,False,False,6.433303572467212
-2447500.0,1132500.0,1500,8.89756189793689,False,False,6.719238532747822
-2442500.0,1132500.0,1500,14.2073495656941,False,False,7.511957308957722
-2437500.0,1132500.0,1500,17.72830125945401,False,False,8.066711827565527
-2432500.0,1132500.0,1500,14.035700469340824,False,False,7.882525904327747
-2427500.0,1132500.0,1500,10.31492160641757,False,False,7.2148558885638225
-2422500.0,1132500.0,1500,9.49149410390517,False,False,6.976293852975223
-2417500.0,1132500.0,1500,8.324710730238268,False,False,7.699794432552158
-2412500.0,1132500.0,1500,4.703743991904116,False,False,8.205247911980555
-2407500.0,1132500.0,1500,-1.6563569770409234,False,False,7.985014282418949
-2402500.0,1132500.0,1500,-1.6218953973047476,False,False,7.29883592441082
-2397500.0,1132500.0,1500,6.586840640267236,False,False,7.00198110800041
-2392500.0,1132500.0,1500,11.10661552136458,False,False,7.336267123734702
-2387500.0,1132500.0,1500,27.95433430795452,False,False,6.506133923384872
-2382500.0,1132500.0,1500,76.60467939710547,False,False,4.233770118180064
-2352500.0,1132500.0,1500,143.40118289314287,False,False,3.810221268960949
-2347500.0,1132500.0,1500,131.0951648209822,False,False,3.9424541415484238
-2342500.0,1132500.0,1500,134.50449253920948,False,True,4.233606072082147
-2337500.0,1132500.0,1500,130.7003965560016,False,True,4.372771787957443
-2332500.0,1132500.0,1500,87.15972222839476,False,True,4.490072622490203
-2327500.0,1132500.0,1500,52.33998273084573,False,True,4.414836405857776
-2322500.0,1132500.0,1500,24.614034037508038,False,True,4.614276466403732
-2317500.0,1132500.0,1500,-7.887970146876941,False,True,5.758448561019306
-2312500.0,1132500.0,1500,-16.32761189037553,True,True,5.548824081845753
-2307500.0,1132500.0,1500,-20.321979838290154,True,True,4.67096378157936
-2302500.0,1132500.0,1500,-14.573523642419227,True,True,4.835343554952069
-2297500.0,1132500.0,1500,-4.976965870212253,True,True,5.061668439548649
-2292500.0,1132500.0,1500,1.4748303056619287,True,True,6.064695014282673
-2287500.0,1132500.0,1500,6.52924959453804,True,True,6.818352304029429
-2282500.0,1132500.0,1500,9.606353588899534,True,True,6.551661424676203
-2277500.0,1132500.0,1500,11.542571540845666,True,True,5.683465903819565
-2272500.0,1132500.0,1500,12.7711937555379,True,True,5.6522696768896274
-2267500.0,1132500.0,1500,11.032156626923411,True,True,5.612267406863189
-2262500.0,1132500.0,1500,8.698501660611381,True,True,4.977555461825048
-2257500.0,1132500.0,1500,9.18685450961826,True,True,5.485933714518598
-2252500.0,1132500.0,1500,10.645745152049491,True,True,5.590323858464831
-2247500.0,1132500.0,1500,9.52633484707639,True,True,5.351404396113936
-2242500.0,1132500.0,1500,7.419940070572594,True,True,5.747885697451238
-2237500.0,1132500.0,1500,6.44447195786077,True,True,5.853333892982537
-2232500.0,1132500.0,1500,8.297460442784159,True,True,5.398063296123416
-2227500.0,1132500.0,1500,13.007240712723322,True,True,5.553685117157216
-2222500.0,1132500.0,1500,15.274352536352508,True,True,5.226950025453981
-2217500.0,1132500.0,1500,14.60779699091983,True,True,5.079637652119484
-2212500.0,1132500.0,1500,14.495663611722874,True,True,5.241841894569585
-2207500.0,1132500.0,1500,15.588140365275311,True,True,4.556199911490836
-2202500.0,1132500.0,1500,16.507157258668045,True,True,3.9699609982859614
-2197500.0,1132500.0,1500,16.528550619471368,True,True,4.148807204279924
-2192500.0,1132500.0,1500,15.143781424170625,True,True,4.79291789769999
-2187500.0,1132500.0,1500,13.39440565639384,True,True,4.610859172816358
-2182500.0,1132500.0,1500,12.552757228963435,True,True,4.07442352368605
-2177500.0,1132500.0,1500,11.06310209117121,True,True,4.251379098854462
-2172500.0,1132500.0,1500,7.024167230172525,True,True,5.262246294175453
-2167500.0,1132500.0,1500,2.854489147356626,True,True,5.929881887480558
-2162500.0,1132500.0,1500,1.7984688324899065,True,True,6.460232052783302
-2157500.0,1132500.0,1500,2.9771463683550454,True,True,5.9710454069832615
-2152500.0,1132500.0,1500,5.305717336361386,True,True,4.985200203194748
-2147500.0,1132500.0,1500,6.122605599956529,True,True,4.977384021377952
-2142500.0,1132500.0,1500,4.515775690877502,True,True,4.911956621072204
-2137500.0,1132500.0,1500,2.1837359857404497,True,True,4.6652000451925435
-2132500.0,1132500.0,1500,0.05092491090243145,True,True,4.44455939755633
-2127500.0,1132500.0,1500,-1.5683293908991054,True,True,4.462940556983854
-2122500.0,1132500.0,1500,-2.4652040422836308,True,True,4.567886027438593
-2117500.0,1132500.0,1500,-2.9998371670085926,True,True,4.437713534721605
-2112500.0,1132500.0,1500,-3.5583289117695456,True,True,5.299968743816888
-2107500.0,1132500.0,1500,-3.5516472566256305,True,True,7.301083261188241
-2102500.0,1132500.0,1500,-5.421028112185671,True,True,7.891070182561707
-2097500.0,1132500.0,1500,-8.499852910930516,True,True,5.988628904034904
-2092500.0,1132500.0,1500,-9.401378301540857,True,True,4.213253048529331
-2087500.0,1132500.0,1500,-9.647628354206923,True,True,4.127056722228171
-2082500.0,1132500.0,1500,-12.27269480436644,True,True,5.542136154548445
-2077500.0,1132500.0,1500,-15.28752894232912,True,True,6.711256826147785
-2072500.0,1132500.0,1500,-11.321546009668154,True,True,6.637686918825173
-2067500.0,1132500.0,1500,-2.774826663027356,True,True,7.046049675626541
-2062500.0,1132500.0,1500,2.34103110256224,True,True,6.780995010025864
-2057500.0,1132500.0,1500,5.018024778390773,True,True,4.763399162207852
-2052500.0,1132500.0,1500,6.502768391087616,True,True,4.121163962543996
-2047500.0,1132500.0,1500,9.915805818804351,True,True,5.419520739479987
-2042500.0,1132500.0,1500,12.847755737022489,True,True,5.978190629586191
-2037500.0,1132500.0,1500,12.363286490193834,True,True,5.576790357979613
-2032500.0,1132500.0,1500,10.050154365637379,True,True,5.37473028926852
-2027500.0,1132500.0,1500,7.081618126924437,True,True,6.395764910292981
-2022500.0,1132500.0,1500,6.0281146662713505,False,True,7.735690464496701
-2017500.0,1132500.0,1500,5.178322117352943,False,True,8.29347952576096
-2012500.0,1132500.0,1500,4.362373658360456,False,True,8.362572997235974
-2007500.0,1132500.0,1500,3.1217127419010753,False,True,8.282385550976654
-2002500.0,1132500.0,1500,0.8548176045278733,False,True,8.135168737958496
-1997500.0,1132500.0,1500,-1.5371798403875223,False,True,7.926553790992118
-1992500.0,1132500.0,1500,-4.769483179994468,False,False,7.547917209083089
-1987500.0,1132500.0,1500,-7.885829775706307,False,False,7.15352808065872
-1982500.0,1132500.0,1500,-10.60182480309788,False,False,6.06530596051033
-1977500.0,1132500.0,1500,-13.192127144730954,False,False,5.681001867707304
-1972500.0,1132500.0,1500,-13.260080241235698,False,False,6.62749625687739
-1967500.0,1132500.0,1500,-11.212715419381913,False,False,7.042810750464822
-1962500.0,1132500.0,1500,-9.178661440976411,False,False,7.094247166676071
-1957500.0,1132500.0,1500,-6.468517409328064,False,False,7.113912259446406
-1952500.0,1132500.0,1500,-2.9767084860282926,False,False,7.099054057808648
-1947500.0,1132500.0,1500,-1.3452439310439537,False,False,7.2475488038946585
-1942500.0,1132500.0,1500,-1.5555042925159874,False,False,7.40975859333949
-1937500.0,1132500.0,1500,-2.773051645416388,False,False,7.07948818978869
-1932500.0,1132500.0,1500,-4.74506492273634,False,False,6.592748972411135
-1927500.0,1132500.0,1500,-6.2266650970539,False,False,6.313126904889825
-1922500.0,1132500.0,1500,-7.918167314241947,False,False,5.998400778289047
-2447500.0,1137500.0,1500,10.660177567829868,False,False,7.017199015092232
-2442500.0,1137500.0,1500,14.86788460479953,False,False,7.8757540724455515
-2437500.0,1137500.0,1500,16.017808236076878,False,False,7.864938271279561
-2432500.0,1137500.0,1500,11.904938665085878,False,False,7.300290412465031
-2427500.0,1137500.0,1500,4.526099276557413,False,False,6.876781363888617
-2422500.0,1137500.0,1500,1.2839210387320183,False,False,7.184622603487547
-2417500.0,1137500.0,1500,2.354217232538672,False,False,7.7931982148337235
-2412500.0,1137500.0,1500,0.5619624028111809,False,False,7.8306411608650235
-2407500.0,1137500.0,1500,2.744961845496511,False,False,7.113613691149867
-2402500.0,1137500.0,1500,1.7876050585355017,False,False,6.635223375539757
-2397500.0,1137500.0,1500,-2.3297682793467764,False,False,6.9333421307216145
-2392500.0,1137500.0,1500,2.487954209536228,False,False,6.955245900028232
-2387500.0,1137500.0,1500,35.04475776931721,False,False,5.647039584588375
-2382500.0,1137500.0,1500,96.95629902952048,False,False,3.6622665199303626
-2377500.0,1137500.0,1500,147.42288223838267,False,False,2.8429041724167536
-2352500.0,1137500.0,1500,126.69133513205948,False,False,3.9410437083351355
-2347500.0,1137500.0,1500,110.5194891287694,False,True,4.24858740126804
-2342500.0,1137500.0,1500,82.36337585965238,False,True,4.215521386700397
-2337500.0,1137500.0,1500,73.69441093476132,False,True,4.138266559594407
-2332500.0,1137500.0,1500,58.0054849992558,False,True,4.674622826511617
-2327500.0,1137500.0,1500,22.74219098498873,False,True,4.320657723756062
-2322500.0,1137500.0,1500,9.816977483319093,False,True,4.671402492492474
-2317500.0,1137500.0,1500,-3.3218666467311166,False,True,6.107830131848237
-2312500.0,1137500.0,1500,-16.515293194960442,False,True,5.199483099250815
-2307500.0,1137500.0,1500,-18.506928423307357,True,True,4.310590137360524
-2302500.0,1137500.0,1500,-13.927253710424347,True,True,5.291287577182985
-2297500.0,1137500.0,1500,-5.299284328893165,True,True,6.360266820741538
-2292500.0,1137500.0,1500,1.2961326531191353,True,True,6.735204184182909
-2287500.0,1137500.0,1500,4.736403421361095,True,True,5.824663001789833
-2282500.0,1137500.0,1500,7.7640248956227795,True,True,5.3724765203724045
-2277500.0,1137500.0,1500,8.672510211820756,True,True,4.751731839696653
-2272500.0,1137500.0,1500,9.42682565407299,True,True,4.806749347677254
-2267500.0,1137500.0,1500,9.452580609825494,True,True,5.640755933712795
-2262500.0,1137500.0,1500,8.210739167817014,True,True,5.419348960379248
-2257500.0,1137500.0,1500,10.385589988584814,True,True,5.646588269736755
-2252500.0,1137500.0,1500,11.450490564743061,True,True,5.762078974781084
-2247500.0,1137500.0,1500,9.21356835879233,True,True,5.375931114090453
-2242500.0,1137500.0,1500,6.908890068783426,True,True,4.876969459634944
-2237500.0,1137500.0,1500,5.987570028741952,True,True,4.630512849822058
-2232500.0,1137500.0,1500,7.808546873617626,True,True,4.708490384702189
-2227500.0,1137500.0,1500,12.69981434072505,True,True,5.392960502891967
-2222500.0,1137500.0,1500,16.015841663877943,True,True,5.043834859866607
-2217500.0,1137500.0,1500,16.778079049381823,True,True,4.207197572916404
-2212500.0,1137500.0,1500,17.3322970389958,True,True,3.973746017853047
-2207500.0,1137500.0,1500,17.938606674019997,True,True,4.047789876153
-2202500.0,1137500.0,1500,18.840180828855626,True,True,4.538836818375692
-2197500.0,1137500.0,1500,18.48402091936462,True,True,4.131682969010827
-2192500.0,1137500.0,1500,16.130954159821883,True,True,3.842179696786733
-2187500.0,1137500.0,1500,14.795804355124554,True,True,4.316170800027493
-2182500.0,1137500.0,1500,14.5222387742857,True,True,5.174308776760059
-2177500.0,1137500.0,1500,12.776433881556363,True,True,6.307491505737725
-2172500.0,1137500.0,1500,8.776144216547394,True,True,6.610387352092527
-2167500.0,1137500.0,1500,4.931391994941104,True,True,6.353570514808668
-2162500.0,1137500.0,1500,5.184252763237997,True,True,6.227288294621816
-2157500.0,1137500.0,1500,6.174422747516193,True,True,5.499440504264703
-2152500.0,1137500.0,1500,5.970096761506583,True,True,4.830318539979701
-2147500.0,1137500.0,1500,6.1311931953637355,True,True,4.389906710930948
-2142500.0,1137500.0,1500,5.229400627078389,True,True,4.334262279107308
-2137500.0,1137500.0,1500,3.0711946480256107,True,True,4.232515398233804
-2132500.0,1137500.0,1500,-0.024464616074355572,True,True,4.1637666362570185
-2127500.0,1137500.0,1500,-5.076095039244572,True,True,4.622757530667107
-2122500.0,1137500.0,1500,-6.9127414804562415,True,True,5.40585063042436
-2117500.0,1137500.0,1500,-5.655121462682627,True,True,6.0255815804594715
-2112500.0,1137500.0,1500,-6.465492864744693,True,True,5.489267998387335
-2107500.0,1137500.0,1500,-6.893698365350776,True,True,5.900624330886669
-2102500.0,1137500.0,1500,-8.195058580528968,True,True,6.074348220278793
-2097500.0,1137500.0,1500,-10.176299203266993,True,True,5.15716568761154
-2092500.0,1137500.0,1500,-9.333185770745702,True,True,5.267346543188402
-2087500.0,1137500.0,1500,-10.045106260253547,True,True,5.058437740015552
-2082500.0,1137500.0,1500,-13.71779152361312,True,True,5.5542938327933715
-2077500.0,1137500.0,1500,-14.672155616490349,True,True,6.482536775610137
-2072500.0,1137500.0,1500,-11.594689956322313,True,True,6.545665755599007
-2067500.0,1137500.0,1500,-5.409778131937904,True,True,6.2175564756340975
-2062500.0,1137500.0,1500,0.05234265686687778,True,True,5.374109398353588
-2057500.0,1137500.0,1500,3.1880114949116836,True,True,4.1882511292674405
-2052500.0,1137500.0,1500,6.611123144346238,True,True,4.714925692007613
-2047500.0,1137500.0,1500,12.744314487618366,True,True,5.519852474089686
-2042500.0,1137500.0,1500,17.93103891040235,False,True,4.999080799663641
-2037500.0,1137500.0,1500,18.336415499197688,False,True,5.460265728502975
-2032500.0,1137500.0,1500,14.956115761694107,False,True,6.705913529749055
-2027500.0,1137500.0,1500,10.034419510400674,False,True,7.672958054494832
-2022500.0,1137500.0,1500,6.571059891184083,False,True,7.892040257721256
-2017500.0,1137500.0,1500,4.3307707992419715,False,True,7.907216375698369
-2012500.0,1137500.0,1500,2.9757888582336895,False,True,7.853449740243428
-2007500.0,1137500.0,1500,1.4591361604954678,False,True,7.748042872477147
-2002500.0,1137500.0,1500,-1.2856533066271045,False,True,7.524530022474468
-1997500.0,1137500.0,1500,-4.459745088796115,False,False,7.23772764946969
-1992500.0,1137500.0,1500,-7.3778689151490475,False,False,6.961882533784266
-1987500.0,1137500.0,1500,-9.470637095788401,False,False,6.826231344556227
-1982500.0,1137500.0,1500,-11.089562743285722,False,False,5.6147650277002255
-1977500.0,1137500.0,1500,-12.25279578357625,False,False,5.647713625222387
-1972500.0,1137500.0,1500,-11.48254745535014,False,False,7.179493954407856
-1967500.0,1137500.0,1500,-9.968606221413875,False,False,7.555735338294966
-1962500.0,1137500.0,1500,-8.702565374938931,False,False,7.431389750261462
-1957500.0,1137500.0,1500,-6.334305330817315,False,False,7.055402330784631
-1952500.0,1137500.0,1500,-3.6086688294816565,False,False,6.914958866654363
-1947500.0,1137500.0,1500,-2.7336344233261682,False,False,6.765026756713702
-1942500.0,1137500.0,1500,-3.3579644966141453,False,False,6.585548417796861
-1937500.0,1137500.0,1500,-4.401102645358502,False,False,6.477881688328492
-1932500.0,1137500.0,1500,-5.3557907539372405,False,False,6.336229813225889
-1927500.0,1137500.0,1500,-6.31450215941171,False,False,6.286257258384479
-1922500.0,1137500.0,1500,-7.903580880483711,False,False,6.238250340940623
-2447500.0,1142500.0,1500,11.457047735139266,False,False,7.09044202818022
-2442500.0,1142500.0,1500,11.938146971384493,False,False,7.3981907281777834
-2437500.0,1142500.0,1500,9.16568357553364,False,False,7.109239723956803
-2432500.0,1142500.0,1500,5.897406795244553,False,False,6.571826157283258
-2427500.0,1142500.0,1500,1.8893528759730853,False,False,6.348344036128285
-2422500.0,1142500.0,1500,0.8533061669622343,False,False,6.5800591677581854
-2417500.0,1142500.0,1500,8.40252679088238,False,False,6.682910643721866
-2412500.0,1142500.0,1500,13.59005777848688,False,False,6.377024988630254
-2407500.0,1142500.0,1500,19.926474871461874,False,False,5.608941883702981
-2402500.0,1142500.0,1500,20.214297373189744,False,False,5.301543033246702
-2397500.0,1142500.0,1500,13.247697054270848,False,False,5.5297088177406915
-2392500.0,1142500.0,1500,17.165373409809906,False,False,5.367242185829305
-2387500.0,1142500.0,1500,52.26007926290984,False,False,4.314515681014342
-2352500.0,1142500.0,1500,116.5009536247239,False,False,4.093588942252397
-2347500.0,1142500.0,1500,100.16199066196951,False,True,4.548608511094491
-2342500.0,1142500.0,1500,77.37636248088413,False,True,4.307735623659414
-2337500.0,1142500.0,1500,33.26939395610948,False,True,4.202353038221029
-2332500.0,1142500.0,1500,12.112838863697851,False,True,4.7038031454227305
-2327500.0,1142500.0,1500,-4.949121436665361,True,True,4.778406941349367
-2322500.0,1142500.0,1500,-12.698286464586976,True,True,5.760575646943795
-2317500.0,1142500.0,1500,-13.750143398538645,True,True,6.169610398067006
-2312500.0,1142500.0,1500,-17.034482178830228,True,True,5.198092780911864
-2307500.0,1142500.0,1500,-13.23283538411789,True,True,5.455143564000281
-2302500.0,1142500.0,1500,-8.644655655060138,True,True,6.347341427059768
-2297500.0,1142500.0,1500,-5.018681443963417,True,True,6.308929125075351
-2292500.0,1142500.0,1500,-2.2880538484106987,True,True,5.981864441611723
-2287500.0,1142500.0,1500,0.9311388105527313,True,True,4.971848627909371
-2282500.0,1142500.0,1500,4.876480797266144,True,True,4.88218809724728
-2277500.0,1142500.0,1500,7.384616860724003,True,True,5.601716902087511
-2272500.0,1142500.0,1500,9.305412549704451,True,True,5.634079301126489
-2267500.0,1142500.0,1500,10.589830439515712,True,True,5.347657165299424
-2262500.0,1142500.0,1500,11.647985589637104,True,True,4.867017803929608
-2257500.0,1142500.0,1500,14.39032488296214,True,True,5.724789062109483
-2252500.0,1142500.0,1500,14.37458122986834,True,True,6.495187593753126
-2247500.0,1142500.0,1500,10.936581052846579,True,True,5.704718904020818
-2242500.0,1142500.0,1500,8.460431105774305,True,True,4.077908051801847
-2237500.0,1142500.0,1500,7.669993229405427,True,True,3.3445278733237584
-2232500.0,1142500.0,1500,9.099183602641938,True,True,4.006716540098457
-2227500.0,1142500.0,1500,13.157136328525592,True,True,4.687687504016978
-2222500.0,1142500.0,1500,17.10225749951909,True,True,4.717578165451616
-2217500.0,1142500.0,1500,19.01370967095216,True,True,4.095193767153821
-2212500.0,1142500.0,1500,19.381910137358215,True,True,4.166573700665469
-2207500.0,1142500.0,1500,20.51574692923948,True,True,5.51059472999183
-2202500.0,1142500.0,1500,21.06650381912437,True,True,6.007889654339139
-2197500.0,1142500.0,1500,19.619076829364737,True,True,4.742754094242307
-2192500.0,1142500.0,1500,17.320553398864373,True,True,3.843701287236123
-2187500.0,1142500.0,1500,16.05083818375284,True,True,5.023549352269968
-2182500.0,1142500.0,1500,15.816669534316084,True,True,6.895223921958922
-2177500.0,1142500.0,1500,13.100038452787686,True,True,7.340278347159648
-2172500.0,1142500.0,1500,9.35721797759876,True,True,6.3873737866913025
-2167500.0,1142500.0,1500,8.175692440096276,True,True,5.438514938164076
-2162500.0,1142500.0,1500,9.75257270150366,True,True,5.047638619554953
-2157500.0,1142500.0,1500,10.55000680176828,True,True,5.209539466663772
-2152500.0,1142500.0,1500,9.103479517708017,True,True,5.23108853927582
-2147500.0,1142500.0,1500,7.409626407072218,True,True,4.283209353572142
-2142500.0,1142500.0,1500,5.454027196560665,True,True,3.425842092215021
-2137500.0,1142500.0,1500,2.369619465916723,True,True,4.046907028988362
-2132500.0,1142500.0,1500,-3.2909301386246086,True,True,4.993863169258172
-2127500.0,1142500.0,1500,-11.088585428918583,True,True,5.726152565591392
-2122500.0,1142500.0,1500,-12.67269364161041,True,True,6.700302278010653
-2117500.0,1142500.0,1500,-9.36624449089852,True,True,7.284002293176541
-2112500.0,1142500.0,1500,-9.57637090043717,True,True,5.891226670670171
-2107500.0,1142500.0,1500,-10.92953742968293,True,True,4.372461278116766
-2102500.0,1142500.0,1500,-11.916035877591401,True,True,4.557085641417103
-2097500.0,1142500.0,1500,-12.025921583834057,True,True,5.8557762785729786
-2092500.0,1142500.0,1500,-10.543242793774647,True,True,7.34176025782887
-2087500.0,1142500.0,1500,-11.201145482737164,True,True,6.619037886567576
-2082500.0,1142500.0,1500,-14.905599117846226,True,True,5.159882745353715
-2077500.0,1142500.0,1500,-15.335985654627486,True,True,5.383570350025146
-2072500.0,1142500.0,1500,-11.929304713875734,True,True,5.775919622427416
-2067500.0,1142500.0,1500,-7.552010295300702,True,True,5.324233493902398
-2062500.0,1142500.0,1500,-1.5375472089418039,True,True,5.423682154253919
-2057500.0,1142500.0,1500,1.713803514297501,True,True,4.926046427870446
-2052500.0,1142500.0,1500,4.678790627315599,True,True,4.690846043580849
-2047500.0,1142500.0,1500,11.202846287662473,True,True,5.322821874491307
-2042500.0,1142500.0,1500,16.017597348133915,False,True,6.058438259979912
-2037500.0,1142500.0,1500,17.885105716990974,False,True,7.286837918051449
-2032500.0,1142500.0,1500,15.835670670128877,False,True,7.808121909417075
-2027500.0,1142500.0,1500,10.65193039307472,False,True,7.878456994525996
-2022500.0,1142500.0,1500,5.769250763589256,False,True,7.910200956372597
-2017500.0,1142500.0,1500,2.250115528724865,False,True,7.882393111392803
-2012500.0,1142500.0,1500,0.22115719208039009,False,True,7.689110064619681
-2007500.0,1142500.0,1500,-1.1558698634352091,False,True,7.420298516377467
-2002500.0,1142500.0,1500,-2.2198711564064992,False,False,7.129507058074901
-1997500.0,1142500.0,1500,-4.290935013277461,False,False,7.000169232539701
-1992500.0,1142500.0,1500,-6.448049193479308,False,False,7.136087034310077
-1987500.0,1142500.0,1500,-7.942562936931855,False,False,7.075179465544149
-1982500.0,1142500.0,1500,-10.394961631963996,False,False,5.4333362120455835
-1977500.0,1142500.0,1500,-11.311767987195818,False,False,5.586884660419613
-1972500.0,1142500.0,1500,-10.479803609895683,False,False,7.3743200383891185
-1967500.0,1142500.0,1500,-9.982278113315992,False,False,7.768062959804416
-1962500.0,1142500.0,1500,-8.985272622315163,False,False,7.710181131048831
-1957500.0,1142500.0,1500,-7.444230380134764,False,False,7.228738574271924
-1952500.0,1142500.0,1500,-5.627946528352372,False,False,7.209043940447363
-1947500.0,1142500.0,1500,-4.614759927156387,False,False,7.317600277093282
-1942500.0,1142500.0,1500,-5.205897936460891,False,False,7.410732235451341
-1937500.0,1142500.0,1500,-5.981480735559311,False,False,7.687832328372844
-1932500.0,1142500.0,1500,-6.0719405710887235,False,False,7.979995463551177
-1927500.0,1142500.0,1500,-7.145615342038758,False,False,8.328050404554542
-1922500.0,1142500.0,1500,-8.517619803980622,False,False,8.70624463901441
-2447500.0,1147500.0,1500,9.506835996995594,False,False,6.34548971628218
-2442500.0,1147500.0,1500,7.1156860992159086,False,False,6.302122677723454
-2437500.0,1147500.0,1500,5.128064533151178,False,False,6.071548033255388
-2432500.0,1147500.0,1500,3.5655213948131657,False,False,5.931127562789188
-2427500.0,1147500.0,1500,3.1274572355943215,False,False,5.8534015294879715
-2422500.0,1147500.0,1500,3.306026187956909,False,False,5.928263240350891
-2417500.0,1147500.0,1500,8.617193460991992,False,False,5.808590997831819
-2412500.0,1147500.0,1500,16.753960815157008,False,False,5.422067689375867
-2407500.0,1147500.0,1500,27.426089959909408,False,False,5.210501794612879
-2402500.0,1147500.0,1500,45.21162978676252,False,False,4.974814935025774
-2397500.0,1147500.0,1500,63.01398423976856,False,False,4.447374092086786
-2392500.0,1147500.0,1500,78.75283392088836,False,False,3.8039896156447233
-2387500.0,1147500.0,1500,94.2926227067571,False,False,3.2146204478017433
-2382500.0,1147500.0,1500,131.0109674777683,False,False,2.9488059565426714
-2362500.0,1147500.0,1500,141.51677943574583,False,False,3.6885244172354925
-2357500.0,1147500.0,1500,132.81564540384517,False,False,3.926117585293329
-2352500.0,1147500.0,1500,95.47996503192005,False,True,4.547965282479227
-2347500.0,1147500.0,1500,67.16640188069641,False,True,5.085941640867372
-2342500.0,1147500.0,1500,73.52754256701371,False,True,4.874707129982632
-2337500.0,1147500.0,1500,37.39274518145568,False,True,4.814304639337731
-2332500.0,1147500.0,1500,-10.002548417884444,True,True,5.293939585049547
-2327500.0,1147500.0,1500,-17.77005501895768,True,True,5.8118542356480445
-2322500.0,1147500.0,1500,-13.014010714308903,True,True,6.327281616715948
-2317500.0,1147500.0,1500,-13.665266058624281,False,True,5.718043678805888
-2312500.0,1147500.0,1500,-14.817914245148742,True,True,5.642683345717995
-2307500.0,1147500.0,1500,-11.279546303143308,True,True,6.395475598527971
-2302500.0,1147500.0,1500,-6.548139292538728,True,True,5.6880207378746
-2297500.0,1147500.0,1500,-5.52971081657971,True,True,4.8433556487404354
-2292500.0,1147500.0,1500,-3.226556727549871,True,True,4.707791235956747
-2287500.0,1147500.0,1500,0.9256747366295085,True,True,4.683258572278326
-2282500.0,1147500.0,1500,4.522136659503399,True,True,5.536166994132314
-2277500.0,1147500.0,1500,7.447205216306491,True,True,6.026702566447929
-2272500.0,1147500.0,1500,9.371327701639249,True,True,5.224173833562743
-2267500.0,1147500.0,1500,10.747282575004002,True,True,4.65758740495307
-2262500.0,1147500.0,1500,12.9252783855888,True,True,5.025117129049037
-2257500.0,1147500.0,1500,15.551095533194173,True,True,5.855666433059239
-2252500.0,1147500.0,1500,16.105950969809015,True,True,5.547606768119012
-2247500.0,1147500.0,1500,12.576627183835663,True,True,4.498264656813217
-2242500.0,1147500.0,1500,8.315666125687393,True,True,4.208136009618162
-2237500.0,1147500.0,1500,8.089130355862197,True,True,4.11209058739456
-2232500.0,1147500.0,1500,10.911167860694995,True,True,3.6069676047431876
-2227500.0,1147500.0,1500,15.201968445521011,True,True,4.011761722728874
-2222500.0,1147500.0,1500,19.524884284420157,True,True,5.394726580991758
-2217500.0,1147500.0,1500,21.471908406411842,True,True,5.658125142375767
-2212500.0,1147500.0,1500,21.720365937186273,True,True,5.040338594263865
-2207500.0,1147500.0,1500,22.718419841188474,True,True,5.337576557426553
-2202500.0,1147500.0,1500,22.388324439630885,True,True,5.334783882876723
-2197500.0,1147500.0,1500,20.962085444926082,True,True,4.967006909826587
-2192500.0,1147500.0,1500,19.66472707373058,True,True,4.772347753124662
-2187500.0,1147500.0,1500,16.934890096804963,True,True,5.364945511787434
-2182500.0,1147500.0,1500,15.433375036748158,True,True,6.882624918922959
-2177500.0,1147500.0,1500,13.395749769276456,True,True,6.592233337987826
-2172500.0,1147500.0,1500,11.41270549067709,True,True,5.153835061073415
-2167500.0,1147500.0,1500,13.531296537065037,True,True,4.839615120824766
-2162500.0,1147500.0,1500,15.73285072253218,True,True,5.643110566837818
-2157500.0,1147500.0,1500,14.465030180709917,True,True,5.854139160868781
-2152500.0,1147500.0,1500,11.539350986758812,True,True,4.76610709279888
-2147500.0,1147500.0,1500,7.99571839851024,True,True,3.8790080436093706
-2142500.0,1147500.0,1500,4.8513583600210985,True,True,3.7710091634122067
-2137500.0,1147500.0,1500,0.30864542233559134,True,True,4.5794100451681725
-2132500.0,1147500.0,1500,-8.756751419378746,True,True,5.93221957207052
-2127500.0,1147500.0,1500,-16.564114829443067,True,True,6.593531613068763
-2122500.0,1147500.0,1500,-16.758218716332483,True,True,6.786673248470649
-2117500.0,1147500.0,1500,-13.796364173392732,True,True,6.340138552937257
-2112500.0,1147500.0,1500,-13.716842294230482,True,True,5.2898697962103824
-2107500.0,1147500.0,1500,-15.363137207061463,True,True,4.695318189734506
-2102500.0,1147500.0,1500,-16.59384795942367,True,True,5.166325893793358
-2097500.0,1147500.0,1500,-16.210835393406708,True,True,6.785683173582967
-2092500.0,1147500.0,1500,-14.655122300725374,True,True,7.963673890737008
-2087500.0,1147500.0,1500,-14.856546183675606,True,True,7.570890752885787
-2082500.0,1147500.0,1500,-17.237509223991196,True,True,5.60175477938663
-2077500.0,1147500.0,1500,-17.68479721332347,True,True,4.25784235187092
-2072500.0,1147500.0,1500,-13.379187456347642,True,True,4.909050986614037
-2067500.0,1147500.0,1500,-8.33648293534406,True,True,5.949625612036876
-2062500.0,1147500.0,1500,-3.8546493392493453,True,True,5.88593757149838
-2057500.0,1147500.0,1500,-0.3239072724284615,True,True,5.014482381570354
-2052500.0,1147500.0,1500,2.3725280192077314,True,True,5.3131443250882295
-2047500.0,1147500.0,1500,7.6609548871939595,False,True,6.72669696521146
-2042500.0,1147500.0,1500,11.239871249255474,False,True,7.714311884070697
-2037500.0,1147500.0,1500,11.646862513609374,False,True,7.930769285278647
-2032500.0,1147500.0,1500,11.650261631757706,False,True,7.81340101235485
-2027500.0,1147500.0,1500,8.59488425406143,False,True,7.7183271368623405
-2022500.0,1147500.0,1500,4.032019336308691,False,True,7.628527198802496
-2017500.0,1147500.0,1500,0.7561658273847526,False,True,7.428670186023606
-2012500.0,1147500.0,1500,-1.8075502308771938,False,False,7.2302949751675785
-2007500.0,1147500.0,1500,-2.4502581593357053,False,False,7.19816477980158
-2002500.0,1147500.0,1500,-1.4673760968309344,False,False,7.197304479784654
-1997500.0,1147500.0,1500,-1.4112839386425278,False,False,7.349291754752643
-1992500.0,1147500.0,1500,-3.09075064576498,False,False,7.713301003518895
-1987500.0,1147500.0,1500,-5.969355467248727,False,False,7.256793661648131
-1982500.0,1147500.0,1500,-9.987032008902148,False,False,5.501289039415705
-1977500.0,1147500.0,1500,-11.553218861612065,False,False,6.198436528523928
-1972500.0,1147500.0,1500,-10.902400080406302,False,False,8.237234901215452
-1967500.0,1147500.0,1500,-10.691187203590383,False,False,8.719907483386883
-1962500.0,1147500.0,1500,-9.706572097376508,False,False,8.957314526805348
-1957500.0,1147500.0,1500,-8.68042886663483,False,False,8.941524090919398
-1952500.0,1147500.0,1500,-7.36120543310656,False,False,9.16493347686853
-1947500.0,1147500.0,1500,-6.240939905205524,False,False,9.485368988545563
-1942500.0,1147500.0,1500,-6.590817125328346,False,False,9.735173728926604
-1937500.0,1147500.0,1500,-6.949010909031458,False,False,9.96241705481089
-1932500.0,1147500.0,1500,-7.034477275422587,False,False,10.126808437074226
-1927500.0,1147500.0,1500,-7.918435577547108,False,False,10.262907463500659
-1922500.0,1147500.0,1500,-8.8165702897222,False,False,10.394494527800516
-2447500.0,1152500.0,1500,9.445258492027536,False,False,6.560511628337377
-2442500.0,1152500.0,1500,6.39379262263242,False,False,6.408801097764784
-2437500.0,1152500.0,1500,5.766102176690971,False,False,6.089453916027988
-2432500.0,1152500.0,1500,5.0927845638982525,False,False,5.775142437588363
-2427500.0,1152500.0,1500,7.383188821429808,False,False,5.4700590096952375
-2422500.0,1152500.0,1500,8.637026458298752,False,False,5.910402250525394
-2417500.0,1152500.0,1500,4.28697595966031,False,False,6.317908176132136
-2412500.0,1152500.0,1500,5.641590567019023,False,False,6.258972398100186
-2407500.0,1152500.0,1500,20.559856298653884,False,False,6.336974897556618
-2402500.0,1152500.0,1500,47.935246728833675,False,False,6.018070401017113
-2397500.0,1152500.0,1500,81.90579525376883,False,False,4.81127830130131
-2362500.0,1152500.0,1500,128.34522255208663,False,False,3.8299064351713343
-2357500.0,1152500.0,1500,96.02531154185685,False,False,4.2713555326357
-2352500.0,1152500.0,1500,62.75341737633451,False,True,5.08752742563872
-2347500.0,1152500.0,1500,26.77907041261046,False,True,5.579248231674221
-2342500.0,1152500.0,1500,20.423754326525977,False,True,5.35343981823519
-2337500.0,1152500.0,1500,26.55353914150727,False,True,4.821863496243504
-2332500.0,1152500.0,1500,1.5342457904855873,True,True,4.928458583425408
-2327500.0,1152500.0,1500,-15.848728087779106,True,True,5.449136206393543
-2322500.0,1152500.0,1500,-17.90097769683158,True,True,5.4745839305538055
-2317500.0,1152500.0,1500,-20.395698437288225,True,True,5.2840745338259225
-2312500.0,1152500.0,1500,-18.71892898703157,True,True,5.429095289778386
-2307500.0,1152500.0,1500,-13.143538756017247,True,True,5.311798966634714
-2302500.0,1152500.0,1500,-7.48011262300578,True,True,4.51684598806769
-2297500.0,1152500.0,1500,-5.227958031609886,True,True,4.066535657831383
-2292500.0,1152500.0,1500,-1.6279171817464488,True,True,4.368338959086672
-2287500.0,1152500.0,1500,2.3125683443076914,True,True,5.17132416636297
-2282500.0,1152500.0,1500,4.137960872168521,True,True,5.244129633887691
-2277500.0,1152500.0,1500,5.3721877694592015,True,True,4.4987932031864455
-2272500.0,1152500.0,1500,6.371812229695591,True,True,3.8827470556180774
-2267500.0,1152500.0,1500,7.5160637224800535,True,True,4.0961768117140505
-2262500.0,1152500.0,1500,9.734038348783335,True,True,4.514035228674408
-2257500.0,1152500.0,1500,13.461926627384376,True,True,4.712613131138719
-2252500.0,1152500.0,1500,15.278469429864,True,True,4.946997813042308
-2247500.0,1152500.0,1500,12.325883728707314,True,True,5.153315516895339
-2242500.0,1152500.0,1500,7.904922079824132,True,True,4.960519011974359
-2237500.0,1152500.0,1500,8.669170657752577,True,True,4.564264354492361
-2232500.0,1152500.0,1500,12.754612523306582,True,True,4.248167350874514
-2227500.0,1152500.0,1500,16.35772992460677,True,True,4.558617317386423
-2222500.0,1152500.0,1500,20.752093892820206,True,True,6.082074044465462
-2217500.0,1152500.0,1500,23.136535640540913,True,True,6.578742928307694
-2212500.0,1152500.0,1500,23.21443559423951,True,True,4.816382070529961
-2207500.0,1152500.0,1500,22.730187038073645,True,True,3.920788353321465
-2202500.0,1152500.0,1500,21.90956319723043,True,True,4.721192104199557
-2197500.0,1152500.0,1500,23.235138528574804,True,True,6.03701401444376
-2192500.0,1152500.0,1500,23.49390187588324,True,True,6.547462770387426
-2187500.0,1152500.0,1500,18.855821847126848,True,True,5.514632194093215
-2182500.0,1152500.0,1500,14.96950728973821,True,True,5.265261405311963
-2177500.0,1152500.0,1500,14.144290108843858,True,True,5.21333219263324
-2172500.0,1152500.0,1500,15.647129854924854,True,True,5.138612173810558
-2167500.0,1152500.0,1500,18.78324324322716,True,True,5.9991519814203125
-2162500.0,1152500.0,1500,19.23516506406032,True,True,6.679913712660127
-2157500.0,1152500.0,1500,15.722961238502082,True,True,5.47585106280165
-2152500.0,1152500.0,1500,12.339690954174147,True,True,4.592975279138182
-2147500.0,1152500.0,1500,9.596286640431686,True,True,5.233658663332534
-2142500.0,1152500.0,1500,6.170219055852213,True,True,5.779531711212911
-2137500.0,1152500.0,1500,-0.31393041327556237,True,True,5.724377950385395
-2132500.0,1152500.0,1500,-11.104109809165136,True,True,5.583772946274097
-2127500.0,1152500.0,1500,-17.486845961105956,True,True,5.906387999924383
-2122500.0,1152500.0,1500,-17.150689177863182,True,True,5.512894905891434
-2117500.0,1152500.0,1500,-16.506312958874727,True,True,5.148785448900824
-2112500.0,1152500.0,1500,-16.68630324171526,True,True,5.5675033942552
-2107500.0,1152500.0,1500,-17.888120179541353,True,True,6.1071358769674795
-2102500.0,1152500.0,1500,-20.42887152051474,True,True,5.926599791176692
-2097500.0,1152500.0,1500,-21.6235522871694,True,True,5.903696546109659
-2092500.0,1152500.0,1500,-20.820810012938082,True,True,6.799725679376716
-2087500.0,1152500.0,1500,-20.39826481883829,True,True,6.281328727278774
-2082500.0,1152500.0,1500,-20.462956419167153,True,True,5.041431422183859
-2077500.0,1152500.0,1500,-18.73016422797804,True,True,4.683733601278832
-2072500.0,1152500.0,1500,-14.215687511951971,True,True,4.729912235376056
-2067500.0,1152500.0,1500,-10.068527755300474,True,True,5.0343875294009965
-2062500.0,1152500.0,1500,-7.281655194226139,True,True,5.02046145929878
-2057500.0,1152500.0,1500,-3.0211002327010834,True,True,5.493091008759583
-2052500.0,1152500.0,1500,1.3977391075699888,False,True,6.729184558754165
-2047500.0,1152500.0,1500,4.6362763487299405,False,True,7.5015191024070615
-2042500.0,1152500.0,1500,7.020315053609844,False,True,7.675350992179034
-2037500.0,1152500.0,1500,7.071049495567567,False,True,7.735992413480732
-2032500.0,1152500.0,1500,6.980037359986758,False,True,7.72083668960452
-2027500.0,1152500.0,1500,6.044962600755617,False,True,7.553157421236435
-2022500.0,1152500.0,1500,2.2144125339200285,False,False,7.288727776522054
-2017500.0,1152500.0,1500,-0.4741242824848405,False,False,7.355833476844184
-2012500.0,1152500.0,1500,-1.730937477633958,False,False,7.8214819043405495
-2007500.0,1152500.0,1500,-1.6740712593031688,False,False,8.284700045504817
-2002500.0,1152500.0,1500,-0.20990552436824206,False,False,8.474709966024848
-1997500.0,1152500.0,1500,0.40737739610172374,False,False,8.622544099014267
-1992500.0,1152500.0,1500,-1.1431793120341451,False,False,8.82567360511299
-1987500.0,1152500.0,1500,-5.3315190676661475,False,False,7.818303915415735
-1982500.0,1152500.0,1500,-9.716205237675064,False,False,6.333635997033946
-1977500.0,1152500.0,1500,-11.59802863721044,False,False,7.6537421533799765
-1972500.0,1152500.0,1500,-11.476121608672102,False,False,9.746031907798224
-1967500.0,1152500.0,1500,-10.99349082380425,False,False,10.254133085218273
-1962500.0,1152500.0,1500,-10.611067221216182,False,False,10.484694795133182
-1957500.0,1152500.0,1500,-9.74369226187114,False,False,10.606945856741271
-1952500.0,1152500.0,1500,-8.37437468991986,False,False,10.736485819493069
-1947500.0,1152500.0,1500,-7.488409474610686,False,False,10.862430005348976
-1942500.0,1152500.0,1500,-7.183873239271777,False,False,10.942562736899973
-1937500.0,1152500.0,1500,-7.087276879471672,False,False,10.983426531076958
-1932500.0,1152500.0,1500,-7.740136521036867,False,False,10.99311423706109
-1927500.0,1152500.0,1500,-8.719260808968745,False,False,10.989752095102881
-1922500.0,1152500.0,1500,-9.316082204785731,False,False,10.988871083870416
-2447500.0,1157500.0,1500,11.224358743517328,False,False,7.2771822279149685
-2442500.0,1157500.0,1500,8.222482185045884,False,False,6.796245135905124
-2437500.0,1157500.0,1500,5.068731968928622,False,False,6.00358403700932
-2432500.0,1157500.0,1500,3.9591229657179063,False,False,5.735004449173696
-2427500.0,1157500.0,1500,8.33662061908655,False,False,5.96150281387831
-2422500.0,1157500.0,1500,21.08534708196273,False,False,6.311857808852798
-2417500.0,1157500.0,1500,28.126926421914202,False,False,6.396408609705381
-2412500.0,1157500.0,1500,24.723681084302598,False,False,6.45638740827568
-2407500.0,1157500.0,1500,40.93587597655146,False,False,6.360977777095624
-2402500.0,1157500.0,1500,53.8846610565004,False,False,5.872678882626943
-2397500.0,1157500.0,1500,83.20663069780616,False,False,4.710165854122092
-2362500.0,1157500.0,1500,128.61391196985238,False,False,3.8477157102665336
-2357500.0,1157500.0,1500,88.61817130761067,False,False,4.364771997145468
-2352500.0,1157500.0,1500,45.793415587418416,False,True,5.2679380810240435
-2347500.0,1157500.0,1500,2.974696598256696,False,True,5.712134607633341
-2342500.0,1157500.0,1500,-18.82816709593859,False,True,5.590356912543598
-2337500.0,1157500.0,1500,-5.225289971624253,False,True,4.650241167502889
-2332500.0,1157500.0,1500,-6.061145535709431,False,True,4.220336289529771
-2327500.0,1157500.0,1500,-18.775735506342983,True,True,4.6119092152710675
-2322500.0,1157500.0,1500,-24.036190772067705,True,True,4.409089427080994
-2317500.0,1157500.0,1500,-25.11802689845113,True,True,4.400317280526641
-2312500.0,1157500.0,1500,-20.91113803559171,True,True,4.619369330747743
-2307500.0,1157500.0,1500,-14.230813685527332,True,True,4.300805268597087
-2302500.0,1157500.0,1500,-8.019585608123005,True,True,4.214826978600547
-2297500.0,1157500.0,1500,-3.6192991772108165,True,True,4.253845675038038
-2292500.0,1157500.0,1500,-0.18433595598051294,True,True,4.380716153876011
-2287500.0,1157500.0,1500,2.1549598455367724,True,True,4.706715878271562
-2282500.0,1157500.0,1500,3.198822432425891,True,True,4.202885386277092
-2277500.0,1157500.0,1500,3.526727168492405,True,True,4.138701856895329
-2272500.0,1157500.0,1500,4.667797078714839,True,True,4.262643561208922
-2267500.0,1157500.0,1500,5.85391008775908,True,True,3.853360884202536
-2262500.0,1157500.0,1500,6.865485438177149,True,True,4.199682832525729
-2257500.0,1157500.0,1500,9.852702200639278,True,True,5.230909476056102
-2252500.0,1157500.0,1500,12.39112353712119,True,True,5.737054644610312
-2247500.0,1157500.0,1500,11.126577980633922,True,True,5.284527072081333
-2242500.0,1157500.0,1500,9.575046805433068,True,True,4.917727975113463
-2237500.0,1157500.0,1500,11.438103458463049,True,True,5.4369863922183095
-2232500.0,1157500.0,1500,14.521773651396954,True,True,5.679674444040612
-2227500.0,1157500.0,1500,16.586594862712865,True,True,4.844772757533549
-2222500.0,1157500.0,1500,19.64692606256956,True,True,4.9786694969734855
-2217500.0,1157500.0,1500,21.856419951839495,True,True,5.3966423906309196
-2212500.0,1157500.0,1500,21.292223602264887,True,True,4.836704119618085
-2207500.0,1157500.0,1500,19.95248060280217,True,True,4.519258758187203
-2202500.0,1157500.0,1500,20.134308831507276,True,True,5.140358473686715
-2197500.0,1157500.0,1500,24.06870907416572,True,True,6.60124495420323
-2192500.0,1157500.0,1500,25.07900102552028,True,True,6.830434644006031
-2187500.0,1157500.0,1500,19.940247377442425,True,True,5.196812238999964
-2182500.0,1157500.0,1500,15.372058445985628,True,True,3.8875656030692842
-2177500.0,1157500.0,1500,15.17381006551549,True,True,4.851119358990023
-2172500.0,1157500.0,1500,18.04384298387372,True,True,6.3024307997519475
-2167500.0,1157500.0,1500,19.31615874584517,True,True,5.721044528583672
-2162500.0,1157500.0,1500,18.072756953800234,True,True,4.841618721188858
-2157500.0,1157500.0,1500,15.014244096340628,True,True,4.994475637828911
-2152500.0,1157500.0,1500,12.412607138847088,True,True,6.057522658405317
-2147500.0,1157500.0,1500,11.475384734326866,True,True,7.274487399415803
-2142500.0,1157500.0,1500,8.178746328392709,True,True,7.53204706883214
-2137500.0,1157500.0,1500,0.7477612461900144,True,True,6.514138683244006
-2132500.0,1157500.0,1500,-9.487452735943647,True,True,4.904768298901261
-2127500.0,1157500.0,1500,-15.947545426408931,True,True,4.516952183822205
-2122500.0,1157500.0,1500,-16.234203407594457,True,True,5.0671142165629295
-2117500.0,1157500.0,1500,-16.425145100737705,True,True,6.030000312407918
-2112500.0,1157500.0,1500,-18.2469446124183,True,True,6.578147527963452
-2107500.0,1157500.0,1500,-19.609864421254244,True,True,6.749840377096076
-2102500.0,1157500.0,1500,-21.91578606904869,True,True,6.694999385619149
-2097500.0,1157500.0,1500,-24.363936477261138,True,True,5.592977814839011
-2092500.0,1157500.0,1500,-24.709846714872906,True,True,5.00955287546405
-2087500.0,1157500.0,1500,-24.11490247258862,True,True,5.001448375689566
-2082500.0,1157500.0,1500,-22.200299329236884,True,True,5.395651600568085
-2077500.0,1157500.0,1500,-19.16974392748195,True,True,5.684525394937275
-2072500.0,1157500.0,1500,-16.056914749477627,True,True,4.982634148257408
-2067500.0,1157500.0,1500,-13.660577723731718,True,True,4.8136411357454545
-2062500.0,1157500.0,1500,-10.73644614050283,True,True,5.878654781643117
-2057500.0,1157500.0,1500,-5.480133300631611,False,True,7.204921010861259
-2052500.0,1157500.0,1500,-0.30074573930987647,False,True,7.826906086699488
-2047500.0,1157500.0,1500,2.0298034101392544,False,True,8.02442001162635
-2042500.0,1157500.0,1500,3.409329303386413,False,True,8.233821332520566
-2037500.0,1157500.0,1500,4.494722530384712,False,True,8.51961672838225
-2032500.0,1157500.0,1500,4.180521856261031,False,False,8.708534176262479
-2027500.0,1157500.0,1500,4.2163159970852675,False,False,8.608084343791704
-2022500.0,1157500.0,1500,2.189194125426705,False,False,8.43146881425279
-2017500.0,1157500.0,1500,-0.46904629540122067,False,False,8.777903133869206
-2012500.0,1157500.0,1500,-0.42320842441187834,False,False,9.453892475773111
-2007500.0,1157500.0,1500,-0.47248740797379907,False,False,9.843710016386114
-2002500.0,1157500.0,1500,0.09496784416005544,False,False,9.93537420151561
-1997500.0,1157500.0,1500,0.6219579524529444,False,False,10.008792433728608
-1992500.0,1157500.0,1500,-2.014030804370042,False,False,10.020375222800283
-1987500.0,1157500.0,1500,-6.083694223364321,False,False,9.200498827403475
-1982500.0,1157500.0,1500,-9.055015807660634,False,False,8.425410863181206
-1977500.0,1157500.0,1500,-10.947441961882657,False,False,9.375892163391228
-1972500.0,1157500.0,1500,-11.526436525945115,False,False,10.620396514999317
-1967500.0,1157500.0,1500,-10.88871517807169,False,False,10.962406691830928
-1962500.0,1157500.0,1500,-10.918414248948295,False,False,11.046348342362363
-1957500.0,1157500.0,1500,-10.382727346267309,False,False,11.054760089934167
-1952500.0,1157500.0,1500,-8.841458919968609,False,False,11.041854608661565
-1947500.0,1157500.0,1500,-8.28769140815375,False,False,11.036203253590138
-1942500.0,1157500.0,1500,-7.546071222885509,False,False,11.001916942240513
-1937500.0,1157500.0,1500,-7.043269539817535,False,False,10.920976813170107
-1932500.0,1157500.0,1500,-7.764722068726165,False,False,10.82296439466876
-1927500.0,1157500.0,1500,-8.757153918060112,False,False,10.717153304578709
-1922500.0,1157500.0,1500,-9.968988961708583,False,False,10.609279596137327
-2447500.0,1162500.0,1500,12.955807072580726,False,False,7.215909021443137
-2442500.0,1162500.0,1500,9.251899571132087,False,False,6.684155305012972
-2437500.0,1162500.0,1500,4.753751761632973,False,False,6.208594215498486
-2432500.0,1162500.0,1500,5.6087786383997,False,False,6.550781985628321
-2427500.0,1162500.0,1500,6.5436540972114505,False,False,7.190537546439842
-2422500.0,1162500.0,1500,22.570798922518872,False,False,6.850714500255198
-2417500.0,1162500.0,1500,49.12313892917315,False,False,6.226204347923492
-2412500.0,1162500.0,1500,55.34016849995601,False,False,6.0928428589639845
-2407500.0,1162500.0,1500,85.93816994912291,False,False,5.452398549426594
-2402500.0,1162500.0,1500,91.166319328796,False,False,4.454485522351808
-2397500.0,1162500.0,1500,109.19345560320234,False,False,3.765400158462425
-2352500.0,1162500.0,1500,55.44989041617865,False,True,4.948737916062917
-2347500.0,1162500.0,1500,-5.134759345623777,False,True,5.471203003072025
-2342500.0,1162500.0,1500,-31.676628899567685,False,True,5.253554163560945
-2337500.0,1162500.0,1500,-24.884316184782502,False,True,5.013912867250082
-2332500.0,1162500.0,1500,-20.64143842756243,True,True,5.414356387120886
-2327500.0,1162500.0,1500,-22.937509967241233,True,True,4.897510840617372
-2322500.0,1162500.0,1500,-22.6476821202097,True,True,3.937623567777791
-2317500.0,1162500.0,1500,-22.527478857573215,True,True,4.083613517524495
-2312500.0,1162500.0,1500,-18.152186578335296,True,True,4.2803723990348
-2307500.0,1162500.0,1500,-12.040382720952346,True,True,3.9363523617227525
-2302500.0,1162500.0,1500,-7.220414665386923,True,True,3.7320426926837538
-2297500.0,1162500.0,1500,-1.2209687969899914,True,True,3.823913721671306
-2292500.0,1162500.0,1500,4.041623902743547,True,True,4.210544577309772
-2287500.0,1162500.0,1500,5.897861108199862,True,True,4.8013159425204295
-2282500.0,1162500.0,1500,6.1484244491069,True,True,5.106583464754201
-2277500.0,1162500.0,1500,7.234149966751031,True,True,4.843017817609125
-2272500.0,1162500.0,1500,9.471882882166236,True,True,4.708834318177132
-2267500.0,1162500.0,1500,9.627699412875085,True,True,5.163904333183337
-2262500.0,1162500.0,1500,7.41811498286927,True,True,5.920017367887831
-2257500.0,1162500.0,1500,7.558486150495458,True,True,5.813461306965627
-2252500.0,1162500.0,1500,10.564503991297766,True,True,5.104779547308095
-2247500.0,1162500.0,1500,12.401140917685911,True,True,5.178949316610421
-2242500.0,1162500.0,1500,13.12569463661198,True,True,6.132383764755863
-2237500.0,1162500.0,1500,14.47371394493353,True,True,6.86151198827145
-2232500.0,1162500.0,1500,15.589541953223655,True,True,6.457432483511589
-2227500.0,1162500.0,1500,16.998184052180683,True,True,4.845277731368841
-2222500.0,1162500.0,1500,18.163966809417378,True,True,3.755510268409713
-2217500.0,1162500.0,1500,19.045371685480724,True,True,4.6324113388211945
-2212500.0,1162500.0,1500,17.91044273675782,True,True,5.777676097195351
-2207500.0,1162500.0,1500,15.98427448001001,True,True,5.608153856734605
-2202500.0,1162500.0,1500,17.523044462245938,True,True,4.744059198575217
-2197500.0,1162500.0,1500,21.45285190989329,True,True,4.980235771447496
-2192500.0,1162500.0,1500,22.45288732604837,True,True,5.237506072297638
-2187500.0,1162500.0,1500,18.687669169789814,True,True,4.853809638247324
-2182500.0,1162500.0,1500,15.3925667365674,True,True,4.314423084920459
-2177500.0,1162500.0,1500,15.910629396428122,True,True,4.820844654473867
-2172500.0,1162500.0,1500,17.784230381888108,True,True,5.230596092809186
-2167500.0,1162500.0,1500,18.616164258414756,True,True,4.1445939512553345
-2162500.0,1162500.0,1500,16.91313387372715,True,True,4.160465762763878
-2157500.0,1162500.0,1500,13.504976492164595,True,True,5.672530763764708
-2152500.0,1162500.0,1500,11.127551577966763,True,True,7.158933611124951
-2147500.0,1162500.0,1500,9.501820051774736,True,True,7.705108021492773
-2142500.0,1162500.0,1500,5.90568148673748,True,True,7.223931913737964
-2137500.0,1162500.0,1500,-0.5892137630962143,True,True,5.932626304995754
-2132500.0,1162500.0,1500,-8.387671927715523,True,True,4.758659007831828
-2127500.0,1162500.0,1500,-14.253487805164161,True,True,4.520035159829087
-2122500.0,1162500.0,1500,-15.026385849735469,True,True,5.803735820304061
-2117500.0,1162500.0,1500,-14.725443976790352,True,True,6.800467585272307
-2112500.0,1162500.0,1500,-17.805966650986445,True,True,6.621536587227553
-2107500.0,1162500.0,1500,-20.23627478541221,True,True,6.820567369613099
-2102500.0,1162500.0,1500,-21.64918194945435,True,True,6.7933382443379475
-2097500.0,1162500.0,1500,-24.135167551922766,True,True,6.127272983529827
-2092500.0,1162500.0,1500,-25.03262168631673,True,True,5.105816671831521
-2087500.0,1162500.0,1500,-24.364599350834574,True,True,5.102093804756215
-2082500.0,1162500.0,1500,-21.997317243701325,True,True,5.412217530764833
-2077500.0,1162500.0,1500,-18.515435770680156,True,True,5.2248672677055925
-2072500.0,1162500.0,1500,-15.741134412497749,True,True,5.87710908023508
-2067500.0,1162500.0,1500,-13.957497049646538,False,True,6.694482387895008
-2062500.0,1162500.0,1500,-11.570588727110497,False,True,7.478523973728557
-2057500.0,1162500.0,1500,-6.550049344767236,False,True,8.379225976358505
-2052500.0,1162500.0,1500,-1.8632328931752857,False,True,8.932842406143
-2047500.0,1162500.0,1500,0.2936131336030734,False,True,9.251022063868074
-2042500.0,1162500.0,1500,1.614585736268636,False,True,9.535926635597777
-2037500.0,1162500.0,1500,2.7705018914461177,False,False,9.796497970484356
-2032500.0,1162500.0,1500,3.1017703592215096,False,False,9.947001700051965
-2027500.0,1162500.0,1500,3.096473888607575,False,False,9.923692826279453
-2022500.0,1162500.0,1500,2.5674021016534905,False,False,9.873136396494305
-2017500.0,1162500.0,1500,0.8435630779350162,False,False,10.017551101874437
-2012500.0,1162500.0,1500,0.5787668883121222,False,False,10.230010750436055
-2007500.0,1162500.0,1500,0.4142199362621741,False,False,10.29892287523963
-2002500.0,1162500.0,1500,-0.7207100708773719,False,False,10.285834662161893
-1997500.0,1162500.0,1500,-0.8127036575409687,False,False,10.311550946059729
-1992500.0,1162500.0,1500,-3.395822606086326,False,False,10.30017986727116
-1987500.0,1162500.0,1500,-6.857763431538483,False,False,10.096988834176653
-1982500.0,1162500.0,1500,-8.817448270997238,False,False,9.9439256569786
-1977500.0,1162500.0,1500,-11.081459291114857,False,False,10.134453907174807
-1972500.0,1162500.0,1500,-11.883119873169477,False,False,10.392673397655374
-1967500.0,1162500.0,1500,-11.5868810638436,False,False,10.488430257627297
-1962500.0,1162500.0,1500,-11.665387076409226,False,False,10.49441155017666
-1957500.0,1162500.0,1500,-10.914915125371454,False,False,10.40315762729316
-1952500.0,1162500.0,1500,-9.321760018878786,False,False,10.290435663672538
-1947500.0,1162500.0,1500,-8.465620106215612,False,False,10.254339161639539
-1942500.0,1162500.0,1500,-7.77238881266981,False,False,10.188633363719987
-1937500.0,1162500.0,1500,-6.961070560370432,False,False,10.01836479123209
-1932500.0,1162500.0,1500,-7.319152042957264,False,False,9.838615651596033
-1927500.0,1162500.0,1500,-8.241415099575525,False,False,9.665660400581146
-1922500.0,1162500.0,1500,-9.362716986064358,False,False,9.487976297236864
-2447500.0,1167500.0,1500,15.423695782968194,False,False,7.0675169352124145
-2442500.0,1167500.0,1500,10.134039376950682,False,False,7.042119379545236
-2437500.0,1167500.0,1500,3.08508099045122,False,False,7.3058354942063914
-2432500.0,1167500.0,1500,2.5350582537447153,False,False,7.5712647383946345
-2427500.0,1167500.0,1500,0.9624314311343447,False,False,7.47583381537946
-2422500.0,1167500.0,1500,7.662586752354605,False,False,6.935270648194296
-2417500.0,1167500.0,1500,27.987165321290224,False,False,6.865910127877754
-2412500.0,1167500.0,1500,40.655061328613,False,False,6.990573418468373
-2407500.0,1167500.0,1500,86.19198245371825,False,False,5.434096838116227
-2362500.0,1167500.0,1500,134.6671583231804,False,False,3.780096498444135
-2357500.0,1167500.0,1500,108.74284069491866,False,True,4.113612788836307
-2352500.0,1167500.0,1500,55.2434174112314,False,True,4.2788802812845335
-2347500.0,1167500.0,1500,8.441721919861775,False,True,4.6908241839559635
-2342500.0,1167500.0,1500,-11.225106912321339,False,True,5.283110929723323
-2337500.0,1167500.0,1500,-16.679761053813067,True,True,5.748099203205475
-2332500.0,1167500.0,1500,-21.653010188409336,True,True,5.544213665803105
-2327500.0,1167500.0,1500,-25.905161000599048,True,True,4.2630540711137135
-2322500.0,1167500.0,1500,-24.006669091546602,True,True,3.5864103547999426
-2317500.0,1167500.0,1500,-18.77338870772041,True,True,3.986615737641294
-2312500.0,1167500.0,1500,-12.183428457081,True,True,4.215988056884212
-2307500.0,1167500.0,1500,-6.17049327311817,True,True,3.951103172075115
-2302500.0,1167500.0,1500,-1.9365198910471528,True,True,3.6706327771470972
-2297500.0,1167500.0,1500,4.4190879278534645,True,True,4.308616071692382
-2292500.0,1167500.0,1500,9.848180962580448,True,True,5.668447664376066
-2287500.0,1167500.0,1500,9.682622173994925,True,True,6.117685708449021
-2282500.0,1167500.0,1500,8.680090859054959,True,True,5.354371229279241
-2277500.0,1167500.0,1500,11.033272955430496,True,True,4.925578412156392
-2272500.0,1167500.0,1500,13.794944848418071,True,True,5.654120269457164
-2267500.0,1167500.0,1500,12.659044561560622,True,True,6.255455433936337
-2262500.0,1167500.0,1500,8.349653505708986,True,True,5.651014717639414
-2257500.0,1167500.0,1500,6.823870702248405,True,True,4.971074913030622
-2252500.0,1167500.0,1500,10.050116522837993,True,True,5.63559968213574
-2247500.0,1167500.0,1500,13.38228247704687,True,True,7.033324995175755
-2242500.0,1167500.0,1500,14.486529490306564,True,True,7.625273748494294
-2237500.0,1167500.0,1500,14.758858512533731,True,True,6.648395062587069
-2232500.0,1167500.0,1500,15.594931912518414,True,True,5.275259710516261
-2227500.0,1167500.0,1500,17.236181446762966,True,True,4.932601545619679
-2222500.0,1167500.0,1500,17.969845306562284,True,True,4.907854370040501
-2217500.0,1167500.0,1500,17.35452009073982,True,True,4.966149527537057
-2212500.0,1167500.0,1500,15.74473073553247,True,True,5.640937664155363
-2207500.0,1167500.0,1500,14.581529732722057,True,True,5.8254483855194374
-2202500.0,1167500.0,1500,15.560955456165628,True,True,4.391632211272689
-2197500.0,1167500.0,1500,17.762880482372942,True,True,3.643658824372866
-2192500.0,1167500.0,1500,18.772977643559006,True,True,4.694184102278058
-2187500.0,1167500.0,1500,17.279543409779098,True,True,5.660722687244634
-2182500.0,1167500.0,1500,16.000060151731436,True,True,5.4051816996429665
-2177500.0,1167500.0,1500,16.70021004139075,True,True,4.564292098290796
-2172500.0,1167500.0,1500,18.265233066499302,True,True,4.320162080969376
-2167500.0,1167500.0,1500,19.908834242731253,True,True,4.738975354683799
-2162500.0,1167500.0,1500,18.03282501056287,True,True,5.771547230144106
-2157500.0,1167500.0,1500,13.509147068106449,True,True,6.835413933555279
-2152500.0,1167500.0,1500,10.233729660772754,True,True,7.3394327717264165
-2147500.0,1167500.0,1500,6.319898638560922,True,True,6.734860652116101
-2142500.0,1167500.0,1500,1.4664173005035588,True,True,5.639709051536405
-2137500.0,1167500.0,1500,-2.9096441094342542,True,True,5.453377834843388
-2132500.0,1167500.0,1500,-6.9936623186317695,True,True,6.12595784042863
-2127500.0,1167500.0,1500,-10.839442999225977,True,True,5.809671268287718
-2122500.0,1167500.0,1500,-12.235692622734337,True,True,5.462378951788644
-2117500.0,1167500.0,1500,-11.10388516922189,True,True,6.1070293694683375
-2112500.0,1167500.0,1500,-13.834842175047982,True,True,6.403382732039764
-2107500.0,1167500.0,1500,-19.013181660693697,True,True,5.779424519460077
-2102500.0,1167500.0,1500,-20.99309563980275,True,True,5.478577598601332
-2097500.0,1167500.0,1500,-22.52628604066482,True,True,6.210343113091151
-2092500.0,1167500.0,1500,-23.36417079615848,True,True,5.674758084243472
-2087500.0,1167500.0,1500,-21.982265463796978,True,True,4.579229377954157
-2082500.0,1167500.0,1500,-19.576699105065522,True,True,4.724755512994976
-2077500.0,1167500.0,1500,-14.786275407707784,False,True,5.901204127646517
-2072500.0,1167500.0,1500,-10.017072771104083,False,True,6.98385110748228
-2067500.0,1167500.0,1500,-8.890757139101627,False,True,7.469982960171992
-2062500.0,1167500.0,1500,-7.9497538730452,False,True,8.293168772550214
-2057500.0,1167500.0,1500,-4.97256376562386,False,True,9.18137945887635
-2052500.0,1167500.0,1500,-2.065754683516195,False,True,9.638354274486554
-2047500.0,1167500.0,1500,0.00753905150027967,False,True,9.824544877282193
-2042500.0,1167500.0,1500,1.3447351930710263,False,False,9.90370891101143
-2037500.0,1167500.0,1500,1.6396796545487573,False,False,9.940640740670217
-2032500.0,1167500.0,1500,2.3425979883806614,False,False,9.914969328232031
-2027500.0,1167500.0,1500,2.6534987483326193,False,False,9.824133659692233
-2022500.0,1167500.0,1500,1.8005966865143344,False,False,9.748696083774721
-2017500.0,1167500.0,1500,1.2452117630974113,False,False,9.71954247139507
-2012500.0,1167500.0,1500,0.38485387043462715,False,False,9.665441146793517
-2007500.0,1167500.0,1500,-0.2129360520973178,False,False,9.584571974989853
-2002500.0,1167500.0,1500,-1.3425496089963858,False,False,9.549175147298104
-1997500.0,1167500.0,1500,-2.8798301945175755,False,False,9.563990018260892
-1992500.0,1167500.0,1500,-4.507491165884554,False,False,9.536819496165908
-1987500.0,1167500.0,1500,-7.284706510197279,False,False,9.446589644777829
-1982500.0,1167500.0,1500,-9.202629136096037,False,False,9.385093149312997
-1977500.0,1167500.0,1500,-10.698016654448269,False,False,9.353276015191522
-1972500.0,1167500.0,1500,-12.04170153861065,False,False,9.313922144010315
-1967500.0,1167500.0,1500,-12.155743293916089,False,False,9.362637683923992
-1962500.0,1167500.0,1500,-11.9545346290298,False,False,9.455854695658967
-1957500.0,1167500.0,1500,-11.436515379453848,False,False,9.37989304222555
-1952500.0,1167500.0,1500,-9.823734814293005,False,False,9.25943784120012
-1947500.0,1167500.0,1500,-8.006945382607709,False,False,9.303867911465254
-1942500.0,1167500.0,1500,-7.108581670508025,False,False,9.3214466918174
-1937500.0,1167500.0,1500,-6.11066332685067,False,False,9.166447703035137
-1932500.0,1167500.0,1500,-5.901764993873751,False,False,9.019756392279186
-1927500.0,1167500.0,1500,-7.063003094339898,False,False,8.917207283079158
-1922500.0,1167500.0,1500,-7.7043657160145775,False,False,8.805636540723702
-2447500.0,1172500.0,1500,15.527029156354018,False,False,7.051503056277037
-2442500.0,1172500.0,1500,8.235457509637687,False,False,7.525532952517546
-2437500.0,1172500.0,1500,-2.17419469126685,False,False,7.89335276330546
-2432500.0,1172500.0,1500,-4.395397841234976,False,False,7.8034185461267915
-2427500.0,1172500.0,1500,4.2318453099294135,False,False,7.170161504042934
-2422500.0,1172500.0,1500,12.0639465460853,False,False,6.735091853194079
-2417500.0,1172500.0,1500,22.742467948407477,False,False,7.033432298366884
-2412500.0,1172500.0,1500,34.29527889339389,False,False,6.892906209049602
-2407500.0,1172500.0,1500,72.23894338339504,False,False,5.097101246723467
-2402500.0,1172500.0,1500,137.01755639053863,False,False,3.5775306814696193
-2367500.0,1172500.0,1500,145.22365868701957,False,False,3.7636507143613604
-2362500.0,1172500.0,1500,134.2246672409587,False,False,3.8387543048013697
-2357500.0,1172500.0,1500,111.571271718498,False,True,3.710721072319241
-2352500.0,1172500.0,1500,77.4932313694117,False,True,3.3681697208035852
-2347500.0,1172500.0,1500,63.386088226072324,False,True,3.8078892615362365
-2342500.0,1172500.0,1500,50.17892981619401,False,True,5.306247399367652
-2337500.0,1172500.0,1500,10.947476917033162,True,True,5.789798113283255
-2332500.0,1172500.0,1500,-18.767471015688304,True,True,4.861097877815472
-2327500.0,1172500.0,1500,-20.185690819762254,True,True,4.0297061809715
-2322500.0,1172500.0,1500,-14.46263064300246,True,True,3.8634663909897236
-2317500.0,1172500.0,1500,-8.941611906007529,True,True,3.958939093169975
-2312500.0,1172500.0,1500,-1.9981594368682427,True,True,4.280856360570262
-2307500.0,1172500.0,1500,5.910373376576717,True,True,4.767402343758304
-2302500.0,1172500.0,1500,11.629477455849704,True,True,5.203203398794077
-2297500.0,1172500.0,1500,14.755713375538894,True,True,6.052140161747678
-2292500.0,1172500.0,1500,14.812350178352398,True,True,5.970576848966358
-2287500.0,1172500.0,1500,12.453108264683793,True,True,5.145409673258343
-2282500.0,1172500.0,1500,12.835321987397307,True,True,5.101546173359926
-2277500.0,1172500.0,1500,17.35297869297242,True,True,5.949182173083711
-2272500.0,1172500.0,1500,17.205839633576385,True,True,6.143815507936981
-2267500.0,1172500.0,1500,11.781872579947814,True,True,5.329856806553504
-2262500.0,1172500.0,1500,7.11994891691654,True,True,4.922994637735469
-2257500.0,1172500.0,1500,5.6345125591413385,True,True,5.797294480360965
-2252500.0,1172500.0,1500,8.61790174685041,True,True,7.183934958053809
-2247500.0,1172500.0,1500,11.40199320288252,True,True,7.609042789352283
-2242500.0,1172500.0,1500,12.011219942773018,True,True,6.6149212778359585
-2237500.0,1172500.0,1500,13.810424485748474,True,True,5.274945207785654
-2232500.0,1172500.0,1500,16.896555997374147,True,True,5.183175345992508
-2227500.0,1172500.0,1500,18.768675586814062,True,True,6.304051524491733
-2222500.0,1172500.0,1500,18.96315564605415,True,True,6.869239835326658
-2217500.0,1172500.0,1500,16.956206994558183,True,True,5.410097978081067
-2212500.0,1172500.0,1500,14.932731804224698,True,True,4.767563951415569
-2207500.0,1172500.0,1500,15.604050595332167,True,True,5.213927011574665
-2202500.0,1172500.0,1500,15.76438812396827,True,True,4.94126577759444
-2197500.0,1172500.0,1500,15.821729984320292,True,True,4.656216295142423
-2192500.0,1172500.0,1500,16.150271314329046,True,True,5.1773195585331155
-2187500.0,1172500.0,1500,16.54842217584317,True,True,5.621175887071707
-2182500.0,1172500.0,1500,18.495294591093618,True,True,5.472145232554355
-2177500.0,1172500.0,1500,19.471762100361186,True,True,5.167786426827662
-2172500.0,1172500.0,1500,20.060387173649953,True,True,4.712607685772754
-2167500.0,1172500.0,1500,21.54964791968189,True,True,5.465648710012412
-2162500.0,1172500.0,1500,20.043336130249475,True,True,6.635017417362867
-2157500.0,1172500.0,1500,15.423408929880495,True,True,6.879942498466325
-2152500.0,1172500.0,1500,10.829855727937986,True,True,5.994298970220979
-2147500.0,1172500.0,1500,5.652528396804956,True,True,5.012172318546127
-2142500.0,1172500.0,1500,1.119135997821636,True,True,5.241396647693585
-2137500.0,1172500.0,1500,-0.8425012592534036,True,True,6.5610250494956235
-2132500.0,1172500.0,1500,-2.4026410602454935,True,True,7.605313923241917
-2127500.0,1172500.0,1500,-4.031516581418598,True,True,6.973319995556774
-2122500.0,1172500.0,1500,-6.816109723600855,True,True,5.284776612243183
-2117500.0,1172500.0,1500,-8.657739378142013,True,True,4.858035138088082
-2112500.0,1172500.0,1500,-11.560462394596978,True,True,5.148685365734554
-2107500.0,1172500.0,1500,-16.93413862533203,True,True,5.028038388671382
-2102500.0,1172500.0,1500,-19.081131524666954,True,True,5.642858783388759
-2097500.0,1172500.0,1500,-19.963734964233513,True,True,5.630717443068844
-2092500.0,1172500.0,1500,-20.084313421131736,True,True,4.960989568802516
-2087500.0,1172500.0,1500,-18.188696399599028,True,True,4.766565526044199
-2082500.0,1172500.0,1500,-15.732410935028105,False,True,4.991021795859726
-2077500.0,1172500.0,1500,-10.263736040938491,False,True,6.2995279899823515
-2072500.0,1172500.0,1500,-3.8760095726284263,False,True,7.2987518752629255
-2067500.0,1172500.0,1500,-3.167069681959388,False,True,7.720357694313868
-2062500.0,1172500.0,1500,-3.7577223812548883,False,True,8.52958600281848
-2057500.0,1172500.0,1500,-2.4279834488539667,False,True,9.013947445051304
-2052500.0,1172500.0,1500,-1.4399504363672906,False,True,9.166901680884303
-2047500.0,1172500.0,1500,0.2952441121545607,False,False,9.189397900140428
-2042500.0,1172500.0,1500,1.6580391296713537,False,False,9.145312113711292
-2037500.0,1172500.0,1500,1.6641048543407508,False,False,9.0922981176109
-2032500.0,1172500.0,1500,2.097070314485676,False,False,8.99876405128376
-2027500.0,1172500.0,1500,2.2322305261529465,False,False,8.859190415872025
-2022500.0,1172500.0,1500,1.1374551939738784,False,False,8.789820780783952
-2017500.0,1172500.0,1500,0.47843277536919804,False,False,8.803220747386511
-2012500.0,1172500.0,1500,-0.6175516360080426,False,False,8.803668922580119
-2007500.0,1172500.0,1500,-2.0734347875444383,False,False,8.743213205140712
-2002500.0,1172500.0,1500,-2.651752387100962,False,False,8.691774281338775
-1997500.0,1172500.0,1500,-4.425469010583097,False,False,8.781765263253195
-1992500.0,1172500.0,1500,-6.040473705129129,False,False,8.845254394239182
-1987500.0,1172500.0,1500,-7.503011472665296,False,False,8.776962136436872
-1982500.0,1172500.0,1500,-9.299256076664026,False,False,8.753215857403719
-1977500.0,1172500.0,1500,-9.661334410531406,False,False,8.759094466688595
-1972500.0,1172500.0,1500,-10.804177860703444,False,False,8.776142725419026
-1967500.0,1172500.0,1500,-11.386484042672109,False,False,8.940871037524413
-1962500.0,1172500.0,1500,-10.716687595425146,False,False,9.177763942767871
-1957500.0,1172500.0,1500,-10.73458325740996,False,False,9.22711904108554
-1952500.0,1172500.0,1500,-9.21344378268861,False,False,9.207045471943852
-1947500.0,1172500.0,1500,-7.14153445406011,False,False,9.349979300108757
-1942500.0,1172500.0,1500,-5.906978026055238,False,False,9.48210710058527
-1937500.0,1172500.0,1500,-4.2731191481308946,False,False,9.456496318127414
-1932500.0,1172500.0,1500,-3.6676610833552825,False,False,9.430514535029616
-1927500.0,1172500.0,1500,-4.348818864635683,False,False,9.419000832313394
-1922500.0,1172500.0,1500,-4.52845096097252,False,False,9.348266986911247
-2447500.0,1177500.0,1500,15.954901328601633,False,False,7.239457607016627
-2442500.0,1177500.0,1500,8.325546466226413,False,False,7.7575340646793824
-2437500.0,1177500.0,1500,-0.9807712110327905,False,False,7.926000791717787
-2432500.0,1177500.0,1500,-1.7279844587012283,False,False,7.565976975090642
-2427500.0,1177500.0,1500,16.839338185209535,False,False,6.706100992451379
-2422500.0,1177500.0,1500,31.925729167653934,False,False,6.43095185178732
-2417500.0,1177500.0,1500,42.97208468409773,False,False,6.487788937054843
-2412500.0,1177500.0,1500,66.9832494852398,False,False,5.323767854228683
-2407500.0,1177500.0,1500,102.51614677917857,False,False,3.9442782613545893
-2372500.0,1177500.0,1500,130.37642401106012,False,False,3.9534629647172808
-2367500.0,1177500.0,1500,123.67050016615468,False,False,4.041927416684474
-2362500.0,1177500.0,1500,128.7019332436425,False,False,3.707500278683837
-2357500.0,1177500.0,1500,134.3415962728875,False,False,3.277593707592064
-2352500.0,1177500.0,1500,115.00222117365925,False,True,3.3684409734922554
-2347500.0,1177500.0,1500,93.6343969831524,False,True,4.2334460624073795
-2342500.0,1177500.0,1500,66.43013463945131,False,True,5.46261744878935
-2337500.0,1177500.0,1500,28.19000567356091,False,True,5.420667984901013
-2332500.0,1177500.0,1500,19.62028538464887,True,True,4.46578354874577
-2327500.0,1177500.0,1500,35.55254442134567,False,True,4.136958488580906
-2322500.0,1177500.0,1500,27.730452871195673,False,True,4.2785205462643585
-2317500.0,1177500.0,1500,13.404305651442858,False,True,4.374021442773827
-2312500.0,1177500.0,1500,12.392498938270162,True,True,4.414343772607316
-2307500.0,1177500.0,1500,19.10281752720612,True,True,5.329459178904736
-2302500.0,1177500.0,1500,26.186467964963036,True,True,6.125461543609251
-2297500.0,1177500.0,1500,27.625766571580584,True,True,5.572858478621936
-2292500.0,1177500.0,1500,27.036315671507786,False,True,4.765369431326247
-2287500.0,1177500.0,1500,31.915191093466326,False,True,4.893568473771244
-2282500.0,1177500.0,1500,38.73106652260946,False,True,5.627556301924539
-2277500.0,1177500.0,1500,35.35971436967175,False,True,5.601827728580888
-2272500.0,1177500.0,1500,22.67340464190062,False,True,5.10766860179631
-2267500.0,1177500.0,1500,11.25126728674449,True,True,5.2037723755158325
-2262500.0,1177500.0,1500,6.303857487209268,True,True,5.895658234715741
-2257500.0,1177500.0,1500,5.453994145555597,True,True,6.7301183810734475
-2252500.0,1177500.0,1500,6.707716101034429,True,True,6.299354750925231
-2247500.0,1177500.0,1500,8.551433010889765,True,True,5.671797207625795
-2242500.0,1177500.0,1500,10.191211549313167,True,True,5.331521633058624
-2237500.0,1177500.0,1500,13.99220415386098,True,True,5.453964532945664
-2232500.0,1177500.0,1500,17.99879841926198,True,True,6.758581217058489
-2227500.0,1177500.0,1500,19.699825666066733,True,True,7.528931487087565
-2222500.0,1177500.0,1500,18.749823263033537,True,True,7.100009979588889
-2217500.0,1177500.0,1500,16.115474879820685,True,True,5.7133683050881405
-2212500.0,1177500.0,1500,15.048535916946127,True,True,5.005906724001132
-2207500.0,1177500.0,1500,16.01774251185248,True,True,5.34479737308105
-2202500.0,1177500.0,1500,16.5109373909247,True,True,6.0721046992380465
-2197500.0,1177500.0,1500,15.91258623625202,True,True,5.831243807143522
-2192500.0,1177500.0,1500,16.107697905562443,True,True,4.694360334165366
-2187500.0,1177500.0,1500,18.416898948998078,True,True,4.560051207579541
-2182500.0,1177500.0,1500,21.8557043353851,True,True,5.7074051303130275
-2177500.0,1177500.0,1500,23.483459178973856,True,True,6.462194674605238
-2172500.0,1177500.0,1500,22.551199303909623,True,True,5.245583994845848
-2167500.0,1177500.0,1500,22.087701712377086,True,True,5.138750442272321
-2162500.0,1177500.0,1500,20.202168328780004,True,True,6.496163744078556
-2157500.0,1177500.0,1500,15.414303662951742,True,True,5.829998437084859
-2152500.0,1177500.0,1500,10.50310239158523,True,True,4.679163417325794
-2147500.0,1177500.0,1500,6.733492999703352,True,True,5.179404554885688
-2142500.0,1177500.0,1500,4.493918890911411,True,True,6.444045552309845
-2137500.0,1177500.0,1500,2.9524645050680194,True,True,7.455268835973066
-2132500.0,1177500.0,1500,2.0200136507009767,True,True,7.73089281398066
-2127500.0,1177500.0,1500,1.5765647678682195,True,True,7.198773799845178
-2122500.0,1177500.0,1500,-2.0398001942083615,True,True,5.15882551466171
-2117500.0,1177500.0,1500,-6.5528729551061025,True,True,3.6469677312505313
-2112500.0,1177500.0,1500,-9.950728328407319,True,True,4.4450022428665035
-2107500.0,1177500.0,1500,-13.21026676253633,True,True,5.7187740536610105
-2102500.0,1177500.0,1500,-15.18427209410009,True,True,5.635729972247541
-2097500.0,1177500.0,1500,-16.44615087416547,True,True,5.062476920275865
-2092500.0,1177500.0,1500,-15.682744963910821,True,True,5.823884813552538
-2087500.0,1177500.0,1500,-14.074753941442925,False,True,6.731391642948384
-2082500.0,1177500.0,1500,-12.403331417986642,False,True,5.677899809424592
-2077500.0,1177500.0,1500,-7.612382438558571,False,True,5.250826830520484
-2072500.0,1177500.0,1500,-1.6252069638459492,False,True,6.7694538300016465
-2067500.0,1177500.0,1500,0.021190151350698794,False,True,7.893325612137016
-2062500.0,1177500.0,1500,-1.1106865862165383,False,True,8.376356719305742
-2057500.0,1177500.0,1500,-1.1279277403343722,False,False,8.475764315821646
-2052500.0,1177500.0,1500,-0.6283311240067729,False,False,8.535804291926205
-2047500.0,1177500.0,1500,0.3047514948245893,False,False,8.633332014811288
-2042500.0,1177500.0,1500,1.433121397006685,False,False,8.661533281426593
-2037500.0,1177500.0,1500,1.5040788384753432,False,False,8.688709376723885
-2032500.0,1177500.0,1500,1.5606511097773774,False,False,8.710650937570897
-2027500.0,1177500.0,1500,1.447876422514618,False,False,8.680639850252792
-2022500.0,1177500.0,1500,0.6679250532911772,False,False,8.718537243377199
-2017500.0,1177500.0,1500,-0.3403742186097406,False,False,8.856175486774681
-2012500.0,1177500.0,1500,-1.239929912641197,False,False,8.917314163572133
-2007500.0,1177500.0,1500,-2.9411327784045573,False,False,8.441920107741764
-2002500.0,1177500.0,1500,-4.697831059455756,False,False,7.537741257298471
-1997500.0,1177500.0,1500,-5.318031317912041,False,False,8.034743961031857
-1992500.0,1177500.0,1500,-6.181883978790745,False,False,9.17090013599583
-1987500.0,1177500.0,1500,-6.818902094214431,False,False,9.388079598687485
-1982500.0,1177500.0,1500,-7.848003928477803,False,False,9.476154043555256
-1977500.0,1177500.0,1500,-8.797614736910024,False,False,9.588618855387061
-1972500.0,1177500.0,1500,-8.980091626911486,False,False,9.70269154145183
-1967500.0,1177500.0,1500,-9.529461635218444,False,False,9.89169722130748
-1962500.0,1177500.0,1500,-9.195771036014138,False,False,10.120158889418775
-1957500.0,1177500.0,1500,-8.568378259722504,False,False,10.237532579248821
-1952500.0,1177500.0,1500,-7.415402090387915,False,False,10.298161103622018
-1947500.0,1177500.0,1500,-5.613951472870172,False,False,10.435698920503944
-1942500.0,1177500.0,1500,-3.9932422253186073,False,False,10.573264914022575
-1937500.0,1177500.0,1500,-2.1365732416876977,False,False,10.624124224961358
-1932500.0,1177500.0,1500,-1.0272202620687583,False,False,10.609773286518866
-1927500.0,1177500.0,1500,-0.3918468493328011,False,False,10.384374991969647
-1922500.0,1177500.0,1500,0.14170509156115052,False,False,9.863711605866198
-2447500.0,1182500.0,1500,19.618183160332,False,False,7.2434359610123344
-2442500.0,1182500.0,1500,14.924221073237852,False,False,7.563543582640533
-2437500.0,1182500.0,1500,9.55615628405026,False,False,7.512863796848202
-2432500.0,1182500.0,1500,3.3505852203815554,False,False,7.098814753368609
-2427500.0,1182500.0,1500,9.534838822650906,False,False,6.702439848470798
-2422500.0,1182500.0,1500,16.505235544886418,False,False,6.836859715307318
-2417500.0,1182500.0,1500,21.00616566347177,False,False,6.504045824416611
-2412500.0,1182500.0,1500,47.84149847698642,False,False,4.916535866725846
-2407500.0,1182500.0,1500,104.51511052940309,False,False,3.932931125551904
-2377500.0,1182500.0,1500,142.246059412161,False,False,3.8916631186548276
-2372500.0,1182500.0,1500,131.51098293300342,False,False,4.3131594669517614
-2367500.0,1182500.0,1500,103.96143315398932,False,False,4.4789885618774585
-2362500.0,1182500.0,1500,112.63710808549645,False,False,3.8422403139588717
-2357500.0,1182500.0,1500,134.77785303700375,False,False,3.5913511273201584
-2352500.0,1182500.0,1500,102.26377012839066,False,True,4.284263555509149
-2347500.0,1182500.0,1500,74.32826730568972,False,True,5.143365977680521
-2342500.0,1182500.0,1500,59.83584419701245,False,True,5.308316584670139
-2337500.0,1182500.0,1500,53.680590964962875,False,True,4.628783328250883
-2332500.0,1182500.0,1500,69.55289599055473,False,True,4.08405069525821
-2327500.0,1182500.0,1500,87.69229895864034,False,True,4.325032105115046
-2322500.0,1182500.0,1500,67.93901604154152,False,True,4.927451457960626
-2317500.0,1182500.0,1500,40.25390658566747,False,True,5.051959113928831
-2312500.0,1182500.0,1500,31.939095863363775,False,True,4.41601907489855
-2307500.0,1182500.0,1500,32.81573170417047,False,True,4.566233550868314
-2302500.0,1182500.0,1500,36.34325947245049,False,True,5.08283110021012
-2297500.0,1182500.0,1500,31.74362732486488,False,True,5.022954872481387
-2292500.0,1182500.0,1500,29.128211071469348,True,True,5.361542368803696
-2287500.0,1182500.0,1500,40.16562791560304,False,True,5.267224856832314
-2282500.0,1182500.0,1500,52.316179605183606,False,True,4.811153776645771
-2277500.0,1182500.0,1500,44.34845958975465,False,True,4.962544215975921
-2272500.0,1182500.0,1500,25.970771205941563,True,True,5.775425462105463
-2267500.0,1182500.0,1500,12.155776656446628,True,True,6.411935274621764
-2262500.0,1182500.0,1500,6.483669675230805,True,True,6.12822375041905
-2257500.0,1182500.0,1500,4.85939888706028,True,True,5.5493757263002585
-2252500.0,1182500.0,1500,4.228744931689583,True,True,4.544728449629756
-2247500.0,1182500.0,1500,6.269524501161267,True,True,3.9567806862310833
-2242500.0,1182500.0,1500,10.951566443360589,True,True,5.207446520592752
-2237500.0,1182500.0,1500,15.503255164429337,True,True,6.875466634521783
-2232500.0,1182500.0,1500,18.210639399547823,True,True,7.46143327772792
-2227500.0,1182500.0,1500,18.556382144768627,True,True,6.762731300799484
-2222500.0,1182500.0,1500,16.462708248008358,True,True,5.509947443424529
-2217500.0,1182500.0,1500,15.233339657308486,True,True,5.398107958678782
-2212500.0,1182500.0,1500,15.752151666734553,True,True,5.993286079242239
-2207500.0,1182500.0,1500,15.573238101431844,True,True,5.4472880154476435
-2202500.0,1182500.0,1500,16.400988443804252,True,True,5.362433464514805
-2197500.0,1182500.0,1500,17.2637122864117,True,True,5.04652655873711
-2192500.0,1182500.0,1500,17.991852419381463,True,True,4.115176181920793
-2187500.0,1182500.0,1500,20.731607821540596,True,True,4.145602027852571
-2182500.0,1182500.0,1500,23.549342035177702,True,True,5.7015190646810545
-2177500.0,1182500.0,1500,25.24121728602352,True,True,7.038412050371296
-2172500.0,1182500.0,1500,24.22504668163654,True,True,6.062213316369183
-2167500.0,1182500.0,1500,21.742648144335764,True,True,4.858692665979965
-2162500.0,1182500.0,1500,18.491429440295644,True,True,4.84541916354014
-2157500.0,1182500.0,1500,13.492025266631176,True,True,4.896705381324342
-2152500.0,1182500.0,1500,9.217523465681545,True,True,5.2937705790732075
-2147500.0,1182500.0,1500,7.293468320325065,True,True,6.33213703876366
-2142500.0,1182500.0,1500,6.68101555358801,True,True,7.0846256671347945
-2137500.0,1182500.0,1500,5.688681291811055,True,True,7.540306467024575
-2132500.0,1182500.0,1500,4.64071321313655,True,True,7.080952309147648
-2127500.0,1182500.0,1500,2.7219927466784406,True,True,5.990479357295537
-2122500.0,1182500.0,1500,-0.8670592305941202,True,True,5.091721274994763
-2117500.0,1182500.0,1500,-3.4091227639924306,True,True,4.501992111174338
-2112500.0,1182500.0,1500,-5.903919701805663,True,True,4.598868159950305
-2107500.0,1182500.0,1500,-8.474203430303856,True,True,4.9831994576026855
-2102500.0,1182500.0,1500,-10.103252444386992,True,True,5.0171476140642834
-2097500.0,1182500.0,1500,-11.347064507734226,True,True,6.118423958661319
-2092500.0,1182500.0,1500,-10.552320642663252,False,True,7.628772903381691
-2087500.0,1182500.0,1500,-9.492896702470569,False,True,7.970683464666609
-2082500.0,1182500.0,1500,-8.716610196015264,False,True,6.931181177840333
-2077500.0,1182500.0,1500,-5.696786368099628,False,True,5.419796063441677
-2072500.0,1182500.0,1500,-1.7184696889654896,False,True,5.901466077606425
-2067500.0,1182500.0,1500,0.6486630566679513,False,False,7.728903459519175
-2062500.0,1182500.0,1500,0.5088714659777305,False,False,8.669903155226873
-2057500.0,1182500.0,1500,-0.3284555761933785,False,False,8.912527549908075
-2052500.0,1182500.0,1500,0.04076338195798568,False,False,9.09671306392464
-2047500.0,1182500.0,1500,0.05862169261299233,False,False,9.164383616103752
-2042500.0,1182500.0,1500,0.19609033863797642,False,False,8.813257070832726
-2037500.0,1182500.0,1500,0.4845388477037633,False,False,8.523373220083684
-2032500.0,1182500.0,1500,0.22571501142575456,False,False,8.721898456056817
-2027500.0,1182500.0,1500,0.5053233583275771,False,False,9.027430564371386
-2022500.0,1182500.0,1500,-0.23743133519151938,False,False,9.291682160461624
-2017500.0,1182500.0,1500,-1.4263867859756263,False,False,9.550944827147275
-2012500.0,1182500.0,1500,-1.6138505704836767,False,False,9.521031368752435
-2007500.0,1182500.0,1500,-2.1079367902885346,False,False,8.187186038192918
-2002500.0,1182500.0,1500,-3.390647592026077,False,False,6.506037156710441
-1997500.0,1182500.0,1500,-3.6602531647004173,False,False,7.806423946983932
-1992500.0,1182500.0,1500,-4.156656196086161,False,False,10.076637553645226
-1987500.0,1182500.0,1500,-5.004987648830408,False,False,10.671397183598508
-1982500.0,1182500.0,1500,-4.828008215040838,False,False,10.880416370350035
-1977500.0,1182500.0,1500,-6.135962459153764,False,False,11.033667764475407
-1972500.0,1182500.0,1500,-6.606954580353075,False,False,11.147352663125334
-1967500.0,1182500.0,1500,-6.358263365245551,False,False,11.250350803292141
-1962500.0,1182500.0,1500,-6.984324145896696,False,False,11.346663212802513
-1957500.0,1182500.0,1500,-5.762137595206138,False,False,11.396469169642177
-1952500.0,1182500.0,1500,-4.724094201925541,False,False,11.419324245054323
-1947500.0,1182500.0,1500,-3.473927466934983,False,False,11.463332303064073
-1942500.0,1182500.0,1500,-1.0799368825229185,False,False,11.510115685125927
-1937500.0,1182500.0,1500,0.3504472187004871,False,False,11.513697598776059
-1932500.0,1182500.0,1500,2.02526101371134,False,False,11.369612453135021
-1927500.0,1182500.0,1500,3.7479566775086015,False,False,10.661215383713353
-1922500.0,1182500.0,1500,4.943555770509467,False,False,8.555855563929306
-2447500.0,1187500.0,1500,23.401049041276252,False,False,7.49064846678381
-2442500.0,1187500.0,1500,23.43392952832587,False,False,7.390997040217952
-2437500.0,1187500.0,1500,31.63893634531057,False,False,6.794233816612205
-2432500.0,1187500.0,1500,21.353320037836262,False,False,6.808236126115187
-2427500.0,1187500.0,1500,2.955502496771081,False,False,7.43401780374192
-2422500.0,1187500.0,1500,1.1147746494633033,False,False,7.575906953751334
-2417500.0,1187500.0,1500,7.201509835527118,False,False,6.687752305455737
-2412500.0,1187500.0,1500,30.589837014383985,False,False,5.303239963578756
-2407500.0,1187500.0,1500,74.6459186903744,False,False,4.948583114124705
-2402500.0,1187500.0,1500,119.54098059145156,False,False,5.181601500673604
-2397500.0,1187500.0,1500,140.362954904916,False,False,4.782990427891942
-2377500.0,1187500.0,1500,124.106083194839,False,False,4.43382295185037
-2372500.0,1187500.0,1500,109.65542515114886,False,False,4.802931316912619
-2367500.0,1187500.0,1500,76.45040328049114,False,False,4.768560867612289
-2362500.0,1187500.0,1500,89.2285651948978,False,False,4.159535682285293
-2357500.0,1187500.0,1500,116.42282362706425,False,False,3.971982472883341
-2352500.0,1187500.0,1500,88.35132226969782,False,False,4.444789605162471
-2347500.0,1187500.0,1500,83.07447048443125,False,True,4.622148953805161
-2342500.0,1187500.0,1500,79.80095381756729,False,True,4.203309010530822
-2337500.0,1187500.0,1500,68.01095333336667,False,True,4.304478810200234
-2332500.0,1187500.0,1500,64.79309407615833,False,True,5.1907497490904495
-2327500.0,1187500.0,1500,75.50260761128499,False,True,5.895458031570315
-2322500.0,1187500.0,1500,71.254763542485,False,True,6.067703425371701
-2317500.0,1187500.0,1500,50.47247608025874,False,True,5.457423343338339
-2312500.0,1187500.0,1500,40.45939246349224,False,True,4.1263593539378665
-2307500.0,1187500.0,1500,38.89313732679062,False,True,3.3605249754188784
-2302500.0,1187500.0,1500,38.02433648660256,False,True,4.477833769495376
-2297500.0,1187500.0,1500,28.174552899252376,True,True,5.757512717218219
-2292500.0,1187500.0,1500,21.27650147174316,True,True,5.343925241236059
-2287500.0,1187500.0,1500,26.585237113966606,False,True,4.905875371076879
-2282500.0,1187500.0,1500,35.133459032786114,True,True,5.478000772290329
-2277500.0,1187500.0,1500,32.68199638564923,False,True,6.404235833617446
-2272500.0,1187500.0,1500,22.602416018838365,True,True,6.772680439977376
-2267500.0,1187500.0,1500,11.543800335314627,True,True,6.437523237932343
-2262500.0,1187500.0,1500,5.19525883834266,True,True,5.290180140357351
-2257500.0,1187500.0,1500,2.6178231147163147,True,True,4.0455901859978605
-2252500.0,1187500.0,1500,2.8279927188226646,True,True,4.498862557702067
-2247500.0,1187500.0,1500,6.318719107909493,True,True,4.766390081145965
-2242500.0,1187500.0,1500,11.468618828948404,True,True,5.009341553078201
-2237500.0,1187500.0,1500,14.889203071717448,True,True,6.401618270563123
-2232500.0,1187500.0,1500,16.17715579322678,True,True,6.223929431871913
-2227500.0,1187500.0,1500,15.945809006033533,True,True,5.034255980209241
-2222500.0,1187500.0,1500,14.581901473791458,True,True,4.8726023987160705
-2217500.0,1187500.0,1500,15.833516077631712,True,True,6.028912743500107
-2212500.0,1187500.0,1500,16.916879158540407,True,True,6.785532207954661
-2207500.0,1187500.0,1500,15.745833691812225,True,True,5.017482431338472
-2202500.0,1187500.0,1500,15.859118250358431,True,True,3.934863038962038
-2197500.0,1187500.0,1500,17.12091614158108,True,True,4.387144518597742
-2192500.0,1187500.0,1500,18.66794004363244,True,True,4.996802657132127
-2187500.0,1187500.0,1500,21.26023668587213,True,True,4.913390136322295
-2182500.0,1187500.0,1500,23.70834927636243,True,True,5.002334152807235
-2177500.0,1187500.0,1500,24.57842804885864,True,True,5.83837524859805
-2172500.0,1187500.0,1500,24.282955222022164,True,True,5.292393181695796
-2167500.0,1187500.0,1500,21.98589190257645,True,True,4.029011998709543
-2162500.0,1187500.0,1500,18.64930912493454,True,True,3.778416652432457
-2157500.0,1187500.0,1500,14.510696507969572,True,True,5.260750841267653
-2152500.0,1187500.0,1500,10.448498025326638,True,True,6.325370731223493
-2147500.0,1187500.0,1500,9.282210072433509,True,True,6.770739060106647
-2142500.0,1187500.0,1500,9.108910411956616,True,True,7.320283670086465
-2137500.0,1187500.0,1500,8.468260224851518,True,True,6.721392638312669
-2132500.0,1187500.0,1500,6.402981930663723,True,True,5.480004475512614
-2127500.0,1187500.0,1500,2.9467791996604666,True,True,5.292939486461564
-2122500.0,1187500.0,1500,0.19886998438482573,True,True,5.88357390755127
-2117500.0,1187500.0,1500,-0.9868641287824854,True,True,5.308600906348062
-2112500.0,1187500.0,1500,-2.2230049414841853,True,True,4.094449812449559
-2107500.0,1187500.0,1500,-3.6534351789192967,True,True,4.247998883641859
-2102500.0,1187500.0,1500,-4.360262029947938,True,True,5.935175839963657
-2097500.0,1187500.0,1500,-4.921007041194036,False,True,7.7161370626286505
-2092500.0,1187500.0,1500,-5.028213684550104,False,True,8.441087226584486
-2087500.0,1187500.0,1500,-4.799947215509041,False,True,8.1406785871553
-2082500.0,1187500.0,1500,-4.406473563625476,False,True,7.5258729486266205
-2077500.0,1187500.0,1500,-2.913889175521015,False,True,6.656555558434588
-2072500.0,1187500.0,1500,-0.5239574012327975,False,False,5.5964718715796
-2067500.0,1187500.0,1500,0.9833432706572828,False,False,6.6205661474455075
-2062500.0,1187500.0,1500,1.2060643904266664,False,False,8.8292836092166
-2057500.0,1187500.0,1500,0.739373814147154,False,False,9.900956521479266
-2052500.0,1187500.0,1500,0.3939914889538747,False,False,10.346640049147547
-2047500.0,1187500.0,1500,-0.08752787247783134,False,False,10.173820121751943
-2042500.0,1187500.0,1500,-0.9485686143186658,False,False,8.563003634944188
-2037500.0,1187500.0,1500,-1.1777085589950596,False,False,6.608686328705664
-2032500.0,1187500.0,1500,-0.7853191340042498,False,False,6.296202706449232
-2027500.0,1187500.0,1500,-0.06646703777605556,False,False,7.044297892640699
-2022500.0,1187500.0,1500,-0.9187622633325316,False,False,7.890960824843067
-2017500.0,1187500.0,1500,-2.7676935005564416,False,False,8.641092228152862
-2012500.0,1187500.0,1500,-2.464700766983271,False,False,8.894174458463564
-2007500.0,1187500.0,1500,-1.115405991598557,False,False,7.28272122305226
-2002500.0,1187500.0,1500,-0.5935722974133439,False,False,6.241161286877765
-1997500.0,1187500.0,1500,-0.8663558606457508,False,False,8.328954583809958
-1992500.0,1187500.0,1500,-1.4035030993351933,False,False,10.466611033772121
-1987500.0,1187500.0,1500,-1.6618066720848024,False,False,11.219144928192499
-1982500.0,1187500.0,1500,-1.551018537873893,False,False,11.557884815722701
-1977500.0,1187500.0,1500,-1.882500634669305,False,False,11.784016438832655
-1972500.0,1187500.0,1500,-2.6483269221516283,False,False,11.920436439059493
-1967500.0,1187500.0,1500,-2.6446126443881854,False,False,11.971405803446235
-1962500.0,1187500.0,1500,-2.9993819682834553,False,False,11.95218072302681
-1957500.0,1187500.0,1500,-2.6507251381847436,False,False,11.878599753243375
-1952500.0,1187500.0,1500,-1.4826207470785575,False,False,11.777219401198279
-1947500.0,1187500.0,1500,-0.6089552588219755,False,False,11.679931487704255
-1942500.0,1187500.0,1500,1.474788248576058,False,False,11.598513248724451
-1937500.0,1187500.0,1500,3.295401397170908,False,False,11.5182057785229
-1932500.0,1187500.0,1500,4.870435816896485,False,False,11.277587989738986
-1927500.0,1187500.0,1500,6.883545222317291,False,False,10.245580946561383
-1922500.0,1187500.0,1500,8.666517289062092,False,False,6.89547573645925
-2447500.0,1192500.0,1500,40.10111819814441,False,False,7.657682129825707
-2442500.0,1192500.0,1500,33.87028092019443,False,False,7.098065961371161
-2437500.0,1192500.0,1500,58.92413371427876,False,False,5.961814620083213
-2432500.0,1192500.0,1500,64.00624525913707,False,False,6.2049327474244995
-2427500.0,1192500.0,1500,23.418014248734128,False,False,7.631765075035362
-2422500.0,1192500.0,1500,4.753813768682847,False,False,7.877924684678238
-2417500.0,1192500.0,1500,25.252932561402595,False,False,6.439066938742062
-2412500.0,1192500.0,1500,71.3871649955026,False,False,5.152887144195541
-2407500.0,1192500.0,1500,103.05179471301285,False,False,5.056320016408076
-2402500.0,1192500.0,1500,115.64475466130203,False,False,5.172077689133737
-2377500.0,1192500.0,1500,103.4727561563496,False,False,4.8328909769388035
-2372500.0,1192500.0,1500,82.67795185190708,False,False,4.964982382545193
-2367500.0,1192500.0,1500,52.229449271420144,False,False,4.615581945983975
-2362500.0,1192500.0,1500,53.510542386099786,False,False,4.258729295034739
-2357500.0,1192500.0,1500,86.87581501487212,False,False,3.9823991556434737
-2352500.0,1192500.0,1500,85.0273476213402,False,False,3.8147121737775973
-2347500.0,1192500.0,1500,88.80230143488586,False,False,3.865388085295862
-2342500.0,1192500.0,1500,70.38973478190522,False,True,4.349762729154667
-2337500.0,1192500.0,1500,48.813499115277814,False,True,5.455974501840966
-2332500.0,1192500.0,1500,44.366982147133584,False,True,6.450034197349796
-2327500.0,1192500.0,1500,43.74122471512234,False,True,6.631914728698123
-2322500.0,1192500.0,1500,42.08384058883804,False,True,5.769908692514106
-2317500.0,1192500.0,1500,33.81370968775647,False,True,4.8706816258554
-2312500.0,1192500.0,1500,28.85125910094905,False,True,4.88291866619095
-2307500.0,1192500.0,1500,30.18660065102508,False,True,4.67299051730344
-2302500.0,1192500.0,1500,31.927496880822975,False,True,4.5968930371496635
-2297500.0,1192500.0,1500,27.483872357789828,True,True,4.892022184664898
-2292500.0,1192500.0,1500,23.094781881095418,True,True,5.093670277321372
-2287500.0,1192500.0,1500,22.650219080591075,True,True,6.082009179378192
-2282500.0,1192500.0,1500,24.45342434559469,True,True,7.137787432187335
-2277500.0,1192500.0,1500,22.305297138163127,True,True,7.102737814221127
-2272500.0,1192500.0,1500,16.282522913426305,True,True,6.350083912776905
-2267500.0,1192500.0,1500,9.344826800977653,True,True,5.500929449605837
-2262500.0,1192500.0,1500,4.057996341197819,True,True,5.074680261453304
-2257500.0,1192500.0,1500,1.42914349241597,True,True,4.406323390330991
-2252500.0,1192500.0,1500,2.924147950163277,True,True,5.037289121311778
-2247500.0,1192500.0,1500,6.738216244878576,True,True,6.041669476232359
-2242500.0,1192500.0,1500,10.087965158625552,True,True,5.105651058009942
-2237500.0,1192500.0,1500,12.182643399626764,True,True,4.780797274471171
-2232500.0,1192500.0,1500,11.728581506899767,True,True,4.99920770105418
-2227500.0,1192500.0,1500,11.375035064545061,True,True,5.07350815607318
-2222500.0,1192500.0,1500,13.18743320551746,True,True,5.866569351174966
-2217500.0,1192500.0,1500,15.871233100877763,True,True,6.3589107979397435
-2212500.0,1192500.0,1500,17.174974612593886,True,True,5.543126376063626
-2207500.0,1192500.0,1500,16.41174879538567,True,True,4.202648406393521
-2202500.0,1192500.0,1500,16.177156808583756,True,True,3.7373090453723723
-2197500.0,1192500.0,1500,17.858598260934684,True,True,4.867299007508593
-2192500.0,1192500.0,1500,19.906575190158428,True,True,6.173696953604012
-2187500.0,1192500.0,1500,22.110688292101816,True,True,6.000244422228243
-2182500.0,1192500.0,1500,24.516903630321025,True,True,4.700978172799402
-2177500.0,1192500.0,1500,24.658764394768788,True,True,4.0921187103475845
-2172500.0,1192500.0,1500,23.93163132621192,True,True,3.944851256659111
-2167500.0,1192500.0,1500,23.65235970435473,True,True,4.382264938071437
-2162500.0,1192500.0,1500,21.723170366011317,True,True,4.750058101265482
-2157500.0,1192500.0,1500,18.228396916081543,True,True,5.283696155121709
-2152500.0,1192500.0,1500,14.900662536093915,True,True,6.556988753305746
-2147500.0,1192500.0,1500,13.211832069102734,True,True,6.973056215779813
-2142500.0,1192500.0,1500,12.170302470152278,True,True,6.1581338504247976
-2137500.0,1192500.0,1500,10.079182983051087,False,True,5.127921756191998
-2132500.0,1192500.0,1500,6.883083911190631,True,True,5.160364229112117
-2127500.0,1192500.0,1500,4.258027025013252,False,True,5.590927196729841
-2122500.0,1192500.0,1500,3.0090529215880544,True,True,5.428734087856105
-2117500.0,1192500.0,1500,1.9278523887324046,True,True,5.121302468008365
-2112500.0,1192500.0,1500,0.5090896959070648,True,True,5.222755890087855
-2107500.0,1192500.0,1500,-0.061506261278739816,False,True,4.85696283876641
-2102500.0,1192500.0,1500,0.4257068633081109,False,True,5.832087317146431
-2097500.0,1192500.0,1500,0.7905122837134301,False,True,8.010726827239488
-2092500.0,1192500.0,1500,0.19798599584205667,False,True,8.723293451460616
-2087500.0,1192500.0,1500,-0.20648773985802682,False,True,8.018092488642743
-2082500.0,1192500.0,1500,0.08325758307587106,False,True,7.7317184076737995
-2077500.0,1192500.0,1500,0.8019690645575532,False,False,8.223098187572893
-2072500.0,1192500.0,1500,2.5463019182439166,False,False,7.069029698938871
-2067500.0,1192500.0,1500,3.198571865111819,False,False,5.736120614304664
-2062500.0,1192500.0,1500,2.3911220628558585,False,False,7.470137941662772
-2057500.0,1192500.0,1500,1.9668244711113148,False,False,9.942412049114111
-2052500.0,1192500.0,1500,1.0037492106036092,False,False,11.002507579129613
-2047500.0,1192500.0,1500,0.1816731478585878,False,False,10.99520463623126
-2042500.0,1192500.0,1500,-0.7377406098988971,False,False,9.407657462358653
-2037500.0,1192500.0,1500,-2.080074117847676,False,False,7.228543082906726
-2032500.0,1192500.0,1500,-1.1559135874126256,False,False,6.277914976366601
-2027500.0,1192500.0,1500,-0.3665433557811757,False,False,6.2349324929972605
-2022500.0,1192500.0,1500,-1.6140791104572525,False,False,6.262201129790966
-2017500.0,1192500.0,1500,-3.5560979138333177,False,False,6.2504391656193725
-2012500.0,1192500.0,1500,-2.9704405651249863,False,False,6.082680685614669
-2007500.0,1192500.0,1500,-0.49762157245388494,False,False,5.2274238989153
-2002500.0,1192500.0,1500,0.42036763629967455,False,False,5.441729740120104
-1997500.0,1192500.0,1500,0.719026950648332,False,False,7.440718946231706
-1992500.0,1192500.0,1500,1.5673591922172267,False,False,9.084704616162334
-1987500.0,1192500.0,1500,2.5217786217083846,False,False,10.012537059419493
-1982500.0,1192500.0,1500,2.3861612839784874,False,False,10.645529264960775
-1977500.0,1192500.0,1500,2.1590312785215566,False,False,11.1218141400524
-1972500.0,1192500.0,1500,1.277102794414728,False,False,11.461700089893558
-1967500.0,1192500.0,1500,0.6400765409214431,False,False,11.64807102872438
-1962500.0,1192500.0,1500,1.247945615213801,False,False,11.666377670484914
-1957500.0,1192500.0,1500,0.7734949007617612,False,False,11.532632768751633
-1952500.0,1192500.0,1500,1.4858420925583198,False,False,11.2971749182338
-1947500.0,1192500.0,1500,3.1502772143959477,False,False,11.035416072639475
-1942500.0,1192500.0,1500,3.7967249940976293,False,False,10.805237143508975
-1937500.0,1192500.0,1500,5.894376717600707,False,False,10.643501931912008
-1932500.0,1192500.0,1500,7.335531208272295,False,False,10.435177460121025
-1927500.0,1192500.0,1500,8.037430131566273,False,False,9.42209466718352
-1922500.0,1192500.0,1500,9.777632449718471,False,False,6.2928035303692145
-2447500.0,1197500.0,1500,68.08006683665668,False,False,6.865136411442355
-2442500.0,1197500.0,1500,41.35481314478864,False,False,6.349353267971984
-2437500.0,1197500.0,1500,50.804543070699815,False,False,5.626716555321799
-2432500.0,1197500.0,1500,72.80738912943933,False,False,5.557712161017902
-2427500.0,1197500.0,1500,69.35475079972521,False,False,5.956440747271964
-2422500.0,1197500.0,1500,39.27987157805671,False,False,5.929432290789017
-2417500.0,1197500.0,1500,43.6633311198242,False,False,5.006167558161736
-2412500.0,1197500.0,1500,103.1837164296414,False,False,4.343028468307101
-2387500.0,1197500.0,1500,116.33818734809759,False,False,4.476332375694172
-2382500.0,1197500.0,1500,110.03673112299307,False,False,4.714372516439512
-2377500.0,1197500.0,1500,92.99506146366826,False,False,4.832035677135812
-2372500.0,1197500.0,1500,67.5803034810597,False,False,4.7899691060185265
-2367500.0,1197500.0,1500,46.10462378988317,False,False,4.5050445953716185
-2362500.0,1197500.0,1500,39.566589549867224,False,False,4.34873165141589
-2357500.0,1197500.0,1500,68.34477163130397,False,False,3.919094193112081
-2352500.0,1197500.0,1500,78.65279177013204,False,False,3.76225705609653
-2347500.0,1197500.0,1500,85.2608557069243,False,False,4.237781625136893
-2342500.0,1197500.0,1500,70.410461650746,False,True,5.175779999514086
-2337500.0,1197500.0,1500,50.063178012081025,False,True,6.228220772078437
-2332500.0,1197500.0,1500,44.256154053920845,False,True,6.382317087046736
-2327500.0,1197500.0,1500,25.913754413626442,False,True,5.601720231535969
-2322500.0,1197500.0,1500,13.552194749057236,True,True,5.140315551941415
-2317500.0,1197500.0,1500,15.057379210044086,True,True,5.619341074242378
-2312500.0,1197500.0,1500,14.78034413154254,True,True,6.461498760962157
-2307500.0,1197500.0,1500,16.67532323268423,True,True,5.879426964860904
-2302500.0,1197500.0,1500,21.859359331831666,True,True,4.324703674313341
-2297500.0,1197500.0,1500,22.708707837547404,True,True,4.346985438628078
-2292500.0,1197500.0,1500,22.03859557418413,True,True,6.176805916464584
-2287500.0,1197500.0,1500,22.17077961744537,True,True,7.628242359525856
-2282500.0,1197500.0,1500,20.7809750699652,True,True,7.445721653544391
-2277500.0,1197500.0,1500,17.654662774589035,True,True,6.127377598096492
-2272500.0,1197500.0,1500,12.786650215452028,True,True,5.247996620244349
-2267500.0,1197500.0,1500,8.153027787962131,True,True,5.635849503128489
-2262500.0,1197500.0,1500,5.191930867095451,True,True,6.5387654140568285
-2257500.0,1197500.0,1500,3.499809554813276,True,True,5.80305518538948
-2252500.0,1197500.0,1500,4.660556715055664,True,True,4.9961678964654475
-2247500.0,1197500.0,1500,7.260451543176219,True,True,5.3830404429116925
-2242500.0,1197500.0,1500,8.987889171839539,True,True,4.892398034764111
-2237500.0,1197500.0,1500,10.320646432284205,True,True,4.109324534912149
-2232500.0,1197500.0,1500,8.877100045954535,True,True,4.848387727365174
-2227500.0,1197500.0,1500,8.375304675906035,True,True,5.974123058254161
-2222500.0,1197500.0,1500,12.62592469079261,True,True,5.681027567285835
-2217500.0,1197500.0,1500,15.651751862438479,True,True,4.80236416813465
-2212500.0,1197500.0,1500,16.520802100514242,True,True,3.8711426707381693
-2207500.0,1197500.0,1500,16.690385093816495,True,True,4.073610294199167
-2202500.0,1197500.0,1500,17.34799435499284,True,True,4.860879268666471
-2197500.0,1197500.0,1500,19.956042844561043,True,True,4.890432128177019
-2192500.0,1197500.0,1500,21.952668920729145,True,True,5.458835453962694
-2187500.0,1197500.0,1500,24.214840203983382,True,True,5.47961224216802
-2182500.0,1197500.0,1500,26.39871688597793,True,True,4.073109186889253
-2177500.0,1197500.0,1500,25.729471303356316,True,True,3.444395520968723
-2172500.0,1197500.0,1500,24.581970199679063,True,True,4.3833040317218135
-2167500.0,1197500.0,1500,25.03974494903345,True,True,6.353177712561825
-2162500.0,1197500.0,1500,24.14463729986256,True,True,6.299401367018625
-2157500.0,1197500.0,1500,21.303394128308636,True,True,4.916171197772619
-2152500.0,1197500.0,1500,18.927177855292157,True,True,5.35514161623122
-2147500.0,1197500.0,1500,16.711794804291745,False,True,5.596077885668091
-2142500.0,1197500.0,1500,14.83268544762235,False,True,4.909561357413175
-2137500.0,1197500.0,1500,11.841583938591798,False,True,5.155075747180769
-2132500.0,1197500.0,1500,8.393798745981934,False,True,5.32124943428358
-2127500.0,1197500.0,1500,6.830743512295567,False,True,5.080240776522877
-2122500.0,1197500.0,1500,5.963357209908165,False,True,5.416313853677796
-2117500.0,1197500.0,1500,4.501518769165002,False,True,6.428396563595982
-2112500.0,1197500.0,1500,2.4339288087294904,False,True,6.831812090824759
-2107500.0,1197500.0,1500,2.1178850563281277,False,True,5.880703505682748
-2102500.0,1197500.0,1500,3.6277159666973584,False,True,5.193001865629081
-2097500.0,1197500.0,1500,4.52118798588561,False,True,6.69201431331708
-2092500.0,1197500.0,1500,4.814982642322555,False,True,8.248077085251587
-2087500.0,1197500.0,1500,4.750771884694331,False,True,7.981772040545126
-2082500.0,1197500.0,1500,4.782136653457286,False,False,8.393778667338282
-2077500.0,1197500.0,1500,5.405748949604658,False,False,9.51421531784211
-2072500.0,1197500.0,1500,6.021143448214061,False,False,9.225506805034078
-2067500.0,1197500.0,1500,5.87966033107317,False,False,6.902092147455525
-2062500.0,1197500.0,1500,4.851468150989465,False,False,5.939262845303255
-2057500.0,1197500.0,1500,3.644187933345751,False,False,8.221423532814292
-2052500.0,1197500.0,1500,2.3340158341487447,False,False,10.568946602947793
-2047500.0,1197500.0,1500,0.9412891154358033,False,False,11.29563779455636
-2042500.0,1197500.0,1500,-0.25554974735720604,False,False,10.948279514081042
-2037500.0,1197500.0,1500,-1.460026348298566,False,False,10.222538042794291
-2032500.0,1197500.0,1500,-1.4427831861813072,False,False,9.523825531445887
-2027500.0,1197500.0,1500,-1.2174890054594645,False,False,8.777600218996927
-2022500.0,1197500.0,1500,-2.5308241261505295,False,False,7.917250823830135
-2017500.0,1197500.0,1500,-3.7404548128601443,False,False,7.0086372009410365
-2012500.0,1197500.0,1500,-2.789510969016307,False,False,5.924324592080528
-2007500.0,1197500.0,1500,-0.52897253751605,False,False,4.723469350382859
-2002500.0,1197500.0,1500,1.0496367732860206,False,False,4.933913444207443
-1997500.0,1197500.0,1500,2.036570803335359,False,False,5.917646200005016
-1992500.0,1197500.0,1500,4.186432016823281,False,False,6.120457555124448
-1987500.0,1197500.0,1500,6.173573146974244,False,False,6.46072257507591
-1982500.0,1197500.0,1500,7.140646452953389,False,False,7.1881026707991635
-1977500.0,1197500.0,1500,6.557705383457819,False,False,8.082521026130582
-1972500.0,1197500.0,1500,4.730759543689099,False,False,9.051949268262712
-1967500.0,1197500.0,1500,4.47124623829084,False,False,9.833672064433047
-1962500.0,1197500.0,1500,4.774385625588234,False,False,10.285587917471592
-1957500.0,1197500.0,1500,4.323632647371923,False,False,10.40263056305416
-1952500.0,1197500.0,1500,4.923427194248486,False,False,10.254225866765008
-1947500.0,1197500.0,1500,6.823175903153184,False,False,9.962790513752802
-1942500.0,1197500.0,1500,7.210758756268646,False,False,9.647690258304955
-1937500.0,1197500.0,1500,8.495178637933595,False,False,9.422853323195234
-1932500.0,1197500.0,1500,9.687938615651854,False,False,9.30937411817747
-1927500.0,1197500.0,1500,9.152226725036897,False,False,8.409051661363183
-1922500.0,1197500.0,1500,10.21039234793692,False,False,5.943497666726057
-2447500.0,1202500.0,1500,108.5483328708444,False,False,5.506307300270684
-2442500.0,1202500.0,1500,60.28847796059284,False,False,5.392041203165417
-2437500.0,1202500.0,1500,46.295121863394016,False,False,5.408748691695808
-2432500.0,1202500.0,1500,73.89615333242246,False,False,4.95844697214722
-2427500.0,1202500.0,1500,116.29190373943936,False,False,4.01290904052958
-2422500.0,1202500.0,1500,99.22354134711122,False,False,3.767646604802729
-2417500.0,1202500.0,1500,86.38794206033276,False,False,3.885223202558486
-2397500.0,1202500.0,1500,130.89191298973637,False,False,3.9735965627716334
-2392500.0,1202500.0,1500,92.84749714927202,False,False,4.551547215248549
-2387500.0,1202500.0,1500,70.41094023563234,False,False,5.1664547056580545
-2382500.0,1202500.0,1500,85.70991940264875,False,False,5.058117396068387
-2377500.0,1202500.0,1500,84.0498377344062,False,False,4.785553560895945
-2372500.0,1202500.0,1500,58.09154893145439,False,False,4.615571706254364
-2367500.0,1202500.0,1500,49.13821213352742,False,False,4.263381233102743
-2362500.0,1202500.0,1500,34.092349730728465,False,False,4.361245631244612
-2357500.0,1202500.0,1500,44.96072432309682,False,False,4.64718569628669
-2352500.0,1202500.0,1500,68.5623027313861,False,False,4.69227256281188
-2347500.0,1202500.0,1500,87.01867216085788,False,True,4.974964250112002
-2342500.0,1202500.0,1500,79.54714683051354,False,True,5.746875245410869
-2337500.0,1202500.0,1500,50.88927902775828,False,True,6.528996925557193
-2332500.0,1202500.0,1500,37.63465109816509,False,True,6.363692913587012
-2327500.0,1202500.0,1500,20.68668865342089,True,True,5.665811658463592
-2322500.0,1202500.0,1500,7.9943136207875405,True,True,6.274767989657388
-2317500.0,1202500.0,1500,8.077607977831315,True,True,7.183272472221993
-2312500.0,1202500.0,1500,6.8159598396243375,True,True,6.544565017049562
-2307500.0,1202500.0,1500,7.258510648641196,True,True,5.21033774307634
-2302500.0,1202500.0,1500,11.162583775512346,True,True,4.912044542759824
-2297500.0,1202500.0,1500,14.066019022621367,True,True,4.861397589719077
-2292500.0,1202500.0,1500,15.480859060503985,True,True,5.8804861742916374
-2287500.0,1202500.0,1500,17.398563648561627,True,True,7.054313387616478
-2282500.0,1202500.0,1500,15.9648199497528,True,True,5.953794798237972
-2277500.0,1202500.0,1500,12.44321694222179,True,True,5.117265225254074
-2272500.0,1202500.0,1500,9.852967524597119,True,True,5.890133021263506
-2267500.0,1202500.0,1500,7.866509706250369,True,True,7.273089886050156
-2262500.0,1202500.0,1500,6.719105944654665,True,True,7.664543670352997
-2257500.0,1202500.0,1500,6.734057402420463,True,True,6.192511796549134
-2252500.0,1202500.0,1500,6.939255787997023,True,True,4.504379610878002
-2247500.0,1202500.0,1500,7.74398974281919,True,True,4.649248577172025
-2242500.0,1202500.0,1500,8.607565546486716,True,True,5.735760738433951
-2237500.0,1202500.0,1500,9.042263808751906,True,True,5.371010075847118
-2232500.0,1202500.0,1500,8.965714018405764,True,True,4.707720797567189
-2227500.0,1202500.0,1500,10.410735786638384,True,True,4.814688724449586
-2222500.0,1202500.0,1500,14.14311750842801,True,True,4.248336919294967
-2217500.0,1202500.0,1500,15.831940825729463,True,True,3.8824324183959433
-2212500.0,1202500.0,1500,15.747221702862369,True,True,4.462750946075292
-2207500.0,1202500.0,1500,17.01535453409346,True,True,5.504468034516686
-2202500.0,1202500.0,1500,19.361194182685768,True,True,6.414247567107267
-2197500.0,1202500.0,1500,21.438240622563576,True,True,5.27168478167431
-2192500.0,1202500.0,1500,23.212633267767718,True,True,4.2797161477179175
-2187500.0,1202500.0,1500,25.445257630272632,True,True,4.134782628316155
-2182500.0,1202500.0,1500,26.341849215155484,True,True,3.70343400531961
-2177500.0,1202500.0,1500,24.98533090919065,True,True,4.0526745580256955
-2172500.0,1202500.0,1500,24.901903656173097,True,True,4.789403473855795
-2167500.0,1202500.0,1500,24.359374231784756,True,True,6.419695283939186
-2162500.0,1202500.0,1500,23.886845111315537,True,True,6.810594968691884
-2157500.0,1202500.0,1500,22.53347863580828,True,True,4.8642519192840465
-2152500.0,1202500.0,1500,19.46110690346107,False,True,3.8773804268245975
-2147500.0,1202500.0,1500,18.01650864301057,False,True,3.939135705520702
-2142500.0,1202500.0,1500,16.178049597766933,False,True,4.196583234540232
-2137500.0,1202500.0,1500,13.819421563350325,False,True,4.579150619782686
-2132500.0,1202500.0,1500,11.231792892025334,False,True,3.9886596818651388
-2127500.0,1202500.0,1500,9.489878573772053,False,True,3.986665952274337
-2122500.0,1202500.0,1500,8.8534016605947,False,True,5.037289186722699
-2117500.0,1202500.0,1500,7.241430818699932,False,True,6.279822772151505
-2112500.0,1202500.0,1500,5.375838132567694,False,True,6.9515311683933145
-2107500.0,1202500.0,1500,5.593231429904518,False,True,7.32428360472516
-2102500.0,1202500.0,1500,7.068117874779257,False,True,6.385662453460581
-2097500.0,1202500.0,1500,8.011055189614893,False,True,5.418298742421307
-2092500.0,1202500.0,1500,9.052861085024553,False,True,6.850344790534875
-2087500.0,1202500.0,1500,9.470223583728972,False,False,8.288620918595296
-2082500.0,1202500.0,1500,9.32474358067936,False,False,9.24586916848458
-2077500.0,1202500.0,1500,9.860142823169031,False,False,10.173135915734246
-2072500.0,1202500.0,1500,9.300621526954933,False,False,10.21337511800817
-2067500.0,1202500.0,1500,8.091716054932322,False,False,8.872688749159153
-2062500.0,1202500.0,1500,7.187765321566415,False,False,6.5619376575984525
-2057500.0,1202500.0,1500,5.48046945434609,False,False,6.963364867287863
-2052500.0,1202500.0,1500,3.942216930160173,False,False,9.59037929856639
-2047500.0,1202500.0,1500,2.279157642556974,False,False,10.791690299265536
-2042500.0,1202500.0,1500,0.2852368024155385,False,False,10.91459336010901
-2037500.0,1202500.0,1500,-0.6911873162649529,False,False,10.683049124604079
-2032500.0,1202500.0,1500,-1.4563247737936766,False,False,10.361453339304482
-2027500.0,1202500.0,1500,-1.864964979195166,False,False,9.972444755155054
-2022500.0,1202500.0,1500,-2.3931847415149288,False,False,9.561999469368764
-2017500.0,1202500.0,1500,-3.21377984976216,False,False,9.057042933537309
-2012500.0,1202500.0,1500,-2.2162938248422637,False,False,7.646904373038756
-2007500.0,1202500.0,1500,-0.8082779985484216,False,False,5.7910877965565595
-2002500.0,1202500.0,1500,1.1087815909402963,False,False,6.1032645841062925
-1997500.0,1202500.0,1500,3.5936260943196903,False,False,6.962651800996484
-1992500.0,1202500.0,1500,5.804173048124848,False,False,6.408788863119766
-1987500.0,1202500.0,1500,8.181461416077573,False,False,6.047745534536518
-1982500.0,1202500.0,1500,10.329889267075323,False,False,6.068853450020598
-1977500.0,1202500.0,1500,9.581182807401971,False,False,6.160909623360846
-1972500.0,1202500.0,1500,8.24316190158203,False,False,6.2346932343877555
-1967500.0,1202500.0,1500,9.460370672190049,False,False,6.337418173285857
-1962500.0,1202500.0,1500,8.810802182797532,False,False,6.813925185592857
-1957500.0,1202500.0,1500,7.606125462890158,False,False,7.624052822366398
-1952500.0,1202500.0,1500,9.471752340230056,False,False,8.284943986130335
-1947500.0,1202500.0,1500,10.875208666495757,False,False,8.596390532141683
-1942500.0,1202500.0,1500,11.061686371858295,False,False,8.650174847999654
-1937500.0,1202500.0,1500,11.360225052305795,False,False,8.625307714389256
-1932500.0,1202500.0,1500,11.793685424628666,False,False,8.630970025135271
-1927500.0,1202500.0,1500,12.344126583789757,False,False,7.7133760006816585
-1922500.0,1202500.0,1500,12.690652576964531,False,False,6.088151470908381
-2447500.0,1207500.0,1500,159.9220667785726,False,False,4.178070401370152
-2442500.0,1207500.0,1500,108.93222709465854,False,False,4.295411844279917
-2437500.0,1207500.0,1500,72.74442209076055,False,False,4.791246379633642
-2432500.0,1207500.0,1500,100.32878400781114,False,False,4.538263433319745
-2422500.0,1207500.0,1500,142.382736846692,False,False,3.7285451990270335
-2397500.0,1207500.0,1500,127.00830870078455,False,False,4.181438588887501
-2392500.0,1207500.0,1500,81.10425163424894,False,False,4.89930007566681
-2387500.0,1207500.0,1500,48.870864236078795,False,False,5.51264873409786
-2382500.0,1207500.0,1500,60.076793807917475,False,False,5.336920276614005
-2377500.0,1207500.0,1500,69.5700540181134,False,False,4.663164275162634
-2372500.0,1207500.0,1500,56.97494290854474,False,False,4.244685441133726
-2367500.0,1207500.0,1500,57.22453873798274,False,False,4.357210400305531
-2362500.0,1207500.0,1500,30.646315511047387,False,False,5.129661548390105
-2357500.0,1207500.0,1500,20.53756638528511,False,False,5.683716356996478
-2352500.0,1207500.0,1500,55.48489540663416,False,True,5.466244067397833
-2347500.0,1207500.0,1500,77.76648701869163,False,False,5.790717058049973
-2342500.0,1207500.0,1500,66.73630472551842,False,True,6.479433925227756
-2337500.0,1207500.0,1500,41.060677445014505,False,True,6.708027244536662
-2332500.0,1207500.0,1500,26.463966750986856,False,True,6.570210775816497
-2327500.0,1207500.0,1500,16.185970074907246,False,True,6.781804744199078
-2322500.0,1207500.0,1500,8.422877251782875,True,True,7.5711822765981305
-2317500.0,1207500.0,1500,5.630006070830886,True,True,7.287354239004194
-2312500.0,1207500.0,1500,4.345014251769243,True,True,5.573736382571283
-2307500.0,1207500.0,1500,4.776092363134371,True,True,5.085817320237401
-2302500.0,1207500.0,1500,6.886061535749495,True,True,6.207717816008487
-2297500.0,1207500.0,1500,10.269757402940956,True,True,5.743290688645477
-2292500.0,1207500.0,1500,11.903113856427865,True,True,4.826772954882139
-2287500.0,1207500.0,1500,12.96563478055155,True,True,4.980476925308663
-2282500.0,1207500.0,1500,12.350082665178112,True,True,5.022551841289202
-2277500.0,1207500.0,1500,8.964730002224952,True,True,6.083925212856072
-2272500.0,1207500.0,1500,7.934473344776906,True,True,7.641783011255063
-2267500.0,1207500.0,1500,8.252036890766524,True,True,7.862558709521953
-2262500.0,1207500.0,1500,7.20981433666603,True,True,6.599829226449311
-2257500.0,1207500.0,1500,7.433590966132088,True,True,5.157428813941195
-2252500.0,1207500.0,1500,5.9001792836347855,True,True,4.028772574288174
-2247500.0,1207500.0,1500,5.086524577445044,True,True,5.181502227175063
-2242500.0,1207500.0,1500,7.2965807495926125,True,True,7.226187486872865
-2237500.0,1207500.0,1500,7.9010724156785175,True,True,6.135426327656847
-2232500.0,1207500.0,1500,9.204638427313453,True,True,4.205393204643813
-2227500.0,1207500.0,1500,11.855161140536799,True,True,3.448191949792513
-2222500.0,1207500.0,1500,13.395069514170048,True,True,3.9309755788827205
-2217500.0,1207500.0,1500,14.293226723705875,True,True,5.15593070345494
-2212500.0,1207500.0,1500,15.077135390406344,True,True,5.887305734420006
-2207500.0,1207500.0,1500,17.82009018971864,True,True,6.199955827291379
-2202500.0,1207500.0,1500,22.170198486418798,True,True,5.9028527439747815
-2197500.0,1207500.0,1500,23.378645929905943,True,True,4.825680241173559
-2192500.0,1207500.0,1500,23.648279816677306,True,True,3.830803755544085
-2187500.0,1207500.0,1500,24.806925885104366,True,True,3.8251246560834486
-2182500.0,1207500.0,1500,24.487070180536183,True,True,4.339968460447992
-2177500.0,1207500.0,1500,22.38158748765151,True,True,4.630432186486959
-2172500.0,1207500.0,1500,21.889057333703164,True,True,4.302602565970512
-2167500.0,1207500.0,1500,19.55535977035058,True,True,4.554075113569801
-2162500.0,1207500.0,1500,21.073586081866182,True,True,5.045761900520302
-2157500.0,1207500.0,1500,23.226428907814746,False,True,4.305017826907483
-2152500.0,1207500.0,1500,21.57664049753462,False,True,3.7715211431401023
-2147500.0,1207500.0,1500,19.93306439327149,False,True,3.6294827038739816
-2142500.0,1207500.0,1500,16.595371998495832,False,True,3.7002470426144827
-2137500.0,1207500.0,1500,15.794865011914533,False,True,4.3677811121350425
-2132500.0,1207500.0,1500,14.547608413692254,False,True,5.073152634538857
-2127500.0,1207500.0,1500,12.199648414079022,False,True,5.343621380907571
-2122500.0,1207500.0,1500,10.98671162496548,False,True,5.309848506884298
-2117500.0,1207500.0,1500,10.421998085936941,False,True,5.886018114618688
-2112500.0,1207500.0,1500,9.670445291095593,False,True,7.209455426894198
-2107500.0,1207500.0,1500,10.35509831422743,False,True,8.424071969339101
-2102500.0,1207500.0,1500,11.064477570998616,False,True,8.369819524362192
-2097500.0,1207500.0,1500,11.441973212900301,False,False,6.332941844517583
-2092500.0,1207500.0,1500,12.085498038423848,False,False,5.531198168860597
-2087500.0,1207500.0,1500,12.39358815592723,False,False,7.429174128571942
-2082500.0,1207500.0,1500,12.847412157544158,False,False,9.188656684052763
-2077500.0,1207500.0,1500,13.233322159461391,False,False,9.774770334781927
-2072500.0,1207500.0,1500,12.358792281199989,False,False,9.833761886221046
-2067500.0,1207500.0,1500,10.509491705079633,False,False,9.4465669575056
-2062500.0,1207500.0,1500,8.895861506115589,False,False,8.244713957277497
-2057500.0,1207500.0,1500,7.172359327180987,False,False,7.894147163228598
-2052500.0,1207500.0,1500,5.288577440735519,False,False,8.997907078750996
-2047500.0,1207500.0,1500,3.4435973599081264,False,False,9.717562019957057
-2042500.0,1207500.0,1500,1.3177325200154275,False,False,9.838056981553667
-2037500.0,1207500.0,1500,-0.3114030640784057,False,False,9.740588864720813
-2032500.0,1207500.0,1500,-1.2166526855510689,False,False,9.5081979615132
-2027500.0,1207500.0,1500,-1.562124982598437,False,False,9.188629968884474
-2022500.0,1207500.0,1500,-1.6160695375700893,False,False,8.950356628591337
-2017500.0,1207500.0,1500,-1.6931914081667774,False,False,8.69298946673309
-2012500.0,1207500.0,1500,-0.14785555222155977,False,False,6.860674269781143
-2007500.0,1207500.0,1500,1.319716826932546,False,False,5.777853547088514
-2002500.0,1207500.0,1500,2.6280689211359247,False,False,7.332295086463526
-1997500.0,1207500.0,1500,5.404851949525391,False,False,8.359628603208934
-1992500.0,1207500.0,1500,6.874426436704817,False,False,8.410043082133063
-1987500.0,1207500.0,1500,8.876919578194244,False,False,8.351711164081596
-1982500.0,1207500.0,1500,11.426575960180774,False,False,8.1214589215598
-1977500.0,1207500.0,1500,10.980793954385181,False,False,7.666418549008336
-1972500.0,1207500.0,1500,11.580279929596054,False,False,7.006918350432773
-1967500.0,1207500.0,1500,13.268393758831255,False,False,6.385980497446225
-1962500.0,1207500.0,1500,12.268525152164122,False,False,6.15351633923249
-1957500.0,1207500.0,1500,11.465130184569984,False,False,6.207560601054833
-1952500.0,1207500.0,1500,14.928545607013103,False,False,6.152151900597347
-1947500.0,1207500.0,1500,16.043613456755104,False,False,6.086330164798049
-1942500.0,1207500.0,1500,14.25273455825431,False,False,6.3155844610119605
-1937500.0,1207500.0,1500,14.37865727953929,False,False,6.951583477690311
-1932500.0,1207500.0,1500,14.637322733498298,False,False,7.598349863581503
-1927500.0,1207500.0,1500,16.53922743595791,False,False,6.8194656148059964
-1922500.0,1207500.0,1500,18.03780650821111,False,False,6.056797870140134
-2437500.0,1212500.0,1500,111.03842711885854,False,False,4.563388538355191
-2432500.0,1212500.0,1500,135.28913337930578,False,False,4.490594646162446
-2392500.0,1212500.0,1500,103.61708738229113,False,False,4.825997851447021
-2387500.0,1212500.0,1500,71.7081046886768,False,False,5.251940513064337
-2382500.0,1212500.0,1500,43.55479877115265,False,False,5.082143932182015
-2377500.0,1212500.0,1500,52.375204785617186,False,False,4.4063991499281725
-2372500.0,1212500.0,1500,61.001208577451365,False,False,4.567731185929826
-2367500.0,1212500.0,1500,55.99035948514172,False,False,5.692249163502693
-2362500.0,1212500.0,1500,37.90855423440786,False,True,6.33540399096921
-2357500.0,1212500.0,1500,13.24180804461277,False,True,5.957032151872087
-2352500.0,1212500.0,1500,38.70308983126943,False,True,5.908409194474124
-2347500.0,1212500.0,1500,62.48318573558224,False,True,6.752623105319827
-2342500.0,1212500.0,1500,47.75697319553597,False,True,7.008612065099642
-2337500.0,1212500.0,1500,31.676730048937102,False,True,6.643158789878384
-2332500.0,1212500.0,1500,20.479968320460284,False,True,6.459215939363702
-2327500.0,1212500.0,1500,13.754535818694354,False,True,6.991636132720898
-2322500.0,1212500.0,1500,7.589514072348797,True,True,7.3936953258975295
-2317500.0,1212500.0,1500,5.0795138705186,True,True,5.972585498594084
-2312500.0,1212500.0,1500,6.329578448021325,True,True,4.9436667689123395
-2307500.0,1212500.0,1500,7.2479706623230635,True,True,5.847435041979875
-2302500.0,1212500.0,1500,8.022275061505976,True,True,6.525325604921922
-2297500.0,1212500.0,1500,10.800195422801863,True,True,5.649802037241139
-2292500.0,1212500.0,1500,11.528975794287648,True,True,4.29403133816287
-2287500.0,1212500.0,1500,11.321991259256697,True,True,4.168211425673108
-2282500.0,1212500.0,1500,11.015370902528327,True,True,5.704116143059885
-2277500.0,1212500.0,1500,9.005807835479166,True,True,7.343391971463811
-2272500.0,1212500.0,1500,8.832516394936642,True,True,7.454846589552581
-2267500.0,1212500.0,1500,9.80856179647516,True,True,6.173134480338648
-2262500.0,1212500.0,1500,8.431020523820889,True,True,5.143042274010428
-2257500.0,1212500.0,1500,7.817899276751361,True,True,5.585340554978959
-2252500.0,1212500.0,1500,4.951980615972439,True,True,5.244257668413778
-2247500.0,1212500.0,1500,3.0093224507999214,True,True,5.593742292970057
-2242500.0,1212500.0,1500,6.199270266661503,True,True,6.173012053012575
-2237500.0,1212500.0,1500,7.387294674909395,True,True,4.918405259340262
-2232500.0,1212500.0,1500,8.191896212335482,True,True,3.8310951392718398
-2227500.0,1212500.0,1500,10.71761605096085,True,True,3.4417204554224647
-2222500.0,1212500.0,1500,11.537950544814427,True,True,4.964136367925899
-2217500.0,1212500.0,1500,11.965006895545772,True,True,6.3900859529833
-2212500.0,1212500.0,1500,14.789526031964469,True,True,6.007358236962906
-2207500.0,1212500.0,1500,19.332997376647334,True,True,5.232089709210167
-2202500.0,1212500.0,1500,23.459005121347992,True,True,4.638582445216127
-2197500.0,1212500.0,1500,23.95699284449301,True,True,4.17840764833419
-2192500.0,1212500.0,1500,23.256430608568827,True,True,3.989783021412859
-2187500.0,1212500.0,1500,23.707158992332968,True,True,4.371338546094666
-2182500.0,1212500.0,1500,23.043634999506132,True,True,5.231744306359112
-2177500.0,1212500.0,1500,20.99375216596985,False,True,5.672324585258959
-2172500.0,1212500.0,1500,20.43675995387445,False,True,4.87055099809962
-2167500.0,1212500.0,1500,18.869289455665704,True,True,3.7737684794083743
-2162500.0,1212500.0,1500,21.797437773310556,False,True,4.040366302974885
-2157500.0,1212500.0,1500,24.31223251561446,False,True,4.650235172742861
-2152500.0,1212500.0,1500,23.741522297393,False,True,4.184403347386917
-2147500.0,1212500.0,1500,21.870866819015188,False,True,3.9212358123549897
-2142500.0,1212500.0,1500,18.94513173667592,False,True,4.260042354270762
-2137500.0,1212500.0,1500,19.553790075118478,False,False,4.984589757561126
-2132500.0,1212500.0,1500,19.08445178102911,False,True,5.793469237893683
-2127500.0,1212500.0,1500,16.801104311844362,False,False,6.2511592346177025
-2122500.0,1212500.0,1500,12.379785328787086,False,True,6.367358765675592
-2117500.0,1212500.0,1500,12.12912616727144,False,True,6.492323279298858
-2112500.0,1212500.0,1500,13.954495524970907,False,True,7.450181355819126
-2107500.0,1212500.0,1500,14.658447289389448,False,False,8.63458842372521
-2102500.0,1212500.0,1500,14.711364443508433,False,False,8.953859083916878
-2097500.0,1212500.0,1500,13.744763722414172,False,False,7.925422215981482
-2092500.0,1212500.0,1500,13.22399985024439,False,False,5.94744836617288
-2087500.0,1212500.0,1500,13.37501724039165,False,False,5.818588745507742
-2082500.0,1212500.0,1500,14.606819588381018,False,False,7.724285463013532
-2077500.0,1212500.0,1500,15.369785916118422,False,False,8.743855984781465
-2072500.0,1212500.0,1500,14.48021130460406,False,False,8.856528090565204
-2067500.0,1212500.0,1500,12.262775070619172,False,False,8.906242281322317
-2062500.0,1212500.0,1500,10.133195517718697,False,False,8.778881802299694
-2057500.0,1212500.0,1500,8.80185888977911,False,False,8.624145761156834
-2052500.0,1212500.0,1500,6.386609401818941,False,False,8.680569603941588
-2047500.0,1212500.0,1500,3.906993669466181,False,False,8.857811058823827
-2042500.0,1212500.0,1500,2.133180647702762,False,False,8.984528245916337
-2037500.0,1212500.0,1500,-0.16233091984555326,False,False,9.003116543062287
-2032500.0,1212500.0,1500,-0.9396110210274983,False,False,8.869371258572942
-2027500.0,1212500.0,1500,-0.8140541514422033,False,False,8.657586203685025
-2022500.0,1212500.0,1500,-1.3365310732874853,False,False,8.56899158862502
-2017500.0,1212500.0,1500,-0.22270129299965458,False,False,8.312872608587824
-2012500.0,1212500.0,1500,1.7162065103186182,False,False,6.071288821859346
-2007500.0,1212500.0,1500,3.2680257054160666,False,False,5.799635268302303
-2002500.0,1212500.0,1500,5.339116022022607,False,False,8.061075225040288
-1997500.0,1212500.0,1500,6.834992452439533,False,False,8.624356027949117
-1992500.0,1212500.0,1500,7.954951787705345,False,False,8.753780317676673
-1987500.0,1212500.0,1500,9.894848049719844,False,False,8.968664956214717
-1982500.0,1212500.0,1500,11.890188842907396,False,False,9.121075462598052
-1977500.0,1212500.0,1500,13.15545490667305,False,False,9.240447423433904
-1972500.0,1212500.0,1500,14.736165294961712,False,False,9.366210897576085
-1967500.0,1212500.0,1500,15.83646728288721,False,False,9.428480151478837
-1962500.0,1212500.0,1500,15.377141174722738,False,False,9.238437680857203
-1957500.0,1212500.0,1500,16.15698293184059,False,False,8.653898898254
-1952500.0,1212500.0,1500,19.12567676330717,False,False,7.757369945010239
-1947500.0,1212500.0,1500,19.672552336129456,False,False,6.8958886106212205
-1942500.0,1212500.0,1500,18.03776044553593,False,False,6.3133074342635975
-1937500.0,1212500.0,1500,18.2013328042604,False,False,6.122954438249854
-1932500.0,1212500.0,1500,19.08669673244132,False,False,5.913959511514112
-1927500.0,1212500.0,1500,21.526783008789135,False,False,5.1033257949826565
-1922500.0,1212500.0,1500,25.173027313589188,False,False,4.924038136125855
-2447500.0,1217500.0,1500,187.46091252909554,False,False,3.86933841467392
-2437500.0,1217500.0,1500,161.33563922621926,False,False,4.6263380337660305
-2407500.0,1217500.0,1500,139.9850279338459,False,False,4.436515968612332
-2402500.0,1217500.0,1500,112.52004422821418,False,False,4.289145894432735
-2387500.0,1217500.0,1500,97.60867826721854,False,False,4.3265065891410535
-2382500.0,1217500.0,1500,45.06589721135033,False,False,4.487598466288859
-2377500.0,1217500.0,1500,31.029336040915837,False,False,5.078320082475514
-2372500.0,1217500.0,1500,53.37868809542135,False,False,6.086502355218761
-2367500.0,1217500.0,1500,51.026363349303224,False,True,6.883838594339138
-2362500.0,1217500.0,1500,45.365938418615556,False,True,6.45390195069651
-2357500.0,1217500.0,1500,15.783913410759263,False,True,5.9919463256291685
-2352500.0,1217500.0,1500,11.81689359681632,False,True,6.702487090396174
-2347500.0,1217500.0,1500,37.744388902789325,False,True,7.23429508804979
-2342500.0,1217500.0,1500,37.81142911241468,False,True,6.443694514264834
-2337500.0,1217500.0,1500,27.9483523224154,False,True,5.967236236720146
-2332500.0,1217500.0,1500,20.77425600173953,False,True,6.334072937819029
-2327500.0,1217500.0,1500,18.432184715717966,False,True,6.9801625327026615
-2322500.0,1217500.0,1500,12.598298020939723,True,True,6.875014615383589
-2317500.0,1217500.0,1500,9.866297534077493,True,True,5.545240674500141
-2312500.0,1217500.0,1500,11.375646428876406,True,True,5.413128436383183
-2307500.0,1217500.0,1500,10.962009225622992,True,True,5.851021828792339
-2302500.0,1217500.0,1500,10.581029889650168,True,True,5.353979258231957
-2297500.0,1217500.0,1500,13.133801202309416,True,True,5.111773114987602
-2292500.0,1217500.0,1500,13.113244623490177,True,True,5.317372768128961
-2287500.0,1217500.0,1500,12.335214157306629,True,True,4.757717003834414
-2282500.0,1217500.0,1500,12.445183330856649,True,True,5.331189380621042
-2277500.0,1217500.0,1500,11.917500255463928,True,True,6.327831308783072
-2272500.0,1217500.0,1500,10.698410220037125,True,True,5.587730040180663
-2267500.0,1217500.0,1500,10.321713830754568,True,True,4.995030387044729
-2262500.0,1217500.0,1500,10.06299633613294,True,True,5.893746709197115
-2257500.0,1217500.0,1500,9.015475739185304,True,True,7.601569425060587
-2252500.0,1217500.0,1500,6.510138989168095,True,True,7.586649469259413
-2247500.0,1217500.0,1500,3.6123883297430046,True,True,6.641313100130802
-2242500.0,1217500.0,1500,4.24753471470519,True,True,5.315939956193012
-2237500.0,1217500.0,1500,5.913860708518015,True,True,4.052492793781884
-2232500.0,1217500.0,1500,6.855625305697431,True,True,4.468285753117918
-2227500.0,1217500.0,1500,9.916432139666615,True,True,4.566797533696487
-2222500.0,1217500.0,1500,12.470000576775575,True,True,5.166281200061263
-2217500.0,1217500.0,1500,13.039608818018555,True,True,5.6361306038001295
-2212500.0,1217500.0,1500,16.494228486253586,True,True,4.878944418864563
-2207500.0,1217500.0,1500,20.5409964666922,True,True,4.5744703934217235
-2202500.0,1217500.0,1500,22.112030653035458,True,True,4.39080300559787
-2197500.0,1217500.0,1500,24.122150614230094,True,True,4.5350472555711185
-2192500.0,1217500.0,1500,25.361957208269807,True,True,5.305169349042084
-2187500.0,1217500.0,1500,23.650304258652735,True,True,5.144215401574211
-2182500.0,1217500.0,1500,21.88417116124196,False,True,5.317676172321128
-2177500.0,1217500.0,1500,21.143761989116427,False,True,5.745682715774186
-2172500.0,1217500.0,1500,21.01631749717483,False,True,4.928632302154514
-2167500.0,1217500.0,1500,21.471174570060622,False,True,4.474184963791104
-2162500.0,1217500.0,1500,23.18812675720573,False,True,4.489921674102776
-2157500.0,1217500.0,1500,23.74876072727129,False,True,4.624013821737359
-2152500.0,1217500.0,1500,22.306923197466887,False,True,4.75367490861195
-2147500.0,1217500.0,1500,21.44230744506091,False,True,5.296509152337802
-2142500.0,1217500.0,1500,22.37510291436603,False,False,5.800125810152474
-2137500.0,1217500.0,1500,23.80329709168295,False,False,5.893896288680877
-2132500.0,1217500.0,1500,23.77212814688017,False,False,5.917337243509262
-2127500.0,1217500.0,1500,21.28705104379367,False,False,5.967940235978464
-2122500.0,1217500.0,1500,15.406247869976074,False,False,5.8249915165818535
-2117500.0,1217500.0,1500,15.095642256113283,False,False,5.552713712552595
-2112500.0,1217500.0,1500,18.074512981612695,False,False,5.677135632825142
-2107500.0,1217500.0,1500,17.96014951031741,False,False,6.374549240481591
-2102500.0,1217500.0,1500,17.086141965235942,False,False,7.07051318910112
-2097500.0,1217500.0,1500,14.411039410209506,False,False,7.340716152629142
-2092500.0,1217500.0,1500,13.423132210825615,False,False,6.796622475037774
-2087500.0,1217500.0,1500,14.726906295365005,False,False,6.25592684335391
-2082500.0,1217500.0,1500,15.143130676691491,False,False,7.223951520006652
-2077500.0,1217500.0,1500,15.47698576499565,False,False,8.302157146695853
-2072500.0,1217500.0,1500,14.78928330796081,False,False,8.578428834155854
-2067500.0,1217500.0,1500,12.322347034518687,False,False,8.810407416790373
-2062500.0,1217500.0,1500,10.443895913609527,False,False,8.923100127223336
-2057500.0,1217500.0,1500,9.209021394203475,False,False,8.92256627398637
-2052500.0,1217500.0,1500,6.609895189252691,False,False,8.972156408358124
-2047500.0,1217500.0,1500,4.156135451612897,False,False,9.167734238307615
-2042500.0,1217500.0,1500,2.3628204996489464,False,False,9.410412066943898
-2037500.0,1217500.0,1500,0.057836178447581155,False,False,9.566045742141043
-2032500.0,1217500.0,1500,-0.4078207044140122,False,False,9.587634955081278
-2027500.0,1217500.0,1500,-0.053504050854310314,False,False,9.524130346881261
-2022500.0,1217500.0,1500,-0.6391239369073064,False,False,9.374041020280151
-2017500.0,1217500.0,1500,0.5368742389705989,False,False,8.493592237996268
-2012500.0,1217500.0,1500,2.114298612259404,False,False,6.040914753812696
-2007500.0,1217500.0,1500,3.38877824623075,False,False,6.528955525298324
-2002500.0,1217500.0,1500,6.193379127706167,False,False,9.17555361385068
-1997500.0,1217500.0,1500,7.73266253260493,False,False,9.688419446175988
-1992500.0,1217500.0,1500,9.066836630800145,False,False,9.819719145349445
-1987500.0,1217500.0,1500,11.458628801375406,False,False,10.001466534198867
-1982500.0,1217500.0,1500,12.988390750119793,False,False,10.16506904947039
-1977500.0,1217500.0,1500,15.276287089938755,False,False,10.33969920533918
-1972500.0,1217500.0,1500,17.345818849893263,False,False,10.589838994398729
-1967500.0,1217500.0,1500,18.48978536900008,False,False,10.90556304318169
-1962500.0,1217500.0,1500,19.37721320776614,False,False,11.18737336848426
-1957500.0,1217500.0,1500,20.253828070466763,False,False,11.303545899319491
-1952500.0,1217500.0,1500,21.897494183039235,False,False,11.152411423885301
-1947500.0,1217500.0,1500,22.601897104406707,False,False,10.679982131575336
-1942500.0,1217500.0,1500,22.445415814607554,False,False,9.82977821076573
-1937500.0,1217500.0,1500,23.367700458607608,False,False,8.654406008773982
-1932500.0,1217500.0,1500,25.230430038404567,False,False,7.0200261130979005
-1927500.0,1217500.0,1500,27.90994412434085,False,False,4.94629114834235
-1922500.0,1217500.0,1500,31.56355356608271,False,False,4.684354921607209
-2447500.0,1222500.0,1500,157.37280650186662,False,False,4.96810019063512
-2432500.0,1222500.0,1500,163.35445856524035,False,False,4.50227862766644
-2412500.0,1222500.0,1500,131.29300566753574,False,False,5.0744514900608175
-2402500.0,1222500.0,1500,92.85322004854042,False,False,4.677264600424978
-2387500.0,1222500.0,1500,100.93029927595278,False,False,4.047970601888338
-2382500.0,1222500.0,1500,53.37616823561564,False,False,4.707316095195489
-2377500.0,1222500.0,1500,19.11488624628081,False,False,6.247184995404746
-2372500.0,1222500.0,1500,28.473763964601574,False,True,7.1214773711898545
-2367500.0,1222500.0,1500,47.48131446282143,False,True,6.845383582756856
-2362500.0,1222500.0,1500,45.35005164142592,False,True,6.044973710896508
-2357500.0,1222500.0,1500,16.87369906682446,False,True,6.403083572386647
-2352500.0,1222500.0,1500,-5.582125564410452,False,True,7.463336315938324
-2347500.0,1222500.0,1500,6.4141972848334134,False,True,6.9699718791757395
-2342500.0,1222500.0,1500,22.28542536648106,False,True,5.568168996862239
-2337500.0,1222500.0,1500,24.532119205745023,False,True,5.6312433795742525
-2332500.0,1222500.0,1500,22.789208749380503,False,True,6.475703852608413
-2327500.0,1222500.0,1500,20.87827576237262,False,True,7.105273366234535
-2322500.0,1222500.0,1500,18.750458227323918,False,True,7.167444712718423
-2317500.0,1222500.0,1500,17.73373131969043,True,True,6.410747013457201
-2312500.0,1222500.0,1500,14.806134823131469,True,True,5.387378934707158
-2307500.0,1222500.0,1500,13.33026434346714,True,True,4.904100733506142
-2302500.0,1222500.0,1500,13.809837754139137,True,True,5.374076805023551
-2297500.0,1222500.0,1500,15.771906890932803,True,True,6.349210440067344
-2292500.0,1222500.0,1500,18.745720786231868,True,True,6.6552800275005914
-2287500.0,1222500.0,1500,20.979841339876028,True,True,5.28169938014725
-2282500.0,1222500.0,1500,19.494897026431776,True,True,4.386711242780419
-2277500.0,1222500.0,1500,15.954052385227083,True,True,4.68573427977946
-2272500.0,1222500.0,1500,11.255004005177527,True,True,5.14104489890452
-2267500.0,1222500.0,1500,8.77777070980111,True,True,6.031596987135699
-2262500.0,1222500.0,1500,9.998863420343191,True,True,7.291867366284722
-2257500.0,1222500.0,1500,9.443639082600246,True,True,8.401331124983777
-2252500.0,1222500.0,1500,6.779960804764214,True,True,8.555123109086757
-2247500.0,1222500.0,1500,3.1895976368933536,True,True,7.041742850846273
-2242500.0,1222500.0,1500,2.1014621720572206,True,True,5.11918865388315
-2237500.0,1222500.0,1500,5.079328685605052,True,True,4.859301975589396
-2232500.0,1222500.0,1500,7.234304394311571,True,True,6.2101837437572405
-2227500.0,1222500.0,1500,9.429466753116655,True,True,6.0197367317662795
-2222500.0,1222500.0,1500,13.139954457844379,True,True,4.5622975615495465
-2217500.0,1222500.0,1500,15.509402631001915,True,True,4.469738281523467
-2212500.0,1222500.0,1500,18.205200443333773,True,True,4.753227256796103
-2207500.0,1222500.0,1500,20.314255550378622,True,True,4.681339318452197
-2202500.0,1222500.0,1500,21.183236858780973,True,True,4.770832616001901
-2197500.0,1222500.0,1500,25.170804635934232,True,True,5.6095554002057835
-2192500.0,1222500.0,1500,28.22834022327001,False,True,6.669298792683762
-2187500.0,1222500.0,1500,24.893355922492443,False,True,6.162273361745855
-2182500.0,1222500.0,1500,21.54671633483216,False,True,4.794266575486913
-2177500.0,1222500.0,1500,21.705287806338642,False,True,4.393711839224856
-2172500.0,1222500.0,1500,21.162000699168225,False,True,4.748120615009345
-2167500.0,1222500.0,1500,21.288627535970598,False,True,4.835568875136475
-2162500.0,1222500.0,1500,22.831970479157484,False,True,4.222962003261698
-2157500.0,1222500.0,1500,23.768731375126734,False,True,4.202386199825657
-2152500.0,1222500.0,1500,22.67093198170981,False,True,5.482614909778905
-2147500.0,1222500.0,1500,21.884106244794896,False,False,6.660919622611398
-2142500.0,1222500.0,1500,24.15832039535257,False,False,7.037877772001007
-2137500.0,1222500.0,1500,26.02619653890159,False,False,7.2213316512289
-2132500.0,1222500.0,1500,26.144085973223707,False,False,7.504904902605294
-2127500.0,1222500.0,1500,23.540794634947876,False,False,7.573818341422589
-2122500.0,1222500.0,1500,19.529839629317035,False,False,7.213124455049774
-2117500.0,1222500.0,1500,19.490009768258904,False,False,6.646793853065402
-2112500.0,1222500.0,1500,20.91555456369992,False,False,6.059987908340908
-2107500.0,1222500.0,1500,20.46466675888536,False,False,5.936228224807195
-2102500.0,1222500.0,1500,18.1029250100014,False,False,6.117775562898337
-2097500.0,1222500.0,1500,14.251295341984923,False,False,5.91398519183177
-2092500.0,1222500.0,1500,14.49279221034046,False,False,5.473387142696645
-2087500.0,1222500.0,1500,15.647650448650406,False,False,5.45000012087198
-2082500.0,1222500.0,1500,13.924651263689231,False,False,6.177497734271604
-2077500.0,1222500.0,1500,13.51645786277781,False,False,7.256643851542947
-2072500.0,1222500.0,1500,13.298670510601209,False,False,8.137785562265606
-2067500.0,1222500.0,1500,11.468164155718824,False,False,8.778419631589689
-2062500.0,1222500.0,1500,10.146043122329422,False,False,9.19297198030635
-2057500.0,1222500.0,1500,8.613429213925148,False,False,9.477542540285027
-2052500.0,1222500.0,1500,5.9029448578992,False,False,9.768180876743045
-2047500.0,1222500.0,1500,3.9182554368990634,False,False,10.115113152143765
-2042500.0,1222500.0,1500,1.972881736327198,False,False,10.451881470188532
-2037500.0,1222500.0,1500,0.47989992202940224,False,False,10.699290582457579
-2032500.0,1222500.0,1500,0.3744433503927569,False,False,10.827905583039831
-2027500.0,1222500.0,1500,0.5537153639017051,False,False,10.80053707899279
-2022500.0,1222500.0,1500,1.095643737983496,False,False,10.32990279630327
-2017500.0,1222500.0,1500,2.278648631739963,False,False,8.379959410094378
-2012500.0,1222500.0,1500,3.412934146760195,False,False,6.198448623306733
-2007500.0,1222500.0,1500,4.763954348871726,False,False,7.680706368502234
-2002500.0,1222500.0,1500,6.652043654329808,False,False,10.384150587182539
-1997500.0,1222500.0,1500,8.709646077993206,False,False,11.083886077126134
-1992500.0,1222500.0,1500,10.562652095444179,False,False,11.27247903160566
-1987500.0,1222500.0,1500,12.78513627222787,False,False,11.39843529839058
-1982500.0,1222500.0,1500,15.12312445051738,False,False,11.505657815480442
-1977500.0,1222500.0,1500,17.105217440956686,False,False,11.62176640701328
-1972500.0,1222500.0,1500,19.254946350338823,False,False,11.793087748916584
-1967500.0,1222500.0,1500,20.913801586672783,False,False,12.038812223599074
-1962500.0,1222500.0,1500,22.35529491198416,False,False,12.321345498320174
-1957500.0,1222500.0,1500,23.69104795328252,False,False,12.552783731274703
-1952500.0,1222500.0,1500,25.205964029537373,False,False,12.636092787776805
-1947500.0,1222500.0,1500,26.412595472080465,False,False,12.49906910218552
-1942500.0,1222500.0,1500,27.124118276693057,False,False,12.072686414820303
-1937500.0,1222500.0,1500,29.250582758147274,False,False,11.135376327120039
-1932500.0,1222500.0,1500,31.807553866200756,False,False,9.126473129049856
-1927500.0,1222500.0,1500,34.68070963431736,False,False,6.060819898704519
-1922500.0,1222500.0,1500,37.07781035402471,False,False,6.218892163101723
-2447500.0,1227500.0,1500,112.5440996470616,False,False,6.48501664144752
-2442500.0,1227500.0,1500,109.32286162162004,False,False,6.349166133937699
-2437500.0,1227500.0,1500,106.08858264665925,False,False,5.485355087897123
-2432500.0,1227500.0,1500,138.3930255916006,False,False,4.858855061986594
-2412500.0,1227500.0,1500,115.19032392687537,False,False,4.963780777462194
-2407500.0,1227500.0,1500,100.03510958911049,False,False,4.890516979194887
-2402500.0,1227500.0,1500,99.77024139435873,False,False,5.002256960127344
-2392500.0,1227500.0,1500,126.92750784107446,False,False,4.5641268028430675
-2387500.0,1227500.0,1500,98.05457966335698,False,False,4.484459844333973
-2382500.0,1227500.0,1500,60.847857536793924,False,False,5.340638989458182
-2377500.0,1227500.0,1500,32.453442530466745,False,True,6.637727408947788
-2372500.0,1227500.0,1500,11.940515273009474,False,True,7.082924921598643
-2367500.0,1227500.0,1500,28.53825118723389,False,True,6.362502728767454
-2362500.0,1227500.0,1500,36.17276239159353,False,True,5.97207288663165
-2357500.0,1227500.0,1500,13.497022011333685,False,True,6.79601548776588
-2352500.0,1227500.0,1500,-7.7730045145235085,True,True,7.242122030530005
-2347500.0,1227500.0,1500,-6.830010042421747,False,True,5.998282443163647
-2342500.0,1227500.0,1500,8.00378054810978,False,True,4.999407014493559
-2337500.0,1227500.0,1500,16.230644512311997,False,True,5.299816168056848
-2332500.0,1227500.0,1500,20.295809674574283,False,True,5.514281187316098
-2327500.0,1227500.0,1500,22.310131354616622,False,True,6.405208122978307
-2322500.0,1227500.0,1500,27.91788832150941,False,True,6.721430532719941
-2317500.0,1227500.0,1500,25.760735154127662,False,True,5.503200762772167
-2312500.0,1227500.0,1500,18.70700181922903,True,True,4.8975000574079
-2307500.0,1227500.0,1500,21.797123324940426,True,True,5.684520710796882
-2302500.0,1227500.0,1500,26.427532462058974,True,True,6.8109910205050195
-2297500.0,1227500.0,1500,28.2143444187122,True,True,6.909139124927954
-2292500.0,1227500.0,1500,34.19523540293444,False,True,5.942744046740029
-2287500.0,1227500.0,1500,36.744781011887106,False,True,4.870865369025623
-2282500.0,1227500.0,1500,27.867127368421077,False,True,4.334018092121875
-2277500.0,1227500.0,1500,18.020476939926656,True,True,4.583165068740593
-2272500.0,1227500.0,1500,11.414963570666087,True,True,5.751953774113864
-2267500.0,1227500.0,1500,8.939140869727447,True,True,6.828512336687782
-2262500.0,1227500.0,1500,10.063961716830772,True,True,7.594029373358321
-2257500.0,1227500.0,1500,9.36138932998548,True,True,8.198997172304775
-2252500.0,1227500.0,1500,4.465083023587094,True,True,7.31976609520304
-2247500.0,1227500.0,1500,0.7072883622959237,True,True,5.59841669109469
-2242500.0,1227500.0,1500,1.7965017921371573,True,True,5.331753150493922
-2237500.0,1227500.0,1500,5.412822246107279,True,True,6.489659685558943
-2232500.0,1227500.0,1500,7.705249145642809,True,True,6.73223943314766
-2227500.0,1227500.0,1500,7.837558768107769,True,True,5.410053141496039
-2222500.0,1227500.0,1500,10.259279010535133,True,True,3.9634763959534416
-2217500.0,1227500.0,1500,13.714986252594468,True,True,4.268045224422593
-2212500.0,1227500.0,1500,16.051732950641103,True,True,5.154873178545427
-2207500.0,1227500.0,1500,19.11059456298313,True,True,5.218844143679622
-2202500.0,1227500.0,1500,21.87880447272481,True,True,5.899024102821263
-2197500.0,1227500.0,1500,25.05161089299767,False,True,6.698588047676466
-2192500.0,1227500.0,1500,27.779152230237074,False,True,7.158918157247151
-2187500.0,1227500.0,1500,25.19300659259823,False,True,6.34388142705311
-2182500.0,1227500.0,1500,21.626501929047382,False,True,4.3852097883368195
-2177500.0,1227500.0,1500,22.427173495934824,False,True,3.988792028294724
-2172500.0,1227500.0,1500,22.881879688561302,False,True,4.572774726580763
-2167500.0,1227500.0,1500,23.639509081334644,False,True,4.831472004283105
-2162500.0,1227500.0,1500,26.494516965952283,False,True,5.3879862369942995
-2157500.0,1227500.0,1500,27.024907280183385,False,True,5.091289164796767
-2152500.0,1227500.0,1500,25.588225134554783,False,False,5.330404580529211
-2147500.0,1227500.0,1500,24.612862711439654,False,False,6.986136128540947
-2142500.0,1227500.0,1500,24.710651388652376,False,False,7.243014245835346
-2137500.0,1227500.0,1500,25.46169988518478,False,False,6.264260852943783
-2132500.0,1227500.0,1500,25.58793724558176,False,False,7.104248931467425
-2127500.0,1227500.0,1500,24.09234694070851,False,False,8.758369677243088
-2122500.0,1227500.0,1500,22.424567744308483,False,False,9.124355909632222
-2117500.0,1227500.0,1500,22.228030248873075,False,False,9.033652588760962
-2112500.0,1227500.0,1500,22.324413431062577,False,False,8.45723133190684
-2107500.0,1227500.0,1500,21.765731298127797,False,False,7.815769450124149
-2102500.0,1227500.0,1500,18.696580939828365,False,False,7.676465741825973
-2097500.0,1227500.0,1500,15.155090048623999,False,False,7.215169448457251
-2092500.0,1227500.0,1500,15.74820838074641,False,False,5.978827397702001
-2087500.0,1227500.0,1500,14.96166584293418,False,False,5.1519624120561875
-2082500.0,1227500.0,1500,12.396855408314188,False,False,5.394992992119668
-2077500.0,1227500.0,1500,11.63029970437517,False,False,5.772344250495175
-2072500.0,1227500.0,1500,11.019299597297712,False,False,5.780970240740407
-2067500.0,1227500.0,1500,10.683879746465612,False,False,6.126431054131415
-2062500.0,1227500.0,1500,9.966128408692855,False,False,7.016982862932402
-2057500.0,1227500.0,1500,8.160253166497284,False,False,8.07804938945645
-2052500.0,1227500.0,1500,5.418053190289174,False,False,9.023754844675096
-2047500.0,1227500.0,1500,2.818931803334388,False,False,9.793466568731336
-2042500.0,1227500.0,1500,1.1345543807018175,False,False,10.387475949275235
-2037500.0,1227500.0,1500,0.9109985039103865,False,False,10.82313471725419
-2032500.0,1227500.0,1500,1.1139873304094219,False,False,11.112439761241891
-2027500.0,1227500.0,1500,1.4462946182649594,False,False,11.147737879159697
-2022500.0,1227500.0,1500,2.7619323855704976,False,False,10.440720628733402
-2017500.0,1227500.0,1500,4.4877603108525115,False,False,7.63805680275763
-2012500.0,1227500.0,1500,6.039322933950249,False,False,6.274282917010018
-2007500.0,1227500.0,1500,7.158229628312745,False,False,8.856052916811235
-2002500.0,1227500.0,1500,7.989052200217204,False,False,11.241932668244658
-1997500.0,1227500.0,1500,10.10590789768103,False,False,12.01930817020496
-1992500.0,1227500.0,1500,12.437910366425633,False,False,12.265493025561236
-1987500.0,1227500.0,1500,14.305520821392411,False,False,12.392345946531115
-1982500.0,1227500.0,1500,17.380493035839873,False,False,12.485563073479282
-1977500.0,1227500.0,1500,19.533322975402722,False,False,12.578580794626252
-1972500.0,1227500.0,1500,21.346267814654148,False,False,12.700632932049993
-1967500.0,1227500.0,1500,23.656026884876276,False,False,12.866567186632812
-1962500.0,1227500.0,1500,24.77176498243741,False,False,13.058786894162484
-1957500.0,1227500.0,1500,26.59108754876881,False,False,13.231521973694624
-1952500.0,1227500.0,1500,28.49644118072228,False,False,13.323175515497974
-1947500.0,1227500.0,1500,29.717462482594588,False,False,13.251977745843947
-1942500.0,1227500.0,1500,31.760211042292255,False,False,12.87167686846861
-1937500.0,1227500.0,1500,34.2377612721783,False,False,11.78233941397809
-1932500.0,1227500.0,1500,36.91342659494511,False,False,9.08466404985768
-1927500.0,1227500.0,1500,39.895396199875,False,False,6.374524941781479
-1922500.0,1227500.0,1500,41.11501375541219,False,False,7.753906626019898
-2447500.0,1232500.0,1500,64.96455644423528,False,False,8.285697185087365
-2442500.0,1232500.0,1500,70.31822408758457,False,False,7.047346416615974
-2437500.0,1232500.0,1500,111.24799052869409,False,False,5.323302799738589
-2417500.0,1232500.0,1500,137.90958147922635,False,False,5.052297445241994
-2412500.0,1232500.0,1500,89.8073841038517,False,False,4.913094311568573
-2407500.0,1232500.0,1500,76.35079316771741,False,False,5.22980837245675
-2402500.0,1232500.0,1500,119.37565428800576,False,False,5.195396470581098
-2397500.0,1232500.0,1500,125.4822572601081,False,False,4.9859834111522
-2392500.0,1232500.0,1500,116.05118871130747,False,False,4.6006616179942785
-2387500.0,1232500.0,1500,99.79480894705485,False,False,4.654009678143662
-2382500.0,1232500.0,1500,81.21669707534409,False,False,5.490762709495373
-2377500.0,1232500.0,1500,61.488584889677156,False,True,6.380018862053548
-2372500.0,1232500.0,1500,23.138438554326868,False,True,6.608328816303352
-2367500.0,1232500.0,1500,8.481312661152504,False,True,5.653506092632763
-2362500.0,1232500.0,1500,12.44322481299844,False,True,4.969894328839198
-2357500.0,1232500.0,1500,1.4229026233228685,True,True,5.219294117844127
-2352500.0,1232500.0,1500,-10.653365930345712,True,True,5.29567913901858
-2347500.0,1232500.0,1500,-8.9348818810118,True,True,4.810456516891982
-2342500.0,1232500.0,1500,3.0402328403952867,True,True,4.869087913243068
-2337500.0,1232500.0,1500,10.418412774846995,True,True,5.372829154755561
-2332500.0,1232500.0,1500,15.163276446693228,True,True,5.219819484132296
-2327500.0,1232500.0,1500,22.725331204720728,False,True,5.252823807780084
-2322500.0,1232500.0,1500,32.74544480335569,False,True,5.082345192767246
-2317500.0,1232500.0,1500,31.785964624789294,False,True,4.939581486416352
-2312500.0,1232500.0,1500,31.913191199292573,False,True,5.877468648720882
-2307500.0,1232500.0,1500,33.75819812955588,False,True,6.988548210650878
-2302500.0,1232500.0,1500,33.478952329978554,False,True,7.081946041700341
-2297500.0,1232500.0,1500,36.30379072206741,False,True,5.796894181980228
-2292500.0,1232500.0,1500,38.186416810527206,False,True,4.839971570416948
-2287500.0,1232500.0,1500,37.34325103397347,False,True,5.285646044429237
-2282500.0,1232500.0,1500,28.2827621929823,True,True,5.961158399404427
-2277500.0,1232500.0,1500,19.10679735049531,True,True,5.353296152687433
-2272500.0,1232500.0,1500,13.249598282433922,True,True,5.2882514886965595
-2267500.0,1232500.0,1500,10.758170518486986,True,True,6.855492396752981
-2262500.0,1232500.0,1500,10.792308503171814,True,True,7.828032804268715
-2257500.0,1232500.0,1500,8.38643656531946,True,True,7.840307731385944
-2252500.0,1232500.0,1500,1.683308719255552,True,True,6.426110549281465
-2247500.0,1232500.0,1500,-1.1304431216790394,True,True,5.596940732331674
-2242500.0,1232500.0,1500,1.8654968850720188,True,True,6.496441981021747
-2237500.0,1232500.0,1500,4.338617671658857,True,True,6.242867027338411
-2232500.0,1232500.0,1500,5.1083648137573805,True,True,5.153140056699284
-2227500.0,1232500.0,1500,3.902675784342364,True,True,4.742512888552099
-2222500.0,1232500.0,1500,5.504847846600605,True,True,4.185285889881588
-2217500.0,1232500.0,1500,10.051448227821085,True,True,4.169917500846864
-2212500.0,1232500.0,1500,13.238787223449137,True,True,5.431802418522993
-2207500.0,1232500.0,1500,17.40071454607863,True,True,6.6078828606418725
-2202500.0,1232500.0,1500,21.85984984385947,True,True,6.890415602246126
-2197500.0,1232500.0,1500,24.258506699229784,False,True,7.221199496593375
-2192500.0,1232500.0,1500,25.915546014014193,False,True,7.285400527539237
-2187500.0,1232500.0,1500,24.674315305857924,False,True,5.488569382166543
-2182500.0,1232500.0,1500,22.25877213821529,False,True,4.081493311019239
-2177500.0,1232500.0,1500,23.77645611484715,False,True,3.9609455196205925
-2172500.0,1232500.0,1500,25.364933993890922,False,False,4.401699726001337
-2167500.0,1232500.0,1500,26.334673036550083,False,True,5.788902330368526
-2162500.0,1232500.0,1500,29.76980288380726,False,False,6.943650937462343
-2157500.0,1232500.0,1500,30.82184152564182,False,False,6.1148071620547695
-2152500.0,1232500.0,1500,28.612719672292126,False,False,4.807355711206932
-2147500.0,1232500.0,1500,27.72325663539727,False,False,6.314498754189202
-2142500.0,1232500.0,1500,26.235798994130956,False,False,7.7465566362907445
-2137500.0,1232500.0,1500,25.427834834988914,False,False,5.997093056122735
-2132500.0,1232500.0,1500,25.395035534440844,False,False,5.926428596360698
-2127500.0,1232500.0,1500,23.75348125336006,False,False,8.453593417090065
-2122500.0,1232500.0,1500,23.179512766405004,False,False,9.68009542889291
-2117500.0,1232500.0,1500,23.008887886925667,False,False,9.491709181343474
-2112500.0,1232500.0,1500,22.499802040885495,False,False,8.469072110633824
-2107500.0,1232500.0,1500,21.585977057081756,False,False,7.916316708983922
-2102500.0,1232500.0,1500,18.6223603471647,False,False,8.476488286701956
-2097500.0,1232500.0,1500,15.8663718403053,False,False,8.472861450810251
-2092500.0,1232500.0,1500,15.608447676018857,False,False,6.678555419639163
-2087500.0,1232500.0,1500,14.57696498395436,False,False,5.926332375173791
-2082500.0,1232500.0,1500,12.65932909803783,False,False,7.251067997698931
-2077500.0,1232500.0,1500,11.425604690728948,False,False,7.663091106392185
-2072500.0,1232500.0,1500,10.147436537611625,False,False,6.836698227004058
-2067500.0,1232500.0,1500,10.16614297819329,False,False,6.195110764748981
-2062500.0,1232500.0,1500,9.561358146845501,False,False,6.05137623048884
-2057500.0,1232500.0,1500,7.378633196038656,False,False,6.010402770524976
-2052500.0,1232500.0,1500,4.8764928244722165,False,False,5.9921443812122055
-2047500.0,1232500.0,1500,1.5910068145833054,False,False,6.446854667789161
-2042500.0,1232500.0,1500,0.37865088320437745,False,False,7.438097172703226
-2037500.0,1232500.0,1500,1.4342768652973832,False,False,8.477710183584218
-2032500.0,1232500.0,1500,1.959036899049059,False,False,9.317015856889451
-2027500.0,1232500.0,1500,2.6171680317571338,False,False,9.801987044688998
-2022500.0,1232500.0,1500,3.651434224117868,False,False,9.361939646406917
-2017500.0,1232500.0,1500,5.6627583318178845,False,False,6.5864140213932565
-2012500.0,1232500.0,1500,7.716542926164561,False,False,6.268654994278036
-2007500.0,1232500.0,1500,8.195159926870238,False,False,9.48892959924885
-2002500.0,1232500.0,1500,9.028868306523702,False,False,11.346045298128281
-1997500.0,1232500.0,1500,11.440941185833625,False,False,12.09421410931295
-1992500.0,1232500.0,1500,14.212763941554066,False,False,12.423267915327534
-1987500.0,1232500.0,1500,16.82581121837178,False,False,12.6276535583951
-1982500.0,1232500.0,1500,19.78351557288445,False,False,12.78555135487676
-1977500.0,1232500.0,1500,22.278742604373118,False,False,12.92606516319701
-1972500.0,1232500.0,1500,24.12108667066999,False,False,13.065715029924544
-1967500.0,1232500.0,1500,26.45468889962767,False,False,13.213587054518356
-1962500.0,1232500.0,1500,27.99555512181558,False,False,13.36479873740238
-1957500.0,1232500.0,1500,29.33743824972023,False,False,13.496171012299893
-1952500.0,1232500.0,1500,31.49348800497462,False,False,13.560607528120212
-1947500.0,1232500.0,1500,32.83615312228413,False,False,13.463769389208139
-1942500.0,1232500.0,1500,35.073066464651454,False,False,13.011956358347664
-1937500.0,1232500.0,1500,37.89102440829944,False,False,11.719550369882818
-1932500.0,1232500.0,1500,40.30354264934858,False,False,8.4658596924178
-1927500.0,1232500.0,1500,42.95705418380036,False,False,6.41003446855642
-1922500.0,1232500.0,1500,43.697249241161536,False,False,8.730090557629369
-2447500.0,1237500.0,1500,24.83315418500482,False,False,8.806626427949547
-2442500.0,1237500.0,1500,63.88816501522226,False,False,6.816117732394008
-2437500.0,1237500.0,1500,122.36204237298088,False,False,5.07170225354516
-2432500.0,1237500.0,1500,155.16109157600292,False,False,5.0809326338669205
-2422500.0,1237500.0,1500,161.27865549300785,False,False,5.004840191704317
-2417500.0,1237500.0,1500,123.11402532912595,False,False,4.6920900945699
-2412500.0,1237500.0,1500,61.794739630587564,False,False,4.905750602895667
-2407500.0,1237500.0,1500,73.6270531322983,False,False,5.217330088218054
-2402500.0,1237500.0,1500,114.66326699197916,False,False,5.3193245504170665
-2397500.0,1237500.0,1500,92.68280513181824,False,False,5.092404606494389
-2392500.0,1237500.0,1500,92.09734565344289,False,False,4.7728160204934635
-2387500.0,1237500.0,1500,92.00803393068009,False,False,5.1487507014274705
-2382500.0,1237500.0,1500,93.8248266434295,False,True,5.652220174155682
-2377500.0,1237500.0,1500,77.6244049260318,False,True,5.897683037100003
-2372500.0,1237500.0,1500,40.59743848019353,False,True,5.959589389024438
-2367500.0,1237500.0,1500,7.817941178409707,False,True,5.597537281982298
-2362500.0,1237500.0,1500,-6.592401690501331,True,True,5.3153913909347
-2357500.0,1237500.0,1500,-10.533555438329751,True,True,5.199633214273302
-2352500.0,1237500.0,1500,-13.9277202782616,True,True,4.723725992950815
-2347500.0,1237500.0,1500,-12.446806973269204,True,True,4.927887480026328
-2342500.0,1237500.0,1500,-2.927469219173746,True,True,5.968395596402573
-2337500.0,1237500.0,1500,3.721048566734514,True,True,6.169666820866485
-2332500.0,1237500.0,1500,8.502197586135656,True,True,5.3272362322402715
-2327500.0,1237500.0,1500,16.927026169169185,True,True,4.800151776651328
-2322500.0,1237500.0,1500,24.745004064853507,True,True,5.196103223802638
-2317500.0,1237500.0,1500,36.93887852863365,False,True,6.221669266344865
-2312500.0,1237500.0,1500,52.0024674052695,False,True,7.018901151019853
-2307500.0,1237500.0,1500,39.34242804885551,False,True,7.3266673634510235
-2302500.0,1237500.0,1500,24.714064091742657,True,True,6.976108764994342
-2297500.0,1237500.0,1500,27.416707270570953,True,True,5.94607890245492
-2292500.0,1237500.0,1500,27.702063998478224,True,True,6.163830771661504
-2287500.0,1237500.0,1500,28.360621347268626,True,True,7.390450991033176
-2282500.0,1237500.0,1500,25.254603250413297,True,True,7.5161653754264925
-2277500.0,1237500.0,1500,19.928623785041644,True,True,6.205453382105158
-2272500.0,1237500.0,1500,14.887298217176893,True,True,4.857208955583487
-2267500.0,1237500.0,1500,10.959248470080633,True,True,6.017641784275396
-2262500.0,1237500.0,1500,9.804098694055055,True,True,7.817909831962356
-2257500.0,1237500.0,1500,6.497136512296736,True,True,7.5299020486328985
-2252500.0,1237500.0,1500,0.6014435023674554,True,True,6.51997617302343
-2247500.0,1237500.0,1500,-0.24551009343240476,True,True,6.203889474992367
-2242500.0,1237500.0,1500,1.8829809650415141,True,True,5.711995687863446
-2237500.0,1237500.0,1500,1.9621958429878208,True,True,5.008409393408099
-2232500.0,1237500.0,1500,0.4136390510427941,True,True,5.162233896824452
-2227500.0,1237500.0,1500,0.22245371866381825,True,True,5.066534177847411
-2222500.0,1237500.0,1500,3.7754563363904388,True,True,4.566124502484417
-2217500.0,1237500.0,1500,8.936969319676827,True,True,4.253868154268798
-2212500.0,1237500.0,1500,12.769790090130162,True,True,5.749023795551925
-2207500.0,1237500.0,1500,15.97569622502605,True,True,7.139799993061345
-2202500.0,1237500.0,1500,20.332302663154042,True,True,7.131404622119252
-2197500.0,1237500.0,1500,23.336247493638933,False,True,7.693043088556555
-2192500.0,1237500.0,1500,24.392186838384077,False,True,6.673823116735137
-2187500.0,1237500.0,1500,24.402143608725012,False,True,4.491969811834054
-2182500.0,1237500.0,1500,24.55613651295556,False,True,4.299823766973882
-2177500.0,1237500.0,1500,26.458608516152488,False,False,4.769569933050198
-2172500.0,1237500.0,1500,28.223735338866216,False,False,5.037300841588886
-2167500.0,1237500.0,1500,28.82326748627032,False,False,6.109404295488465
-2162500.0,1237500.0,1500,31.012598564044414,False,False,6.775965699933058
-2157500.0,1237500.0,1500,33.07860497666083,False,False,6.739459092278676
-2152500.0,1237500.0,1500,31.003219373538446,False,False,5.628765237565157
-2147500.0,1237500.0,1500,28.71931554012013,False,False,5.336673481656633
-2142500.0,1237500.0,1500,27.53781260987029,False,False,7.253280543146326
-2137500.0,1237500.0,1500,25.890781261940464,False,False,7.271162234836845
-2132500.0,1237500.0,1500,24.56481964179254,False,False,5.520173053816463
-2127500.0,1237500.0,1500,23.01478351571239,False,False,6.787454400487029
-2122500.0,1237500.0,1500,21.850498786879953,False,False,9.099738032233438
-2117500.0,1237500.0,1500,21.68655309358228,False,False,8.991877653869489
-2112500.0,1237500.0,1500,21.177898555396528,False,False,7.937986422060843
-2107500.0,1237500.0,1500,19.64176968092686,False,False,7.791001878141981
-2102500.0,1237500.0,1500,16.888919535293248,False,False,7.983142894020097
-2097500.0,1237500.0,1500,14.465492069085558,False,False,6.623170709500907
-2092500.0,1237500.0,1500,13.746943082473992,False,False,5.487366111617039
-2087500.0,1237500.0,1500,13.92825199251147,False,False,7.0523871794408315
-2082500.0,1237500.0,1500,13.23675017006162,False,False,9.672555383842449
-2077500.0,1237500.0,1500,11.844621884605933,False,False,10.947005946039466
-2072500.0,1237500.0,1500,11.024503224293133,False,False,10.864830802318322
-2067500.0,1237500.0,1500,10.232906936397493,False,False,10.204201286264189
-2062500.0,1237500.0,1500,9.101190936711072,False,False,9.231459835714848
-2057500.0,1237500.0,1500,7.199513531738177,False,False,8.032613950054659
-2052500.0,1237500.0,1500,4.43497889515372,False,False,6.861739109980185
-2047500.0,1237500.0,1500,1.6791555165280276,False,False,6.2062614827003255
-2042500.0,1237500.0,1500,0.9573071527782682,False,False,6.114531113370431
-2037500.0,1237500.0,1500,2.463275328502803,False,False,6.123075182065057
-2032500.0,1237500.0,1500,3.3765214442820133,False,False,6.058661495444116
-2027500.0,1237500.0,1500,3.0901261738679073,False,False,6.116669639799324
-2022500.0,1237500.0,1500,3.511233182093398,False,False,6.159011114941771
-2017500.0,1237500.0,1500,5.699869879633719,False,False,5.062848253464761
-2012500.0,1237500.0,1500,7.532559962894981,False,False,5.843084345111859
-2007500.0,1237500.0,1500,7.977011973079803,False,False,8.567780393456683
-2002500.0,1237500.0,1500,9.565473019370048,False,False,9.975579969772252
-1997500.0,1237500.0,1500,12.702935928957507,False,False,10.790427856335537
-1992500.0,1237500.0,1500,16.222966523110138,False,False,11.317691613084918
-1987500.0,1237500.0,1500,19.78070210820804,False,False,11.72006278938061
-1982500.0,1237500.0,1500,22.531715213434975,False,False,12.062765275740874
-1977500.0,1237500.0,1500,24.976953996212472,False,False,12.365996303101896
-1972500.0,1237500.0,1500,27.104420260596108,False,False,12.636915738938104
-1967500.0,1237500.0,1500,28.583848296950546,False,False,12.88219799849169
-1962500.0,1237500.0,1500,30.628738804940994,False,False,13.100069605841423
-1957500.0,1237500.0,1500,32.19307762037464,False,False,13.274731432043993
-1952500.0,1237500.0,1500,33.626702752699636,False,False,13.36916723673981
-1947500.0,1237500.0,1500,35.72202256189251,False,False,13.284617935167624
-1942500.0,1237500.0,1500,37.67969889400431,False,False,12.781182373408116
-1937500.0,1237500.0,1500,40.462065688455134,False,False,11.318216615209762
-1932500.0,1237500.0,1500,43.478800697403265,False,False,7.6799626884464125
-1927500.0,1237500.0,1500,45.50202221459375,False,False,6.366435134476799
-1922500.0,1237500.0,1500,46.16968551020428,False,False,9.429515818018405
-2447500.0,1242500.0,1500,15.365820509678759,False,False,7.505865926790152
-2442500.0,1242500.0,1500,71.6411808399837,False,False,5.862501590773194
-2412500.0,1242500.0,1500,50.666651496219245,False,False,4.724138584776192
-2407500.0,1242500.0,1500,64.4323933649205,False,False,4.907142187582517
-2402500.0,1242500.0,1500,90.9661298235825,False,False,4.9301873758982815
-2397500.0,1242500.0,1500,64.32654164459699,False,False,4.645233254559479
-2392500.0,1242500.0,1500,83.00782007767123,False,False,5.032915180408028
-2387500.0,1242500.0,1500,87.1319017994797,False,False,5.733401443170357
-2382500.0,1242500.0,1500,76.21833308711957,False,True,6.0146355294946545
-2377500.0,1242500.0,1500,70.47803575839914,False,True,5.661984909741037
-2372500.0,1242500.0,1500,48.87573530148995,False,True,5.6658950830255925
-2367500.0,1242500.0,1500,15.6019471052359,False,True,6.620504945325208
-2362500.0,1242500.0,1500,-5.303102684543136,True,True,7.3771043910528675
-2357500.0,1242500.0,1500,-12.5195003826116,True,True,6.759802344365594
-2352500.0,1242500.0,1500,-14.593544731264341,True,True,5.632403025743629
-2347500.0,1242500.0,1500,-12.748954342735058,True,True,6.038436332060266
-2342500.0,1242500.0,1500,-5.393400790349262,True,True,7.045183087058168
-2337500.0,1242500.0,1500,-0.5612799673089324,True,True,6.264344541846737
-2332500.0,1242500.0,1500,3.8441749425890968,True,True,5.185194689838041
-2327500.0,1242500.0,1500,12.854961676705724,True,True,5.621810796516429
-2322500.0,1242500.0,1500,21.999711381127867,True,True,6.61622325557442
-2317500.0,1242500.0,1500,43.16191514533056,False,True,7.282009017630374
-2312500.0,1242500.0,1500,58.43884927081021,False,True,7.476689737581532
-2307500.0,1242500.0,1500,36.34755961279506,False,True,7.381592974059557
-2302500.0,1242500.0,1500,17.21934165399362,True,True,7.046712317650849
-2297500.0,1242500.0,1500,18.181481870244355,True,True,7.421220555822477
-2292500.0,1242500.0,1500,21.339861587389876,True,True,8.422023639765467
-2287500.0,1242500.0,1500,24.231359302301573,True,True,8.484583863878358
-2282500.0,1242500.0,1500,23.132898853021338,True,True,7.484575809467511
-2277500.0,1242500.0,1500,19.591005954175152,True,True,6.805286728346744
-2272500.0,1242500.0,1500,14.79952417489552,True,True,5.737710854272576
-2267500.0,1242500.0,1500,10.354010756316836,True,True,5.208806914325686
-2262500.0,1242500.0,1500,7.519299157418567,True,True,6.624272289540592
-2257500.0,1242500.0,1500,4.057711158195041,True,True,6.835593297365916
-2252500.0,1242500.0,1500,1.390936736823215,True,True,5.693997550616388
-2247500.0,1242500.0,1500,1.9871720577413459,True,True,5.124525547598486
-2242500.0,1242500.0,1500,1.8095203006139173,True,True,5.209565540229507
-2237500.0,1242500.0,1500,-0.25065574902108806,True,True,5.840708114819789
-2232500.0,1242500.0,1500,-1.8547557314404988,True,True,5.530151482819594
-2227500.0,1242500.0,1500,0.38190160420946484,True,True,4.91733011765859
-2222500.0,1242500.0,1500,5.751013145660127,True,True,5.704197802009854
-2217500.0,1242500.0,1500,10.72945495587392,True,True,5.021758965250996
-2212500.0,1242500.0,1500,13.804353454423262,True,True,5.300237984614916
-2207500.0,1242500.0,1500,15.506764615730605,True,True,6.911434414487211
-2202500.0,1242500.0,1500,19.128211548987625,False,True,7.2294983635216985
-2197500.0,1242500.0,1500,22.738844669922567,False,True,6.951699629129777
-2192500.0,1242500.0,1500,23.90268704592054,False,True,5.07338151587595
-2187500.0,1242500.0,1500,26.09161617107283,False,True,4.27088080156247
-2182500.0,1242500.0,1500,29.285088185271487,False,False,5.691908927369581
-2177500.0,1242500.0,1500,30.242465242636907,False,False,6.6586037100779984
-2172500.0,1242500.0,1500,30.97351851968865,False,False,5.273485465554908
-2167500.0,1242500.0,1500,30.901300495248407,False,False,5.034298562992504
-2162500.0,1242500.0,1500,30.61539132839778,False,False,6.226501904797499
-2157500.0,1242500.0,1500,32.5499809912547,False,False,6.771523972384056
-2152500.0,1242500.0,1500,31.544767731365187,False,False,6.891171402067018
-2147500.0,1242500.0,1500,28.992616315533894,False,False,5.5097174002986495
-2142500.0,1242500.0,1500,28.229481496261027,False,False,5.834549694790594
-2137500.0,1242500.0,1500,26.4783197858814,False,False,7.574433882749812
-2132500.0,1242500.0,1500,24.884342441971004,False,False,6.4408981569216355
-2127500.0,1242500.0,1500,23.55634239721955,False,False,5.383214851604762
-2122500.0,1242500.0,1500,20.49130200279586,False,False,7.094594573108416
-2117500.0,1242500.0,1500,19.428360633991453,False,False,7.958464089806841
-2112500.0,1242500.0,1500,19.528176234004828,False,False,7.60260811487202
-2107500.0,1242500.0,1500,17.22807155271905,False,False,7.449693776586238
-2102500.0,1242500.0,1500,15.014150585127414,False,False,6.26015854955384
-2097500.0,1242500.0,1500,13.228185294306305,False,False,5.474696799545687
-2092500.0,1242500.0,1500,12.444716572016482,False,False,7.401450486381461
-2087500.0,1242500.0,1500,13.510381148031907,False,False,10.1203255721609
-2082500.0,1242500.0,1500,13.482161299030029,False,False,11.750143344951503
-2077500.0,1242500.0,1500,12.208739264411006,False,False,12.499203728958069
-2072500.0,1242500.0,1500,11.890467790466797,False,False,12.64594057656138
-2067500.0,1242500.0,1500,10.886165908242162,False,False,12.456516876997895
-2062500.0,1242500.0,1500,9.345385907226092,False,False,12.101168169404904
-2057500.0,1242500.0,1500,8.104733758439,False,False,11.621122420722429
-2052500.0,1242500.0,1500,5.437649240105643,False,False,10.999640471360053
-2047500.0,1242500.0,1500,3.4144889235309988,False,False,10.201895463167014
-2042500.0,1242500.0,1500,3.0254276109210174,False,False,9.248128189567206
-2037500.0,1242500.0,1500,3.641751550427689,False,False,8.197835207654945
-2032500.0,1242500.0,1500,4.538708496516275,False,False,7.107998264504188
-2027500.0,1242500.0,1500,3.491541197514927,False,False,6.164705448702022
-2022500.0,1242500.0,1500,2.9448672860961094,False,False,5.196333749096732
-2017500.0,1242500.0,1500,4.592277364690021,False,False,4.536244019849706
-2012500.0,1242500.0,1500,6.5153375439975,False,False,5.108195428777958
-2007500.0,1242500.0,1500,7.875358142696226,False,False,5.873382222972589
-2002500.0,1242500.0,1500,10.245385121539604,False,False,6.1935345998832245
-1997500.0,1242500.0,1500,14.553616421958836,False,False,6.834972232013907
-1992500.0,1242500.0,1500,19.227554312356414,False,False,7.732374271765668
-1987500.0,1242500.0,1500,22.792650245615217,False,False,8.65736116500447
-1982500.0,1242500.0,1500,25.44778909601165,False,False,9.530382615889563
-1977500.0,1242500.0,1500,28.168414684579236,False,False,10.288309099664795
-1972500.0,1242500.0,1500,30.06702764765409,False,False,10.905649389859713
-1967500.0,1242500.0,1500,31.11170054011767,False,False,11.418346688487077
-1962500.0,1242500.0,1500,32.703158543899875,False,False,11.845933760097319
-1957500.0,1242500.0,1500,34.11974413867787,False,False,12.197643924250999
-1952500.0,1242500.0,1500,35.18459127495152,False,False,12.45463399392178
-1947500.0,1242500.0,1500,37.55480214804421,False,False,12.521083066058821
-1942500.0,1242500.0,1500,39.44979405290261,False,False,12.091273919529575
-1937500.0,1242500.0,1500,41.81651482281199,False,False,10.50815248244916
-1932500.0,1242500.0,1500,45.93248452208669,False,False,6.795056087941796
-1927500.0,1242500.0,1500,47.52923823895522,False,False,6.449932979100636
-1922500.0,1242500.0,1500,48.016553020386965,False,False,10.01734889288905
-2447500.0,1247500.0,1500,45.87788353892024,False,False,5.971642916917724
-2442500.0,1247500.0,1500,95.42165727906252,False,False,5.196423921228414
-2417500.0,1247500.0,1500,113.97681969910889,False,False,4.844584463376785
-2412500.0,1247500.0,1500,42.31311795458885,False,False,5.409996207937828
-2407500.0,1247500.0,1500,56.14690795699509,False,False,5.358462971394516
-2402500.0,1247500.0,1500,73.76771438788279,False,False,4.596714531550641
-2397500.0,1247500.0,1500,52.742226612039744,False,False,4.173512135527771
-2392500.0,1247500.0,1500,75.81053962503626,False,False,5.197945789757315
-2387500.0,1247500.0,1500,94.14428512060191,False,False,5.671194683105322
-2382500.0,1247500.0,1500,72.38152011648884,False,True,5.429427873853706
-2377500.0,1247500.0,1500,65.2702740467622,False,True,5.301698826085654
-2372500.0,1247500.0,1500,58.952482170611965,False,True,6.06371475710727
-2367500.0,1247500.0,1500,23.59955407316356,False,True,7.650203656678636
-2362500.0,1247500.0,1500,-0.029732964932055683,True,True,7.96013974854726
-2357500.0,1247500.0,1500,-10.680669778498409,True,True,6.29298277466237
-2352500.0,1247500.0,1500,-13.043477045228508,True,True,5.74461276944343
-2347500.0,1247500.0,1500,-9.134056158882135,True,True,6.977590580238085
-2342500.0,1247500.0,1500,-4.452814286701518,True,True,7.643152196619174
-2337500.0,1247500.0,1500,-0.38564596193645734,True,True,7.102129564825955
-2332500.0,1247500.0,1500,4.126240342165162,True,True,6.579390870834147
-2327500.0,1247500.0,1500,11.161730689935643,True,True,6.811404006978583
-2322500.0,1247500.0,1500,22.22010554407381,True,True,7.553733515476197
-2317500.0,1247500.0,1500,40.50222239735321,False,True,8.095159805339435
-2312500.0,1247500.0,1500,54.125234424169356,False,True,7.616189157699613
-2307500.0,1247500.0,1500,40.942094218096635,False,True,6.986405258966637
-2302500.0,1247500.0,1500,21.94877266551908,False,True,7.231876231483392
-2297500.0,1247500.0,1500,16.938395786740323,True,True,8.44368506206995
-2292500.0,1247500.0,1500,17.74115743169492,True,True,9.150649673308333
-2287500.0,1247500.0,1500,20.12307364668941,True,True,8.367360110140103
-2282500.0,1247500.0,1500,20.834588790113674,True,True,7.166025309716875
-2277500.0,1247500.0,1500,19.53131497453782,True,True,7.41120309356902
-2272500.0,1247500.0,1500,15.073706408574353,True,True,7.713109670885256
-2267500.0,1247500.0,1500,10.089804106723138,True,True,5.858991844432355
-2262500.0,1247500.0,1500,6.144643121721393,True,True,5.076263984753612
-2257500.0,1247500.0,1500,3.4461379645000227,True,True,5.156620003363347
-2252500.0,1247500.0,1500,3.172112219928674,True,True,4.833771751919263
-2247500.0,1247500.0,1500,2.8214961940636605,True,True,5.745091595446889
-2242500.0,1247500.0,1500,0.8056064426997785,True,True,6.972078517982639
-2237500.0,1247500.0,1500,-1.1984977176846585,True,True,6.7448580011455475
-2232500.0,1247500.0,1500,-0.4313982717355029,True,True,5.577455804269675
-2227500.0,1247500.0,1500,3.9445110018592784,True,True,6.454732550674744
-2222500.0,1247500.0,1500,9.342368051105899,True,True,7.898837195158197
-2217500.0,1247500.0,1500,14.183606012164441,True,True,5.930613414186194
-2212500.0,1247500.0,1500,16.24796782825075,True,True,5.07089487178752
-2207500.0,1247500.0,1500,16.769426151196484,True,True,6.54190557727304
-2202500.0,1247500.0,1500,20.121913594755675,False,True,6.15769474634328
-2197500.0,1247500.0,1500,23.75942819433351,False,True,4.936968364095146
-2192500.0,1247500.0,1500,25.945934287721663,False,True,4.27458329418332
-2187500.0,1247500.0,1500,30.353866790417964,False,True,5.400893305584145
-2182500.0,1247500.0,1500,33.99911424835013,False,False,7.288295744974806
-2177500.0,1247500.0,1500,33.31373870382481,False,False,8.144105076037022
-2172500.0,1247500.0,1500,32.37100849229136,False,False,6.453536276368352
-2167500.0,1247500.0,1500,31.430761672693155,False,False,4.692265763643406
-2162500.0,1247500.0,1500,29.334968883898465,False,False,5.463332692341563
-2157500.0,1247500.0,1500,29.7153839066797,False,False,6.536436197536313
-2152500.0,1247500.0,1500,29.934381971638242,False,False,6.1740367098293945
-2147500.0,1247500.0,1500,29.996092621617244,False,False,5.007025951478722
-2142500.0,1247500.0,1500,30.19471680751377,False,False,4.597006258638565
-2137500.0,1247500.0,1500,30.15757721383134,False,False,6.055750688812621
-2132500.0,1247500.0,1500,29.7115439761252,False,False,7.0927345501855115
-2127500.0,1247500.0,1500,26.64076568090618,False,False,5.715340849839371
-2122500.0,1247500.0,1500,21.88597677813723,False,False,5.384629220313191
-2117500.0,1247500.0,1500,18.39312209293165,False,False,6.726907898280676
-2112500.0,1247500.0,1500,18.305506038129955,False,False,7.432604667986327
-2107500.0,1247500.0,1500,17.074177290790356,False,False,6.19626999727132
-2102500.0,1247500.0,1500,15.412431487455681,False,False,5.363246962444451
-2097500.0,1247500.0,1500,14.644214657398669,False,False,7.533833638496878
-2092500.0,1247500.0,1500,13.776131657487419,False,False,10.228231890325258
-2087500.0,1247500.0,1500,14.15902150104745,False,False,11.795137304723935
-2082500.0,1247500.0,1500,14.15331112760604,False,False,12.670581549356225
-2077500.0,1247500.0,1500,13.064601517512104,False,False,13.12509718796867
-2072500.0,1247500.0,1500,12.422974587357277,False,False,13.305618657326551
-2067500.0,1247500.0,1500,11.650863811276615,False,False,13.321472567440939
-2062500.0,1247500.0,1500,10.193311073776746,False,False,13.231077578836505
-2057500.0,1247500.0,1500,8.840684161431254,False,False,13.058677465717262
-2052500.0,1247500.0,1500,7.365433455983055,False,False,12.810426993200482
-2047500.0,1247500.0,1500,5.8314695324094,False,False,12.490687304411084
-2042500.0,1247500.0,1500,5.427455732012608,False,False,12.10086662917508
-2037500.0,1247500.0,1500,5.539658906624931,False,False,11.600983092771198
-2032500.0,1247500.0,1500,5.539790518330561,False,False,10.855269053067579
-2027500.0,1247500.0,1500,4.794375184714079,False,False,9.552585006336326
-2022500.0,1247500.0,1500,3.939807516672958,False,False,6.855645728127057
-2017500.0,1247500.0,1500,4.698290244316132,False,False,5.614520725993055
-2012500.0,1247500.0,1500,6.7657197041280925,False,False,6.687674253822275
-2007500.0,1247500.0,1500,9.195279332822441,False,False,6.881166015840549
-2002500.0,1247500.0,1500,12.154079711463481,False,False,6.389415028505832
-1997500.0,1247500.0,1500,16.720995337215474,False,False,6.151801272654969
-1992500.0,1247500.0,1500,21.89258356052734,False,False,6.161138800578232
-1987500.0,1247500.0,1500,25.223724037218393,False,False,6.1697003511947734
-1982500.0,1247500.0,1500,28.242637731560702,False,False,6.13557418212348
-1977500.0,1247500.0,1500,31.27041443354408,False,False,6.223165773988682
-1972500.0,1247500.0,1500,32.621872598651976,False,False,6.692452639289721
-1967500.0,1247500.0,1500,34.013551205661535,False,False,7.541229563635897
-1962500.0,1247500.0,1500,34.996616555999914,False,False,8.497996161435246
-1957500.0,1247500.0,1500,35.42891581651766,False,False,9.386466534763143
-1952500.0,1247500.0,1500,36.90087850068505,False,False,10.126836353342881
-1947500.0,1247500.0,1500,38.32654829535177,False,False,10.609494429979106
-1942500.0,1247500.0,1500,39.69975346896267,False,False,10.539670541029317
-1937500.0,1247500.0,1500,42.32787584030921,False,False,9.051012622234527
-1932500.0,1247500.0,1500,46.04978066370432,False,False,6.032478827554399
-1927500.0,1247500.0,1500,48.540249057257626,False,False,6.772323373425865
-1922500.0,1247500.0,1500,49.53674631484405,False,False,10.122603876331183
-2447500.0,1252500.0,1500,114.09210090265965,False,False,5.053526512714953
-2442500.0,1252500.0,1500,130.49045954344197,False,False,5.303127039585481
-2417500.0,1252500.0,1500,116.79312478155266,False,False,5.145454065983157
-2412500.0,1252500.0,1500,54.257995085048144,False,False,6.037035871010681
-2407500.0,1252500.0,1500,65.07882248471462,False,False,5.753749035009518
-2402500.0,1252500.0,1500,77.09063782870437,False,False,4.79422680797003
-2397500.0,1252500.0,1500,47.20210672695,False,False,4.153881398515814
-2392500.0,1252500.0,1500,57.21886245852656,False,False,4.643503867049553
-2387500.0,1252500.0,1500,91.64122634060267,False,True,4.647717003416149
-2382500.0,1252500.0,1500,83.18944110333405,False,True,4.327060362160094
-2377500.0,1252500.0,1500,63.45340012263414,False,True,5.262347849073263
-2372500.0,1252500.0,1500,52.17629702661436,False,True,6.935795146707326
-2367500.0,1252500.0,1500,20.948767652199024,False,True,8.36309552544084
-2362500.0,1252500.0,1500,0.6554630699325686,True,True,7.46240838070269
-2357500.0,1252500.0,1500,-7.043358863235527,True,True,5.788130833323856
-2352500.0,1252500.0,1500,-9.786522138035572,True,True,6.351664036355699
-2347500.0,1252500.0,1500,-7.242186086516187,True,True,7.738875562162819
-2342500.0,1252500.0,1500,-4.061272213458856,True,True,8.175815541811096
-2337500.0,1252500.0,1500,-0.31288620899903463,True,True,7.8727017492519
-2332500.0,1252500.0,1500,4.464559739206353,True,True,7.174980337275892
-2327500.0,1252500.0,1500,11.21936802142035,True,True,7.140014277356639
-2322500.0,1252500.0,1500,22.416654202409394,True,True,8.072958129143842
-2317500.0,1252500.0,1500,35.74528766430151,False,True,8.269267321949798
-2312500.0,1252500.0,1500,47.171202355591575,False,True,7.3153041477031495
-2307500.0,1252500.0,1500,41.61997935559154,False,True,6.901578409585139
-2302500.0,1252500.0,1500,26.11616475341097,True,True,7.85457981752113
-2297500.0,1252500.0,1500,18.925849453578447,True,True,9.023913492404455
-2292500.0,1252500.0,1500,17.417164954472476,True,True,8.805352984523779
-2287500.0,1252500.0,1500,18.298892635178593,True,True,7.623193201280554
-2282500.0,1252500.0,1500,19.02479543045727,True,True,7.268568385976772
-2277500.0,1252500.0,1500,19.358294479333292,True,True,8.23885533057548
-2272500.0,1252500.0,1500,15.974912409739957,True,True,8.55845734116025
-2267500.0,1252500.0,1500,10.376715774062408,True,True,6.430209914902513
-2262500.0,1252500.0,1500,6.141800512522936,True,True,4.286805215049431
-2257500.0,1252500.0,1500,4.099142877580114,True,True,4.312252676966011
-2252500.0,1252500.0,1500,3.327933942154457,True,True,6.010670233225562
-2247500.0,1252500.0,1500,1.7215868124257452,True,True,7.868635199105192
-2242500.0,1252500.0,1500,-0.7778486867340756,True,True,7.814544068997343
-2237500.0,1252500.0,1500,-1.8337403296886188,True,True,6.672355403619109
-2232500.0,1252500.0,1500,1.1812846699851085,True,True,7.051792848774042
-2227500.0,1252500.0,1500,7.370312014790044,True,True,8.60686944041034
-2222500.0,1252500.0,1500,13.392530599180143,True,True,8.800775067651543
-2217500.0,1252500.0,1500,17.80043524760679,True,True,6.288066197929886
-2212500.0,1252500.0,1500,19.3270317365726,True,True,4.789592493539454
-2207500.0,1252500.0,1500,20.332727711588124,True,True,5.192696471160133
-2202500.0,1252500.0,1500,23.530776297424186,False,True,4.95129828685205
-2197500.0,1252500.0,1500,26.051308550274165,False,True,4.258774376213865
-2192500.0,1252500.0,1500,29.01433684395814,False,True,4.703643126105224
-2187500.0,1252500.0,1500,33.56479771590991,False,True,6.52843123680401
-2182500.0,1252500.0,1500,35.457151781374904,False,False,7.889858774504382
-2177500.0,1252500.0,1500,33.97573286091194,False,False,8.176828732220718
-2172500.0,1252500.0,1500,32.153660294521885,False,False,7.2060876074582785
-2167500.0,1252500.0,1500,31.096147974965472,False,False,5.334772820588379
-2162500.0,1252500.0,1500,29.501342534056814,False,False,4.955229407930631
-2157500.0,1252500.0,1500,28.05443773682544,False,False,6.095335550752903
-2152500.0,1252500.0,1500,28.243022102534887,False,False,6.05129150757748
-2147500.0,1252500.0,1500,30.11711251559032,False,False,5.825268914407342
-2142500.0,1252500.0,1500,29.420790447946864,False,False,5.428039980583923
-2137500.0,1252500.0,1500,28.870964800230666,False,False,5.008753647551519
-2132500.0,1252500.0,1500,30.639651107069042,False,False,5.492291209633502
-2127500.0,1252500.0,1500,28.94394701494776,False,False,5.386343618334108
-2122500.0,1252500.0,1500,25.084684998029765,False,False,4.90595621957935
-2117500.0,1252500.0,1500,20.411421145427177,False,False,5.903398074991838
-2112500.0,1252500.0,1500,18.607555550860972,False,False,7.10924548205562
-2107500.0,1252500.0,1500,19.431646175585957,False,False,6.433498868365442
-2102500.0,1252500.0,1500,17.908087594959774,False,False,7.05601621070875
-2097500.0,1252500.0,1500,17.21102099380309,False,False,9.48408428892751
-2092500.0,1252500.0,1500,16.755486515708114,False,False,10.991557185531688
-2087500.0,1252500.0,1500,15.131707610341362,False,False,11.941211739574772
-2082500.0,1252500.0,1500,15.320338762067024,False,False,12.55031996424523
-2077500.0,1252500.0,1500,14.674332339458342,False,False,12.94730075280781
-2072500.0,1252500.0,1500,13.356981569573609,False,False,13.199268226629496
-2067500.0,1252500.0,1500,13.310993253745707,False,False,13.345611514741654
-2062500.0,1252500.0,1500,12.087982116591753,False,False,13.41861391409234
-2057500.0,1252500.0,1500,10.335423062518357,False,False,13.437768305955554
-2052500.0,1252500.0,1500,9.836921223622555,False,False,13.40986986887252
-2047500.0,1252500.0,1500,8.548097567117566,False,False,13.326108253787194
-2042500.0,1252500.0,1500,7.791663793523529,False,False,13.159285305499797
-2037500.0,1252500.0,1500,8.526596610295641,False,False,12.824062967158943
-2032500.0,1252500.0,1500,7.779243378055791,False,False,12.071921305590926
-2027500.0,1252500.0,1500,7.436278651269704,False,False,10.380488051847614
-2022500.0,1252500.0,1500,7.689873432436059,False,False,6.930424709267955
-2017500.0,1252500.0,1500,7.796851234881388,False,False,6.5038870156131665
-2012500.0,1252500.0,1500,9.88223168034833,False,False,9.409689966952602
-2007500.0,1252500.0,1500,12.434891118627501,False,False,10.611579704942272
-2002500.0,1252500.0,1500,14.95350515240164,False,False,10.563741173027445
-1997500.0,1252500.0,1500,19.017209656269017,False,False,10.027272378320157
-1992500.0,1252500.0,1500,23.263917977751433,False,False,9.278516982144865
-1987500.0,1252500.0,1500,26.438640487352497,False,False,8.389591123402571
-1982500.0,1252500.0,1500,29.823498650297847,False,False,7.4267144035435
-1977500.0,1252500.0,1500,32.62592135245022,False,False,6.612727919321172
-1972500.0,1252500.0,1500,34.00065567057831,False,False,6.209999446163586
-1967500.0,1252500.0,1500,35.52812299210444,False,False,6.165132950502622
-1962500.0,1252500.0,1500,36.17583437356706,False,False,6.197260137011291
-1957500.0,1252500.0,1500,36.6407267578192,False,False,6.1589620098594136
-1952500.0,1252500.0,1500,38.610828988880826,False,False,6.163129226679356
-1947500.0,1252500.0,1500,39.05988166700576,False,False,6.443306223320882
-1942500.0,1252500.0,1500,39.46332899470309,False,False,6.8947021502746475
-1937500.0,1252500.0,1500,42.06446831441349,False,False,6.209796495831031
-1932500.0,1252500.0,1500,44.95590583253221,False,False,5.265897087190047
-1927500.0,1252500.0,1500,48.643636914276904,False,False,6.915522761522641
-1922500.0,1252500.0,1500,50.66356599836165,False,False,9.010016870626178
-2412500.0,1257500.0,1500,59.04061356706683,False,False,5.139563322244972
-2407500.0,1257500.0,1500,46.85181438911389,False,False,5.010174077760734
-2402500.0,1257500.0,1500,75.31912187304408,False,False,5.087471451251111
-2397500.0,1257500.0,1500,48.48562801055065,False,False,4.160275379423512
-2392500.0,1257500.0,1500,55.72947881680656,False,False,3.6934993673927328
-2387500.0,1257500.0,1500,80.00293021597183,False,True,4.208643321812234
-2382500.0,1257500.0,1500,78.3192459840768,False,True,4.869140860773083
-2377500.0,1257500.0,1500,55.62966449468788,False,True,6.315394448357044
-2372500.0,1257500.0,1500,31.099213320647234,False,True,7.815881486756377
-2367500.0,1257500.0,1500,16.234139378176625,True,True,8.17837689040823
-2362500.0,1257500.0,1500,4.022619568381243,True,True,6.325263144572986
-2357500.0,1257500.0,1500,-3.1245185273100584,True,True,5.633645010244713
-2352500.0,1257500.0,1500,-6.69902406821931,True,True,7.246653918948571
-2347500.0,1257500.0,1500,-6.933729623801976,True,True,8.164680316608601
-2342500.0,1257500.0,1500,-3.5485004576624486,True,True,8.150721317644098
-2337500.0,1257500.0,1500,0.47167393790478584,True,True,7.436253089992779
-2332500.0,1257500.0,1500,5.1624463477144085,True,True,7.020220144108661
-2327500.0,1257500.0,1500,13.218441340746224,True,True,7.515521081570862
-2322500.0,1257500.0,1500,24.357561798383983,False,True,8.205772619458124
-2317500.0,1257500.0,1500,39.57326254014589,False,True,7.78979533130131
-2312500.0,1257500.0,1500,48.02021052400909,False,True,6.77190989820842
-2307500.0,1257500.0,1500,38.81220580845653,False,True,7.18236935588617
-2302500.0,1257500.0,1500,26.490989081288653,True,True,8.394113838008337
-2297500.0,1257500.0,1500,21.122619478007124,True,True,8.723034536749987
-2292500.0,1257500.0,1500,19.768569004697188,True,True,7.782742019336266
-2287500.0,1257500.0,1500,21.885744086848327,True,True,6.9820609847127475
-2282500.0,1257500.0,1500,22.908207549516824,False,True,7.555653448344589
-2277500.0,1257500.0,1500,20.78469179567027,True,True,8.123926130300779
-2272500.0,1257500.0,1500,16.13585076816084,True,True,6.9468987867601255
-2267500.0,1257500.0,1500,10.118168583007007,True,True,5.297546653268307
-2262500.0,1257500.0,1500,5.999028915519392,True,True,4.6495838576340764
-2257500.0,1257500.0,1500,4.111590862172163,True,True,4.761932902165689
-2252500.0,1257500.0,1500,2.2194624763487734,True,True,6.5653863847860645
-2247500.0,1257500.0,1500,0.5401438564764436,True,True,8.077766565910734
-2242500.0,1257500.0,1500,-0.8195041186660225,True,True,7.174235824575621
-2237500.0,1257500.0,1500,-0.6963895258179037,True,True,6.868882442413895
-2232500.0,1257500.0,1500,3.5933361289467665,True,True,8.205372975306535
-2227500.0,1257500.0,1500,10.152971893529756,True,True,9.029786803372755
-2222500.0,1257500.0,1500,16.88478061961953,True,True,8.198911108425737
-2217500.0,1257500.0,1500,20.9359731449327,True,True,5.703647355074092
-2212500.0,1257500.0,1500,22.36452269366488,True,True,4.15383958932904
-2207500.0,1257500.0,1500,24.940593516132516,True,True,4.955861452717835
-2202500.0,1257500.0,1500,27.320974459321054,False,True,5.495779197471684
-2197500.0,1257500.0,1500,28.27838153282493,False,True,4.9542847964524
-2192500.0,1257500.0,1500,30.732935851330716,False,True,5.554816054934706
-2187500.0,1257500.0,1500,33.699944754877585,False,True,7.005034283926028
-2182500.0,1257500.0,1500,34.31424315304486,False,False,7.00199624799337
-2177500.0,1257500.0,1500,33.11341875623258,False,False,5.958915980463753
-2172500.0,1257500.0,1500,31.725313484947083,False,False,5.941438197094585
-2167500.0,1257500.0,1500,31.030042205916295,False,False,6.180002137801276
-2162500.0,1257500.0,1500,29.881877087295653,False,False,5.165636127107695
-2157500.0,1257500.0,1500,27.279695574917568,False,False,5.44174206856325
-2152500.0,1257500.0,1500,26.373937631118256,False,False,6.951609763364764
-2147500.0,1257500.0,1500,26.82359328305445,False,False,7.880276365637254
-2142500.0,1257500.0,1500,24.372087031112674,False,False,8.039413058495425
-2137500.0,1257500.0,1500,22.492559887052007,False,False,7.0200907467479094
-2132500.0,1257500.0,1500,24.770197071567786,False,False,6.2306982068017
-2127500.0,1257500.0,1500,25.792349025845912,False,False,5.930863731407423
-2122500.0,1257500.0,1500,24.657203872890136,False,False,5.6733593900053005
-2117500.0,1257500.0,1500,21.911442350551983,False,False,5.850303997628932
-2112500.0,1257500.0,1500,20.146176917714655,False,False,5.813370178169701
-2107500.0,1257500.0,1500,22.526766497485813,False,False,5.8103404432477985
-2102500.0,1257500.0,1500,21.116199081591837,False,False,6.6221295327631875
-2097500.0,1257500.0,1500,19.20627787079284,False,False,7.985374053947203
-2092500.0,1257500.0,1500,19.672754998960606,False,False,9.272457304670523
-2087500.0,1257500.0,1500,17.04309888872357,False,False,10.297784763421902
-2082500.0,1257500.0,1500,16.311556496743567,False,False,11.084860381276725
-2077500.0,1257500.0,1500,16.498326016863974,False,False,11.686539195460865
-2072500.0,1257500.0,1500,15.12889154605189,False,False,12.15376376347324
-2067500.0,1257500.0,1500,15.688162202414514,False,False,12.520346848964573
-2062500.0,1257500.0,1500,14.983891278955223,False,False,12.808257069382787
-2057500.0,1257500.0,1500,13.084864144448009,False,False,13.031513891519182
-2052500.0,1257500.0,1500,12.678915986419929,False,False,13.192466206923914
-2047500.0,1257500.0,1500,11.469485084987513,False,False,13.280247500745597
-2042500.0,1257500.0,1500,10.434208299277989,False,False,13.259304478224005
-2037500.0,1257500.0,1500,11.15883858518146,False,False,13.013121135226594
-2032500.0,1257500.0,1500,11.07608591706865,False,False,12.176552890921384
-2027500.0,1257500.0,1500,11.104332192961062,False,False,10.035673831384058
-2022500.0,1257500.0,1500,12.150989428610545,False,False,6.616393301100741
-2017500.0,1257500.0,1500,12.224960142388849,False,False,7.146323159471649
-2012500.0,1257500.0,1500,13.641373423776075,False,False,10.695200732167669
-2007500.0,1257500.0,1500,15.979484500724178,False,False,12.148932797206275
-2002500.0,1257500.0,1500,17.87600069820006,False,False,12.517161236333465
-1997500.0,1257500.0,1500,21.217515323663218,False,False,12.441559004306672
-1992500.0,1257500.0,1500,24.406337971825867,False,False,12.198046555602057
-1987500.0,1257500.0,1500,27.0933966465495,False,False,11.861963458728937
-1982500.0,1257500.0,1500,30.25970952999937,False,False,11.437655411441566
-1977500.0,1257500.0,1500,32.4971505153181,False,False,10.915940789999928
-1972500.0,1257500.0,1500,34.35221325367234,False,False,10.276703466574316
-1967500.0,1257500.0,1500,36.07011924933436,False,False,9.504351609626395
-1962500.0,1257500.0,1500,36.657530055032524,False,False,8.606397892852302
-1957500.0,1257500.0,1500,38.02225592811713,False,False,7.606456868407239
-1952500.0,1257500.0,1500,39.970272426892876,False,False,6.65173672095772
-1947500.0,1257500.0,1500,40.59676607053531,False,False,5.95815129378584
-1942500.0,1257500.0,1500,41.69872362748898,False,False,5.317773381880746
-1937500.0,1257500.0,1500,43.43006985116499,False,False,4.414357904322197
-1932500.0,1257500.0,1500,45.4070786242896,False,False,4.454970461853676
-1927500.0,1257500.0,1500,48.78194267179113,False,False,5.341395679241079
-1922500.0,1257500.0,1500,50.94556730720873,False,False,5.827347204191762
-2422500.0,1262500.0,1500,127.73760735497322,False,False,4.6604892427758635
-2412500.0,1262500.0,1500,55.519658836679625,False,False,4.7430958170745185
-2407500.0,1262500.0,1500,22.10803866521907,False,False,4.538807443248233
-2402500.0,1262500.0,1500,58.962723073715345,False,False,4.5782552465889115
-2397500.0,1262500.0,1500,45.61013779668837,False,False,3.933282568165632
-2392500.0,1262500.0,1500,52.19748347722966,False,True,4.009893792523514
-2387500.0,1262500.0,1500,64.7410108449687,False,True,5.0693243261936045
-2382500.0,1262500.0,1500,65.21140720216401,False,True,6.2142023916800735
-2377500.0,1262500.0,1500,47.87601468296873,False,True,7.5472420582018875
-2372500.0,1262500.0,1500,24.96229535965196,True,True,8.155350884221097
-2367500.0,1262500.0,1500,17.052285508010648,True,True,7.006163492361543
-2362500.0,1262500.0,1500,6.555320069563003,True,True,5.516552880447923
-2357500.0,1262500.0,1500,-0.6983008144020142,True,True,6.227639168475864
-2352500.0,1262500.0,1500,-4.837554600056523,True,True,7.865404621289585
-2347500.0,1262500.0,1500,-5.800433761848149,True,True,8.29334312360298
-2342500.0,1262500.0,1500,-2.1172865699612577,True,True,7.744945575301743
-2337500.0,1262500.0,1500,2.805416498472017,True,True,7.124987509357593
-2332500.0,1262500.0,1500,8.471838917603565,True,True,7.342651140196944
-2327500.0,1262500.0,1500,15.569776829760611,True,True,7.925167915822289
-2322500.0,1262500.0,1500,22.02743178250579,True,True,8.07922900648236
-2317500.0,1262500.0,1500,34.201916097197646,True,True,7.269114593524637
-2312500.0,1262500.0,1500,46.97438528318755,False,True,6.4348370683257645
-2307500.0,1262500.0,1500,40.53209154436804,False,True,7.026535481665267
-2302500.0,1262500.0,1500,27.65753926391605,False,True,7.727780342792536
-2297500.0,1262500.0,1500,23.786285517840824,True,True,7.444838819065577
-2292500.0,1262500.0,1500,27.355227329872765,True,True,6.604071620418858
-2287500.0,1262500.0,1500,33.15867871220026,False,True,6.315956786001851
-2282500.0,1262500.0,1500,30.665112176523774,False,True,6.686729248995489
-2277500.0,1262500.0,1500,23.156169222835416,True,True,6.057482130672035
-2272500.0,1262500.0,1500,15.010172198549707,True,True,4.725755588313106
-2267500.0,1262500.0,1500,7.969647564441698,True,True,4.502310947743753
-2262500.0,1262500.0,1500,5.387849873016695,True,True,5.226708033946247
-2257500.0,1262500.0,1500,4.831174478756137,True,True,4.845476056951682
-2252500.0,1262500.0,1500,2.7386234382722567,True,True,5.05403673365204
-2247500.0,1262500.0,1500,0.3657498130840711,True,True,6.158471638403524
-2242500.0,1262500.0,1500,0.22194306332420977,True,True,6.000227508631731
-2237500.0,1262500.0,1500,2.778019629202384,True,True,6.314621906533488
-2232500.0,1262500.0,1500,7.722540379199082,True,True,7.186975465528649
-2227500.0,1262500.0,1500,13.838148727771786,True,True,7.294219385009706
-2222500.0,1262500.0,1500,20.097005181367667,True,True,6.060064357118058
-2217500.0,1262500.0,1500,24.536696538975157,True,True,4.50568778164261
-2212500.0,1262500.0,1500,27.538449432892648,True,True,4.074633458279511
-2207500.0,1262500.0,1500,30.789034163626223,True,True,5.944771829894236
-2202500.0,1262500.0,1500,31.72395160977388,False,True,6.883557523676921
-2197500.0,1262500.0,1500,31.444735122585183,False,True,6.021078333535376
-2192500.0,1262500.0,1500,32.26645969327176,False,True,6.350447346767188
-2187500.0,1262500.0,1500,32.89478258931785,False,True,6.036811884621636
-2182500.0,1262500.0,1500,33.16838951448789,False,False,5.286465719670368
-2177500.0,1262500.0,1500,32.385975570252945,False,False,5.186781970141309
-2172500.0,1262500.0,1500,31.497781212607254,False,False,6.0379201796672355
-2167500.0,1262500.0,1500,30.917830794856265,False,False,7.367812328825706
-2162500.0,1262500.0,1500,28.44174637715055,False,False,6.467246452516767
-2157500.0,1262500.0,1500,25.160805041177962,False,False,5.18865674360913
-2152500.0,1262500.0,1500,23.07019340503015,False,False,6.243319317980037
-2147500.0,1262500.0,1500,21.358223850968642,False,False,8.033607055342449
-2142500.0,1262500.0,1500,19.32042649122708,False,False,9.273095707088894
-2137500.0,1262500.0,1500,18.262068527141107,False,False,9.412925954747694
-2132500.0,1262500.0,1500,19.40770293828658,False,False,8.61525344677527
-2127500.0,1262500.0,1500,20.515755623608978,False,False,7.556255089494779
-2122500.0,1262500.0,1500,20.494773861700292,False,False,7.300373418230441
-2117500.0,1262500.0,1500,20.225224629740612,False,False,7.575775591311025
-2112500.0,1262500.0,1500,20.468566535325696,False,False,7.146329505694835
-2107500.0,1262500.0,1500,22.81887746989717,False,False,6.529038511493132
-2102500.0,1262500.0,1500,22.506890275006423,False,False,6.341676483817128
-2097500.0,1262500.0,1500,20.985599479461087,False,False,6.327747965802035
-2092500.0,1262500.0,1500,21.266338316600173,False,False,6.330752200785815
-2087500.0,1262500.0,1500,18.784024222077452,False,False,6.5563120658205385
-2082500.0,1262500.0,1500,16.98398073967667,False,False,7.284703072120937
-2077500.0,1262500.0,1500,17.91151749584864,False,False,8.353866889963387
-2072500.0,1262500.0,1500,17.795833239046825,False,False,9.410910183631687
-2067500.0,1262500.0,1500,17.622848352238776,False,False,10.289705625888736
-2062500.0,1262500.0,1500,17.710075452497062,False,False,10.985688253595447
-2057500.0,1262500.0,1500,16.02290034651922,False,False,11.541576695893216
-2052500.0,1262500.0,1500,14.724354562645212,False,False,11.988338043941297
-2047500.0,1262500.0,1500,14.13744585890962,False,False,12.333995421251599
-2042500.0,1262500.0,1500,13.223647802592817,False,False,12.545038889560388
-2037500.0,1262500.0,1500,13.322278192310796,False,False,12.479132774364311
-2032500.0,1262500.0,1500,14.079554978928911,False,False,11.674019122367337
-2027500.0,1262500.0,1500,14.363212966992153,False,False,9.18451017482455
-2022500.0,1262500.0,1500,15.275470983870557,False,False,6.507873192878184
-2017500.0,1262500.0,1500,16.529701799511436,False,False,8.01797215694144
-2012500.0,1262500.0,1500,16.988877408652666,False,False,11.39823193041655
-2007500.0,1262500.0,1500,18.591077052567016,False,False,12.780873429122028
-2002500.0,1262500.0,1500,20.885551477758494,False,False,13.270179656108505
-1997500.0,1262500.0,1500,22.84115451048576,False,False,13.391177682641798
-1992500.0,1262500.0,1500,25.4775079021719,False,False,13.357004446936767
-1987500.0,1262500.0,1500,28.19041908798239,False,False,13.24454718395711
-1982500.0,1262500.0,1500,30.334431114075155,False,False,13.074639031234895
-1977500.0,1262500.0,1500,32.47635159351821,False,False,12.852787067089976
-1972500.0,1262500.0,1500,34.74839201439669,False,False,12.577404232320427
-1967500.0,1262500.0,1500,36.204266701125036,False,False,12.240461001890054
-1962500.0,1262500.0,1500,37.68109829291507,False,False,11.823883406655778
-1957500.0,1262500.0,1500,39.920711478867744,False,False,11.271760526800966
-1952500.0,1262500.0,1500,41.24105505207275,False,False,10.438627064516984
-1947500.0,1262500.0,1500,42.86953153163639,False,False,9.028672402098062
-1942500.0,1262500.0,1500,45.527779485605706,False,False,6.151138571345116
-1937500.0,1262500.0,1500,46.22925786560779,False,False,4.753369599014492
-1932500.0,1262500.0,1500,46.57786467672718,False,False,5.179554776497413
-1927500.0,1262500.0,1500,48.50321773721921,False,False,4.33477613785251
-1922500.0,1262500.0,1500,49.94545343943749,False,False,4.368115641786048
-2427500.0,1267500.0,1500,144.90339143779858,False,False,3.6002549660803105
-2422500.0,1267500.0,1500,80.45348209393535,False,False,4.58129042791516
-2417500.0,1267500.0,1500,85.0944938565952,False,False,5.2649997480647315
-2412500.0,1267500.0,1500,57.152817359843866,False,False,4.774597212540166
-2407500.0,1267500.0,1500,22.392247501016517,False,False,4.33961483447226
-2402500.0,1267500.0,1500,46.00765008572415,False,False,4.5808515128012335
-2397500.0,1267500.0,1500,40.21667109437553,False,False,4.416885348156354
-2392500.0,1267500.0,1500,36.42479673685428,False,True,4.800726259820994
-2387500.0,1267500.0,1500,49.12471462124962,False,True,6.020404808663426
-2382500.0,1267500.0,1500,50.806641866275115,False,True,7.32455772390032
-2377500.0,1267500.0,1500,40.536542130208936,False,True,8.305642757134159
-2372500.0,1267500.0,1500,29.629888958443114,True,True,7.765376535170731
-2367500.0,1267500.0,1500,18.408792030859473,True,True,5.774872235306557
-2362500.0,1267500.0,1500,7.7828467959424135,True,True,5.536531660729274
-2357500.0,1267500.0,1500,1.746659576198164,True,True,7.336436879866923
-2352500.0,1267500.0,1500,-3.1625567527239236,True,True,8.261643250225314
-2347500.0,1267500.0,1500,-4.2861691679741964,True,True,8.088628182457223
-2342500.0,1267500.0,1500,-0.5641408051761975,True,True,7.18679136888085
-2337500.0,1267500.0,1500,5.361927542377705,True,True,6.978673308257334
-2332500.0,1267500.0,1500,12.943639337587445,True,True,7.435037437142254
-2327500.0,1267500.0,1500,21.204215967129144,True,True,7.498176866434381
-2322500.0,1267500.0,1500,27.169036525296786,True,True,7.014424439033513
-2317500.0,1267500.0,1500,35.07761439514204,True,True,6.175450336766232
-2312500.0,1267500.0,1500,45.631252827352654,False,True,5.725368691404085
-2307500.0,1267500.0,1500,40.670059965177884,False,True,5.8752560098368525
-2302500.0,1267500.0,1500,32.41278254637559,False,True,5.939643559243452
-2297500.0,1267500.0,1500,35.93482660810703,False,True,5.657895609061226
-2292500.0,1267500.0,1500,42.203449125926305,False,True,5.34246101842906
-2287500.0,1267500.0,1500,40.36827837492713,False,True,5.407601473201554
-2282500.0,1267500.0,1500,30.78110009093512,True,True,5.275303805748308
-2277500.0,1267500.0,1500,22.430472952783568,True,True,4.681704578464545
-2272500.0,1267500.0,1500,13.29458778225264,True,True,4.613472816136398
-2267500.0,1267500.0,1500,6.655079322957114,True,True,5.066204375402782
-2262500.0,1267500.0,1500,5.237131721375494,True,True,5.467080222142767
-2257500.0,1267500.0,1500,5.935923207555467,True,True,5.232347375704069
-2252500.0,1267500.0,1500,4.1684870487110555,True,True,4.351540748119701
-2247500.0,1267500.0,1500,1.124924255632622,True,True,4.334823924117899
-2242500.0,1267500.0,1500,1.7872415605425878,True,True,5.071727203972028
-2237500.0,1267500.0,1500,6.2490079194210235,True,True,5.400011344441166
-2232500.0,1267500.0,1500,11.5766604685046,False,True,5.151069744540918
-2227500.0,1267500.0,1500,18.21870767576982,False,True,4.962211154409122
-2222500.0,1267500.0,1500,24.37000235659764,True,True,4.65175614520944
-2217500.0,1267500.0,1500,29.138952939671846,True,True,4.450019234775622
-2212500.0,1267500.0,1500,33.47530037912167,True,True,4.225772660367048
-2207500.0,1267500.0,1500,36.08721002847744,False,True,5.670368257207012
-2202500.0,1267500.0,1500,36.832140309569354,False,True,7.257861470538403
-2197500.0,1267500.0,1500,35.35392464611666,False,True,6.542053725678288
-2192500.0,1267500.0,1500,32.8860159084075,False,True,5.530275540931214
-2187500.0,1267500.0,1500,31.88214032693807,False,False,5.00408310031712
-2182500.0,1267500.0,1500,31.754784391320474,False,False,5.803126423390463
-2177500.0,1267500.0,1500,30.85462519275694,False,False,6.633158863281855
-2172500.0,1267500.0,1500,30.25884681697071,False,False,7.424997259565431
-2167500.0,1267500.0,1500,29.33501221135928,False,False,8.727340979471972
-2162500.0,1267500.0,1500,26.255664860434777,False,False,8.566454918422208
-2157500.0,1267500.0,1500,22.769314361645304,False,False,6.4239018586824255
-2152500.0,1267500.0,1500,19.493458986746084,False,False,5.951303643426337
-2147500.0,1267500.0,1500,16.957087668181224,False,False,7.521796198094884
-2142500.0,1267500.0,1500,15.979092543046324,False,False,8.927148149244221
-2137500.0,1267500.0,1500,15.666401869078323,False,False,9.469549550804004
-2132500.0,1267500.0,1500,16.650625983746828,False,False,8.550460893464848
-2127500.0,1267500.0,1500,17.518619101261553,False,False,7.77335574914142
-2122500.0,1267500.0,1500,17.122642005308464,False,False,8.611949985345678
-2117500.0,1267500.0,1500,17.899879527177067,False,False,10.020374197700917
-2112500.0,1267500.0,1500,19.18422729971555,False,False,10.586263603462122
-2107500.0,1267500.0,1500,20.326363064110378,False,False,10.336212872013997
-2102500.0,1267500.0,1500,21.19466614041742,False,False,9.628623707873546
-2097500.0,1267500.0,1500,20.9558386355841,False,False,8.659150795983605
-2092500.0,1267500.0,1500,20.50014364281697,False,False,7.586911005163694
-2087500.0,1267500.0,1500,19.183285955615126,False,False,6.739166886866553
-2082500.0,1267500.0,1500,17.908119587410887,False,False,6.399607392595291
-2077500.0,1267500.0,1500,18.590046638633474,False,False,6.374550208479678
-2072500.0,1267500.0,1500,19.997161806426895,False,False,6.365139749686332
-2067500.0,1267500.0,1500,19.638662027301947,False,False,6.462091233359791
-2062500.0,1267500.0,1500,19.746954793536656,False,False,6.959040585662206
-2057500.0,1267500.0,1500,18.78655822479263,False,False,7.874383577729134
-2052500.0,1267500.0,1500,15.840116637038975,False,False,8.917924931177772
-2047500.0,1267500.0,1500,15.588367822469552,False,False,9.855219868114567
-2042500.0,1267500.0,1500,15.252828745569934,False,False,10.57189120863211
-2037500.0,1267500.0,1500,14.846928366164597,False,False,10.93493333328081
-2032500.0,1267500.0,1500,16.495129595227663,False,False,10.488519136606909
-2027500.0,1267500.0,1500,17.007319904456306,False,False,8.002172030677585
-2022500.0,1267500.0,1500,17.626477951176227,False,False,6.452156773878109
-2017500.0,1267500.0,1500,19.964264494796588,False,False,8.83292335078258
-2012500.0,1267500.0,1500,20.39721534108351,False,False,11.645147216253537
-2007500.0,1267500.0,1500,21.089207884304518,False,False,12.836038525621689
-2002500.0,1267500.0,1500,23.66208492015555,False,False,13.325857951481149
-1997500.0,1267500.0,1500,24.545817501909916,False,False,13.539841118042347
-1992500.0,1267500.0,1500,26.50788330287234,False,False,13.62974181676409
-1987500.0,1267500.0,1500,29.436286249808827,False,False,13.65510075511442
-1982500.0,1267500.0,1500,30.40199235324959,False,False,13.63414270047586
-1977500.0,1267500.0,1500,32.651518679885676,False,False,13.567368623553085
-1972500.0,1267500.0,1500,35.06272491563271,False,False,13.445145936569622
-1967500.0,1267500.0,1500,36.06841145935786,False,False,13.243656523834286
-1962500.0,1267500.0,1500,38.55363817587507,False,False,12.925560576138672
-1957500.0,1267500.0,1500,40.94641683048698,False,False,12.412979101259888
-1952500.0,1267500.0,1500,42.14377388957359,False,False,11.440587341543107
-1947500.0,1267500.0,1500,44.55794912858493,False,False,9.500700924097618
-1942500.0,1267500.0,1500,46.8432623411214,False,False,5.967377995201529
-1937500.0,1267500.0,1500,46.06087816359821,False,False,4.617648535408648
-1932500.0,1267500.0,1500,44.750872795090835,False,False,5.4646798054129135
-1927500.0,1267500.0,1500,45.27009035213087,False,False,5.760613310285619
-1922500.0,1267500.0,1500,46.643458469057535,False,False,7.194572502816278
-2447500.0,1272500.0,1500,153.9057271645307,False,False,4.497969029595776
-2427500.0,1272500.0,1500,133.75226103949456,False,False,3.723957997394095
-2422500.0,1272500.0,1500,56.071021340581225,False,False,4.310690229155531
-2417500.0,1272500.0,1500,55.67231231586061,False,False,5.113292639836173
-2412500.0,1272500.0,1500,55.31504871721044,False,False,4.886724381134424
-2407500.0,1272500.0,1500,21.681771633688108,False,False,4.485658891984222
-2402500.0,1272500.0,1500,27.842504598947098,False,False,5.396937376153328
-2397500.0,1272500.0,1500,35.59831832437092,False,False,5.256025122948916
-2392500.0,1272500.0,1500,29.545000071745523,False,True,5.072582000764766
-2387500.0,1272500.0,1500,35.91792032075462,False,True,6.806792300959275
-2382500.0,1272500.0,1500,37.902738598238614,False,True,8.24787372353758
-2377500.0,1272500.0,1500,36.65079886020887,False,True,8.468989999865222
-2372500.0,1272500.0,1500,32.928311103125765,True,True,6.750463683774644
-2367500.0,1272500.0,1500,20.789947508595343,False,True,5.310188018947134
-2362500.0,1272500.0,1500,10.744604351907531,False,True,6.3218747571203275
-2357500.0,1272500.0,1500,5.163630990549701,False,True,7.778224812972119
-2352500.0,1272500.0,1500,-0.33768714951716355,False,True,7.934785823858711
-2347500.0,1272500.0,1500,-2.4033791621438634,False,True,7.214488558557522
-2342500.0,1272500.0,1500,1.1596299269429289,True,True,5.712808118468128
-2337500.0,1272500.0,1500,7.379455779976954,True,True,5.810955021597173
-2332500.0,1272500.0,1500,15.771511514787964,True,True,6.764066746869291
-2327500.0,1272500.0,1500,27.54069362845429,False,True,6.536735348146162
-2322500.0,1272500.0,1500,38.31119880191536,False,True,6.033375906050584
-2317500.0,1272500.0,1500,49.265260411086224,False,True,5.730348831101112
-2312500.0,1272500.0,1500,56.913163255668515,False,True,5.831171001731443
-2307500.0,1272500.0,1500,44.863146130974584,False,True,5.992162611551931
-2302500.0,1272500.0,1500,34.566117621336424,False,True,5.960992346418917
-2297500.0,1272500.0,1500,41.773590098887034,False,True,5.743009072555353
-2292500.0,1272500.0,1500,44.84089285878402,False,True,6.130923828685588
-2287500.0,1272500.0,1500,35.93685578367635,False,True,6.815347422643587
-2282500.0,1272500.0,1500,27.266545710957544,True,True,6.622629406044219
-2277500.0,1272500.0,1500,20.670728529881128,True,True,6.046457089970216
-2272500.0,1272500.0,1500,12.124723209477231,True,True,5.916309773031813
-2267500.0,1272500.0,1500,7.073239304275592,True,True,6.62502316610429
-2262500.0,1272500.0,1500,4.669129908820646,True,True,7.334269499932807
-2257500.0,1272500.0,1500,4.352403194812726,True,True,6.976772167805621
-2252500.0,1272500.0,1500,3.0904280174416825,True,True,5.573001368922593
-2247500.0,1272500.0,1500,1.8066031701106482,True,True,4.379409473972995
-2242500.0,1272500.0,1500,4.725410873165472,True,True,4.918463302276823
-2237500.0,1272500.0,1500,9.700344396754451,False,True,5.016582891825404
-2232500.0,1272500.0,1500,15.125422453699814,False,True,4.490844851759566
-2227500.0,1272500.0,1500,21.69599071657175,False,True,5.136764366171566
-2222500.0,1272500.0,1500,27.7769677774068,False,True,6.115445849294053
-2217500.0,1272500.0,1500,32.42352505066061,False,True,6.64839547584922
-2212500.0,1272500.0,1500,36.56981931114397,False,True,5.289519170612886
-2207500.0,1272500.0,1500,38.952035511599185,False,True,5.260071201244991
-2202500.0,1272500.0,1500,39.63593291904816,False,True,6.661744990649674
-2197500.0,1272500.0,1500,36.9727611303065,False,True,5.84019999116931
-2192500.0,1272500.0,1500,32.231037291842775,False,True,5.195791697473488
-2187500.0,1272500.0,1500,30.402506803977094,False,False,6.370038067244267
-2182500.0,1272500.0,1500,29.447808784766174,False,False,7.22768490971556
-2177500.0,1272500.0,1500,28.02603355334445,False,False,7.222156815292197
-2172500.0,1272500.0,1500,27.62796576438462,False,False,8.356213554187217
-2167500.0,1272500.0,1500,26.34351404300097,False,False,9.876746654252647
-2162500.0,1272500.0,1500,23.693440623270078,False,False,10.093885779010604
-2157500.0,1272500.0,1500,20.42894184862339,False,False,8.727233268684628
-2152500.0,1272500.0,1500,16.65037452957237,False,False,7.518183179943263
-2147500.0,1272500.0,1500,14.022815802262732,False,False,7.313461065419644
-2142500.0,1272500.0,1500,13.200575996201264,False,False,7.763187211169916
-2137500.0,1272500.0,1500,13.35395136356724,False,False,8.275553636122563
-2132500.0,1272500.0,1500,14.278746183551483,False,False,7.908711034733628
-2127500.0,1272500.0,1500,15.004160329724096,False,False,8.193556196412981
-2122500.0,1272500.0,1500,15.116935575065028,False,False,9.829140808783722
-2117500.0,1272500.0,1500,15.990980497665255,False,False,11.39369365686829
-2112500.0,1272500.0,1500,17.196473162031836,False,False,12.17952670117556
-2107500.0,1272500.0,1500,18.162956651780497,False,False,12.351074708559652
-2102500.0,1272500.0,1500,19.238802817510383,False,False,12.190093711363168
-2097500.0,1272500.0,1500,19.400374279570983,False,False,11.847504738009905
-2092500.0,1272500.0,1500,19.047428755945802,False,False,11.362663809642413
-2087500.0,1272500.0,1500,18.890429399451165,False,False,10.719908709394089
-2082500.0,1272500.0,1500,18.58247861122754,False,False,9.90356564663807
-2077500.0,1272500.0,1500,18.89076581595051,False,False,8.911164221159279
-2072500.0,1272500.0,1500,20.37196860134477,False,False,7.827861953667513
-2067500.0,1272500.0,1500,20.779855691048255,False,False,6.912092590144189
-2062500.0,1272500.0,1500,20.44058520616222,False,False,6.439741189793621
-2057500.0,1272500.0,1500,19.887566059778173,False,False,6.359532455132722
-2052500.0,1272500.0,1500,17.011666073457295,False,False,6.33349789859782
-2047500.0,1272500.0,1500,15.928513576350761,False,False,6.432236346409476
-2042500.0,1272500.0,1500,16.278236746971437,False,False,6.8126640566861525
-2037500.0,1272500.0,1500,16.422119470126656,False,False,7.412378696719875
-2032500.0,1272500.0,1500,18.230930682233435,False,False,7.846903593126999
-2027500.0,1272500.0,1500,19.098608139572313,False,False,6.398360272185574
-2022500.0,1272500.0,1500,20.246893702587013,False,False,6.238577457758627
-2017500.0,1272500.0,1500,22.784724876488433,False,False,8.992611324423203
-2012500.0,1272500.0,1500,23.55858244303899,False,False,11.069026124818429
-2007500.0,1272500.0,1500,24.126000366966128,False,False,12.098646740753093
-2002500.0,1272500.0,1500,26.138620696314256,False,False,12.664074317226198
-1997500.0,1272500.0,1500,26.853236741606633,False,False,13.03111876497022
-1992500.0,1272500.0,1500,27.927852942420223,False,False,13.280980580628656
-1987500.0,1272500.0,1500,30.36535631259357,False,False,13.446816468157301
-1982500.0,1272500.0,1500,31.27359792819957,False,False,13.543122722049324
-1977500.0,1272500.0,1500,32.89623720185763,False,False,13.569458519586835
-1972500.0,1272500.0,1500,35.262062285169876,False,False,13.505843940250351
-1967500.0,1272500.0,1500,36.507083614438166,False,False,13.309360909427106
-1962500.0,1272500.0,1500,39.06078121553164,False,False,12.895964853777308
-1957500.0,1272500.0,1500,41.460191051615425,False,False,12.135357553570527
-1952500.0,1272500.0,1500,42.55929330137523,False,False,10.808004978857653
-1947500.0,1272500.0,1500,43.76736796526444,False,False,8.342337445443084
-1942500.0,1272500.0,1500,44.10222875958083,False,False,5.216049595357425
-1937500.0,1272500.0,1500,42.520155532952145,False,False,4.630344300678191
-1932500.0,1272500.0,1500,40.72083182984653,False,False,6.399756709089909
-1927500.0,1272500.0,1500,40.921155091856136,False,False,8.468048504014618
-1922500.0,1272500.0,1500,42.02208810918297,False,False,10.285352470998163
-2447500.0,1277500.0,1500,169.11654631658365,False,False,4.1193708490460645
-2422500.0,1277500.0,1500,52.2526159342226,False,False,4.313281724226906
-2417500.0,1277500.0,1500,38.036023713723786,False,False,5.336121704859114
-2412500.0,1277500.0,1500,42.66021345179933,False,False,6.038265843878382
-2407500.0,1277500.0,1500,18.512628503013556,False,False,5.072463446766722
-2402500.0,1277500.0,1500,14.834942538613932,False,False,4.8322223618176725
-2397500.0,1277500.0,1500,27.5206433806883,False,False,5.182335866644703
-2392500.0,1277500.0,1500,27.09320069304734,False,False,4.793835835103474
-2387500.0,1277500.0,1500,27.345239191055864,False,True,6.23757029577012
-2382500.0,1277500.0,1500,32.162699761934846,False,True,8.047736664550907
-2377500.0,1277500.0,1500,35.61397778754417,False,True,7.865671698988992
-2372500.0,1277500.0,1500,31.770094883203583,False,True,5.820709193192867
-2367500.0,1277500.0,1500,20.413006168769606,False,True,5.5165052389219875
-2362500.0,1277500.0,1500,11.767954438117162,False,True,6.917457075702761
-2357500.0,1277500.0,1500,7.085728442159673,False,True,7.2166537663095935
-2352500.0,1277500.0,1500,1.8050512036102278,False,True,6.852693198791468
-2347500.0,1277500.0,1500,-1.3814439568205739,False,True,6.387231818513133
-2342500.0,1277500.0,1500,1.9918431891007002,False,True,5.049184699818579
-2337500.0,1277500.0,1500,7.890160377589479,False,True,4.908443923950661
-2332500.0,1277500.0,1500,14.4349587645415,False,True,6.33564432159619
-2327500.0,1277500.0,1500,23.846677903418254,False,True,6.570595203368449
-2322500.0,1277500.0,1500,29.4421354992222,True,True,6.4492055144781855
-2317500.0,1277500.0,1500,37.43306228041395,False,True,6.983456474910396
-2312500.0,1277500.0,1500,55.352639645974826,False,True,7.348892735024643
-2307500.0,1277500.0,1500,48.018859311094836,False,True,7.294248014410302
-2302500.0,1277500.0,1500,29.65309042317684,True,True,7.031518247437145
-2297500.0,1277500.0,1500,31.001252345127956,True,True,7.114411376413084
-2292500.0,1277500.0,1500,32.33742816231771,True,True,8.310250650079643
-2287500.0,1277500.0,1500,29.89911068957653,True,True,9.191372823710996
-2282500.0,1277500.0,1500,26.636244482696917,True,True,8.527422695971431
-2277500.0,1277500.0,1500,20.696631532856813,True,True,7.007196031170441
-2272500.0,1277500.0,1500,13.260026509920804,True,True,6.948696848725275
-2267500.0,1277500.0,1500,7.570993761605559,True,True,8.495102345538317
-2262500.0,1277500.0,1500,3.564993155817637,True,True,9.138655105835575
-2257500.0,1277500.0,1500,2.181331881432125,True,True,8.095297180524838
-2252500.0,1277500.0,1500,2.1388276650164775,True,True,6.633136819178974
-2247500.0,1277500.0,1500,3.9444048413949995,True,True,5.097695732284691
-2242500.0,1277500.0,1500,8.546695582360135,False,True,4.4485454032780485
-2237500.0,1277500.0,1500,13.81087586882944,False,True,4.9033410199863185
-2232500.0,1277500.0,1500,19.65515533840743,False,True,5.603939266750977
-2227500.0,1277500.0,1500,25.21107631827971,False,True,6.67395550603633
-2222500.0,1277500.0,1500,29.821054904421725,False,True,7.969813028103588
-2217500.0,1277500.0,1500,33.81115533395863,False,True,8.810636623436853
-2212500.0,1277500.0,1500,36.98537375165358,False,True,6.941455803586821
-2207500.0,1277500.0,1500,39.0909870647746,False,True,5.409084297391279
-2202500.0,1277500.0,1500,39.15752082125914,False,True,6.564670241932506
-2197500.0,1277500.0,1500,35.95933725272439,False,True,6.9638587588863405
-2192500.0,1277500.0,1500,32.01707713740301,False,False,7.3901430883156625
-2187500.0,1277500.0,1500,29.567682825665596,False,False,7.965527458963736
-2182500.0,1277500.0,1500,27.71338169862501,False,False,7.353367809897846
-2177500.0,1277500.0,1500,26.134029052870435,False,False,7.757361789403449
-2172500.0,1277500.0,1500,24.74198547836297,False,False,9.339699564527924
-2167500.0,1277500.0,1500,22.962456525296243,False,False,10.247575497505718
-2162500.0,1277500.0,1500,20.75887684594706,False,False,10.24768153124053
-2157500.0,1277500.0,1500,17.64867725869097,False,False,9.880586857830005
-2152500.0,1277500.0,1500,14.410875990501847,False,False,8.948531891241771
-2147500.0,1277500.0,1500,12.14108161419769,False,False,7.332365485482154
-2142500.0,1277500.0,1500,10.52951285750494,False,False,5.888570175331214
-2137500.0,1277500.0,1500,10.227467863444737,False,False,6.326196731247636
-2132500.0,1277500.0,1500,10.996950529266503,False,False,7.690067681393591
-2127500.0,1277500.0,1500,11.822292361035668,False,False,9.064132971821973
-2122500.0,1277500.0,1500,13.11375065203211,False,False,10.89527170016681
-2117500.0,1277500.0,1500,14.271881882733588,False,False,12.233360348534392
-2112500.0,1277500.0,1500,15.146273467441365,False,False,12.930667625429832
-2107500.0,1277500.0,1500,16.645115057761082,False,False,13.203805620103402
-2102500.0,1277500.0,1500,17.52446803350504,False,False,13.240804644943875
-2097500.0,1277500.0,1500,18.048138351637576,False,False,13.142400895793312
-2092500.0,1277500.0,1500,18.487512387546204,False,False,12.951999680558522
-2087500.0,1277500.0,1500,18.252789177689294,False,False,12.686726956529537
-2082500.0,1277500.0,1500,18.509874873258134,False,False,12.35293087648536
-2077500.0,1277500.0,1500,19.174321348965268,False,False,11.948814708044305
-2072500.0,1277500.0,1500,19.69786438863684,False,False,11.465560812154349
-2067500.0,1277500.0,1500,20.44168770793643,False,False,10.886222079356621
-2062500.0,1277500.0,1500,20.05824464999409,False,False,10.178232378614858
-2057500.0,1277500.0,1500,19.177657296056644,False,False,9.306944888062322
-2052500.0,1277500.0,1500,18.258241005313348,False,False,8.246394526676692
-2047500.0,1277500.0,1500,16.706766473727964,False,False,7.309885023414326
-2042500.0,1277500.0,1500,17.29243195960343,False,False,6.720923791927067
-2037500.0,1277500.0,1500,18.74455325327734,False,False,6.388990471017699
-2032500.0,1277500.0,1500,18.710197625469505,False,False,6.10590538754839
-2027500.0,1277500.0,1500,20.35077708602081,False,False,4.9322789915048
-2022500.0,1277500.0,1500,23.414888555203856,False,False,5.01467103810336
-2017500.0,1277500.0,1500,25.491434586656414,False,False,6.982097257377511
-2012500.0,1277500.0,1500,26.607279322262393,False,False,8.601917591806298
-2007500.0,1277500.0,1500,27.12620747032622,False,False,9.857261610991056
-2002500.0,1277500.0,1500,27.899912821307197,False,False,10.78477931912788
-1997500.0,1277500.0,1500,29.08176401964018,False,False,11.483670245527868
-1992500.0,1277500.0,1500,29.927402905941843,False,False,12.02147895972059
-1987500.0,1277500.0,1500,31.111222919526234,False,False,12.437167195675618
-1982500.0,1277500.0,1500,32.78278718473241,False,False,12.746581543018436
-1977500.0,1277500.0,1500,33.593869422556466,False,False,12.938198243377766
-1972500.0,1277500.0,1500,35.26433430261426,False,False,12.95200740801399
-1967500.0,1277500.0,1500,37.659837572702415,False,False,12.656489701467983
-1962500.0,1277500.0,1500,39.802339683902,False,False,11.915784636315411
-1957500.0,1277500.0,1500,42.803015607970124,False,False,10.551648559333088
-1952500.0,1277500.0,1500,43.926314179018334,False,False,8.385918299372765
-1947500.0,1277500.0,1500,42.585379054949094,False,False,5.931381118937204
-1942500.0,1277500.0,1500,41.388924615337544,False,False,4.813487834745206
-1937500.0,1277500.0,1500,39.14584896295991,False,False,6.541457854690426
-1932500.0,1277500.0,1500,36.85796453700952,False,False,9.294676411682499
-1927500.0,1277500.0,1500,36.89033830309001,False,False,10.889959750745998
-1922500.0,1277500.0,1500,35.9997983977103,False,False,11.564181196256314
-2437500.0,1282500.0,1500,147.89510974603874,False,False,4.33718331058075
-2427500.0,1282500.0,1500,113.21437993566998,False,False,4.735399739204585
-2422500.0,1282500.0,1500,63.0800447016903,False,False,4.452259415247507
-2417500.0,1282500.0,1500,42.58391163849302,False,False,5.439540688968387
-2412500.0,1282500.0,1500,31.694124811545827,False,False,6.740860967519305
-2407500.0,1282500.0,1500,19.967760295233006,False,False,5.32394533672671
-2402500.0,1282500.0,1500,15.29025871657281,False,False,3.8789528895449523
-2397500.0,1282500.0,1500,22.163727689745876,False,False,4.4701413253532625
-2392500.0,1282500.0,1500,23.568744844745666,False,False,4.691827479079754
-2387500.0,1282500.0,1500,21.85118015961768,False,True,5.748902592340826
-2382500.0,1282500.0,1500,25.18525814535616,False,True,7.224930496025069
-2377500.0,1282500.0,1500,26.069487047111288,False,True,6.6164281353935
-2372500.0,1282500.0,1500,22.07865141824854,False,True,5.530783419528678
-2367500.0,1282500.0,1500,16.254018184426844,False,True,6.306747572303096
-2362500.0,1282500.0,1500,10.777416524793832,False,True,7.232276240603941
-2357500.0,1282500.0,1500,6.233326948104773,False,True,7.0383280912961785
-2352500.0,1282500.0,1500,1.7141968810358599,False,True,6.622787188746708
-2347500.0,1282500.0,1500,-0.6157253432455481,False,True,6.80517401809028
-2342500.0,1282500.0,1500,2.6215002299974284,False,True,6.6018481615099045
-2337500.0,1282500.0,1500,7.581501209288658,False,True,5.183871656970373
-2332500.0,1282500.0,1500,11.440651349240209,False,True,5.667740611023534
-2327500.0,1282500.0,1500,16.36595557729961,False,True,6.804289834356748
-2322500.0,1282500.0,1500,19.660588822995017,True,True,7.086577181334278
-2317500.0,1282500.0,1500,27.61691326615112,True,True,7.940527698258988
-2312500.0,1282500.0,1500,50.583459206323965,False,True,7.901148059625046
-2307500.0,1282500.0,1500,50.178887300988286,False,True,7.221864475190825
-2302500.0,1282500.0,1500,31.61261066667189,True,True,6.983119770267669
-2297500.0,1282500.0,1500,28.878346842625827,True,True,7.903595551032973
-2292500.0,1282500.0,1500,27.132456526601995,True,True,9.395536174960277
-2287500.0,1282500.0,1500,25.748453639665104,True,True,9.610658556316762
-2282500.0,1282500.0,1500,23.900304555076417,True,True,8.088677967437972
-2277500.0,1282500.0,1500,19.37573353665069,True,True,6.866223454467469
-2272500.0,1282500.0,1500,14.100615161074959,True,True,7.937532950968068
-2267500.0,1282500.0,1500,8.005550726285435,True,True,9.410056395277799
-2262500.0,1282500.0,1500,3.6198703726852957,False,True,9.078767976026544
-2257500.0,1282500.0,1500,2.2371837066409697,False,True,7.369717998392213
-2252500.0,1282500.0,1500,3.9421690856026186,False,True,5.750041107497603
-2247500.0,1282500.0,1500,8.263451592201479,False,True,4.95965218077037
-2242500.0,1282500.0,1500,12.506588365947012,False,True,4.2879746178763485
-2237500.0,1282500.0,1500,17.537054992462267,False,True,4.902573071029942
-2232500.0,1282500.0,1500,23.823605226972816,False,True,6.452727796390748
-2227500.0,1282500.0,1500,28.51747626688377,False,True,7.561202458165377
-2222500.0,1282500.0,1500,31.986123290735105,False,True,8.894466888097886
-2217500.0,1282500.0,1500,34.74682941645304,False,True,9.413972719526509
-2212500.0,1282500.0,1500,36.19251091113557,False,True,7.629578606113508
-2207500.0,1282500.0,1500,36.91693238995712,False,True,5.550399538637398
-2202500.0,1282500.0,1500,36.33611829376798,False,True,6.766510949259852
-2197500.0,1282500.0,1500,33.907453207923865,False,False,8.915229197005722
-2192500.0,1282500.0,1500,31.563791041058938,False,False,9.025048025936025
-2187500.0,1282500.0,1500,28.804163646689496,False,False,7.882849974799243
-2182500.0,1282500.0,1500,26.463126699792735,False,False,7.4129011869626105
-2177500.0,1282500.0,1500,25.09707349039262,False,False,8.689412902916281
-2172500.0,1282500.0,1500,22.501725526841273,False,False,9.816390987808804
-2167500.0,1282500.0,1500,20.348499321817453,False,False,9.44374965716473
-2162500.0,1282500.0,1500,18.209114080767833,False,False,8.724209771377955
-2157500.0,1282500.0,1500,15.218530831063214,False,False,8.821075377399955
-2152500.0,1282500.0,1500,12.95657370802774,False,False,8.198131658217966
-2147500.0,1282500.0,1500,10.72769689070904,False,False,6.196368986688617
-2142500.0,1282500.0,1500,8.41188602498844,False,False,4.994602021273938
-2137500.0,1282500.0,1500,7.321350943584228,False,False,6.071799952101739
-2132500.0,1282500.0,1500,7.427671295140397,False,False,8.123766264661882
-2127500.0,1282500.0,1500,8.549403612162122,False,False,9.974205909822818
-2122500.0,1282500.0,1500,10.726475897696279,False,False,11.603519478040484
-2117500.0,1282500.0,1500,12.386506795425491,False,False,12.642156789542117
-2112500.0,1282500.0,1500,13.722980376866408,False,False,13.179217746600708
-2107500.0,1282500.0,1500,15.42991378766641,False,False,13.422247888005462
-2102500.0,1282500.0,1500,16.150217437654135,False,False,13.512110618398914
-2097500.0,1282500.0,1500,16.832932633154538,False,False,13.517974400456293
-2092500.0,1282500.0,1500,17.65297835669491,False,False,13.471300211991178
-2087500.0,1282500.0,1500,17.612951547729246,False,False,13.38213466654867
-2082500.0,1282500.0,1500,18.35806974652948,False,False,13.250459447668048
-2077500.0,1282500.0,1500,19.051318941834964,False,False,13.073695885998944
-2072500.0,1282500.0,1500,19.19279416843825,False,False,12.851092102612343
-2067500.0,1282500.0,1500,20.12950350308065,False,False,12.582288157158064
-2062500.0,1282500.0,1500,19.93552402015458,False,False,12.26225318598391
-2057500.0,1282500.0,1500,19.00134279925876,False,False,11.880492699499499
-2052500.0,1282500.0,1500,19.114591076915204,False,False,11.422588178346967
-2047500.0,1282500.0,1500,18.307705316187914,False,False,10.875571385052734
-2042500.0,1282500.0,1500,18.63461011612909,False,False,10.17770112255538
-2037500.0,1282500.0,1500,20.766283424199454,False,False,9.105828339300261
-2032500.0,1282500.0,1500,20.2903951691298,False,False,7.226924356705835
-2027500.0,1282500.0,1500,21.93397074322029,False,False,5.198864068462321
-2022500.0,1282500.0,1500,25.79991549263973,False,False,5.212418264098794
-2017500.0,1282500.0,1500,26.79197610426404,False,False,6.179229547134278
-2012500.0,1282500.0,1500,28.54871580029461,False,False,6.367035299872399
-2007500.0,1282500.0,1500,29.78160833498429,False,False,6.528261672782893
-2002500.0,1282500.0,1500,29.36999055938498,False,False,7.0092475005207255
-1997500.0,1282500.0,1500,30.72419545727529,False,False,7.939875039268264
-1992500.0,1282500.0,1500,31.709031335605182,False,False,9.039760272564456
-1987500.0,1282500.0,1500,32.2176746263524,False,False,10.023902055383475
-1982500.0,1282500.0,1500,34.06591062504311,False,False,10.781767652380928
-1977500.0,1282500.0,1500,34.395243310060216,False,False,11.299821105354042
-1972500.0,1282500.0,1500,35.176399897687425,False,False,11.487421254202559
-1967500.0,1282500.0,1500,38.195455665913364,False,False,11.052622975551959
-1962500.0,1282500.0,1500,40.5161256213098,False,False,9.663760348696197
-1957500.0,1282500.0,1500,44.0834066187418,False,False,7.264210094692448
-1952500.0,1282500.0,1500,45.90085203729065,False,False,5.6723673730501165
-1947500.0,1282500.0,1500,43.137422835731925,False,False,4.826650970176122
-1942500.0,1282500.0,1500,40.40377609257812,False,False,5.645765076684228
-1937500.0,1282500.0,1500,36.75090916758086,False,False,8.63274938246619
-1932500.0,1282500.0,1500,32.208798368517066,False,False,10.713545498250099
-1927500.0,1282500.0,1500,30.042890336632166,False,False,11.445600211184303
-1922500.0,1282500.0,1500,27.528034673670355,False,False,11.309937459103487
-2442500.0,1287500.0,1500,137.57241121908,False,False,4.099282047197988
-2437500.0,1287500.0,1500,119.59433387688884,False,False,4.7669597498762935
-2432500.0,1287500.0,1500,124.94803827827094,False,False,5.323643394222778
-2427500.0,1287500.0,1500,94.04653925174948,False,False,5.375506216398405
-2422500.0,1287500.0,1500,77.28562853884388,False,False,4.677546024907568
-2417500.0,1287500.0,1500,66.03406383716275,False,False,4.812887312454982
-2412500.0,1287500.0,1500,46.88795916315225,False,False,6.001213465993121
-2407500.0,1287500.0,1500,28.54196029162575,False,False,5.5378967968379325
-2402500.0,1287500.0,1500,19.83321196722074,False,False,4.05671725607506
-2397500.0,1287500.0,1500,20.34117391972994,False,False,4.475112703179205
-2392500.0,1287500.0,1500,21.864497166082597,False,False,5.754054086892182
-2387500.0,1287500.0,1500,19.904692651094418,False,False,6.59748958897989
-2382500.0,1287500.0,1500,18.020633829317397,False,True,6.786771729299808
-2377500.0,1287500.0,1500,14.9760336134326,False,True,5.588014880412855
-2372500.0,1287500.0,1500,12.653963211659185,False,True,5.912246605964193
-2367500.0,1287500.0,1500,12.005995714535807,False,True,7.7542866208677115
-2362500.0,1287500.0,1500,9.951054233234958,False,True,8.098350776315158
-2357500.0,1287500.0,1500,5.506661390287052,False,True,7.485819798222623
-2352500.0,1287500.0,1500,2.0230621638891337,False,True,7.112970330053727
-2347500.0,1287500.0,1500,1.819601348005543,False,True,7.714772410364505
-2342500.0,1287500.0,1500,4.111256390752285,False,True,8.094833239776182
-2337500.0,1287500.0,1500,7.940227421545906,False,True,6.174466862203127
-2332500.0,1287500.0,1500,11.217485847179649,False,True,5.016343166421888
-2327500.0,1287500.0,1500,14.945737392016735,False,True,6.169352388077547
-2322500.0,1287500.0,1500,22.248386730076092,False,True,7.4126488398868595
-2317500.0,1287500.0,1500,32.806738296279235,False,True,8.203593567407678
-2312500.0,1287500.0,1500,51.08970533454014,False,True,7.505344449548595
-2307500.0,1287500.0,1500,58.122959121593716,False,True,6.453220561400293
-2302500.0,1287500.0,1500,44.414533407335696,False,True,7.052121848190645
-2297500.0,1287500.0,1500,34.60460849744297,False,True,8.824615328229605
-2292500.0,1287500.0,1500,28.527133626730276,True,True,9.79248050188205
-2287500.0,1287500.0,1500,21.65175468531235,True,True,8.946320883605262
-2282500.0,1287500.0,1500,17.879488609916454,True,True,7.23250071559678
-2277500.0,1287500.0,1500,15.453939180911979,False,True,7.35037218855113
-2272500.0,1287500.0,1500,12.182462378091534,False,True,8.999112528805787
-2267500.0,1287500.0,1500,8.036037817475275,False,True,9.470433497135206
-2262500.0,1287500.0,1500,4.57039000170826,False,True,8.025058093863262
-2257500.0,1287500.0,1500,3.41035364907301,False,True,5.796020787920523
-2252500.0,1287500.0,1500,6.80654505527067,False,True,5.063794847643889
-2247500.0,1287500.0,1500,12.33971817110042,False,True,6.067437808320905
-2242500.0,1287500.0,1500,16.090969132583098,False,True,6.24786380870355
-2237500.0,1287500.0,1500,20.096499013185447,False,True,5.023876033077513
-2232500.0,1287500.0,1500,25.291339830741993,False,True,5.657414573228265
-2227500.0,1287500.0,1500,29.03160601255005,False,False,8.016500030184012
-2222500.0,1287500.0,1500,32.45656122280713,False,True,9.39957063699607
-2217500.0,1287500.0,1500,34.601365588876206,False,True,9.204894955147065
-2212500.0,1287500.0,1500,34.94061821036669,False,True,7.5278808520918705
-2207500.0,1287500.0,1500,34.403896390088164,False,False,5.302268065876655
-2202500.0,1287500.0,1500,32.83685286741934,False,False,6.483117035010487
-2197500.0,1287500.0,1500,31.597185419325516,False,False,9.089923421164796
-2192500.0,1287500.0,1500,30.099848826828765,False,False,8.601132944943302
-2187500.0,1287500.0,1500,27.536705560385798,False,False,7.439806066152039
-2182500.0,1287500.0,1500,25.315164198266462,False,False,8.029677742250385
-2177500.0,1287500.0,1500,23.63849628879835,False,False,9.49073078208616
-2172500.0,1287500.0,1500,20.81160629938799,False,False,9.553140543111114
-2167500.0,1287500.0,1500,17.933140500906365,False,False,7.810945882698969
-2162500.0,1287500.0,1500,15.829589515617998,False,False,6.748839960736278
-2157500.0,1287500.0,1500,13.482858601756512,False,False,6.865512129100526
-2152500.0,1287500.0,1500,11.51017716546871,False,False,6.1668501512933105
-2147500.0,1287500.0,1500,9.628602437502797,False,False,5.605582860630026
-2142500.0,1287500.0,1500,7.052710300710349,False,False,6.080368680338923
-2137500.0,1287500.0,1500,4.870854259813992,False,False,6.968604598433736
-2132500.0,1287500.0,1500,4.382870105150133,False,False,8.451541242082953
-2127500.0,1287500.0,1500,6.079867703506592,False,False,10.397756451216702
-2122500.0,1287500.0,1500,8.516420241393199,False,False,11.830502196861623
-2117500.0,1287500.0,1500,10.661847780764992,False,False,12.632589733602494
-2112500.0,1287500.0,1500,12.74876934263152,False,False,13.028254023595105
-2107500.0,1287500.0,1500,14.16992594778908,False,False,13.216387890480151
-2102500.0,1287500.0,1500,15.213453818042652,False,False,13.307292579010038
-2097500.0,1287500.0,1500,16.207588011146306,False,False,13.345974386057012
-2092500.0,1287500.0,1500,16.695771974723314,False,False,13.349354132637027
-2087500.0,1287500.0,1500,17.286691830681924,False,False,13.322334008596824
-2082500.0,1287500.0,1500,18.204079029931098,False,False,13.265423531453578
-2077500.0,1287500.0,1500,18.694659733739986,False,False,13.181748843435662
-2072500.0,1287500.0,1500,19.376137753910935,False,False,13.076026528497616
-2067500.0,1287500.0,1500,20.170502687209726,False,False,12.947207482130011
-2062500.0,1287500.0,1500,20.124514543678778,False,False,12.785296411699328
-2057500.0,1287500.0,1500,20.089685172343966,False,False,12.579817653098242
-2052500.0,1287500.0,1500,20.080274892191387,False,False,12.32608673527012
-2047500.0,1287500.0,1500,19.894792642329957,False,False,12.009681882864705
-2042500.0,1287500.0,1500,20.725968469392086,False,False,11.548109139009185
-2037500.0,1287500.0,1500,22.588949817582492,False,False,10.577191144819414
-2032500.0,1287500.0,1500,23.88852175634428,False,False,8.01440303763857
-2027500.0,1287500.0,1500,25.27661508464793,False,False,6.093080305321294
-2022500.0,1287500.0,1500,27.214552470501516,False,False,7.368032754334964
-2017500.0,1287500.0,1500,27.553751103552653,False,False,8.552385898287607
-2012500.0,1287500.0,1500,28.693055707944914,False,False,7.924104729202675
-2007500.0,1287500.0,1500,30.381590160212387,False,False,7.000439466291874
-2002500.0,1287500.0,1500,30.08351653621683,False,False,6.423878965038785
-1997500.0,1287500.0,1500,31.219369175700233,False,False,6.300482958025741
-1992500.0,1287500.0,1500,32.993270135159094,False,False,6.338387525109023
-1987500.0,1287500.0,1500,33.490549865685594,False,False,6.4527827876479025
-1982500.0,1287500.0,1500,34.521788524382806,False,False,6.905593580661112
-1977500.0,1287500.0,1500,35.46646263499727,False,False,7.738509938670461
-1972500.0,1287500.0,1500,35.79097264327912,False,False,8.474346158320651
-1967500.0,1287500.0,1500,37.305366086926334,False,False,7.968699481816699
-1962500.0,1287500.0,1500,40.37847741951606,False,False,6.419157283039094
-1957500.0,1287500.0,1500,44.03081628194546,False,False,5.4851570854426654
-1952500.0,1287500.0,1500,45.93938347655898,False,False,6.079046162662268
-1947500.0,1287500.0,1500,43.985256492655346,False,False,5.541817002436956
-1942500.0,1287500.0,1500,39.08600392329945,False,False,6.2196938384385945
-1937500.0,1287500.0,1500,32.57572709791086,False,False,9.245650662189481
-1932500.0,1287500.0,1500,25.455430232297765,False,False,10.604537843271954
-1927500.0,1287500.0,1500,20.97338566785211,False,False,10.677120693127005
-1922500.0,1287500.0,1500,19.171240852841244,False,False,9.654957453547626
-2442500.0,1292500.0,1500,117.92108573645879,False,False,4.327875534710587
-2437500.0,1292500.0,1500,87.51943995498324,False,False,4.824274729971011
-2432500.0,1292500.0,1500,94.74856120214935,False,False,5.26729967943019
-2427500.0,1292500.0,1500,79.5076489848005,False,False,5.191565259608374
-2422500.0,1292500.0,1500,82.8708976388012,False,False,4.666180682632898
-2417500.0,1292500.0,1500,92.39435958651785,False,False,4.530380655390356
-2412500.0,1292500.0,1500,76.5599379884813,False,False,4.940829021071972
-2407500.0,1292500.0,1500,49.06227789750092,False,False,4.9721970551561165
-2402500.0,1292500.0,1500,33.72670864557986,False,False,4.9596914982038935
-2397500.0,1292500.0,1500,23.42161192965878,False,False,6.254153304243653
-2392500.0,1292500.0,1500,20.689476909108716,False,False,7.464916564125329
-2387500.0,1292500.0,1500,16.90930635995731,False,False,7.6214196979381255
-2382500.0,1292500.0,1500,12.085134647765999,False,False,6.4096743076559175
-2377500.0,1292500.0,1500,9.072918532623943,False,False,5.492636134436243
-2372500.0,1292500.0,1500,8.392014835599985,False,True,7.270146046392872
-2367500.0,1292500.0,1500,9.094617131047302,False,False,9.013141011291797
-2362500.0,1292500.0,1500,9.078360690492648,False,False,8.580065108171322
-2357500.0,1292500.0,1500,6.38727311615794,False,False,7.458664766389525
-2352500.0,1292500.0,1500,4.530846180091262,False,False,7.486449140615663
-2347500.0,1292500.0,1500,5.4447481376151305,False,False,8.386531835082254
-2342500.0,1292500.0,1500,6.420085388433672,False,True,8.722282894213489
-2337500.0,1292500.0,1500,8.847791555907833,False,True,7.526949488144491
-2332500.0,1292500.0,1500,11.831303763737942,False,True,5.292673783348473
-2327500.0,1292500.0,1500,14.419344201471477,False,True,5.320103732366088
-2322500.0,1292500.0,1500,20.4273746636127,False,True,7.490194348122021
-2317500.0,1292500.0,1500,29.99782702731791,False,True,8.45671226745149
-2312500.0,1292500.0,1500,47.58202626637548,False,True,7.236815641156734
-2307500.0,1292500.0,1500,64.5004566603426,False,True,6.249984604950587
-2302500.0,1292500.0,1500,54.1542596327245,False,True,7.755963146874455
-2297500.0,1292500.0,1500,36.0385082695227,True,True,9.591934770526276
-2292500.0,1292500.0,1500,28.583980410873163,False,True,9.458563312744054
-2287500.0,1292500.0,1500,19.354383722740963,False,True,7.781610354670942
-2282500.0,1292500.0,1500,13.562165553856008,False,True,6.959184003936061
-2277500.0,1292500.0,1500,12.556779343828065,False,True,8.143892072696962
-2272500.0,1292500.0,1500,10.48234560641317,False,True,9.010856090850101
-2267500.0,1292500.0,1500,8.46580837880252,False,True,7.861769047605748
-2262500.0,1292500.0,1500,6.681448661347332,False,True,5.927652716415521
-2257500.0,1292500.0,1500,6.2411232582526335,False,True,5.428375322696908
-2252500.0,1292500.0,1500,10.810206633904075,False,True,6.90107942554733
-2247500.0,1292500.0,1500,16.353797019744793,False,True,8.387670139770723
-2242500.0,1292500.0,1500,19.929122778961695,False,True,8.026579532951581
-2237500.0,1292500.0,1500,22.69748489741983,False,True,5.923626680268216
-2232500.0,1292500.0,1500,25.072458295729962,False,False,4.949493988380669
-2227500.0,1292500.0,1500,27.42866973128073,False,False,7.101419846991478
-2222500.0,1292500.0,1500,29.93781064044364,False,False,8.991301102864798
-2217500.0,1292500.0,1500,31.671102945842375,False,False,8.32930599355522
-2212500.0,1292500.0,1500,32.2368491389942,False,False,7.08840712594834
-2207500.0,1292500.0,1500,31.48412376398705,False,False,5.172989499227751
-2202500.0,1292500.0,1500,29.914377457083194,False,False,5.916043719979602
-2197500.0,1292500.0,1500,28.935036398226522,False,False,8.316311674390205
-2192500.0,1292500.0,1500,27.69233223581202,False,False,7.715709060252898
-2187500.0,1292500.0,1500,25.88681533000722,False,False,7.520006077923716
-2182500.0,1292500.0,1500,23.86142134813373,False,False,8.904453813596831
-2177500.0,1292500.0,1500,21.395263747649498,False,False,9.650296973003215
-2172500.0,1292500.0,1500,18.74913921343119,False,False,8.357498665718095
-2167500.0,1292500.0,1500,15.241568885328949,False,False,5.972087795693441
-2162500.0,1292500.0,1500,12.935411153032598,False,False,5.2451206075588575
-2157500.0,1292500.0,1500,12.036066313063431,False,False,5.523079021435761
-2152500.0,1292500.0,1500,9.918191765183217,False,False,5.863147233540189
-2147500.0,1292500.0,1500,8.393474170550553,False,False,6.773216282510085
-2142500.0,1292500.0,1500,6.463653355546234,False,False,7.057978678370548
-2137500.0,1292500.0,1500,3.268713184242207,False,False,7.0055478726577425
-2132500.0,1292500.0,1500,2.6197850879119953,False,False,8.078354919438429
-2127500.0,1292500.0,1500,4.534940291189467,False,False,10.02616944603259
-2122500.0,1292500.0,1500,6.765267524660034,False,False,11.464159140880977
-2117500.0,1292500.0,1500,9.654853438205777,False,False,12.175145282001118
-2112500.0,1292500.0,1500,12.13081945487521,False,False,12.481350837324706
-2107500.0,1292500.0,1500,13.203477006933372,False,False,12.621761216488409
-2102500.0,1292500.0,1500,14.814166365629791,False,False,12.693380418854396
-2097500.0,1292500.0,1500,15.944921338098883,False,False,12.730304106632374
-2092500.0,1292500.0,1500,15.943832171773272,False,False,12.742108678273922
-2087500.0,1292500.0,1500,17.214533838318694,False,False,12.72906664151635
-2082500.0,1292500.0,1500,18.111833982662674,False,False,12.688987610654806
-2077500.0,1292500.0,1500,18.497476852126837,False,False,12.624796732160844
-2072500.0,1292500.0,1500,20.061998386659585,False,False,12.548053711499133
-2067500.0,1292500.0,1500,20.441650370624224,False,False,12.461374246522869
-2062500.0,1292500.0,1500,20.555070567334685,False,False,12.346239843111238
-2057500.0,1292500.0,1500,21.48322404837378,False,False,12.189979448154505
-2052500.0,1292500.0,1500,21.251957498412985,False,False,11.998761093749849
-2047500.0,1292500.0,1500,21.666348323072782,False,False,11.755129322277881
-2042500.0,1292500.0,1500,23.423107069638924,False,False,11.347331540085117
-2037500.0,1292500.0,1500,25.132867736604915,False,False,10.328848321750563
-2032500.0,1292500.0,1500,28.269037602839447,False,False,7.365432204666308
-2027500.0,1292500.0,1500,30.00115716362855,False,False,6.2427402924270625
-2022500.0,1292500.0,1500,29.19295375395528,False,False,8.61421277184911
-2017500.0,1292500.0,1500,29.134262028443395,False,False,10.089437786219653
-2012500.0,1292500.0,1500,28.862884404491876,False,False,10.09556301955347
-2007500.0,1292500.0,1500,29.371087355009962,False,False,9.613969780746633
-2002500.0,1292500.0,1500,30.182837107409014,False,False,8.957723743866865
-1997500.0,1292500.0,1500,30.683671336263075,False,False,8.154114872073619
-1992500.0,1292500.0,1500,32.865171725406555,False,False,7.240246981786148
-1987500.0,1292500.0,1500,33.7416051259122,False,False,6.402104048351008
-1982500.0,1292500.0,1500,34.18792683471068,False,False,5.900797316645275
-1977500.0,1292500.0,1500,36.466160831158255,False,False,5.57989766097079
-1972500.0,1292500.0,1500,36.446496637815464,False,False,5.202505480828154
-1967500.0,1292500.0,1500,37.13041098023959,False,False,4.774673902715861
-1962500.0,1292500.0,1500,41.091365014747296,False,False,4.528174216207223
-1957500.0,1292500.0,1500,43.85503872540571,False,False,5.465424059914321
-1952500.0,1292500.0,1500,45.77385957314456,False,False,6.6322354091203275
-1947500.0,1292500.0,1500,45.30879633459427,False,False,5.56194748534811
-1942500.0,1292500.0,1500,37.929544486782646,False,False,6.249033436169592
-1937500.0,1292500.0,1500,27.383848704492973,False,False,8.812222023483343
-1932500.0,1292500.0,1500,18.90984362989348,False,False,9.405896931452894
-1927500.0,1292500.0,1500,14.054079656301667,False,False,8.683805270452439
-1922500.0,1292500.0,1500,13.323632708437096,False,False,6.6705499240989345
-2447500.0,1297500.0,1500,135.36994662711984,False,False,4.459195543891654
-2442500.0,1297500.0,1500,86.88411986156243,False,False,5.022275097135187
-2437500.0,1297500.0,1500,64.63982741340827,False,False,5.004411608544746
-2432500.0,1297500.0,1500,74.24263299892824,False,False,4.99000716378305
-2427500.0,1297500.0,1500,66.16448907411848,False,False,4.662136243683693
-2422500.0,1297500.0,1500,59.89865730908394,False,False,4.583842398333783
-2417500.0,1297500.0,1500,72.82084945974813,False,False,4.941485893077283
-2412500.0,1297500.0,1500,69.70316875398002,False,False,4.9516341420618675
-2407500.0,1297500.0,1500,52.21079230391509,False,False,5.11767356978913
-2402500.0,1297500.0,1500,36.541419059375784,False,False,6.427520917260539
-2397500.0,1297500.0,1500,22.73068399893702,False,False,8.219420266178739
-2392500.0,1297500.0,1500,17.201063566780114,False,False,8.82969196579998
-2387500.0,1297500.0,1500,12.50623809842636,False,False,8.168970180336933
-2382500.0,1297500.0,1500,8.556507017245343,False,False,6.1263271992651465
-2377500.0,1297500.0,1500,7.101795571643944,False,False,6.3299370356085385
-2372500.0,1297500.0,1500,6.8751036233873695,False,False,8.809330932437529
-2367500.0,1297500.0,1500,7.986621268130601,False,False,9.325500173558787
-2362500.0,1297500.0,1500,8.50973144243312,False,False,8.16673574669563
-2357500.0,1297500.0,1500,7.064198891297951,False,False,7.380314114888272
-2352500.0,1297500.0,1500,6.75418879280214,False,False,8.021149148803149
-2347500.0,1297500.0,1500,7.536939476074254,False,False,8.917058189697494
-2342500.0,1297500.0,1500,7.699035920343393,False,False,8.876465305586565
-2337500.0,1297500.0,1500,8.938806987328954,False,False,7.765562717285053
-2332500.0,1297500.0,1500,11.059955575688992,False,True,6.204209537997126
-2327500.0,1297500.0,1500,13.487997894237283,False,True,5.029688746084594
-2322500.0,1297500.0,1500,18.061263337221366,False,True,6.219736242125867
-2317500.0,1297500.0,1500,24.623752025488542,False,True,7.84281480166417
-2312500.0,1297500.0,1500,37.34501422637335,False,True,7.124192184832938
-2307500.0,1297500.0,1500,52.03157151050109,False,True,7.138137519787103
-2302500.0,1297500.0,1500,46.70177446187608,False,True,8.92039448235455
-2297500.0,1297500.0,1500,32.89378984610481,False,True,9.727081306912998
-2292500.0,1297500.0,1500,26.11203098526891,False,True,8.40570833835
-2287500.0,1297500.0,1500,18.253561624582844,False,True,6.861166783075102
-2282500.0,1297500.0,1500,13.44122994647291,False,True,7.261256622329215
-2277500.0,1297500.0,1500,13.211842805695627,False,True,8.035541229176642
-2272500.0,1297500.0,1500,12.638230581443803,False,True,6.968566329796711
-2267500.0,1297500.0,1500,11.497126417467149,False,True,5.470311184376267
-2262500.0,1297500.0,1500,10.987204605851476,False,True,5.493637054567909
-2257500.0,1297500.0,1500,11.19790571579861,False,True,7.338837693664509
-2252500.0,1297500.0,1500,15.102308256063072,False,True,9.102922543961995
-2247500.0,1297500.0,1500,20.748584624782442,False,True,9.026007736007923
-2242500.0,1297500.0,1500,24.275943043003178,False,False,7.834198195812806
-2237500.0,1297500.0,1500,25.24198049779712,False,False,7.01075979890766
-2232500.0,1297500.0,1500,24.731911038662396,False,False,5.667720727808826
-2227500.0,1297500.0,1500,24.71873419812828,False,False,5.635779220152378
-2222500.0,1297500.0,1500,24.95908907491363,False,False,7.392443448102705
-2217500.0,1297500.0,1500,25.813777537035293,False,False,7.349834693748654
-2212500.0,1297500.0,1500,27.038162565942404,False,False,7.082238478111203
-2207500.0,1297500.0,1500,27.148593425019698,False,False,5.790547990076886
-2202500.0,1297500.0,1500,26.905677960796247,False,False,5.611493957521903
-2197500.0,1297500.0,1500,25.634349272794903,False,False,7.200832067534941
-2192500.0,1297500.0,1500,24.35895591904639,False,False,7.259493209258544
-2187500.0,1297500.0,1500,23.412273391763087,False,False,8.144585643848398
-2182500.0,1297500.0,1500,20.989201281748446,False,False,9.410250972236447
-2177500.0,1297500.0,1500,18.6839052707517,False,False,8.940972588716043
-2172500.0,1297500.0,1500,16.55179106655863,False,False,6.392091716903665
-2167500.0,1297500.0,1500,13.129740857799815,False,False,4.341440276689786
-2162500.0,1297500.0,1500,10.91335690502746,False,False,4.754210317496203
-2157500.0,1297500.0,1500,10.331262778511674,False,False,6.161812772045408
-2152500.0,1297500.0,1500,8.104119477233755,False,False,7.264548225069033
-2147500.0,1297500.0,1500,6.5976935560839935,False,False,7.492850542962584
-2142500.0,1297500.0,1500,5.489085023093789,False,False,7.511272552970363
-2137500.0,1297500.0,1500,2.275572006117828,False,False,7.359461576509494
-2132500.0,1297500.0,1500,1.694687214231438,False,False,7.512144966321271
-2127500.0,1297500.0,1500,3.5591773362782617,False,False,8.985639484892973
-2122500.0,1297500.0,1500,5.695240956413179,False,False,10.508515890575204
-2117500.0,1297500.0,1500,9.371060300661652,False,False,11.238872334411704
-2112500.0,1297500.0,1500,11.85709635686736,False,False,11.513101908442863
-2107500.0,1297500.0,1500,12.89557230073329,False,False,11.624056117345777
-2102500.0,1297500.0,1500,14.703181018006484,False,False,11.669059022088451
-2097500.0,1297500.0,1500,15.385174886147272,False,False,11.680941960417083
-2092500.0,1297500.0,1500,15.583913874079919,False,False,11.669888618850122
-2087500.0,1297500.0,1500,17.17070658555772,False,False,11.634553388108383
-2082500.0,1297500.0,1500,18.2027081834304,False,False,11.571548135411936
-2077500.0,1297500.0,1500,19.19028435958469,False,False,11.48350408442096
-2072500.0,1297500.0,1500,21.149766284222476,False,False,11.389663654264837
-2067500.0,1297500.0,1500,21.834995298999104,False,False,11.300637898368704
-2062500.0,1297500.0,1500,22.38346804225297,False,False,11.186338559133263
-2057500.0,1297500.0,1500,23.521025007996975,False,False,11.024679388358052
-2052500.0,1297500.0,1500,23.546909749672274,False,False,10.83093397195569
-2047500.0,1297500.0,1500,24.21460970775273,False,False,10.58163308020871
-2042500.0,1297500.0,1500,25.921122990445973,False,False,10.157101343097041
-2037500.0,1297500.0,1500,28.463226497290016,False,False,9.182341128357264
-2032500.0,1297500.0,1500,32.88974239844302,False,False,6.514239378355899
-2027500.0,1297500.0,1500,34.432812783374075,False,False,6.200171225240595
-2022500.0,1297500.0,1500,32.073631141151424,False,False,8.651460446818573
-2017500.0,1297500.0,1500,30.90639934093254,False,False,9.5526057493526
-2012500.0,1297500.0,1500,30.327497242471694,False,False,9.530575165864569
-2007500.0,1297500.0,1500,30.16737362640135,False,False,9.211808145088451
-2002500.0,1297500.0,1500,31.306802231960145,False,False,8.827091132528537
-1997500.0,1297500.0,1500,31.4759157657022,False,False,8.452100063079063
-1992500.0,1297500.0,1500,32.49631487491721,False,False,8.089613798018073
-1987500.0,1297500.0,1500,33.871794118961255,False,False,7.672896375773222
-1982500.0,1297500.0,1500,34.3322883120819,False,False,6.606249650701574
-1977500.0,1297500.0,1500,36.79687015200541,False,False,5.007639204733451
-1972500.0,1297500.0,1500,37.82531062858121,False,False,4.224363182693965
-1967500.0,1297500.0,1500,38.894099140168585,False,False,4.5395131417930585
-1962500.0,1297500.0,1500,42.199203807853806,False,False,4.8404100316258685
-1957500.0,1297500.0,1500,44.405649827260426,False,False,4.816051482655018
-1952500.0,1297500.0,1500,46.38081708214045,False,False,4.806413123382926
-1947500.0,1297500.0,1500,46.33877699426685,False,False,4.6316654656505465
-1942500.0,1297500.0,1500,38.96981695943123,False,False,5.23236731461475
-1937500.0,1297500.0,1500,25.424761011045778,False,False,6.128204172058897
-1932500.0,1297500.0,1500,15.601764114765047,False,False,6.181698288920572
-1927500.0,1297500.0,1500,11.410755327811616,False,False,5.407948301518617
-1922500.0,1297500.0,1500,9.417590977939561,False,False,4.074424187276642
-2447500.0,1302500.0,1500,107.69973253152024,False,False,5.324752303611053
-2442500.0,1302500.0,1500,62.938536438273445,False,False,5.970016483717296
-2437500.0,1302500.0,1500,44.31739799939757,False,False,5.6701800343362265
-2432500.0,1302500.0,1500,50.865518915530274,False,False,5.38126192357409
-2427500.0,1302500.0,1500,44.28438009406347,False,False,4.697797582223
-2422500.0,1302500.0,1500,27.870258292560926,False,False,5.00850949895954
-2417500.0,1302500.0,1500,32.913878574781705,False,False,6.159465768397897
-2412500.0,1302500.0,1500,39.91384539643079,False,False,6.081906876998099
-2407500.0,1302500.0,1500,36.28710622627271,False,False,6.480885562195532
-2402500.0,1302500.0,1500,26.46293920762477,False,False,7.952683263465927
-2397500.0,1302500.0,1500,18.044190761782776,False,False,9.21994266736194
-2392500.0,1302500.0,1500,11.763132947376466,False,False,9.1147909398322
-2387500.0,1302500.0,1500,6.729625340791605,False,False,7.946663741360226
-2382500.0,1302500.0,1500,5.608974245584057,False,False,7.033387763720451
-2377500.0,1302500.0,1500,5.767343519498317,False,False,8.11599179451723
-2372500.0,1302500.0,1500,6.2601016944976875,False,False,9.500519380964102
-2367500.0,1302500.0,1500,7.7121840223769995,False,False,8.827618669631553
-2362500.0,1302500.0,1500,7.2141915282883335,False,False,7.593496452156134
-2357500.0,1302500.0,1500,6.230462336111586,False,False,7.630927049146342
-2352500.0,1302500.0,1500,6.33174311543277,False,False,8.625703617452324
-2347500.0,1302500.0,1500,5.879223895046351,False,False,9.167059262958773
-2342500.0,1302500.0,1500,5.956303934954272,False,False,8.430977889259623
-2337500.0,1302500.0,1500,7.66820212500934,False,False,7.377608304878558
-2332500.0,1302500.0,1500,10.083491345685468,False,False,7.381636603078805
-2327500.0,1302500.0,1500,13.185553255501553,False,False,6.333727690526974
-2322500.0,1302500.0,1500,15.945499413438725,False,True,5.042232485705461
-2317500.0,1302500.0,1500,18.20789002968813,False,True,5.871285217429723
-2312500.0,1302500.0,1500,25.541901443830845,False,True,6.988595788490848
-2307500.0,1302500.0,1500,35.031837629340764,False,True,8.313833894115238
-2302500.0,1302500.0,1500,34.9115649773889,False,True,9.60484559808458
-2297500.0,1302500.0,1500,28.459680945949813,False,True,9.132569331772892
-2292500.0,1302500.0,1500,22.585894849730025,False,True,7.328072911554362
-2287500.0,1302500.0,1500,17.58483573290367,False,True,6.646345754320751
-2282500.0,1302500.0,1500,15.410300610822816,False,True,6.863923687215299
-2277500.0,1302500.0,1500,16.347199242227365,False,True,6.06854684425521
-2272500.0,1302500.0,1500,17.242709777364347,False,True,5.134722304598178
-2267500.0,1302500.0,1500,15.977766333877575,False,True,5.372095395168226
-2262500.0,1302500.0,1500,15.893398873984818,False,False,7.033207789623324
-2257500.0,1302500.0,1500,17.18378331794041,False,False,8.859779291704426
-2252500.0,1302500.0,1500,18.888057870715027,False,False,9.365107043557996
-2247500.0,1302500.0,1500,23.253919283843622,False,False,8.358975163707271
-2242500.0,1302500.0,1500,26.292063525771294,False,False,7.4152587387404285
-2237500.0,1302500.0,1500,25.25373900815986,False,False,7.846202851272452
-2232500.0,1302500.0,1500,23.836793928992645,False,False,7.487574651085543
-2227500.0,1302500.0,1500,22.19429419744038,False,False,5.524371291991385
-2222500.0,1302500.0,1500,19.995066353958514,False,False,5.505335973762609
-2217500.0,1302500.0,1500,19.682808139881637,False,False,6.815472632486034
-2212500.0,1302500.0,1500,20.699459561373555,False,False,7.670148308476401
-2207500.0,1302500.0,1500,21.695080260328066,False,False,6.778612715510211
-2202500.0,1302500.0,1500,22.26963588844615,False,False,5.5570190109916116
-2197500.0,1302500.0,1500,21.13401129414745,False,False,6.3186338379043185
-2192500.0,1302500.0,1500,20.307465392116114,False,False,7.401586702438934
-2187500.0,1302500.0,1500,19.850805176647643,False,False,8.642651870930406
-2182500.0,1302500.0,1500,17.1318292462674,False,False,9.131922870490165
-2177500.0,1302500.0,1500,15.02895136552665,False,False,7.277858341107935
-2172500.0,1302500.0,1500,13.762805346678078,False,False,4.6148555125303306
-2167500.0,1302500.0,1500,11.149032013797495,False,False,4.385980475886935
-2162500.0,1302500.0,1500,9.828368361110321,False,False,6.139157116804278
-2157500.0,1302500.0,1500,8.767571707466537,False,False,7.612922108021236
-2152500.0,1302500.0,1500,6.436238466434003,False,False,7.778696151896539
-2147500.0,1302500.0,1500,5.302235487898503,False,False,7.557841202786204
-2142500.0,1302500.0,1500,4.237028201742183,False,False,7.99767215046373
-2137500.0,1302500.0,1500,2.02084096103536,False,False,7.9228645426712525
-2132500.0,1302500.0,1500,1.542878551528755,False,False,7.274534770287919
-2127500.0,1302500.0,1500,3.280452608373947,False,False,7.812453151031487
-2122500.0,1302500.0,1500,6.0350043813528425,False,False,9.065044753615394
-2117500.0,1302500.0,1500,9.629138457333475,False,False,9.701057280586882
-2112500.0,1302500.0,1500,11.872435044166819,False,False,9.893994951007992
-2107500.0,1302500.0,1500,13.095672499595915,False,False,9.930291720600465
-2102500.0,1302500.0,1500,14.692511655722411,False,False,9.887513210870308
-2097500.0,1302500.0,1500,15.308570754753536,False,False,9.804667422247196
-2092500.0,1302500.0,1500,15.934148914666986,False,False,9.694384798842657
-2087500.0,1302500.0,1500,17.385844036818835,False,False,9.556161243161645
-2082500.0,1302500.0,1500,18.954930731983882,False,False,9.39133890432346
-2077500.0,1302500.0,1500,21.018316931781314,False,False,9.19819248092045
-2072500.0,1302500.0,1500,22.985603568812714,False,False,8.992924062288722
-2067500.0,1302500.0,1500,24.28901425187792,False,False,8.78885446001354
-2062500.0,1302500.0,1500,25.35930635942266,False,False,8.56175209778661
-2057500.0,1302500.0,1500,26.497122769782838,False,False,8.293170626089506
-2052500.0,1302500.0,1500,27.690902732004155,False,False,7.999487618488248
-2047500.0,1302500.0,1500,28.260487755941572,False,False,7.649392563709545
-2042500.0,1302500.0,1500,29.216181141507395,False,False,7.204438848305146
-2037500.0,1302500.0,1500,31.894111876235787,False,False,6.526810086446714
-2032500.0,1302500.0,1500,35.611936660318726,False,False,5.038006240254522
-2027500.0,1302500.0,1500,36.72475342649518,False,False,4.935467269823752
-2022500.0,1302500.0,1500,35.24582482564555,False,False,6.07024110009926
-2017500.0,1302500.0,1500,33.701938191637765,False,False,6.174310299382008
-2012500.0,1302500.0,1500,33.16559863044784,False,False,6.052883222477487
-2007500.0,1302500.0,1500,33.55000203727421,False,False,5.92473581561832
-2002500.0,1302500.0,1500,33.80759339089583,False,False,5.774979294887927
-1997500.0,1302500.0,1500,34.57299241112959,False,False,5.675051298798534
-1992500.0,1302500.0,1500,34.815420680689805,False,False,5.529580452398987
-1987500.0,1302500.0,1500,35.28559450130991,False,False,5.299079494167617
-1982500.0,1302500.0,1500,36.304585280988604,False,False,5.1380654021030505
-1977500.0,1302500.0,1500,37.96126322077011,False,False,4.673068888892677
-1972500.0,1302500.0,1500,40.10867568312608,False,False,4.768929841093421
-1967500.0,1302500.0,1500,41.19856449747628,False,False,5.437075374557789
-1962500.0,1302500.0,1500,42.76509261599834,False,False,5.499524616348507
-1957500.0,1302500.0,1500,44.83728029428271,False,False,5.2107307383884365
-1952500.0,1302500.0,1500,45.803020682668155,False,False,4.4068236868015
-1947500.0,1302500.0,1500,44.48167796947647,False,False,4.646643254662549
-1942500.0,1302500.0,1500,38.14885910692089,False,False,5.385283201288516
-1937500.0,1302500.0,1500,25.762808275191972,False,False,4.633835216839265
-1932500.0,1302500.0,1500,16.021746065111344,False,False,3.90134426303397
-1927500.0,1302500.0,1500,11.769525300021513,False,False,3.6631420285055984
-1922500.0,1302500.0,1500,7.594585593989847,False,False,3.683056791732779
-2447500.0,1307500.0,1500,89.60191830195555,False,False,5.873534253513137
-2442500.0,1307500.0,1500,57.47556140593612,False,False,6.406796186645094
-2437500.0,1307500.0,1500,34.41332749322461,False,False,6.094473878628632
-2432500.0,1307500.0,1500,21.37238932440103,False,False,5.896830931741114
-2427500.0,1307500.0,1500,17.046137691203015,False,False,4.819299557095896
-2422500.0,1307500.0,1500,14.747235608008756,False,False,5.397889819520473
-2417500.0,1307500.0,1500,19.198560681764143,False,False,7.22097052408866
-2412500.0,1307500.0,1500,25.26173838488118,False,False,6.918062402874823
-2407500.0,1307500.0,1500,25.411116851029647,False,False,7.413727267189675
-2402500.0,1307500.0,1500,20.716501968945316,False,False,8.931946754803844
-2397500.0,1307500.0,1500,14.490377605239965,False,False,9.517702064980897
-2392500.0,1307500.0,1500,6.751915102686594,False,False,8.604242390683044
-2387500.0,1307500.0,1500,2.6243487441236804,False,False,7.711913977857247
-2382500.0,1307500.0,1500,3.785489227825223,False,False,8.370242283149173
-2377500.0,1307500.0,1500,4.8111014018867575,False,False,9.485855810292263
-2372500.0,1307500.0,1500,5.781885854359763,False,False,9.319590828841964
-2367500.0,1307500.0,1500,6.657593275049379,False,False,8.00334688203569
-2362500.0,1307500.0,1500,5.055206288949514,False,False,7.430318649945699
-2357500.0,1307500.0,1500,4.244238054687925,False,False,8.202373869497178
-2352500.0,1307500.0,1500,3.7751615901223263,False,False,9.082804251670861
-2347500.0,1307500.0,1500,2.1995283225041633,False,False,8.904186414623117
-2342500.0,1307500.0,1500,3.389543679046363,False,False,7.702387507215937
-2337500.0,1307500.0,1500,6.825822876999419,False,False,7.436382946185644
-2332500.0,1307500.0,1500,10.39989961637194,False,False,8.205532221143358
-2327500.0,1307500.0,1500,14.598679074399543,False,False,7.985050437351137
-2322500.0,1307500.0,1500,15.794276526655576,False,False,6.081547588715073
-2317500.0,1307500.0,1500,15.184168395272915,False,False,4.794889199902011
-2312500.0,1307500.0,1500,19.042745427857938,False,False,6.130802605950503
-2307500.0,1307500.0,1500,24.931906699921267,False,True,8.463812588438534
-2302500.0,1307500.0,1500,26.10092041790258,False,True,9.315230360407824
-2297500.0,1307500.0,1500,22.646384477895275,False,True,8.046506491488442
-2292500.0,1307500.0,1500,19.367905678392024,False,True,6.799675459688934
-2287500.0,1307500.0,1500,18.076491347925124,False,True,6.585131145867977
-2282500.0,1307500.0,1500,18.376862987712055,False,True,5.874562776094989
-2277500.0,1307500.0,1500,20.24500065600192,False,False,5.34175571060129
-2272500.0,1307500.0,1500,21.045672822320526,False,False,5.774172752833952
-2267500.0,1307500.0,1500,20.09239690549087,False,False,6.602454581574086
-2262500.0,1307500.0,1500,20.622631659088484,False,False,7.975234483958367
-2257500.0,1307500.0,1500,21.885415543743814,False,False,9.032986075650271
-2252500.0,1307500.0,1500,21.959826684419586,False,False,8.667987352786124
-2247500.0,1307500.0,1500,23.536352218464362,False,False,7.511636131579394
-2242500.0,1307500.0,1500,24.570668891031946,False,False,7.424626864449948
-2237500.0,1307500.0,1500,22.697439006415895,False,False,8.368401691735938
-2232500.0,1307500.0,1500,21.121617469435183,False,False,8.469843286854129
-2227500.0,1307500.0,1500,18.95490251380017,False,False,6.558657411484971
-2222500.0,1307500.0,1500,16.26632835425379,False,False,4.958981909434455
-2217500.0,1307500.0,1500,15.47556328769657,False,False,6.193072408885287
-2212500.0,1307500.0,1500,15.651187879742894,False,False,7.882002422798983
-2207500.0,1307500.0,1500,16.41337034828327,False,False,7.3064389689196725
-2202500.0,1307500.0,1500,16.48681439660163,False,False,5.368923000609819
-2197500.0,1307500.0,1500,15.818439847187477,False,False,5.630608333490734
-2192500.0,1307500.0,1500,15.79743121192945,False,False,7.324040899650308
-2187500.0,1307500.0,1500,15.0225711321218,False,False,7.984542577812441
-2182500.0,1307500.0,1500,12.763325395861832,False,False,7.450331918518638
-2177500.0,1307500.0,1500,10.953419856871998,False,False,5.2842739186185375
-2172500.0,1307500.0,1500,10.453546094201027,False,False,4.3045941789096425
-2167500.0,1307500.0,1500,9.388765445131055,False,False,5.584544674787548
-2162500.0,1307500.0,1500,8.47254527100369,False,False,6.754600051587156
-2157500.0,1307500.0,1500,7.870870963544187,False,False,7.005045354942532
-2152500.0,1307500.0,1500,6.778432982684325,False,False,6.6192443862864305
-2147500.0,1307500.0,1500,5.901972109337546,False,False,6.482267091638438
-2142500.0,1307500.0,1500,4.5084808342518965,False,False,6.6923573616904
-2137500.0,1307500.0,1500,3.24523048347528,False,False,6.508426669990098
-2132500.0,1307500.0,1500,3.143896709703488,False,False,5.856686799927588
-2127500.0,1307500.0,1500,5.117837750613176,False,False,5.685791581739861
-2122500.0,1307500.0,1500,8.33004122748509,False,False,6.069081174897229
-2117500.0,1307500.0,1500,10.366630529969804,False,False,6.239892184605396
-2112500.0,1307500.0,1500,12.22063506094345,False,False,6.217462864374182
-2107500.0,1307500.0,1500,13.856434310912645,False,False,6.152609600283222
-2102500.0,1307500.0,1500,14.731654047734251,False,False,6.087881972072247
-2097500.0,1307500.0,1500,15.957397578934838,False,False,6.049123609466231
-2092500.0,1307500.0,1500,16.93255349019459,False,False,6.0373195200653695
-2087500.0,1307500.0,1500,18.05433929256024,False,False,6.048278100063392
-2082500.0,1307500.0,1500,20.598595970194705,False,False,6.075718156205447
-2077500.0,1307500.0,1500,23.127951295512247,False,False,6.107700660267837
-2072500.0,1307500.0,1500,24.986171123055797,False,False,6.142823813835729
-2067500.0,1307500.0,1500,26.907388075754803,False,False,6.181176982173615
-2062500.0,1307500.0,1500,27.950484211565833,False,False,6.208008329196403
-2057500.0,1307500.0,1500,29.14292860827808,False,False,6.21000024384498
-2052500.0,1307500.0,1500,31.523674036227117,False,False,6.193694530549153
-2047500.0,1307500.0,1500,32.343620321392635,False,False,6.115380673561562
-2042500.0,1307500.0,1500,32.97397676437172,False,False,5.943907119570301
-2037500.0,1307500.0,1500,35.31364111281729,False,False,5.372843749203751
-2032500.0,1307500.0,1500,37.28286554971479,False,False,4.777943861564888
-2027500.0,1307500.0,1500,37.806988115780015,False,False,5.193408949341934
-2022500.0,1307500.0,1500,37.141766487712566,False,False,5.803550164673997
-2017500.0,1307500.0,1500,35.87103429503299,False,False,5.860067063182091
-2012500.0,1307500.0,1500,35.526065878814705,False,False,5.877028592807264
-2007500.0,1307500.0,1500,36.01744449166133,False,False,5.840991545359527
-2002500.0,1307500.0,1500,35.75227986854856,False,False,5.613399925484436
-1997500.0,1307500.0,1500,36.45089836646342,False,False,4.872410854302583
-1992500.0,1307500.0,1500,37.209820441179374,False,False,4.034613626128003
-1987500.0,1307500.0,1500,37.25039879846713,False,False,4.570197588362348
-1982500.0,1307500.0,1500,38.498149719605244,False,False,6.25679724759374
-1977500.0,1307500.0,1500,39.61672380302048,False,False,7.017230157852502
-1972500.0,1307500.0,1500,41.16324383798285,False,False,7.0069858188817395
-1967500.0,1307500.0,1500,42.9514166648855,False,False,7.250757771473628
-1962500.0,1307500.0,1500,43.45982488335006,False,False,7.404542048201364
-1957500.0,1307500.0,1500,44.29088453769615,False,False,7.16610708458986
-1952500.0,1307500.0,1500,44.67910132438146,False,False,5.478191409677625
-1947500.0,1307500.0,1500,40.40146467292813,False,False,5.388147023474119
-1942500.0,1307500.0,1500,31.655062151250302,False,False,6.125481404054342
-1937500.0,1307500.0,1500,20.9683191271666,False,False,5.025084776451997
-1932500.0,1307500.0,1500,12.76985474046582,False,False,5.324385191601886
-1927500.0,1307500.0,1500,9.185069078618879,False,False,6.167406444632261
-1922500.0,1307500.0,1500,6.05471493983312,False,False,6.082041795607028
-2447500.0,1312500.0,1500,54.274247095310706,False,False,6.1650691612920046
-2442500.0,1312500.0,1500,37.33627066037132,False,False,6.412001929176572
-2437500.0,1312500.0,1500,25.8511543637719,False,False,6.204314393789521
-2432500.0,1312500.0,1500,13.098555692363513,False,False,6.145384915409709
-2427500.0,1312500.0,1500,14.345083945378246,False,False,4.846441327163248
-2422500.0,1312500.0,1500,14.026960994631144,False,False,5.440226010571723
-2417500.0,1312500.0,1500,10.082053454961489,False,False,7.08214090125081
-2412500.0,1312500.0,1500,14.560127478156362,False,False,7.086105439461118
-2407500.0,1312500.0,1500,16.5944793869506,False,False,8.332341225613591
-2402500.0,1312500.0,1500,14.818047047168553,False,False,9.530346988663664
-2397500.0,1312500.0,1500,9.269045113974544,False,False,9.153836430877606
-2392500.0,1312500.0,1500,3.4234616517593555,False,False,7.953622311093582
-2387500.0,1312500.0,1500,2.4291308034930497,False,False,7.947010794916912
-2382500.0,1312500.0,1500,4.029291513218332,False,False,9.159639996294656
-2377500.0,1312500.0,1500,4.799936767699711,False,False,9.590533425158497
-2372500.0,1312500.0,1500,4.934924643548485,False,False,8.539360600085834
-2367500.0,1312500.0,1500,5.422381636656618,False,False,7.428262883517504
-2362500.0,1312500.0,1500,5.642410556048294,False,False,7.791577762812153
-2357500.0,1312500.0,1500,5.573685342184665,False,False,8.881493292206722
-2352500.0,1312500.0,1500,4.193957670768394,False,False,9.16044528019633
-2347500.0,1312500.0,1500,1.959278219650988,False,False,8.167317949801967
-2342500.0,1312500.0,1500,3.205315978431816,False,False,7.30269061976501
-2337500.0,1312500.0,1500,6.669798897643938,False,False,7.760126858517049
-2332500.0,1312500.0,1500,11.352065924363925,False,False,8.462873776681242
-2327500.0,1312500.0,1500,16.88019339793487,False,False,8.27569465449632
-2322500.0,1312500.0,1500,19.430247757701128,False,False,7.147499757237831
-2317500.0,1312500.0,1500,18.617758284612954,False,False,5.913593960704647
-2312500.0,1312500.0,1500,19.0754053296406,False,False,6.378770419718009
-2307500.0,1312500.0,1500,21.77278439161524,False,False,8.006522707860949
-2302500.0,1312500.0,1500,21.782946250515078,False,False,8.206878180078425
-2297500.0,1312500.0,1500,19.194499196636347,False,True,6.927387927796149
-2292500.0,1312500.0,1500,18.30792662020344,False,False,6.602548237996351
-2287500.0,1312500.0,1500,20.278486499700293,False,False,6.745456319700772
-2282500.0,1312500.0,1500,22.832259763348254,False,False,6.190430854230118
-2277500.0,1312500.0,1500,25.005292405132007,False,False,6.233690913426112
-2272500.0,1312500.0,1500,25.746201580367444,False,False,6.255883967215853
-2267500.0,1312500.0,1500,25.604159373582483,False,False,6.495670628507127
-2262500.0,1312500.0,1500,25.927740953630163,False,False,7.284395690682979
-2257500.0,1312500.0,1500,25.470460555836677,False,False,7.487172482129356
-2252500.0,1312500.0,1500,24.641522736011723,False,False,6.874845314814175
-2247500.0,1312500.0,1500,23.368101109568837,False,False,6.173137762436069
-2242500.0,1312500.0,1500,21.594483385573827,False,False,6.278897687128612
-2237500.0,1312500.0,1500,19.69456017258372,False,False,6.639099731049154
-2232500.0,1312500.0,1500,17.600916091545216,False,False,6.483065831391636
-2227500.0,1312500.0,1500,15.625241557928003,False,False,5.706615190890812
-2222500.0,1312500.0,1500,13.783570486278283,False,False,4.477747346139134
-2217500.0,1312500.0,1500,12.44044071796687,False,False,4.6211086376556425
-2212500.0,1312500.0,1500,12.018624891679977,False,False,5.594367222332368
-2207500.0,1312500.0,1500,11.60911859037085,False,False,5.395943177675861
-2202500.0,1312500.0,1500,10.659517462294875,False,False,4.280903724009454
-2197500.0,1312500.0,1500,10.390284470841687,False,False,4.3334251356008
-2192500.0,1312500.0,1500,10.161141795427236,False,False,5.278700238841056
-2187500.0,1312500.0,1500,8.896335596596545,False,False,5.289650670195213
-2182500.0,1312500.0,1500,7.8726634632203,False,False,4.687185083047947
-2177500.0,1312500.0,1500,7.923468244812241,False,False,4.043591814735691
-2172500.0,1312500.0,1500,8.548020338645314,False,False,4.534207735243758
-2167500.0,1312500.0,1500,9.046426063984256,False,False,5.396175181887652
-2162500.0,1312500.0,1500,8.397974739657446,False,False,5.624925009047635
-2157500.0,1312500.0,1500,8.555721019275861,False,False,5.61591162937214
-2152500.0,1312500.0,1500,9.542802260806155,False,False,5.636364732993457
-2147500.0,1312500.0,1500,8.525640594671701,False,False,5.771610050503886
-2142500.0,1312500.0,1500,7.10817658187856,False,False,5.850253449213265
-2137500.0,1312500.0,1500,6.301042049802499,False,False,5.809472606660485
-2132500.0,1312500.0,1500,6.2124424146517425,False,False,5.635890398278853
-2127500.0,1312500.0,1500,8.324358164804167,False,False,5.332794574171187
-2122500.0,1312500.0,1500,10.716307552129395,False,False,5.304353688862967
-2117500.0,1312500.0,1500,11.415634060757062,False,False,5.619149625418624
-2112500.0,1312500.0,1500,13.036863274888898,False,False,5.896124493698185
-2107500.0,1312500.0,1500,14.854674515618601,False,False,6.058093332544624
-2102500.0,1312500.0,1500,15.354707192088242,False,False,6.184724902576791
-2097500.0,1312500.0,1500,17.042717163331968,False,False,6.327024342904872
-2092500.0,1312500.0,1500,18.26703188047756,False,False,6.500020343958413
-2087500.0,1312500.0,1500,19.172203313523003,False,False,6.704101917049356
-2082500.0,1312500.0,1500,22.238817029776037,False,False,6.930200765212785
-2077500.0,1312500.0,1500,24.5083139178659,False,False,7.165778420457382
-2072500.0,1312500.0,1500,26.334211806347554,False,False,7.412220390131861
-2067500.0,1312500.0,1500,28.811533225486006,False,False,7.67321873369463
-2062500.0,1312500.0,1500,29.77833182526674,False,False,7.928580269091164
-2057500.0,1312500.0,1500,31.19062761092557,False,False,8.155212400725901
-2052500.0,1312500.0,1500,33.62614541680195,False,False,8.355990361585949
-2047500.0,1312500.0,1500,34.98980706328653,False,False,8.451468420146485
-2042500.0,1312500.0,1500,36.95442832452677,False,False,8.164638597854491
-2037500.0,1312500.0,1500,39.739910964553694,False,False,6.542448288284961
-2032500.0,1312500.0,1500,40.718947504350474,False,False,5.882858663696966
-2027500.0,1312500.0,1500,39.97518334896946,False,False,7.60080958279994
-2022500.0,1312500.0,1500,38.7657253745565,False,False,8.882106797437062
-2017500.0,1312500.0,1500,37.40854738724021,False,False,9.111472001982136
-2012500.0,1312500.0,1500,37.168630834973605,False,False,8.902220005325805
-2007500.0,1312500.0,1500,37.842126774957194,False,False,8.1432525482136
-2002500.0,1312500.0,1500,37.818836857871524,False,False,6.61859381431948
-1997500.0,1312500.0,1500,37.801229678331225,False,False,5.518678937895681
-1992500.0,1312500.0,1500,38.74234360547997,False,False,5.913088862232449
-1987500.0,1312500.0,1500,39.158286582253076,False,False,7.581281761638697
-1982500.0,1312500.0,1500,39.66221496065713,False,False,9.208839585022783
-1977500.0,1312500.0,1500,41.186591155294785,False,False,9.77370437698644
-1972500.0,1312500.0,1500,42.09549217588844,False,False,9.88617992914539
-1967500.0,1312500.0,1500,43.05567054118631,False,False,9.93199400431861
-1962500.0,1312500.0,1500,42.78829780966939,False,False,9.708923919150987
-1957500.0,1312500.0,1500,42.52799891667574,False,False,8.614488557315646
-1952500.0,1312500.0,1500,43.06657911025856,False,False,5.904785447604499
-1947500.0,1312500.0,1500,36.236707816997765,False,False,4.787519567206306
-1942500.0,1312500.0,1500,24.53665898599751,False,False,5.326036497379052
-1937500.0,1312500.0,1500,14.377485378962005,False,False,6.144678439367434
-1932500.0,1312500.0,1500,7.236591911979641,False,False,8.366535277784891
-1927500.0,1312500.0,1500,4.700666072300021,False,False,9.714618762985761
-1922500.0,1312500.0,1500,3.60501269514244,False,False,9.567864976344392
-2447500.0,1317500.0,1500,61.333996660109115,False,False,5.747902540052127
-2442500.0,1317500.0,1500,41.6242709855382,False,False,5.886160823857596
-2437500.0,1317500.0,1500,39.03558149832174,False,False,6.062485030151289
-2432500.0,1317500.0,1500,37.4873372231204,False,False,6.113562603402666
-2427500.0,1317500.0,1500,39.87881623106434,False,False,4.780080018642449
-2422500.0,1317500.0,1500,27.73506864067413,False,False,5.156621025698424
-2417500.0,1317500.0,1500,12.799975551086199,False,False,6.65415061839497
-2412500.0,1317500.0,1500,10.195813275655853,False,True,7.631799535201886
-2407500.0,1317500.0,1500,12.253693639548379,False,True,9.118931540196279
-2402500.0,1317500.0,1500,10.872107007610522,False,True,9.445881837987645
-2397500.0,1317500.0,1500,6.654185630726181,False,False,8.396797798518902
-2392500.0,1317500.0,1500,4.347255712061568,False,False,7.683153468994014
-2387500.0,1317500.0,1500,5.767314963967143,False,False,8.463644105480766
-2382500.0,1317500.0,1500,6.321555565755089,False,False,9.387645066309622
-2377500.0,1317500.0,1500,6.746400238532312,False,False,8.983431283340948
-2372500.0,1317500.0,1500,7.863312228257595,False,False,7.716881496918546
-2367500.0,1317500.0,1500,7.791324013609855,False,False,7.299372492870939
-2362500.0,1317500.0,1500,9.243756852719478,False,False,8.088781902241658
-2357500.0,1317500.0,1500,9.616263900073028,False,False,8.82083001970527
-2352500.0,1317500.0,1500,6.849453080082587,False,False,8.466236891297731
-2347500.0,1317500.0,1500,4.620788095544751,False,False,7.37359652306133
-2342500.0,1317500.0,1500,4.083254053374822,False,False,7.042074496047784
-2337500.0,1317500.0,1500,6.179864089381327,False,False,7.403271817352688
-2332500.0,1317500.0,1500,10.790320002231056,False,False,7.469738593596034
-2327500.0,1317500.0,1500,15.722575206185187,False,False,6.881465880763072
-2322500.0,1317500.0,1500,19.555270053638097,False,False,5.8864116763901935
-2317500.0,1317500.0,1500,20.410310665680807,False,False,5.413676999575384
-2312500.0,1317500.0,1500,21.14209069761291,False,False,5.508782522938972
-2307500.0,1317500.0,1500,23.305767194235635,False,False,5.620271803192924
-2302500.0,1317500.0,1500,22.554433359853302,False,False,5.3995977974419915
-2297500.0,1317500.0,1500,20.925581925023103,False,False,4.956219584828876
-2292500.0,1317500.0,1500,21.77258065810038,False,False,5.070141974312085
-2287500.0,1317500.0,1500,24.044955142263262,False,False,5.418758734488296
-2282500.0,1317500.0,1500,26.81203137523239,False,False,5.41002683463198
-2277500.0,1317500.0,1500,28.921665346108238,False,False,5.2287182844019755
-2272500.0,1317500.0,1500,30.283167550998627,False,False,5.175961126516407
-2267500.0,1317500.0,1500,31.03388308454635,False,False,5.465625251186047
-2262500.0,1317500.0,1500,30.136705709510874,False,False,5.72739136446228
-2257500.0,1317500.0,1500,28.54035071701663,False,False,5.686650623555051
-2252500.0,1317500.0,1500,27.033335899975388,False,False,5.5307407289441795
-2247500.0,1317500.0,1500,23.50673644073299,False,False,5.560363821138404
-2242500.0,1317500.0,1500,19.6281413296417,False,False,5.712238615035936
-2237500.0,1317500.0,1500,17.139095401900306,False,False,5.7069990761867775
-2232500.0,1317500.0,1500,14.332387452036771,False,False,5.435451821081534
-2227500.0,1317500.0,1500,12.68344042159133,False,False,5.2499076653475285
-2222500.0,1317500.0,1500,11.522486144338906,False,False,5.338357754454422
-2217500.0,1317500.0,1500,9.511843825321357,False,False,5.441028399856471
-2212500.0,1317500.0,1500,9.048146194911364,False,False,5.343164600987081
-2207500.0,1317500.0,1500,8.294090768964454,False,False,5.080678676961911
-2202500.0,1317500.0,1500,6.485212159813465,False,False,5.1157924360793405
-2197500.0,1317500.0,1500,5.58781291765677,False,False,4.772963922303564
-2192500.0,1317500.0,1500,4.008177776627248,False,False,3.917379648887593
-2187500.0,1317500.0,1500,2.037067955137279,False,False,3.8916400492869236
-2182500.0,1317500.0,1500,2.89225387422825,False,False,4.451695686473304
-2177500.0,1317500.0,1500,5.327817931932936,False,False,5.253230884850382
-2172500.0,1317500.0,1500,7.240480069659301,False,False,5.995441356200214
-2167500.0,1317500.0,1500,8.791461522616613,False,False,6.255525351002248
-2162500.0,1317500.0,1500,9.132477193074946,False,False,6.27768705211277
-2157500.0,1317500.0,1500,10.72425078129234,False,False,6.395545196656599
-2152500.0,1317500.0,1500,12.62553187360868,False,False,6.9849406743417575
-2147500.0,1317500.0,1500,11.327620847227259,False,False,7.643290949780173
-2142500.0,1317500.0,1500,10.322811439205433,False,False,7.9855932100369245
-2137500.0,1317500.0,1500,9.968959093669634,False,False,8.122296946832922
-2132500.0,1317500.0,1500,9.30520490328988,False,False,8.008328911656667
-2127500.0,1317500.0,1500,10.795947190582002,False,False,7.346960063781528
-2122500.0,1317500.0,1500,11.799414367375569,False,False,7.0120238119634655
-2117500.0,1317500.0,1500,12.01193094407295,False,False,7.882043892392616
-2112500.0,1317500.0,1500,13.886862645387076,False,False,9.013779331841901
-2107500.0,1317500.0,1500,15.56947479262283,False,False,9.673043052419738
-2102500.0,1317500.0,1500,16.783105462822014,False,False,10.015088805619632
-2097500.0,1317500.0,1500,18.78206121833769,False,False,10.220421851930396
-2092500.0,1317500.0,1500,20.085162031273175,False,False,10.376507147069429
-2087500.0,1317500.0,1500,21.22526167451827,False,False,10.50916409180357
-2082500.0,1317500.0,1500,23.7705435720654,False,False,10.622216200692385
-2077500.0,1317500.0,1500,25.943656377439645,False,False,10.713583668896778
-2072500.0,1317500.0,1500,27.80805778633982,False,False,10.800650177015601
-2067500.0,1317500.0,1500,30.091228284895127,False,False,10.899215372579246
-2062500.0,1317500.0,1500,31.58710996666796,False,False,10.984539313036622
-2057500.0,1317500.0,1500,33.123133556696324,False,False,11.023600044490733
-2052500.0,1317500.0,1500,35.36415971068313,False,False,10.996029314641646
-2047500.0,1317500.0,1500,37.92655313525908,False,False,10.726589792027962
-2042500.0,1317500.0,1500,41.677825977264796,False,False,9.677225483782456
-2037500.0,1317500.0,1500,46.34530326245725,False,False,6.762814475807204
-2032500.0,1317500.0,1500,47.226929705590784,False,False,6.356540012732236
-2027500.0,1317500.0,1500,44.137095370408716,False,False,9.03665853739121
-2022500.0,1317500.0,1500,41.91713837690765,False,False,10.075690589453163
-2017500.0,1317500.0,1500,40.709161589615306,False,False,9.698359527751364
-2012500.0,1317500.0,1500,40.355478996151746,False,False,8.24459026530542
-2007500.0,1317500.0,1500,41.33498446698693,False,False,6.463965864555535
-2002500.0,1317500.0,1500,41.545638587491474,False,False,5.8437637082656
-1997500.0,1317500.0,1500,41.01915913864709,False,False,7.018256646235519
-1992500.0,1317500.0,1500,41.48845954346504,False,False,9.094289851921683
-1987500.0,1317500.0,1500,41.912340469013735,False,False,10.577478542004672
-1982500.0,1317500.0,1500,42.150253081220974,False,False,11.165845205814945
-1977500.0,1317500.0,1500,43.59824871617632,False,False,11.315299857488123
-1972500.0,1317500.0,1500,43.51021579008661,False,False,11.271527345241427
-1967500.0,1317500.0,1500,41.5227923043529,False,False,11.029250505087479
-1962500.0,1317500.0,1500,40.862710816139,False,False,10.294700916328786
-1957500.0,1317500.0,1500,40.931591178987915,False,False,8.339702652918614
-1952500.0,1317500.0,1500,39.11119744418681,False,False,5.310667147384113
-1947500.0,1317500.0,1500,30.888265016044883,False,False,4.459433747652832
-1942500.0,1317500.0,1500,19.62795881639711,False,False,6.506337076120866
-1937500.0,1317500.0,1500,11.864858040147244,False,False,9.11785095502526
-1932500.0,1317500.0,1500,6.551968447351682,False,False,11.018054933859581
-1927500.0,1317500.0,1500,3.2500368446395616,False,False,11.7394111267004
-1922500.0,1317500.0,1500,2.090670727260248,False,False,11.82883172809466
-2442500.0,1322500.0,1500,86.51501014953459,False,False,5.099678131183671
-2437500.0,1322500.0,1500,77.16465161341435,False,False,5.798503765287081
-2432500.0,1322500.0,1500,77.94471673094048,False,False,5.710506742809704
-2427500.0,1322500.0,1500,75.15266197448025,False,False,4.436170363240437
-2422500.0,1322500.0,1500,62.74522644915405,False,True,4.673175629824358
-2417500.0,1322500.0,1500,36.685824241018345,False,True,6.465921975484663
-2412500.0,1322500.0,1500,14.463803666856645,False,True,8.116532082521037
-2407500.0,1322500.0,1500,15.209243953289777,False,True,9.016811417942368
-2402500.0,1322500.0,1500,13.354028681195812,False,True,8.633769610318286
-2397500.0,1322500.0,1500,10.779968201578665,False,True,7.656455136607361
-2392500.0,1322500.0,1500,10.451981604241709,False,True,7.5922754948562305
-2387500.0,1322500.0,1500,11.96435766586571,False,False,8.29371004934898
-2382500.0,1322500.0,1500,11.655940285329098,False,False,8.492564135148353
-2377500.0,1322500.0,1500,11.186700788634539,False,False,7.756742260064228
-2372500.0,1322500.0,1500,12.087318399920717,False,False,6.93156925760071
-2367500.0,1322500.0,1500,11.434763524212395,False,False,6.881566621405844
-2362500.0,1322500.0,1500,11.545577060543145,False,False,7.156427910339237
-2357500.0,1322500.0,1500,11.30542758984464,False,False,7.1333829837082146
-2352500.0,1322500.0,1500,7.984520781393387,False,False,6.58432930429903
-2347500.0,1322500.0,1500,5.8323293225847985,False,False,5.970068873766828
-2342500.0,1322500.0,1500,5.122712326189984,False,False,5.810090130786046
-2337500.0,1322500.0,1500,5.923202368877876,False,False,5.871939494016614
-2332500.0,1322500.0,1500,8.515433868454929,False,False,5.826811440544862
-2327500.0,1322500.0,1500,11.745652090678146,False,False,5.599769561709144
-2322500.0,1322500.0,1500,15.16809763358593,False,False,5.454223951119966
-2317500.0,1322500.0,1500,17.502967764412013,False,False,5.458150708138466
-2312500.0,1322500.0,1500,20.210836792061944,False,False,5.371689884453553
-2307500.0,1322500.0,1500,22.57478175704354,False,False,5.012178155444815
-2302500.0,1322500.0,1500,23.04820192510019,False,False,4.813902188516801
-2297500.0,1322500.0,1500,24.606621981336282,False,False,5.215457517683711
-2292500.0,1322500.0,1500,27.510347892421045,False,False,5.636390889119414
-2287500.0,1322500.0,1500,28.72588668387957,False,False,5.697782565912164
-2282500.0,1322500.0,1500,28.950748518263314,False,False,5.374755416868338
-2277500.0,1322500.0,1500,29.593512784071685,False,False,5.370293189966748
-2272500.0,1322500.0,1500,31.18977882710905,False,False,6.08084703759803
-2267500.0,1322500.0,1500,32.45323522012011,False,False,6.612217580784238
-2262500.0,1322500.0,1500,31.011250089141935,False,False,6.575794840174822
-2257500.0,1322500.0,1500,29.447293206666064,False,False,6.258647951321427
-2252500.0,1322500.0,1500,27.650285914234132,False,False,6.4311393813071165
-2247500.0,1322500.0,1500,23.30661554010148,False,False,7.099912742908828
-2242500.0,1322500.0,1500,19.14705332971953,False,False,7.490553025128641
-2237500.0,1322500.0,1500,15.603846591930612,False,False,7.300316732109052
-2232500.0,1322500.0,1500,11.898382755403594,False,False,6.724885226469837
-2227500.0,1322500.0,1500,9.737162873426108,False,False,6.889141987508266
-2222500.0,1322500.0,1500,8.337765816398745,False,False,7.694428407522571
-2217500.0,1322500.0,1500,6.60713817726004,False,False,7.929400875579726
-2212500.0,1322500.0,1500,5.873886960560596,False,False,7.3501216267385034
-2207500.0,1322500.0,1500,5.349304309641992,False,False,6.9149264512966555
-2202500.0,1322500.0,1500,3.799133572776002,False,False,7.389646005287895
-2197500.0,1322500.0,1500,1.174975380284635,False,False,6.88884351763396
-2192500.0,1322500.0,1500,-2.824242744224737,False,False,5.6308282309314555
-2187500.0,1322500.0,1500,-7.103410894177142,False,False,5.508056818440341
-2182500.0,1322500.0,1500,-5.176211055402665,False,False,5.995186370400453
-2177500.0,1322500.0,1500,0.5768156505009394,False,False,6.486286031766346
-2172500.0,1322500.0,1500,4.020718961424534,False,False,6.268074992286872
-2167500.0,1322500.0,1500,5.595006477791479,False,False,6.36972731203714
-2162500.0,1322500.0,1500,6.500283653213352,False,False,7.098845075189058
-2157500.0,1322500.0,1500,9.494954905153202,False,False,7.650103742652361
-2152500.0,1322500.0,1500,11.814752695866428,False,False,8.506356086590547
-2147500.0,1322500.0,1500,11.855043338040993,False,False,9.381627829336146
-2142500.0,1322500.0,1500,11.789918632467002,False,False,9.931923689010015
-2137500.0,1322500.0,1500,11.782271446523966,False,False,10.111959126327335
-2132500.0,1322500.0,1500,11.48141601531047,False,False,9.839754369951642
-2127500.0,1322500.0,1500,11.756239388506195,False,False,8.75584646738209
-2122500.0,1322500.0,1500,11.932612696842497,False,False,7.519465891790279
-2117500.0,1322500.0,1500,12.231810774847652,False,False,7.967086735982237
-2112500.0,1322500.0,1500,14.197132723950567,False,False,9.652408291863123
-2107500.0,1322500.0,1500,16.486070009138643,False,False,10.892456874506687
-2102500.0,1322500.0,1500,18.625750191355827,False,False,11.52309351167745
-2097500.0,1322500.0,1500,20.73432279011931,False,False,11.832740307993415
-2092500.0,1322500.0,1500,22.49845460708895,False,False,12.009234242358282
-2087500.0,1322500.0,1500,24.174367267779548,False,False,12.12614603970113
-2082500.0,1322500.0,1500,25.94844406610811,False,False,12.20638627841863
-2077500.0,1322500.0,1500,28.234461834875127,False,False,12.259127824054264
-2072500.0,1322500.0,1500,30.07139542693496,False,False,12.299665766078313
-2067500.0,1322500.0,1500,31.79312100846226,False,False,12.337822951796346
-2062500.0,1322500.0,1500,33.914955929440964,False,False,12.350536489489711
-2057500.0,1322500.0,1500,35.262953693103825,False,False,12.298265552951566
-2052500.0,1322500.0,1500,37.36641048582053,False,False,12.104641230023967
-2047500.0,1322500.0,1500,40.76580455795305,False,False,11.46185949469443
-2042500.0,1322500.0,1500,44.47260836715052,False,False,9.66762815143941
-2037500.0,1322500.0,1500,50.15683999710201,False,False,6.479171786278621
-2032500.0,1322500.0,1500,51.781612442580126,False,False,6.706528593307048
-2027500.0,1322500.0,1500,47.89718411688545,False,False,9.344877200816274
-2022500.0,1322500.0,1500,45.41651328626027,False,False,9.337886991099676
-2017500.0,1322500.0,1500,44.253945175618576,False,False,7.559159889876113
-2012500.0,1322500.0,1500,43.78063455649523,False,False,5.978333809171975
-2007500.0,1322500.0,1500,44.63695672650675,False,False,6.238379035362785
-2002500.0,1322500.0,1500,44.957102497855075,False,False,8.184430748177128
-1997500.0,1322500.0,1500,44.27218161811487,False,False,10.360539136461357
-1992500.0,1322500.0,1500,44.84601661473993,False,False,11.593472177886612
-1987500.0,1322500.0,1500,45.61948131678244,False,False,12.175265582557405
-1982500.0,1322500.0,1500,45.54331372286712,False,False,12.336126899241231
-1977500.0,1322500.0,1500,44.99398620564176,False,False,12.208392992465292
-1972500.0,1322500.0,1500,43.049295597225765,False,False,11.813726700001098
-1967500.0,1322500.0,1500,39.977455110107634,False,False,10.987918840391451
-1962500.0,1322500.0,1500,38.52238997133856,False,False,9.342453347479754
-1957500.0,1322500.0,1500,38.05323772255271,False,False,6.50623182263555
-1952500.0,1322500.0,1500,34.12145601874414,False,False,4.788070962826268
-1947500.0,1322500.0,1500,26.771645954342926,False,False,6.458486685901784
-1942500.0,1322500.0,1500,17.918964732404707,False,False,9.428047393225143
-1937500.0,1322500.0,1500,10.755519837743956,False,False,11.445685178886526
-1932500.0,1322500.0,1500,7.035485909376443,False,False,12.461628613755666
-1927500.0,1322500.0,1500,3.5591299331874544,False,False,12.87915016181007
-1922500.0,1322500.0,1500,1.655811059585075,False,False,12.981559644774187
-2442500.0,1327500.0,1500,149.69006715162956,False,False,4.4241160957245445
-2437500.0,1327500.0,1500,124.45429434900608,False,False,5.355875586640368
-2432500.0,1327500.0,1500,106.60948116961443,False,False,5.113714112331464
-2427500.0,1327500.0,1500,91.00631008232878,False,True,4.1315482505194305
-2422500.0,1327500.0,1500,75.6920624097062,False,True,4.629635007810572
-2417500.0,1327500.0,1500,47.546606048111975,False,True,6.339176649565494
-2412500.0,1327500.0,1500,23.336240119958646,False,True,7.55431424424136
-2407500.0,1327500.0,1500,19.655714999925138,False,True,7.749429491030095
-2402500.0,1327500.0,1500,15.583556182928548,False,True,7.2807892141916986
-2397500.0,1327500.0,1500,14.381175052286183,False,True,6.8649754672105345
-2392500.0,1327500.0,1500,16.40371901300181,False,True,6.981170893632008
-2387500.0,1327500.0,1500,17.487178775445226,False,True,7.125183893134061
-2382500.0,1327500.0,1500,15.983142316731437,False,False,6.934022987111023
-2377500.0,1327500.0,1500,14.511714028245194,False,False,6.473926494691636
-2372500.0,1327500.0,1500,14.143438221371015,False,False,6.257741877894032
-2367500.0,1327500.0,1500,14.213428269545703,False,False,6.379468484333937
-2362500.0,1327500.0,1500,13.557358375513878,False,False,6.3905401617281345
-2357500.0,1327500.0,1500,11.127992665193684,False,False,6.136056466159045
-2352500.0,1327500.0,1500,7.769754808911868,False,False,5.863205285988811
-2347500.0,1327500.0,1500,6.2106778898394985,False,False,5.877986995331766
-2342500.0,1327500.0,1500,6.824182075843297,False,False,6.042243989974212
-2337500.0,1327500.0,1500,6.768653248691359,False,False,6.119352392229226
-2332500.0,1327500.0,1500,7.277427294655034,False,False,6.036051005506506
-2327500.0,1327500.0,1500,10.767533640774882,False,False,6.2540757125088255
-2322500.0,1327500.0,1500,14.432137169190058,False,False,6.961106890608165
-2317500.0,1327500.0,1500,17.017882225801326,False,False,7.500272704242745
-2312500.0,1327500.0,1500,18.691528380794917,False,False,7.413129071971754
-2307500.0,1327500.0,1500,19.42705379688372,False,False,6.6617318480900645
-2302500.0,1327500.0,1500,22.65735560069348,False,False,6.566763142253803
-2297500.0,1327500.0,1500,27.810313007171118,False,False,7.496956157176074
-2292500.0,1327500.0,1500,30.77328793534913,False,False,8.023443800655302
-2287500.0,1327500.0,1500,30.377552189686007,False,False,7.616062042871932
-2282500.0,1327500.0,1500,28.061250003223346,False,False,6.7672454820166426
-2277500.0,1327500.0,1500,27.893987360007426,False,False,7.125120558216636
-2272500.0,1327500.0,1500,29.83261033962904,False,False,8.373470225964535
-2267500.0,1327500.0,1500,30.227139281322785,False,False,8.651789546761396
-2262500.0,1327500.0,1500,28.812218668482842,False,False,7.862319251942067
-2257500.0,1327500.0,1500,27.41035095870322,False,False,7.184449580550519
-2252500.0,1327500.0,1500,25.417875306824545,False,False,7.601571110418387
-2247500.0,1327500.0,1500,22.21811648427396,False,False,8.343680671095253
-2242500.0,1327500.0,1500,19.161689246262732,False,False,8.416430869579042
-2237500.0,1327500.0,1500,15.566873342998418,False,False,7.6609388103227065
-2232500.0,1327500.0,1500,11.65409216491288,False,False,7.06746310326052
-2227500.0,1327500.0,1500,8.504108961348367,False,False,7.700443147578076
-2222500.0,1327500.0,1500,5.812555728074436,False,False,8.516020867917465
-2217500.0,1327500.0,1500,4.056741234943264,False,False,8.259381212178363
-2212500.0,1327500.0,1500,2.5005870543774362,False,False,7.295421647312157
-2207500.0,1327500.0,1500,1.7827025738984206,False,False,7.238907418752728
-2202500.0,1327500.0,1500,1.3820794914416545,False,False,8.021159819512663
-2197500.0,1327500.0,1500,-1.6054020169512673,False,False,7.732200604157657
-2192500.0,1327500.0,1500,-5.803941303815562,False,False,6.745255821294588
-2187500.0,1327500.0,1500,-9.284889414403521,False,False,5.7236015120568995
-2182500.0,1327500.0,1500,-7.583071283350223,False,False,5.050295286198843
-2177500.0,1327500.0,1500,-2.3605466263164163,False,False,5.269457074925384
-2172500.0,1327500.0,1500,-0.4269574384155371,False,False,5.431692347844777
-2167500.0,1327500.0,1500,-0.5846124656199452,False,False,5.974156685911948
-2162500.0,1327500.0,1500,0.6810405750802462,False,False,7.144493668840678
-2157500.0,1327500.0,1500,4.190416530878894,False,False,7.903186604458635
-2152500.0,1327500.0,1500,7.739275594873095,False,False,7.798803697277683
-2147500.0,1327500.0,1500,10.207348481657112,False,False,8.641161468536463
-2142500.0,1327500.0,1500,11.164564063662187,False,False,10.312567062512585
-2137500.0,1327500.0,1500,11.617778649881151,False,False,10.928817482210382
-2132500.0,1327500.0,1500,12.269693242054355,False,False,10.843817912244614
-2127500.0,1327500.0,1500,11.916058889047687,False,False,9.927359986204053
-2122500.0,1327500.0,1500,11.881991339080864,False,False,8.231708180087194
-2117500.0,1327500.0,1500,12.70880334945471,False,False,7.578558587374098
-2112500.0,1327500.0,1500,14.156058484792975,False,False,9.009330068553854
-2107500.0,1327500.0,1500,17.273998682878084,False,False,10.851908595563994
-2102500.0,1327500.0,1500,20.14391745313218,False,False,11.971597639430309
-2097500.0,1327500.0,1500,22.29419795060071,False,False,12.548478196691375
-2092500.0,1327500.0,1500,24.852605551151406,False,False,12.854501533446692
-2087500.0,1327500.0,1500,26.690575510744555,False,False,13.031463443546874
-2082500.0,1327500.0,1500,28.313563724767935,False,False,13.134972320778628
-2077500.0,1327500.0,1500,30.681533990997934,False,False,13.189432885334496
-2072500.0,1327500.0,1500,32.43617069490339,False,False,13.210577411594137
-2067500.0,1327500.0,1500,34.04994770872157,False,False,13.203093716946093
-2062500.0,1327500.0,1500,36.38489945541178,False,False,13.149796947446134
-2057500.0,1327500.0,1500,37.72930226443758,False,False,12.99399599458095
-2052500.0,1327500.0,1500,39.337067807025754,False,False,12.604191831460003
-2047500.0,1327500.0,1500,41.98299053500371,False,False,11.563827099357502
-2042500.0,1327500.0,1500,44.004700672825926,False,False,9.034435326251062
-2037500.0,1327500.0,1500,47.35031953710952,False,False,6.3107278027421865
-2032500.0,1327500.0,1500,49.97996373514704,False,False,6.925738037654272
-2027500.0,1327500.0,1500,49.194189063598955,False,False,7.98391407461707
-2022500.0,1327500.0,1500,48.14482650372611,False,False,6.5363757133808225
-2017500.0,1327500.0,1500,47.323648014920224,False,False,5.778354342685285
-2012500.0,1327500.0,1500,46.832457058220044,False,False,7.04299092716991
-2007500.0,1327500.0,1500,47.57940488233884,False,False,9.353746037321427
-2002500.0,1327500.0,1500,48.06157189384602,False,False,11.25045258881725
-1997500.0,1327500.0,1500,47.83629899218762,False,False,12.296101943832587
-1992500.0,1327500.0,1500,48.36296661638738,False,False,12.816349667448872
-1987500.0,1327500.0,1500,48.47213217342975,False,False,12.951013117870856
-1982500.0,1327500.0,1500,46.72732821916584,False,False,12.779502271980032
-1977500.0,1327500.0,1500,44.530525719837485,False,False,12.27234336508908
-1972500.0,1327500.0,1500,42.02197626254368,False,False,11.278126100896811
-1967500.0,1327500.0,1500,39.25673875270932,False,False,9.406177096190214
-1962500.0,1327500.0,1500,37.16351217260762,False,False,6.702661529663462
-1957500.0,1327500.0,1500,35.62659351769276,False,False,4.5225642463516875
-1952500.0,1327500.0,1500,32.15679465683468,False,False,5.468667282112243
-1947500.0,1327500.0,1500,25.688837985565222,False,False,8.785533758875918
-1942500.0,1327500.0,1500,18.139969491504147,False,False,11.313842142038943
-1937500.0,1327500.0,1500,11.206396666216866,False,False,12.59155739596483
-1932500.0,1327500.0,1500,7.331113440941198,False,False,13.167354924919287
-1927500.0,1327500.0,1500,4.47493561208069,False,False,13.38689211259716
-1922500.0,1327500.0,1500,1.9796156236847768,False,False,13.46973862835636
-2437500.0,1332500.0,1500,161.14270465089143,False,False,4.53934594245614
-2432500.0,1332500.0,1500,125.99242918018443,False,True,4.274945466093682
-2427500.0,1332500.0,1500,105.37376353046218,False,True,3.9067752912927185
-2422500.0,1332500.0,1500,65.08107096208059,False,True,4.883237857538003
-2417500.0,1332500.0,1500,42.74422848054559,False,True,5.935754019386234
-2412500.0,1332500.0,1500,34.37275555145288,False,True,6.536335161890894
-2407500.0,1332500.0,1500,21.44563046383572,False,True,6.661131046253908
-2402500.0,1332500.0,1500,16.856953609738223,False,True,6.535561600678018
-2397500.0,1332500.0,1500,18.24791031981422,False,True,6.7177063828912935
-2392500.0,1332500.0,1500,20.55535503821786,False,True,6.900021616357227
-2387500.0,1332500.0,1500,19.829413055932836,False,True,6.8395115302062095
-2382500.0,1332500.0,1500,17.093112388949347,False,False,6.54844043608672
-2377500.0,1332500.0,1500,15.550394723123844,False,False,6.4401691700046975
-2372500.0,1332500.0,1500,16.48615123594983,False,False,6.769136756867219
-2367500.0,1332500.0,1500,17.670216514452935,False,False,7.108446743663795
-2362500.0,1332500.0,1500,16.32609250034458,False,False,7.097226368920492
-2357500.0,1332500.0,1500,11.731825714626062,False,False,6.712504631246124
-2352500.0,1332500.0,1500,8.44227290551573,False,False,6.729733690436111
-2347500.0,1332500.0,1500,8.449699494928126,False,False,7.361229546495891
-2342500.0,1332500.0,1500,9.38791410892548,False,False,7.747999411621429
-2337500.0,1332500.0,1500,9.119030011991775,False,False,7.448932306566647
-2332500.0,1332500.0,1500,9.46984471702633,False,False,6.95741178756546
-2327500.0,1332500.0,1500,13.714074258735792,False,False,7.238734807197137
-2322500.0,1332500.0,1500,17.320396635569914,False,False,7.949482128507858
-2317500.0,1332500.0,1500,18.64781690825608,False,False,8.140809678185706
-2312500.0,1332500.0,1500,18.94085148177732,False,False,7.401101366291527
-2307500.0,1332500.0,1500,19.636274994937523,False,False,6.620789459495289
-2302500.0,1332500.0,1500,25.00514166739747,False,False,7.259678429077581
-2297500.0,1332500.0,1500,30.638694307544302,False,False,8.272418437782719
-2292500.0,1332500.0,1500,31.21910310223553,False,False,8.268802352398117
-2287500.0,1332500.0,1500,28.588116369408322,False,False,7.2873242533809215
-2282500.0,1332500.0,1500,25.67259268742633,False,False,6.883962449168208
-2277500.0,1332500.0,1500,26.04490104500746,False,False,8.095348903485153
-2272500.0,1332500.0,1500,27.66537033445964,False,False,9.137107908276578
-2267500.0,1332500.0,1500,26.537771519051017,False,False,8.67743123998243
-2262500.0,1332500.0,1500,24.91582915457028,False,False,7.462575126442578
-2257500.0,1332500.0,1500,23.595542671623697,False,False,7.284192571797538
-2252500.0,1332500.0,1500,21.761873776660035,False,False,8.04802238437772
-2247500.0,1332500.0,1500,20.172689980996147,False,False,8.343436602917656
-2242500.0,1332500.0,1500,18.044696193733905,False,False,7.845176613701584
-2237500.0,1332500.0,1500,15.432773916570738,False,False,7.012523257925553
-2232500.0,1332500.0,1500,12.29972416457779,False,False,7.091849249003726
-2227500.0,1332500.0,1500,8.125482631849582,False,False,7.859199325983081
-2222500.0,1332500.0,1500,4.642880849033126,False,False,8.078666306573448
-2217500.0,1332500.0,1500,2.2888778347405823,False,False,7.453176945807409
-2212500.0,1332500.0,1500,0.0847380098330423,False,False,6.705857751699264
-2207500.0,1332500.0,1500,-0.23512492060652307,False,False,6.687931360476563
-2202500.0,1332500.0,1500,0.03255585481515,False,False,6.530232023316028
-2197500.0,1332500.0,1500,-1.7914825761130018,False,False,5.8852550367523015
-2192500.0,1332500.0,1500,-3.4478278669044418,False,False,5.421175254655196
-2187500.0,1332500.0,1500,-3.8133286994276765,False,False,5.259862381446398
-2182500.0,1332500.0,1500,-3.3835152878326764,False,False,5.439494283358311
-2177500.0,1332500.0,1500,-2.2350953827489803,False,False,6.094185238318834
-2172500.0,1332500.0,1500,-3.336054592954378,False,False,6.852088229253633
-2167500.0,1332500.0,1500,-5.411356441486916,False,False,7.218929533050915
-2162500.0,1332500.0,1500,-3.6699366735485803,False,False,7.758328420912838
-2157500.0,1332500.0,1500,-0.27559052394339556,False,False,8.109148056025411
-2152500.0,1332500.0,1500,3.65657610852099,False,False,6.398446710372511
-2147500.0,1332500.0,1500,7.59785192279893,False,False,6.7400015930244805
-2142500.0,1332500.0,1500,9.378328286293698,False,False,9.637941898541936
-2137500.0,1332500.0,1500,11.100250105440004,False,False,10.836868027086824
-2132500.0,1332500.0,1500,12.716024202431159,False,False,11.054062497035138
-2127500.0,1332500.0,1500,12.818628343243695,False,False,10.572732903087552
-2122500.0,1332500.0,1500,13.161914308883711,False,False,9.170623774042065
-2117500.0,1332500.0,1500,13.87158003995872,False,False,7.667381146055117
-2112500.0,1332500.0,1500,14.882252869761603,False,False,8.092872732036374
-2107500.0,1332500.0,1500,18.046087376023944,False,False,10.09372337911459
-2102500.0,1332500.0,1500,21.53143960608792,False,False,11.743348840926695
-2097500.0,1332500.0,1500,24.120187215294976,False,False,12.688874349812915
-2092500.0,1332500.0,1500,27.087776302651648,False,False,13.208625172601922
-2087500.0,1332500.0,1500,29.01218935946344,False,False,13.502337363201889
-2082500.0,1332500.0,1500,30.753070480435596,False,False,13.659107121710525
-2077500.0,1332500.0,1500,33.120034045114004,False,False,13.723861453430244
-2072500.0,1332500.0,1500,34.78755290914546,False,False,13.721675250867845
-2067500.0,1332500.0,1500,36.64055780594032,False,False,13.658420689373594
-2062500.0,1332500.0,1500,38.64368489092369,False,False,13.513382174910006
-2057500.0,1332500.0,1500,40.16325411656299,False,False,13.21592965859532
-2052500.0,1332500.0,1500,41.70032935213863,False,False,12.583565058692106
-2047500.0,1332500.0,1500,43.248063282591396,False,False,11.170581750776293
-2042500.0,1332500.0,1500,44.33374686041882,False,False,8.04139018600653
-2037500.0,1332500.0,1500,45.89931331928342,False,False,5.857474466087322
-2032500.0,1332500.0,1500,48.671885393805056,False,False,5.824935311835941
-2027500.0,1332500.0,1500,50.20867706972612,False,False,5.669913525249372
-2022500.0,1332500.0,1500,50.235478940114405,False,False,5.959230720983621
-2017500.0,1332500.0,1500,50.39444891034787,False,False,7.974773918629824
-2012500.0,1332500.0,1500,50.32106206302214,False,False,10.4585193968964
-2007500.0,1332500.0,1500,50.723040545745825,False,False,11.920624928966877
-2002500.0,1332500.0,1500,51.37263778521592,False,False,12.779010894345392
-1997500.0,1332500.0,1500,51.4436585777234,False,False,13.208923255061286
-1992500.0,1332500.0,1500,50.77220825270645,False,False,13.29390238966651
-1987500.0,1332500.0,1500,48.869694400331376,False,False,13.075496857927545
-1982500.0,1332500.0,1500,46.22026769686384,False,False,12.482963720960582
-1977500.0,1332500.0,1500,43.84221095137479,False,False,11.342908576713254
-1972500.0,1332500.0,1500,41.702724049622866,False,False,9.223099221695898
-1967500.0,1332500.0,1500,39.00742866040436,False,False,6.543087056566831
-1962500.0,1332500.0,1500,36.34806945431521,False,False,5.265076320146232
-1957500.0,1332500.0,1500,34.7214058110362,False,False,4.78858459576406
-1952500.0,1332500.0,1500,31.298232853749624,False,False,6.354263602672632
-1947500.0,1332500.0,1500,24.437050750173363,False,False,9.914103214557201
-1942500.0,1332500.0,1500,17.714545765847838,False,False,12.12489876443319
-1937500.0,1332500.0,1500,12.36017039669048,False,False,13.055086910291822
-1932500.0,1332500.0,1500,7.848887360656926,False,False,13.318686618547403
-1927500.0,1332500.0,1500,5.095289924043698,False,False,13.3685416878701
-1922500.0,1332500.0,1500,2.522856095898967,False,False,13.422951348552141
-2442500.0,1337500.0,1500,142.3933842757869,False,False,4.602156117459505
-2432500.0,1337500.0,1500,153.48968648084764,False,True,3.7012928216487153
-2427500.0,1337500.0,1500,125.65142102963637,False,True,3.87796935182803
-2422500.0,1337500.0,1500,69.97781615082827,False,True,5.363309647864942
-2417500.0,1337500.0,1500,41.56859606445745,False,True,6.134834728941492
-2412500.0,1337500.0,1500,34.27985726674706,True,True,6.45400672202175
-2407500.0,1337500.0,1500,22.509151988873732,True,True,6.6810414483271625
-2402500.0,1337500.0,1500,20.788478758970836,True,True,6.951661507587244
-2397500.0,1337500.0,1500,23.91177498407448,False,True,7.576994521914129
-2392500.0,1337500.0,1500,24.746922392825166,False,True,7.778885482792525
-2387500.0,1337500.0,1500,21.897179686892574,False,True,7.405729821822338
-2382500.0,1337500.0,1500,18.932022667734433,False,True,6.9361044430286665
-2377500.0,1337500.0,1500,18.266472506386922,False,False,7.124255309601933
-2372500.0,1337500.0,1500,20.63857405396016,False,False,7.749592498044651
-2367500.0,1337500.0,1500,21.67655392020295,False,False,8.013241893239583
-2362500.0,1337500.0,1500,18.823816657346097,False,False,7.507471426721618
-2357500.0,1337500.0,1500,14.711353929887139,False,False,6.933942234240269
-2352500.0,1337500.0,1500,12.79632321279254,False,False,7.309856330960793
-2347500.0,1337500.0,1500,13.681772263352483,False,False,8.049785506269735
-2342500.0,1337500.0,1500,13.707290180933859,False,False,8.038303553009376
-2337500.0,1337500.0,1500,12.582703222542198,False,False,7.209678106263042
-2332500.0,1337500.0,1500,13.70815655452357,False,False,6.973613512463897
-2327500.0,1337500.0,1500,17.12843780606803,False,False,7.728884984214487
-2322500.0,1337500.0,1500,20.253193954990067,False,False,8.219806521426333
-2317500.0,1337500.0,1500,20.721892273643185,False,False,7.887704455339181
-2312500.0,1337500.0,1500,20.505415095841624,False,False,6.855927290495272
-2307500.0,1337500.0,1500,23.487855449173566,False,False,6.753589790891533
-2302500.0,1337500.0,1500,29.102671619205307,False,False,7.77964913358838
-2297500.0,1337500.0,1500,32.01461966951031,False,False,8.259126454314547
-2292500.0,1337500.0,1500,30.366839918141054,False,False,7.682747166074767
-2287500.0,1337500.0,1500,27.4517798524348,False,False,6.761295601273653
-2282500.0,1337500.0,1500,26.232972027363644,False,False,7.120059289190062
-2277500.0,1337500.0,1500,26.479869796295958,False,False,8.298030708305543
-2272500.0,1337500.0,1500,25.551044577555086,False,False,8.629425382926327
-2267500.0,1337500.0,1500,23.00246855262803,False,False,7.832316926786405
-2262500.0,1337500.0,1500,20.87672537696142,False,False,7.028250547046707
-2257500.0,1337500.0,1500,19.400413128590085,False,False,7.318255478555766
-2252500.0,1337500.0,1500,18.160745412944088,False,False,7.744979419126897
-2247500.0,1337500.0,1500,17.027285222070653,False,False,7.524992593354026
-2242500.0,1337500.0,1500,15.155934910457681,False,False,6.811256244961969
-2237500.0,1337500.0,1500,13.474130392743668,False,False,6.259926009016365
-2232500.0,1337500.0,1500,11.005713389478474,False,False,6.371814355550967
-2227500.0,1337500.0,1500,6.789537636946405,False,False,6.437787480606564
-2222500.0,1337500.0,1500,3.933740729088729,False,False,6.230413056720199
-2217500.0,1337500.0,1500,1.7237948364558502,False,False,6.031154450951674
-2212500.0,1337500.0,1500,-0.5334589255385079,False,False,5.71791741886568
-2207500.0,1337500.0,1500,-0.5441675734655733,False,False,5.4536239775189825
-2202500.0,1337500.0,1500,-0.5285821084060345,False,False,5.096730969930542
-2197500.0,1337500.0,1500,-1.6243532613714282,False,False,4.728751624200046
-2192500.0,1337500.0,1500,-2.369957672659278,False,False,5.013133274555213
-2187500.0,1337500.0,1500,-2.552579452829293,False,False,6.1022934868581284
-2182500.0,1337500.0,1500,-2.2910163966038173,False,False,6.777233624531275
-2177500.0,1337500.0,1500,-2.4089111515966954,False,False,6.743563415071476
-2172500.0,1337500.0,1500,-3.9734070446161622,False,False,6.5889506473720685
-2167500.0,1337500.0,1500,-5.2567661156812475,False,False,6.383385926128975
-2162500.0,1337500.0,1500,-3.960855499495018,False,False,6.649227880844479
-2157500.0,1337500.0,1500,-1.8305576975509252,False,False,7.122500222841982
-2152500.0,1337500.0,1500,0.9872382966927689,False,False,5.986051646341638
-2147500.0,1337500.0,1500,4.828586968707539,False,False,5.76665071907488
-2142500.0,1337500.0,1500,7.681376673413436,False,False,8.211106511589062
-2137500.0,1337500.0,1500,10.52154469822243,False,False,9.81784477935956
-2132500.0,1337500.0,1500,13.222239247101438,False,False,10.19648994562605
-2127500.0,1337500.0,1500,14.687258336518147,False,False,10.191663414692151
-2122500.0,1337500.0,1500,15.66906193878543,False,False,9.527013773272142
-2117500.0,1337500.0,1500,16.284094168164344,False,False,8.110976241990588
-2112500.0,1337500.0,1500,17.349140554912506,False,False,7.536516687010938
-2107500.0,1337500.0,1500,19.795121659181167,False,False,8.966677349794285
-2102500.0,1337500.0,1500,23.528263102741526,False,False,10.951735394848136
-2097500.0,1337500.0,1500,26.806154607747896,False,False,12.31749444163612
-2092500.0,1337500.0,1500,29.28736049200206,False,False,13.150725885643139
-2087500.0,1337500.0,1500,31.79932527592369,False,False,13.627900547648844
-2082500.0,1337500.0,1500,33.60776778915466,False,False,13.865888638552166
-2077500.0,1337500.0,1500,35.36623726393029,False,False,13.943348243968046
-2072500.0,1337500.0,1500,37.47507137229378,False,False,13.9020182632387
-2067500.0,1337500.0,1500,39.17756225933851,False,False,13.74796855596811
-2062500.0,1337500.0,1500,40.86056261166701,False,False,13.451089205566596
-2057500.0,1337500.0,1500,42.78984873489372,False,False,12.90830598374396
-2052500.0,1337500.0,1500,44.28714795061636,False,False,11.912448812241486
-2047500.0,1337500.0,1500,45.65717355552114,False,False,10.15233249915575
-2042500.0,1337500.0,1500,47.39952698077777,False,False,6.848257680776128
-2037500.0,1337500.0,1500,49.31850683045006,False,False,4.695908400414577
-2032500.0,1337500.0,1500,51.153488100922736,False,False,5.1109781567725365
-2027500.0,1337500.0,1500,52.38498993743178,False,False,6.6431986306225825
-2022500.0,1337500.0,1500,52.591378042897276,False,False,9.116979642208229
-2017500.0,1337500.0,1500,52.81235933722208,False,False,11.203861167645583
-2012500.0,1337500.0,1500,53.46551618901646,False,False,12.42328732767615
-2007500.0,1337500.0,1500,53.638814275709535,False,False,13.121696185641929
-2002500.0,1337500.0,1500,53.42006585667033,False,False,13.445205110000138
-1997500.0,1337500.0,1500,52.35823845665256,False,False,13.468512129438068
-1992500.0,1337500.0,1500,49.82806592366422,False,False,13.195400894926474
-1987500.0,1337500.0,1500,47.0769171586641,False,False,12.52051876668796
-1982500.0,1337500.0,1500,45.07719800809143,False,False,11.251778116748946
-1977500.0,1337500.0,1500,42.86235067241247,False,False,8.922574615088077
-1972500.0,1337500.0,1500,40.63042994119742,False,False,6.303204508921258
-1967500.0,1337500.0,1500,37.47931877052202,False,False,5.684235695189041
-1962500.0,1337500.0,1500,33.14826989424966,False,False,6.750387293326532
-1957500.0,1337500.0,1500,30.720591942981333,False,False,5.872712734431664
-1952500.0,1337500.0,1500,27.44654696953483,False,False,6.884187943186935
-1947500.0,1337500.0,1500,21.48581049892556,False,False,10.666883265403332
-1942500.0,1337500.0,1500,16.134156153684092,False,False,12.493800051226621
-1937500.0,1337500.0,1500,11.530375009309756,False,False,13.04956209351834
-1932500.0,1337500.0,1500,7.105366257799183,False,False,12.873232062117921
-1927500.0,1337500.0,1500,4.41725152392841,False,False,12.555625738012573
-1922500.0,1337500.0,1500,2.249498071421621,False,False,12.570736039617048
-2447500.0,1342500.0,1500,98.84147066485319,False,False,5.464762243749603
-2442500.0,1342500.0,1500,90.8027748821763,False,False,5.684922415573348
-2437500.0,1342500.0,1500,134.36968421128816,False,True,4.916984432077395
-2427500.0,1342500.0,1500,122.84492782847488,False,True,4.180494711629166
-2422500.0,1342500.0,1500,74.66785481592065,False,True,6.178089070496242
-2417500.0,1342500.0,1500,41.59238101916718,True,True,6.894498164061252
-2412500.0,1342500.0,1500,30.234876791167185,True,True,6.678078069275394
-2407500.0,1342500.0,1500,26.445915349561286,True,True,6.9065322134895
-2402500.0,1342500.0,1500,26.945075181019085,True,True,7.5654568575632215
-2397500.0,1342500.0,1500,29.06123729074493,False,True,8.15663342803818
-2392500.0,1342500.0,1500,28.99527815860097,False,True,8.051606367890667
-2387500.0,1342500.0,1500,25.52680613787684,False,True,7.305505136229452
-2382500.0,1342500.0,1500,23.01047733526245,False,True,7.037700686326731
-2377500.0,1342500.0,1500,24.046655669263497,False,False,7.578591524894085
-2372500.0,1342500.0,1500,26.28734771349991,False,False,8.008605602910823
-2367500.0,1342500.0,1500,26.648674722647538,False,False,7.833831359090114
-2362500.0,1342500.0,1500,23.02768113038351,False,False,7.097939261798537
-2357500.0,1342500.0,1500,19.687114961997132,False,False,6.980935643562576
-2352500.0,1342500.0,1500,19.487687016751995,False,False,7.635688487927508
-2347500.0,1342500.0,1500,19.492792619819483,False,False,7.966707049636234
-2342500.0,1342500.0,1500,17.936955808171838,False,False,7.53273043557699
-2337500.0,1342500.0,1500,16.523765707955565,False,False,6.868846715695607
-2332500.0,1342500.0,1500,17.756629440947716,False,False,7.153944921922335
-2327500.0,1342500.0,1500,19.996572140294145,False,False,7.881002292374456
-2322500.0,1342500.0,1500,21.994624007939038,False,False,7.952510891936239
-2317500.0,1342500.0,1500,21.71072853202113,False,False,7.174956708617248
-2312500.0,1342500.0,1500,22.1837989547749,False,False,6.488988719570768
-2307500.0,1342500.0,1500,28.114640281097294,False,False,6.872334977935687
-2302500.0,1342500.0,1500,31.978219597629035,False,False,7.459819294564392
-2297500.0,1342500.0,1500,30.689406706314095,False,False,7.4261685325827695
-2292500.0,1342500.0,1500,28.917548772206164,False,False,6.692951869455166
-2287500.0,1342500.0,1500,27.766757422474132,False,False,6.313580600160264
-2282500.0,1342500.0,1500,28.33055562480966,False,False,6.798456422974659
-2277500.0,1342500.0,1500,28.009353370061636,False,False,7.182303116166025
-2272500.0,1342500.0,1500,24.20685203461298,False,False,7.108458198812926
-2267500.0,1342500.0,1500,20.7765810337846,False,False,6.605899273946834
-2262500.0,1342500.0,1500,18.387510965454236,False,False,6.350420367720604
-2257500.0,1342500.0,1500,16.04007377378751,False,False,6.532079821665576
-2252500.0,1342500.0,1500,15.044226639416932,False,False,6.412316955707207
-2247500.0,1342500.0,1500,13.292411217298325,False,False,6.0349824746953065
-2242500.0,1342500.0,1500,11.111763691618489,False,False,5.595524232850826
-2237500.0,1342500.0,1500,10.5093502066343,False,False,5.364442408676183
-2232500.0,1342500.0,1500,8.529630590137796,False,False,5.316203859182577
-2227500.0,1342500.0,1500,5.751223352881626,False,False,5.102534714124271
-2222500.0,1342500.0,1500,4.527956633632517,False,False,4.988711603136176
-2217500.0,1342500.0,1500,2.6606725803576357,False,False,5.197281140149474
-2212500.0,1342500.0,1500,0.3271659464407573,False,False,5.184440277023765
-2207500.0,1342500.0,1500,-0.5541018852469752,False,False,5.027205204322897
-2202500.0,1342500.0,1500,-1.2364161510896516,False,False,5.163150952282352
-2197500.0,1342500.0,1500,-1.7588468392981849,False,False,5.258395410778481
-2192500.0,1342500.0,1500,-2.3814578358247704,False,False,5.740877146509726
-2187500.0,1342500.0,1500,-3.0887280407098014,False,False,6.8066369462291
-2182500.0,1342500.0,1500,-2.3474578275194626,False,False,6.569775109245415
-2177500.0,1342500.0,1500,-2.0712162680620594,False,False,5.6666728224206935
-2172500.0,1342500.0,1500,-2.7450930895335435,False,False,5.596708811886352
-2167500.0,1342500.0,1500,-2.363612708675099,False,False,5.69544914545827
-2162500.0,1342500.0,1500,-1.9018993477436463,False,False,5.886462927620988
-2157500.0,1342500.0,1500,-1.1836113040120837,False,False,6.4174494265657085
-2152500.0,1342500.0,1500,0.4949917567905968,False,False,6.535267362644115
-2147500.0,1342500.0,1500,2.9913079036486434,False,False,5.598696689641645
-2142500.0,1342500.0,1500,6.694450193343885,False,False,6.628174185154354
-2137500.0,1342500.0,1500,10.007428590914138,False,False,8.432984086750182
-2132500.0,1342500.0,1500,13.50085047314915,False,False,8.654898845034692
-2127500.0,1342500.0,1500,17.000507750750096,False,False,8.802731188203776
-2122500.0,1342500.0,1500,18.729559834013084,False,False,8.761202260188941
-2117500.0,1342500.0,1500,20.107914144946026,False,False,8.145349910935414
-2112500.0,1342500.0,1500,21.312801785498692,False,False,7.316206156115916
-2107500.0,1342500.0,1500,22.906052796344216,False,False,7.821568543414742
-2102500.0,1342500.0,1500,26.57833906658061,False,False,9.683228538254346
-2097500.0,1342500.0,1500,30.078593767789886,False,False,11.508759529389879
-2092500.0,1342500.0,1500,31.96773869411986,False,False,12.77734297994739
-2087500.0,1342500.0,1500,34.559650391838076,False,False,13.49653373832954
-2082500.0,1342500.0,1500,36.59648163757614,False,False,13.824115441139666
-2077500.0,1342500.0,1500,37.85783393419478,False,False,13.890958491789545
-2072500.0,1342500.0,1500,40.38176343112351,False,False,13.761049362863702
-2067500.0,1342500.0,1500,42.07143617684435,False,False,13.433079079480947
-2062500.0,1342500.0,1500,43.48846333720733,False,False,12.829464007430609
-2057500.0,1342500.0,1500,45.85497889073133,False,False,11.818294332891162
-2052500.0,1342500.0,1500,47.236413507962915,False,False,10.15357255835176
-2047500.0,1342500.0,1500,48.673453882404836,False,False,7.561535063562523
-2042500.0,1342500.0,1500,51.11504019414538,False,False,5.123986077708282
-2037500.0,1342500.0,1500,52.980989769964985,False,False,5.128621272154181
-2032500.0,1342500.0,1500,53.94013697336398,False,False,7.500879622780076
-2027500.0,1342500.0,1500,54.881161869827906,False,False,10.052781997710868
-2022500.0,1342500.0,1500,55.095891883231296,False,False,11.762907895517309
-2017500.0,1342500.0,1500,55.160676559548946,False,False,12.788012684803812
-2012500.0,1342500.0,1500,56.02652674683311,False,False,13.36094793838748
-2007500.0,1342500.0,1500,55.249872656605575,False,False,13.595233901459782
-2002500.0,1342500.0,1500,53.28180851791404,False,False,13.557575301607883
-1997500.0,1342500.0,1500,51.18869315163452,False,False,13.222142210386881
-1992500.0,1342500.0,1500,47.56587410159863,False,False,12.462956709046612
-1987500.0,1342500.0,1500,44.696635082622024,False,False,11.055615372575506
-1982500.0,1342500.0,1500,42.879878308359466,False,False,8.514741208667322
-1977500.0,1342500.0,1500,40.38967503044834,False,False,6.106425145474368
-1972500.0,1342500.0,1500,37.83622496696234,False,False,6.118962808885907
-1967500.0,1342500.0,1500,33.63825717016687,False,False,7.986504818710115
-1962500.0,1342500.0,1500,27.603706948544573,False,False,8.271030217243082
-1957500.0,1342500.0,1500,23.425189634555466,False,False,6.236865973992817
-1952500.0,1342500.0,1500,20.800055940293685,False,False,7.5407905882489565
-1947500.0,1342500.0,1500,17.06311952001191,False,False,11.207087383729764
-1942500.0,1342500.0,1500,13.589600055182883,False,False,12.673053094552001
-1937500.0,1342500.0,1500,9.740004854893883,False,False,12.755203881561636
-1932500.0,1342500.0,1500,5.691678333708828,False,False,11.732378796854245
-1927500.0,1342500.0,1500,3.2100157090072776,False,False,10.33909186255945
-1922500.0,1342500.0,1500,1.188706663067875,False,False,10.15545058760155
-2447500.0,1347500.0,1500,63.965089824327094,False,False,6.009609558806946
-2442500.0,1347500.0,1500,60.213351998601404,False,False,6.098052271984837
-2437500.0,1347500.0,1500,83.75044854930485,False,True,5.383322432031152
-2432500.0,1347500.0,1500,110.04660349239725,False,True,4.017068881253157
-2427500.0,1347500.0,1500,100.42707066764045,False,True,4.585205571788656
-2422500.0,1347500.0,1500,64.70562677984853,False,True,6.862512933033362
-2417500.0,1347500.0,1500,41.075798149783544,True,True,7.260732785896497
-2412500.0,1347500.0,1500,34.88037983977032,True,True,6.530815993281731
-2407500.0,1347500.0,1500,32.72572825020988,True,True,6.882172538371686
-2402500.0,1347500.0,1500,32.17774329812016,True,True,7.82091535931748
-2397500.0,1347500.0,1500,31.68937675545163,True,True,8.087732264051455
-2392500.0,1347500.0,1500,31.32885936463701,False,True,7.583980153706424
-2387500.0,1347500.0,1500,29.453048432389178,False,True,7.051470842758027
-2382500.0,1347500.0,1500,27.957613987046447,False,True,7.42071229132241
-2377500.0,1347500.0,1500,29.048856925743568,False,True,8.035411110854223
-2372500.0,1347500.0,1500,29.58465648653189,False,False,7.90786751818902
-2367500.0,1347500.0,1500,28.967839667368327,False,False,7.196378864835872
-2362500.0,1347500.0,1500,26.685893185154292,False,False,6.8716914552910815
-2357500.0,1347500.0,1500,24.559357846735978,False,False,7.390154975065649
-2352500.0,1347500.0,1500,24.66183507356699,False,False,7.821352560974329
-2347500.0,1347500.0,1500,23.07159374803129,False,False,7.627177235821229
-2342500.0,1347500.0,1500,20.20360854546866,False,False,7.048414838349319
-2337500.0,1347500.0,1500,19.790046974064893,False,False,7.043542126197314
-2332500.0,1347500.0,1500,20.316539387171712,False,False,7.700759031653544
-2327500.0,1347500.0,1500,21.086149983729015,False,False,8.006189468838404
-2322500.0,1347500.0,1500,21.219203438344802,False,False,7.5444374089671165
-2317500.0,1347500.0,1500,20.18904946762223,False,False,6.718674757258543
-2312500.0,1347500.0,1500,23.13109553014577,False,False,6.767607756907765
-2307500.0,1347500.0,1500,30.044183164828247,False,False,7.2798095188579435
-2302500.0,1347500.0,1500,31.318738133393573,False,False,7.325694797802154
-2297500.0,1347500.0,1500,27.709519129032003,False,False,6.837554866505537
-2292500.0,1347500.0,1500,26.821645261823253,False,False,6.369627296627038
-2287500.0,1347500.0,1500,27.623844856373783,False,False,6.7100085264054234
-2282500.0,1347500.0,1500,28.529693548118747,False,False,7.100816579563835
-2277500.0,1347500.0,1500,27.17097496091585,False,False,6.960649056319118
-2272500.0,1347500.0,1500,22.376685258678005,False,False,6.620546509339162
-2267500.0,1347500.0,1500,19.04705478720104,False,False,6.568682567426931
-2262500.0,1347500.0,1500,17.10881643442385,False,False,6.871984054289774
-2257500.0,1347500.0,1500,14.696872097386695,False,False,7.006266099545823
-2252500.0,1347500.0,1500,13.362553816689728,False,False,6.657549118340008
-2247500.0,1347500.0,1500,10.868196618290138,False,False,6.124078543645633
-2242500.0,1347500.0,1500,8.462386847497427,False,False,6.133513871490459
-2237500.0,1347500.0,1500,8.110354106955342,False,False,6.538043600185336
-2232500.0,1347500.0,1500,6.741458350728291,False,False,6.592849185015913
-2227500.0,1347500.0,1500,5.5902509951836485,False,False,6.143312153577469
-2222500.0,1347500.0,1500,5.3220571991492625,False,False,5.978912238083986
-2217500.0,1347500.0,1500,3.545731785139428,False,False,6.558812023526121
-2212500.0,1347500.0,1500,0.9672314615809997,False,False,6.968863202939211
-2207500.0,1347500.0,1500,-1.343064608316404,False,False,6.722558916758458
-2202500.0,1347500.0,1500,-3.0931549817142594,False,False,6.069146955353662
-2197500.0,1347500.0,1500,-3.5083213494703576,False,False,5.892918775717961
-2192500.0,1347500.0,1500,-3.3140533763531765,False,False,6.932709502150757
-2187500.0,1347500.0,1500,-3.159265538273165,False,False,8.045449473725462
-2182500.0,1347500.0,1500,-2.730701104981042,False,False,7.593247528367272
-2177500.0,1347500.0,1500,-2.0984846051702073,False,False,6.652429302874473
-2172500.0,1347500.0,1500,-1.4475381712005946,False,False,6.806220229128044
-2167500.0,1347500.0,1500,-1.029486103472952,False,False,7.408238914035003
-2162500.0,1347500.0,1500,-0.7001556953161596,False,False,7.722776273660391
-2157500.0,1347500.0,1500,-0.08075917955312895,False,False,7.903104157106201
-2152500.0,1347500.0,1500,0.7871253744003472,False,False,7.818811509393919
-2147500.0,1347500.0,1500,2.3992934542936672,False,False,5.772047645718718
-2142500.0,1347500.0,1500,5.789471153282062,False,False,5.700471831057079
-2137500.0,1347500.0,1500,9.643486625541334,False,False,7.761680082980503
-2132500.0,1347500.0,1500,14.034869211989523,False,False,7.996237744960599
-2127500.0,1347500.0,1500,18.700399648724364,False,False,7.878837852951017
-2122500.0,1347500.0,1500,21.57843444470178,False,False,7.824495032393769
-2117500.0,1347500.0,1500,24.073245903076742,False,False,7.689881504694844
-2112500.0,1347500.0,1500,25.81063104865996,False,False,7.166475186672578
-2107500.0,1347500.0,1500,27.212119387420145,False,False,6.975003991636862
-2102500.0,1347500.0,1500,30.46803688645971,False,False,8.319752671192486
-2097500.0,1347500.0,1500,33.3870021070873,False,False,10.548540073916936
-2092500.0,1347500.0,1500,35.09938297369183,False,False,12.272005119115462
-2087500.0,1347500.0,1500,37.38874874488964,False,False,13.215833489519301
-2082500.0,1347500.0,1500,39.46471603588464,False,False,13.5855576356977
-2077500.0,1347500.0,1500,40.87493056259665,False,False,13.569480213017595
-2072500.0,1347500.0,1500,43.23181417487472,False,False,13.227128999552441
-2067500.0,1347500.0,1500,45.20111567574707,False,False,12.521416422627947
-2062500.0,1347500.0,1500,46.37769956728188,False,False,11.341757377503377
-2057500.0,1347500.0,1500,48.64250044372459,False,False,9.412396586503856
-2052500.0,1347500.0,1500,50.22357309985135,False,False,6.907647848873179
-2047500.0,1347500.0,1500,51.41285465154799,False,False,5.023332039776584
-2042500.0,1347500.0,1500,53.740439044934696,False,False,4.768167875853601
-2037500.0,1347500.0,1500,55.13955257330801,False,False,7.168202354859831
-2032500.0,1347500.0,1500,55.755105847783945,False,False,10.319688846952296
-2027500.0,1347500.0,1500,56.71749293098861,False,False,12.028135466782254
-2022500.0,1347500.0,1500,56.924301809185835,False,False,13.00632774223722
-2017500.0,1347500.0,1500,56.729961254796855,False,False,13.507848188832941
-2012500.0,1347500.0,1500,56.32198211257578,False,False,13.682797678512388
-2007500.0,1347500.0,1500,54.10077748705111,False,False,13.594437992549064
-2002500.0,1347500.0,1500,51.14923670766289,False,False,13.196373508304676
-1997500.0,1347500.0,1500,48.78201922981666,False,False,12.35208294833019
-1992500.0,1347500.0,1500,45.51922377926122,False,False,10.803382061149575
-1987500.0,1347500.0,1500,42.30096810677428,False,False,8.084348745843519
-1982500.0,1347500.0,1500,39.79563218264271,False,False,5.8597625582464765
-1977500.0,1347500.0,1500,36.84703657720733,False,False,6.510744177144085
-1972500.0,1347500.0,1500,33.617936109271675,False,False,8.898453055480234
-1967500.0,1347500.0,1500,28.92588983625806,False,False,10.130685599094065
-1962500.0,1347500.0,1500,22.76877825505653,False,False,8.504308774892595
-1957500.0,1347500.0,1500,17.809396536919444,False,False,6.398949579906122
-1952500.0,1347500.0,1500,15.290105037729473,False,False,8.275142416510842
-1947500.0,1347500.0,1500,13.198315416741107,False,False,11.620366853512131
-1942500.0,1347500.0,1500,10.868432709013732,False,False,12.819947253733993
-1937500.0,1347500.0,1500,8.227632479863948,False,False,12.565495850981405
-1932500.0,1347500.0,1500,4.939291737831814,False,False,10.80868390716048
-1927500.0,1347500.0,1500,2.2938903352661217,False,False,7.996849941927151
-1922500.0,1347500.0,1500,0.1784064911632801,False,False,6.533818189822805
