x,y,height,faa,inv_msk,inv_pad
-1747500.0,-447500.0,1500,-3.641303277292327,False,False
-1742500.0,-447500.0,1500,-3.3125696876879527,False,False
-1737500.0,-447500.0,1500,-3.2712477027379796,False,False
-1732500.0,-447500.0,1500,-4.313886149815028,False,False
-1727500.0,-447500.0,1500,-8.12969777034098,False,False
-1722500.0,-447500.0,1500,-12.402636263633612,False,False
-1717500.0,-447500.0,1500,-13.954139841564475,False,False
-1712500.0,-447500.0,1500,-11.885336549374552,False,False
-1707500.0,-447500.0,1500,-7.743153073696413,False,False
-1702500.0,-447500.0,1500,-5.596536480577035,False,False
-1697500.0,-447500.0,1500,-5.130735556390691,False,False
-1692500.0,-447500.0,1500,-3.2233654796819255,False,False
-1687500.0,-447500.0,1500,-2.115496648864711,False,False
-1682500.0,-447500.0,1500,-5.706324526015305,False,False
-1677500.0,-447500.0,1500,-14.094320380285385,False,False
-1672500.0,-447500.0,1500,-22.790108430089077,False,False
-1667500.0,-447500.0,1500,-29.34924557439504,False,False
-1662500.0,-447500.0,1500,-33.70287672223871,False,False
-1657500.0,-447500.0,1500,-33.77410735030557,False,False
-1652500.0,-447500.0,1500,-29.632462107557014,False,False
-1647500.0,-447500.0,1500,-26.132077369326502,False,False
-1642500.0,-447500.0,1500,-26.62734151709218,False,False
-1637500.0,-447500.0,1500,-26.47534012803581,False,False
-1632500.0,-447500.0,1500,-23.727840881677746,False,False
-1627500.0,-447500.0,1500,-18.961710708046883,False,False
-1622500.0,-447500.0,1500,-12.614599922052875,False,False
-1617500.0,-447500.0,1500,-10.75344723731015,False,False
-1612500.0,-447500.0,1500,-15.180427469861462,False,True
-1607500.0,-447500.0,1500,-16.469098832967735,False,True
-1602500.0,-447500.0,1500,-9.774657434158163,False,True
-1597500.0,-447500.0,1500,-2.7899074238678505,False,True
-1592500.0,-447500.0,1500,-3.519419124087134,True,True
-1587500.0,-447500.0,1500,-12.117899799468042,True,True
-1582500.0,-447500.0,1500,-20.753894894026743,True,True
-1577500.0,-447500.0,1500,-24.017752350093485,True,True
-1572500.0,-447500.0,1500,-23.801354573094528,True,True
-1567500.0,-447500.0,1500,-22.837929363208058,True,True
-1562500.0,-447500.0,1500,-20.895382020732793,True,True
-1557500.0,-447500.0,1500,-17.85557061835843,True,True
-1552500.0,-447500.0,1500,-16.589861794651256,True,True
-1547500.0,-447500.0,1500,-19.59047555036933,True,True
-1542500.0,-447500.0,1500,-25.287678600161986,True,True
-1537500.0,-447500.0,1500,-30.203236605786962,True,True
-1532500.0,-447500.0,1500,-32.08088608211273,False,True
-1527500.0,-447500.0,1500,-26.83574373347703,False,True
-1522500.0,-447500.0,1500,-13.610228514423886,False,True
-1517500.0,-447500.0,1500,-3.54925231107246,False,True
-1512500.0,-447500.0,1500,0.13124441004510268,False,False
-1507500.0,-447500.0,1500,3.3084574700933396,False,False
-1502500.0,-447500.0,1500,2.050479694899769,False,False
-1747500.0,-442500.0,1500,-5.81460061523119,False,False
-1742500.0,-442500.0,1500,-5.935845530213847,False,False
-1737500.0,-442500.0,1500,-6.37307656445908,False,False
-1732500.0,-442500.0,1500,-7.520207617930862,False,False
-1727500.0,-442500.0,1500,-10.750723609511564,False,False
-1722500.0,-442500.0,1500,-13.848040441575675,False,False
-1717500.0,-442500.0,1500,-14.21689025846097,False,False
-1712500.0,-442500.0,1500,-12.695224417815318,False,False
-1707500.0,-442500.0,1500,-9.701217296605686,False,False
-1702500.0,-442500.0,1500,-7.850255636702049,False,False
-1697500.0,-442500.0,1500,-7.974719096747683,False,False
-1692500.0,-442500.0,1500,-7.04682123745114,False,False
-1687500.0,-442500.0,1500,-6.578083229147498,False,False
-1682500.0,-442500.0,1500,-9.797643268399888,False,False
-1677500.0,-442500.0,1500,-16.26715445885543,False,False
-1672500.0,-442500.0,1500,-21.129354134431363,False,False
-1667500.0,-442500.0,1500,-24.277815587377184,False,False
-1662500.0,-442500.0,1500,-29.01006642281447,False,False
-1657500.0,-442500.0,1500,-33.61023460141127,False,False
-1652500.0,-442500.0,1500,-34.701008682310935,False,False
-1647500.0,-442500.0,1500,-32.059064641724014,False,False
-1642500.0,-442500.0,1500,-25.55675735083667,False,False
-1637500.0,-442500.0,1500,-16.4933174174502,False,False
-1632500.0,-442500.0,1500,-12.613172050248021,False,False
-1627500.0,-442500.0,1500,-16.129341123532477,False,False
-1622500.0,-442500.0,1500,-20.380980102699368,False,False
-1617500.0,-442500.0,1500,-23.295475152199014,False,False
-1612500.0,-442500.0,1500,-26.362965952653383,False,True
-1607500.0,-442500.0,1500,-25.716226663761063,False,True
-1602500.0,-442500.0,1500,-21.981153581055825,False,True
-1597500.0,-442500.0,1500,-21.486240463524,False,True
-1592500.0,-442500.0,1500,-23.99735098460638,True,True
-1587500.0,-442500.0,1500,-30.02328536770341,True,True
-1582500.0,-442500.0,1500,-34.30825837574773,True,True
-1577500.0,-442500.0,1500,-31.26689426457913,True,True
-1572500.0,-442500.0,1500,-26.281900127830596,True,True
-1567500.0,-442500.0,1500,-24.10627383976422,True,True
-1562500.0,-442500.0,1500,-24.998443862993916,True,True
-1557500.0,-442500.0,1500,-25.640197588505107,True,True
-1552500.0,-442500.0,1500,-22.19511738348283,True,True
-1547500.0,-442500.0,1500,-19.725264331315213,True,True
-1542500.0,-442500.0,1500,-21.978628777543292,True,True
-1537500.0,-442500.0,1500,-24.149283457244827,False,True
-1532500.0,-442500.0,1500,-26.088070863663084,False,True
-1527500.0,-442500.0,1500,-23.370579051347956,False,True
-1522500.0,-442500.0,1500,-9.97347207726643,False,True
-1517500.0,-442500.0,1500,1.5439886792372617,False,False
-1512500.0,-442500.0,1500,4.2441778994394515,False,False
-1507500.0,-442500.0,1500,6.087672622240783,False,False
-1502500.0,-442500.0,1500,3.561700932905175,False,False
-1747500.0,-437500.0,1500,-7.909803200756743,False,False
-1742500.0,-437500.0,1500,-8.148701964011552,False,False
-1737500.0,-437500.0,1500,-9.581919264043016,False,False
-1732500.0,-437500.0,1500,-12.146402812505585,False,False
-1727500.0,-437500.0,1500,-15.345739534909308,False,False
-1722500.0,-437500.0,1500,-16.53008655781352,False,False
-1717500.0,-437500.0,1500,-15.072325239654392,False,False
-1712500.0,-437500.0,1500,-13.378170413770018,False,False
-1707500.0,-437500.0,1500,-11.591319889416923,False,False
-1702500.0,-437500.0,1500,-9.159061126685845,False,False
-1697500.0,-437500.0,1500,-6.795740679544171,False,False
-1692500.0,-437500.0,1500,-5.453438298964295,False,False
-1687500.0,-437500.0,1500,-6.441183243859631,False,False
-1682500.0,-437500.0,1500,-10.797851873339049,False,False
-1677500.0,-437500.0,1500,-16.86225292679224,False,False
-1672500.0,-437500.0,1500,-19.733374603363643,False,False
-1667500.0,-437500.0,1500,-21.12402509904925,False,False
-1662500.0,-437500.0,1500,-26.38663779713516,False,False
-1657500.0,-437500.0,1500,-34.573390025245736,False,False
-1652500.0,-437500.0,1500,-38.13169986131298,False,False
-1647500.0,-437500.0,1500,-32.60840566307254,False,False
-1642500.0,-437500.0,1500,-18.996077310035243,False,False
-1637500.0,-437500.0,1500,-6.442362798382829,False,False
-1632500.0,-437500.0,1500,-7.181977638940098,False,False
-1627500.0,-437500.0,1500,-19.35255444171952,False,False
-1622500.0,-437500.0,1500,-31.06721203063365,False,False
-1617500.0,-437500.0,1500,-35.54093380403062,False,False
-1612500.0,-437500.0,1500,-36.29150414489761,False,False
-1607500.0,-437500.0,1500,-36.52354296732495,False,True
-1602500.0,-437500.0,1500,-38.0988693946801,False,True
-1597500.0,-437500.0,1500,-41.46425629795571,False,True
-1592500.0,-437500.0,1500,-42.5023120442101,False,True
-1587500.0,-437500.0,1500,-41.619134402768424,True,True
-1582500.0,-437500.0,1500,-35.80237547564294,True,True
-1577500.0,-437500.0,1500,-29.051857778881203,True,True
-1572500.0,-437500.0,1500,-24.84864661986752,True,True
-1567500.0,-437500.0,1500,-22.44667740191252,True,True
-1562500.0,-437500.0,1500,-23.57518256354283,True,True
-1557500.0,-437500.0,1500,-24.482340381107637,True,True
-1552500.0,-437500.0,1500,-22.088653597698467,True,True
-1547500.0,-437500.0,1500,-18.937309531231,True,True
-1542500.0,-437500.0,1500,-18.472891049959365,False,True
-1537500.0,-437500.0,1500,-19.12463849161257,False,True
-1532500.0,-437500.0,1500,-18.49617384574684,False,True
-1527500.0,-437500.0,1500,-13.570737353349077,False,True
-1522500.0,-437500.0,1500,-5.466170920161595,False,True
-1517500.0,-437500.0,1500,0.9979621756895483,False,False
-1512500.0,-437500.0,1500,3.8120161192645137,False,False
-1507500.0,-437500.0,1500,5.429353371898044,False,False
-1502500.0,-437500.0,1500,2.563416897217323,False,False
-1747500.0,-432500.0,1500,-7.795097331143401,False,False
-1742500.0,-432500.0,1500,-8.234992483022124,False,False
-1737500.0,-432500.0,1500,-11.842622864000258,False,False
-1732500.0,-432500.0,1500,-17.42876269624812,False,False
-1727500.0,-432500.0,1500,-20.752965545237966,False,False
-1722500.0,-432500.0,1500,-19.060912836688633,False,False
-1717500.0,-432500.0,1500,-15.057907092497,False,False
-1712500.0,-432500.0,1500,-11.6206617069824,False,False
-1707500.0,-432500.0,1500,-9.797094662163481,False,False
-1702500.0,-432500.0,1500,-7.125399839220983,False,False
-1697500.0,-432500.0,1500,-3.8647263893491464,False,False
-1692500.0,-432500.0,1500,-2.751740616188852,False,False
-1687500.0,-432500.0,1500,-3.0228370905084683,False,False
-1682500.0,-432500.0,1500,-5.811982458999832,False,False
-1677500.0,-432500.0,1500,-10.732929799343623,False,False
-1672500.0,-432500.0,1500,-14.415290018627744,False,False
-1667500.0,-432500.0,1500,-17.839744694972072,False,False
-1662500.0,-432500.0,1500,-23.855776754726577,False,False
-1657500.0,-432500.0,1500,-31.787855960116303,False,False
-1652500.0,-432500.0,1500,-33.049416309485636,False,False
-1647500.0,-432500.0,1500,-23.89305288070088,False,False
-1642500.0,-432500.0,1500,-12.609678993109199,False,False
-1637500.0,-432500.0,1500,-8.071453995444449,False,False
-1632500.0,-432500.0,1500,-14.16088090975903,False,False
-1627500.0,-432500.0,1500,-25.13632007845068,False,False
-1622500.0,-432500.0,1500,-32.2562757628953,False,False
-1617500.0,-432500.0,1500,-32.97336958898703,False,False
-1612500.0,-432500.0,1500,-32.09686733851462,False,False
-1607500.0,-432500.0,1500,-35.26224853470474,False,True
-1602500.0,-432500.0,1500,-40.997381366813606,False,True
-1597500.0,-432500.0,1500,-44.33761053483352,False,True
-1592500.0,-432500.0,1500,-43.43929656322237,False,True
-1587500.0,-432500.0,1500,-40.06936422194122,True,True
-1582500.0,-432500.0,1500,-34.24009402415772,True,True
-1577500.0,-432500.0,1500,-28.63341658543923,True,True
-1572500.0,-432500.0,1500,-24.61403478395514,True,True
-1567500.0,-432500.0,1500,-23.274547934250787,True,True
-1562500.0,-432500.0,1500,-22.43776138572772,True,True
-1557500.0,-432500.0,1500,-19.66054564992107,True,True
-1552500.0,-432500.0,1500,-18.646621073617567,False,True
-1547500.0,-432500.0,1500,-18.40247991461868,False,True
-1542500.0,-432500.0,1500,-18.648292644509954,False,True
-1537500.0,-432500.0,1500,-18.287559698929712,False,True
-1532500.0,-432500.0,1500,-14.682092440879495,False,True
-1527500.0,-432500.0,1500,-8.894853577789576,False,True
-1522500.0,-432500.0,1500,-4.75290747940975,False,False
-1517500.0,-432500.0,1500,-2.767086572231316,False,False
-1512500.0,-432500.0,1500,0.07182206182876794,False,False
-1507500.0,-432500.0,1500,1.804500387046438,False,False
-1502500.0,-432500.0,1500,-0.3963082118441361,False,False
-1747500.0,-427500.0,1500,-5.91002347592199,False,False
-1742500.0,-427500.0,1500,-6.412689238086841,False,False
-1737500.0,-427500.0,1500,-12.619287021432127,False,False
-1732500.0,-427500.0,1500,-21.034670046749888,False,False
-1727500.0,-427500.0,1500,-24.126432153882323,False,False
-1722500.0,-427500.0,1500,-19.738170164991832,False,False
-1717500.0,-427500.0,1500,-13.11598067856003,False,False
-1712500.0,-427500.0,1500,-9.087795032771195,False,False
-1707500.0,-427500.0,1500,-7.388548948798987,False,False
-1702500.0,-427500.0,1500,-4.881117981788709,False,False
-1697500.0,-427500.0,1500,-3.9721106895804366,False,False
-1692500.0,-427500.0,1500,-5.236673407214705,False,False
-1687500.0,-427500.0,1500,-4.109050616153543,False,False
-1682500.0,-427500.0,1500,-1.8238131971084846,False,False
-1677500.0,-427500.0,1500,-3.294808927627411,False,False
-1672500.0,-427500.0,1500,-9.651501464319281,False,False
-1667500.0,-427500.0,1500,-17.049180233670896,False,False
-1662500.0,-427500.0,1500,-22.82675777059177,False,False
-1657500.0,-427500.0,1500,-26.127738945247927,False,False
-1652500.0,-427500.0,1500,-23.33662610552822,False,False
-1647500.0,-427500.0,1500,-16.041656254245165,False,False
-1642500.0,-427500.0,1500,-12.765076161303584,False,False
-1637500.0,-427500.0,1500,-16.313228426574888,False,False
-1632500.0,-427500.0,1500,-24.635643849639237,False,False
-1627500.0,-427500.0,1500,-29.54616922800607,False,False
-1622500.0,-427500.0,1500,-27.254292563620062,False,False
-1617500.0,-427500.0,1500,-21.23921090836654,False,False
-1612500.0,-427500.0,1500,-16.931341115617847,False,False
-1607500.0,-427500.0,1500,-20.577538889513484,False,False
-1602500.0,-427500.0,1500,-28.90846708097171,False,True
-1597500.0,-427500.0,1500,-34.26322032844374,False,True
-1592500.0,-427500.0,1500,-35.45898941756251,False,True
-1587500.0,-427500.0,1500,-34.57069987584214,False,True
-1582500.0,-427500.0,1500,-33.920799637761405,True,True
-1577500.0,-427500.0,1500,-28.375730768996874,True,True
-1572500.0,-427500.0,1500,-21.92363351276957,True,True
-1567500.0,-427500.0,1500,-22.63534171553458,True,True
-1562500.0,-427500.0,1500,-21.779263635367244,True,True
-1557500.0,-427500.0,1500,-18.20507859223353,False,True
-1552500.0,-427500.0,1500,-17.498930737912815,False,True
-1547500.0,-427500.0,1500,-19.435935531051232,False,True
-1542500.0,-427500.0,1500,-20.971486386379308,False,True
-1537500.0,-427500.0,1500,-17.65908366801073,False,True
-1532500.0,-427500.0,1500,-11.618694468879957,False,True
-1527500.0,-427500.0,1500,-6.688266047658387,False,False
-1522500.0,-427500.0,1500,-3.8530657832411825,False,False
-1517500.0,-427500.0,1500,-5.147883279482668,False,False
-1512500.0,-427500.0,1500,-3.678358764548424,False,False
-1507500.0,-427500.0,1500,-1.5644439675202486,False,False
-1502500.0,-427500.0,1500,-2.8520891977050047,False,False
-1747500.0,-422500.0,1500,-5.4751517364401625,False,False
-1742500.0,-422500.0,1500,-5.12567352007613,False,False
-1737500.0,-422500.0,1500,-11.418689041545404,False,False
-1732500.0,-422500.0,1500,-19.985115548777475,False,False
-1727500.0,-422500.0,1500,-23.067857672552936,False,False
-1722500.0,-422500.0,1500,-17.98947916025729,False,False
-1717500.0,-422500.0,1500,-10.21237628499398,False,False
-1712500.0,-422500.0,1500,-7.54185990896284,False,False
-1707500.0,-422500.0,1500,-7.354585934532024,False,False
-1702500.0,-422500.0,1500,-6.3406981987926025,False,False
-1697500.0,-422500.0,1500,-8.529054140447862,False,False
-1692500.0,-422500.0,1500,-12.426471533672967,False,False
-1687500.0,-422500.0,1500,-10.429770707363494,False,False
-1682500.0,-422500.0,1500,-3.236165063134363,False,False
-1677500.0,-422500.0,1500,-1.6926825464513282,False,False
-1672500.0,-422500.0,1500,-9.343832936803837,False,False
-1667500.0,-422500.0,1500,-17.508902826579178,False,False
-1662500.0,-422500.0,1500,-21.37611342446942,False,False
-1657500.0,-422500.0,1500,-20.87658151586648,False,False
-1652500.0,-422500.0,1500,-16.759283658902483,False,False
-1647500.0,-422500.0,1500,-13.961351308513388,False,False
-1642500.0,-422500.0,1500,-15.074412925929023,False,False
-1637500.0,-422500.0,1500,-19.425672300679473,False,False
-1632500.0,-422500.0,1500,-28.70013650300305,False,False
-1627500.0,-422500.0,1500,-34.555608614622514,False,False
-1622500.0,-422500.0,1500,-28.820868061113803,False,False
-1617500.0,-422500.0,1500,-17.22794956172222,False,False
-1612500.0,-422500.0,1500,-9.512909983100133,False,False
-1607500.0,-422500.0,1500,-11.695584844596782,False,False
-1602500.0,-422500.0,1500,-21.01268159126336,False,True
-1597500.0,-422500.0,1500,-29.666501789383343,False,True
-1592500.0,-422500.0,1500,-32.144407521463116,False,True
-1587500.0,-422500.0,1500,-32.67425934160002,False,True
-1582500.0,-422500.0,1500,-33.10072724096465,True,True
-1577500.0,-422500.0,1500,-26.52232035892189,True,True
-1572500.0,-422500.0,1500,-20.642876466662937,True,True
-1567500.0,-422500.0,1500,-21.710364798999773,True,True
-1562500.0,-422500.0,1500,-21.78644406357349,False,True
-1557500.0,-422500.0,1500,-19.17954151643003,False,True
-1552500.0,-422500.0,1500,-19.35597301346815,False,True
-1547500.0,-422500.0,1500,-22.132088626992967,False,True
-1542500.0,-422500.0,1500,-21.724755309061173,False,True
-1537500.0,-422500.0,1500,-16.864607362917827,False,True
-1532500.0,-422500.0,1500,-9.243938955312203,False,False
-1527500.0,-422500.0,1500,-2.3003571364930964,False,False
-1522500.0,-422500.0,1500,-0.3418600222470324,False,False
-1517500.0,-422500.0,1500,-4.438512432124829,False,False
-1512500.0,-422500.0,1500,-5.736490694074355,False,False
-1507500.0,-422500.0,1500,-4.5811374890335035,False,False
-1502500.0,-422500.0,1500,-5.631178274846132,False,False
-1747500.0,-417500.0,1500,-6.621981251401014,False,False
-1742500.0,-417500.0,1500,-4.081007645046262,False,False
-1737500.0,-417500.0,1500,-8.517455147572973,False,False
-1732500.0,-417500.0,1500,-15.802788940947583,False,False
-1727500.0,-417500.0,1500,-18.05308469762136,False,False
-1722500.0,-417500.0,1500,-14.611048846647709,False,False
-1717500.0,-417500.0,1500,-9.368057061929978,False,False
-1712500.0,-417500.0,1500,-7.601445108936317,False,False
-1707500.0,-417500.0,1500,-8.221647443516956,False,False
-1702500.0,-417500.0,1500,-10.129815125305388,False,False
-1697500.0,-417500.0,1500,-15.584418382637026,False,False
-1692500.0,-417500.0,1500,-21.04995666734018,False,False
-1687500.0,-417500.0,1500,-15.555001399866285,False,False
-1682500.0,-417500.0,1500,-3.346794659900004,False,False
-1677500.0,-417500.0,1500,-0.9648565026231836,False,False
-1672500.0,-417500.0,1500,-8.802715896523473,False,False
-1667500.0,-417500.0,1500,-15.583725631983418,False,False
-1662500.0,-417500.0,1500,-17.041070270613915,False,False
-1657500.0,-417500.0,1500,-15.810677084928944,False,False
-1652500.0,-417500.0,1500,-14.922037356994151,False,False
-1647500.0,-417500.0,1500,-17.54484128920199,False,False
-1642500.0,-417500.0,1500,-20.885903257341358,False,False
-1637500.0,-417500.0,1500,-22.981778328066046,False,False
-1632500.0,-417500.0,1500,-28.75481668533009,False,False
-1627500.0,-417500.0,1500,-35.05240584764792,False,False
-1622500.0,-417500.0,1500,-32.71357147195472,False,False
-1617500.0,-417500.0,1500,-25.185243175408708,False,False
-1612500.0,-417500.0,1500,-18.24710628764559,False,False
-1607500.0,-417500.0,1500,-16.600737360611127,False,False
-1602500.0,-417500.0,1500,-22.574218028724022,False,False
-1597500.0,-417500.0,1500,-30.321458390965155,False,True
-1592500.0,-417500.0,1500,-30.637878591121762,False,True
-1587500.0,-417500.0,1500,-29.459178906011424,False,True
-1582500.0,-417500.0,1500,-28.28242252151803,False,True
-1577500.0,-417500.0,1500,-22.887927723579466,True,True
-1572500.0,-417500.0,1500,-21.300453418900766,True,True
-1567500.0,-417500.0,1500,-23.981634399923482,True,True
-1562500.0,-417500.0,1500,-25.60808861278597,False,True
-1557500.0,-417500.0,1500,-22.86522970111105,False,True
-1552500.0,-417500.0,1500,-24.495422614903408,False,True
-1547500.0,-417500.0,1500,-26.200071401272865,False,True
-1542500.0,-417500.0,1500,-20.371498649217113,False,False
-1537500.0,-417500.0,1500,-16.703438674914633,False,False
-1532500.0,-417500.0,1500,-9.899124806666729,False,False
-1527500.0,-417500.0,1500,0.8311949382529681,False,False
-1522500.0,-417500.0,1500,1.877379947607446,False,False
-1517500.0,-417500.0,1500,-4.571758549496572,False,False
-1512500.0,-417500.0,1500,-7.522977400298682,False,False
-1507500.0,-417500.0,1500,-8.27797937959558,False,False
-1502500.0,-417500.0,1500,-9.403960670064151,False,False
-1747500.0,-412500.0,1500,-6.410518092763642,False,False
-1742500.0,-412500.0,1500,-2.7782688830901536,False,False
-1737500.0,-412500.0,1500,-6.832711900557705,False,False
-1732500.0,-412500.0,1500,-13.138447800379744,False,False
-1727500.0,-412500.0,1500,-12.698057349827893,False,False
-1722500.0,-412500.0,1500,-10.055528594333293,False,False
-1717500.0,-412500.0,1500,-9.6476125342561,False,False
-1712500.0,-412500.0,1500,-11.044754065657461,False,False
-1707500.0,-412500.0,1500,-13.41111201233381,False,False
-1702500.0,-412500.0,1500,-16.719713859685058,False,False
-1697500.0,-412500.0,1500,-21.228269207288825,False,False
-1692500.0,-412500.0,1500,-21.699478740664212,False,False
-1687500.0,-412500.0,1500,-9.281798197632517,False,False
-1682500.0,-412500.0,1500,3.559341012012706,False,False
-1677500.0,-412500.0,1500,0.8896735757515344,False,False
-1672500.0,-412500.0,1500,-8.390738239848373,False,False
-1667500.0,-412500.0,1500,-12.28442419459351,False,False
-1662500.0,-412500.0,1500,-10.985584840993578,False,False
-1657500.0,-412500.0,1500,-11.056139682500545,False,False
-1652500.0,-412500.0,1500,-15.036125506029979,False,False
-1647500.0,-412500.0,1500,-22.872523362312585,False,False
-1642500.0,-412500.0,1500,-27.759232172560072,False,False
-1637500.0,-412500.0,1500,-25.873967530832825,False,False
-1632500.0,-412500.0,1500,-24.34209988374585,False,False
-1627500.0,-412500.0,1500,-26.619714226855557,False,False
-1622500.0,-412500.0,1500,-30.017185466512135,False,False
-1617500.0,-412500.0,1500,-32.31415742549091,False,False
-1612500.0,-412500.0,1500,-30.025700369644046,False,False
-1607500.0,-412500.0,1500,-25.71183630457124,False,False
-1602500.0,-412500.0,1500,-24.358414087396888,False,False
-1597500.0,-412500.0,1500,-27.096013975881107,False,True
-1592500.0,-412500.0,1500,-28.838581988430924,False,True
-1587500.0,-412500.0,1500,-26.34846027104248,False,True
-1582500.0,-412500.0,1500,-21.6216102445942,False,True
-1577500.0,-412500.0,1500,-18.26638396377693,True,True
-1572500.0,-412500.0,1500,-18.976670218138317,True,True
-1567500.0,-412500.0,1500,-23.394336789524754,True,True
-1562500.0,-412500.0,1500,-26.82476133888138,True,True
-1557500.0,-412500.0,1500,-24.626782276347544,False,True
-1552500.0,-412500.0,1500,-27.59164821553168,False,True
-1547500.0,-412500.0,1500,-29.89141280369467,False,True
-1542500.0,-412500.0,1500,-22.10501191724935,False,True
-1537500.0,-412500.0,1500,-16.454175077607324,False,False
-1532500.0,-412500.0,1500,-7.978633078695922,False,False
-1527500.0,-412500.0,1500,2.200955574616379,False,False
-1522500.0,-412500.0,1500,0.9408576145399652,False,False
-1517500.0,-412500.0,1500,-4.527712501393552,False,False
-1512500.0,-412500.0,1500,-5.7863240882270155,False,False
-1507500.0,-412500.0,1500,-7.589242613093319,False,False
-1502500.0,-412500.0,1500,-9.496026281683138,False,False
-1747500.0,-407500.0,1500,-2.778200230866987,False,False
-1742500.0,-407500.0,1500,-0.7308141395674673,False,False
-1737500.0,-407500.0,1500,-6.234588312280983,False,False
-1732500.0,-407500.0,1500,-12.447467261064014,False,False
-1727500.0,-407500.0,1500,-11.587914718523233,False,False
-1722500.0,-407500.0,1500,-8.508974561930668,False,False
-1717500.0,-407500.0,1500,-10.650665044765178,False,False
-1712500.0,-407500.0,1500,-16.568666958989468,False,False
-1707500.0,-407500.0,1500,-21.260542982246903,False,False
-1702500.0,-407500.0,1500,-23.094486874120857,False,False
-1697500.0,-407500.0,1500,-23.22808241644666,False,False
-1692500.0,-407500.0,1500,-15.75463233528695,False,False
-1687500.0,-407500.0,1500,1.5911749423501353,False,False
-1682500.0,-407500.0,1500,10.002450859704215,False,False
-1677500.0,-407500.0,1500,0.18857508087080918,False,False
-1672500.0,-407500.0,1500,-9.53053360550899,False,False
-1667500.0,-407500.0,1500,-9.407974665039472,False,False
-1662500.0,-407500.0,1500,-7.96096681240956,False,False
-1657500.0,-407500.0,1500,-11.248757362184783,False,False
-1652500.0,-407500.0,1500,-18.28210135555524,False,False
-1647500.0,-407500.0,1500,-26.54729446469411,False,False
-1642500.0,-407500.0,1500,-29.35972393641268,False,False
-1637500.0,-407500.0,1500,-24.12394706935227,False,False
-1632500.0,-407500.0,1500,-18.06116854400579,False,False
-1627500.0,-407500.0,1500,-18.18103079709679,False,False
-1622500.0,-407500.0,1500,-26.222630514204113,False,False
-1617500.0,-407500.0,1500,-34.242832549544794,False,False
-1612500.0,-407500.0,1500,-34.32904638713818,False,False
-1607500.0,-407500.0,1500,-28.53396671353462,False,False
-1602500.0,-407500.0,1500,-21.641341614532685,False,False
-1597500.0,-407500.0,1500,-21.150744325388484,False,False
-1592500.0,-407500.0,1500,-24.887328742276623,False,True
-1587500.0,-407500.0,1500,-23.090600535518448,False,True
-1582500.0,-407500.0,1500,-19.55668633997458,False,True
-1577500.0,-407500.0,1500,-18.82606774958538,False,True
-1572500.0,-407500.0,1500,-18.729031834276636,True,True
-1567500.0,-407500.0,1500,-21.82629204038688,False,True
-1562500.0,-407500.0,1500,-24.498225822329495,False,True
-1557500.0,-407500.0,1500,-23.65673799383438,False,True
-1552500.0,-407500.0,1500,-26.77179618488064,False,True
-1547500.0,-407500.0,1500,-31.000345882925103,False,True
-1542500.0,-407500.0,1500,-26.857845262077493,False,False
-1537500.0,-407500.0,1500,-16.91696881995979,False,False
-1532500.0,-407500.0,1500,-5.029680094091273,False,False
-1527500.0,-407500.0,1500,1.1490486241032247,False,False
-1522500.0,-407500.0,1500,-2.4580537617342584,False,False
-1517500.0,-407500.0,1500,-2.899245618122732,False,False
-1512500.0,-407500.0,1500,-0.8171759127903411,False,False
-1507500.0,-407500.0,1500,-3.951057437494671,False,False
-1502500.0,-407500.0,1500,-6.410452720940901,False,False
-1747500.0,-402500.0,1500,8.001290494221653,False,False
-1742500.0,-402500.0,1500,9.391746707606057,False,False
-1737500.0,-402500.0,1500,0.09414798927571949,False,False
-1732500.0,-402500.0,1500,-8.802526855665137,False,False
-1727500.0,-402500.0,1500,-10.71792773800925,False,False
-1722500.0,-402500.0,1500,-8.478439357633299,False,False
-1717500.0,-402500.0,1500,-9.740238301973147,False,False
-1712500.0,-402500.0,1500,-17.07488654263081,False,False
-1707500.0,-402500.0,1500,-22.94589484822039,False,False
-1702500.0,-402500.0,1500,-23.210274524385625,False,False
-1697500.0,-402500.0,1500,-20.551052216742015,False,False
-1692500.0,-402500.0,1500,-8.443359240143817,False,False
-1687500.0,-402500.0,1500,6.545547857214182,False,False
-1682500.0,-402500.0,1500,6.9204499065053175,False,False
-1677500.0,-402500.0,1500,-3.8706996234269786,False,False
-1672500.0,-402500.0,1500,-9.810819418120092,False,False
-1667500.0,-402500.0,1500,-9.150245524568827,False,False
-1662500.0,-402500.0,1500,-10.334681123663339,False,False
-1657500.0,-402500.0,1500,-15.11146544958275,False,False
-1652500.0,-402500.0,1500,-21.002507212857974,False,False
-1647500.0,-402500.0,1500,-25.64419023325085,False,False
-1642500.0,-402500.0,1500,-25.90477081138642,False,False
-1637500.0,-402500.0,1500,-20.18384688617424,False,False
-1632500.0,-402500.0,1500,-14.198541683527875,False,False
-1627500.0,-402500.0,1500,-16.155297101987376,False,False
-1622500.0,-402500.0,1500,-26.65772642973881,False,False
-1617500.0,-402500.0,1500,-36.24335794769762,False,False
-1612500.0,-402500.0,1500,-36.72893662510912,False,False
-1607500.0,-402500.0,1500,-29.29573678329418,False,False
-1602500.0,-402500.0,1500,-20.074185760948936,False,False
-1597500.0,-402500.0,1500,-17.528729104031633,False,False
-1592500.0,-402500.0,1500,-20.91691514746059,False,True
-1587500.0,-402500.0,1500,-22.085994646768892,False,True
-1582500.0,-402500.0,1500,-21.06348305156214,False,True
-1577500.0,-402500.0,1500,-17.790341465863673,False,True
-1572500.0,-402500.0,1500,-16.055776923452843,False,True
-1567500.0,-402500.0,1500,-19.66282291917326,False,True
-1562500.0,-402500.0,1500,-21.57309961969805,False,True
-1557500.0,-402500.0,1500,-22.09531125154375,False,True
-1552500.0,-402500.0,1500,-24.804147800667895,False,True
-1547500.0,-402500.0,1500,-27.653620178599347,False,True
-1542500.0,-402500.0,1500,-23.296248866375787,False,False
-1537500.0,-402500.0,1500,-11.125164131092383,False,False
-1532500.0,-402500.0,1500,-2.5624128162042243,False,False
-1527500.0,-402500.0,1500,-3.2761424027538,False,False
-1522500.0,-402500.0,1500,-6.863594087927409,False,False
-1517500.0,-402500.0,1500,-2.5858623610604905,False,False
-1512500.0,-402500.0,1500,1.2800093717907979,False,False
-1507500.0,-402500.0,1500,-1.6213242464922328,False,False
-1502500.0,-402500.0,1500,-1.8898848656181337,False,False
-1747500.0,-397500.0,1500,15.889273044788094,False,False
-1742500.0,-397500.0,1500,20.317131560212687,False,False
-1737500.0,-397500.0,1500,10.503841321870414,False,False
-1732500.0,-397500.0,1500,0.9795144908879293,False,False
-1727500.0,-397500.0,1500,-0.44157973990965804,False,False
-1722500.0,-397500.0,1500,0.20280351293401927,False,False
-1717500.0,-397500.0,1500,-2.4511023747007785,False,False
-1712500.0,-397500.0,1500,-12.14892621353829,False,False
-1707500.0,-397500.0,1500,-21.24382286374455,False,False
-1702500.0,-397500.0,1500,-21.742187287982503,False,False
-1697500.0,-397500.0,1500,-16.589667717032977,False,False
-1692500.0,-397500.0,1500,-4.229298278037601,False,False
-1687500.0,-397500.0,1500,4.901630197182431,False,False
-1682500.0,-397500.0,1500,0.8271547631345615,False,False
-1677500.0,-397500.0,1500,-5.917537266948369,False,False
-1672500.0,-397500.0,1500,-8.18045335182313,False,False
-1667500.0,-397500.0,1500,-9.072836957474623,False,False
-1662500.0,-397500.0,1500,-11.262759677840647,False,False
-1657500.0,-397500.0,1500,-14.26039693988909,False,False
-1652500.0,-397500.0,1500,-17.394625445751124,False,False
-1647500.0,-397500.0,1500,-20.461576733583126,False,False
-1642500.0,-397500.0,1500,-19.94067152814858,False,False
-1637500.0,-397500.0,1500,-13.613227291088618,False,False
-1632500.0,-397500.0,1500,-10.549213422168682,False,False
-1627500.0,-397500.0,1500,-17.59888660923452,False,False
-1622500.0,-397500.0,1500,-28.913981293256377,False,False
-1617500.0,-397500.0,1500,-38.72130542686129,False,False
-1612500.0,-397500.0,1500,-40.93907050041604,False,False
-1607500.0,-397500.0,1500,-33.66583994381602,False,False
-1602500.0,-397500.0,1500,-23.465055541051505,False,False
-1597500.0,-397500.0,1500,-18.83993144648401,False,True
-1592500.0,-397500.0,1500,-21.379639039530236,False,True
-1587500.0,-397500.0,1500,-23.768867218284182,False,True
-1582500.0,-397500.0,1500,-22.83775304113551,False,True
-1577500.0,-397500.0,1500,-17.18884880916551,True,True
-1572500.0,-397500.0,1500,-14.608913136587141,False,True
-1567500.0,-397500.0,1500,-17.750618113168827,False,True
-1562500.0,-397500.0,1500,-16.999612049662744,False,True
-1557500.0,-397500.0,1500,-18.774223990462875,False,True
-1552500.0,-397500.0,1500,-22.476266154844794,False,True
-1547500.0,-397500.0,1500,-21.871550995599648,False,False
-1542500.0,-397500.0,1500,-15.638361077268785,False,False
-1537500.0,-397500.0,1500,-6.8828936414255795,False,False
-1532500.0,-397500.0,1500,-4.566349194823415,False,False
-1527500.0,-397500.0,1500,-7.709359640401856,False,False
-1522500.0,-397500.0,1500,-8.593340271343939,False,False
-1517500.0,-397500.0,1500,-5.356623908812283,False,False
-1512500.0,-397500.0,1500,-2.842574117359045,False,False
-1507500.0,-397500.0,1500,-1.2703352960412757,False,False
-1502500.0,-397500.0,1500,2.232940198341986,False,False
-1747500.0,-392500.0,1500,16.369213360308326,False,False
-1742500.0,-392500.0,1500,25.739283447776423,False,False
-1737500.0,-392500.0,1500,20.637043974723394,False,False
-1732500.0,-392500.0,1500,14.483570872512795,False,False
-1727500.0,-392500.0,1500,14.58415496986206,False,False
-1722500.0,-392500.0,1500,13.449054698764993,False,False
-1717500.0,-392500.0,1500,7.598486818194724,False,False
-1712500.0,-392500.0,1500,-6.354916691205979,False,False
-1707500.0,-392500.0,1500,-20.265270840328917,False,False
-1702500.0,-392500.0,1500,-21.431599851532244,False,False
-1697500.0,-392500.0,1500,-14.041341356059394,False,False
-1692500.0,-392500.0,1500,-5.165465744993948,False,False
-1687500.0,-392500.0,1500,-0.6198139385352734,False,False
-1682500.0,-392500.0,1500,-2.189494510527706,False,False
-1677500.0,-392500.0,1500,-4.691330426236534,False,False
-1672500.0,-392500.0,1500,-6.4410595401106265,False,False
-1667500.0,-392500.0,1500,-7.2220538788643225,False,False
-1662500.0,-392500.0,1500,-8.322691549004762,False,False
-1657500.0,-392500.0,1500,-9.655067910747709,False,False
-1652500.0,-392500.0,1500,-11.852435870005916,False,False
-1647500.0,-392500.0,1500,-15.54202557472966,False,False
-1642500.0,-392500.0,1500,-14.03675287232726,False,False
-1637500.0,-392500.0,1500,-7.556681473989083,False,False
-1632500.0,-392500.0,1500,-8.170671360373891,False,False
-1627500.0,-392500.0,1500,-17.88623871750555,False,False
-1622500.0,-392500.0,1500,-28.66838255118311,False,False
-1617500.0,-392500.0,1500,-37.900318555107695,False,False
-1612500.0,-392500.0,1500,-41.58599362053252,False,False
-1607500.0,-392500.0,1500,-37.42250255932989,False,False
-1602500.0,-392500.0,1500,-29.14322061583974,False,False
-1597500.0,-392500.0,1500,-23.542011589931143,False,True
-1592500.0,-392500.0,1500,-23.67122741496985,False,True
-1587500.0,-392500.0,1500,-25.107449421966795,False,True
-1582500.0,-392500.0,1500,-23.08474746970294,False,True
-1577500.0,-392500.0,1500,-18.533388112123696,True,True
-1572500.0,-392500.0,1500,-16.867517848468445,False,True
-1567500.0,-392500.0,1500,-17.081732768178007,False,True
-1562500.0,-392500.0,1500,-14.259043545889913,False,True
-1557500.0,-392500.0,1500,-16.026294835709553,False,True
-1552500.0,-392500.0,1500,-18.548391745886775,False,False
-1547500.0,-392500.0,1500,-16.366633894276553,False,False
-1542500.0,-392500.0,1500,-12.751788347375651,False,False
-1537500.0,-392500.0,1500,-10.4280874835724,False,False
-1532500.0,-392500.0,1500,-11.286212783199122,False,False
-1527500.0,-392500.0,1500,-10.393873752645744,False,False
-1522500.0,-392500.0,1500,-9.169397180726772,False,False
-1517500.0,-392500.0,1500,-8.784670384809035,False,False
-1512500.0,-392500.0,1500,-6.078550011666468,False,False
-1507500.0,-392500.0,1500,-0.8434099788234581,False,False
-1502500.0,-392500.0,1500,2.9496404373828664,False,False
-1747500.0,-387500.0,1500,18.424565335719368,False,False
-1742500.0,-387500.0,1500,29.81432932357314,False,False
-1737500.0,-387500.0,1500,28.86363659423479,False,False
-1732500.0,-387500.0,1500,25.785337086859414,False,False
-1727500.0,-387500.0,1500,25.238920657600207,False,False
-1722500.0,-387500.0,1500,24.145712094509868,False,False
-1717500.0,-387500.0,1500,16.04675202777829,False,False
-1712500.0,-387500.0,1500,-3.007297171109527,False,False
-1707500.0,-387500.0,1500,-18.589733713458017,False,False
-1702500.0,-387500.0,1500,-18.651264895407355,False,False
-1697500.0,-387500.0,1500,-10.038603663652477,False,False
-1692500.0,-387500.0,1500,-3.2783138719710734,False,False
-1687500.0,-387500.0,1500,-1.9926260741495445,False,False
-1682500.0,-387500.0,1500,-3.29228163821658,False,False
-1677500.0,-387500.0,1500,-4.339367252414383,False,False
-1672500.0,-387500.0,1500,-4.305606801482181,False,False
-1667500.0,-387500.0,1500,-4.452957667762015,False,False
-1662500.0,-387500.0,1500,-6.720929811288769,False,False
-1657500.0,-387500.0,1500,-9.074541912959226,False,False
-1652500.0,-387500.0,1500,-11.0232700702607,False,False
-1647500.0,-387500.0,1500,-12.673423468890771,False,False
-1642500.0,-387500.0,1500,-9.23932655128192,False,False
-1637500.0,-387500.0,1500,-4.093497366505106,False,False
-1632500.0,-387500.0,1500,-6.175079627811936,False,False
-1627500.0,-387500.0,1500,-15.30209788885811,False,False
-1622500.0,-387500.0,1500,-26.943608234361637,False,False
-1617500.0,-387500.0,1500,-36.17334343728446,False,False
-1612500.0,-387500.0,1500,-39.5237600243162,False,False
-1607500.0,-387500.0,1500,-36.91676072343581,False,False
-1602500.0,-387500.0,1500,-30.33889529169037,False,False
-1597500.0,-387500.0,1500,-24.718832758352264,False,True
-1592500.0,-387500.0,1500,-24.14042029631265,False,True
-1587500.0,-387500.0,1500,-25.29178482094274,False,True
-1582500.0,-387500.0,1500,-20.44671246444397,False,True
-1577500.0,-387500.0,1500,-18.657426387838143,True,True
-1572500.0,-387500.0,1500,-19.480093671392968,False,True
-1567500.0,-387500.0,1500,-15.115241823221323,False,True
-1562500.0,-387500.0,1500,-11.966551848020007,False,True
-1557500.0,-387500.0,1500,-13.243703190573163,False,True
-1552500.0,-387500.0,1500,-13.227223293015033,False,False
-1547500.0,-387500.0,1500,-10.047074763541271,False,False
-1542500.0,-387500.0,1500,-9.151798503552621,False,False
-1537500.0,-387500.0,1500,-12.658870000128708,False,False
-1532500.0,-387500.0,1500,-15.840444445494603,False,False
-1527500.0,-387500.0,1500,-12.959787499158049,False,False
-1522500.0,-387500.0,1500,-8.459725733617447,False,False
-1517500.0,-387500.0,1500,-5.300715401085341,False,False
-1512500.0,-387500.0,1500,-3.1802569137463887,False,False
-1507500.0,-387500.0,1500,-0.7088992989101449,False,False
-1502500.0,-387500.0,1500,-0.004441199820058306,False,False
-1747500.0,-382500.0,1500,21.60264797780854,False,False
-1742500.0,-382500.0,1500,34.169029276933905,False,False
-1737500.0,-382500.0,1500,34.950778332861915,False,False
-1732500.0,-382500.0,1500,31.508186819842596,False,False
-1727500.0,-382500.0,1500,30.072472931235968,False,False
-1722500.0,-382500.0,1500,28.693680750591138,False,False
-1717500.0,-382500.0,1500,18.808868848894193,False,False
-1712500.0,-382500.0,1500,-1.7300367381489463,False,False
-1707500.0,-382500.0,1500,-15.328604077765418,False,False
-1702500.0,-382500.0,1500,-13.05433126432754,False,False
-1697500.0,-382500.0,1500,-4.871938439972529,False,False
-1692500.0,-382500.0,1500,-0.9042267837067671,False,False
-1687500.0,-382500.0,1500,-2.575370110688665,False,False
-1682500.0,-382500.0,1500,-5.370441222833018,False,False
-1677500.0,-382500.0,1500,-5.482472839421082,False,False
-1672500.0,-382500.0,1500,-2.3992674009205666,False,False
-1667500.0,-382500.0,1500,-1.3009691737960092,False,False
-1662500.0,-382500.0,1500,-5.466798555118885,False,False
-1657500.0,-382500.0,1500,-10.732930703166284,False,False
-1652500.0,-382500.0,1500,-11.952222793953421,False,False
-1647500.0,-382500.0,1500,-9.187931706951053,False,False
-1642500.0,-382500.0,1500,-4.325639313369614,False,False
-1637500.0,-382500.0,1500,-1.3717429795355487,False,False
-1632500.0,-382500.0,1500,-5.615534888871555,False,False
-1627500.0,-382500.0,1500,-18.000293186205592,False,False
-1622500.0,-382500.0,1500,-32.03265996748252,False,False
-1617500.0,-382500.0,1500,-39.19680804191275,False,False
-1612500.0,-382500.0,1500,-39.830486169132925,False,False
-1607500.0,-382500.0,1500,-36.30335169008467,False,False
-1602500.0,-382500.0,1500,-29.40728090497569,False,False
-1597500.0,-382500.0,1500,-24.37516326252044,False,False
-1592500.0,-382500.0,1500,-25.160110461498796,False,True
-1587500.0,-382500.0,1500,-23.532105742125474,False,True
-1582500.0,-382500.0,1500,-13.863127188036472,False,True
-1577500.0,-382500.0,1500,-12.93861403526775,False,True
-1572500.0,-382500.0,1500,-15.722219809948472,False,True
-1567500.0,-382500.0,1500,-10.15215729997767,False,True
-1562500.0,-382500.0,1500,-7.837754156689264,False,True
-1557500.0,-382500.0,1500,-10.374344002892428,False,False
-1552500.0,-382500.0,1500,-10.944659426042879,False,False
-1547500.0,-382500.0,1500,-8.31829107408706,False,False
-1542500.0,-382500.0,1500,-7.790689533434835,False,False
-1537500.0,-382500.0,1500,-13.401549522481314,False,False
-1532500.0,-382500.0,1500,-18.684558306628528,False,False
-1527500.0,-382500.0,1500,-15.005452213623009,False,False
-1522500.0,-382500.0,1500,-4.540208588263576,False,False
-1517500.0,-382500.0,1500,0.46541771414289745,False,False
-1512500.0,-382500.0,1500,-1.9757717665772079,False,False
-1507500.0,-382500.0,1500,-4.300952122851234,False,False
-1502500.0,-382500.0,1500,-6.875925455959247,False,False
-1747500.0,-377500.0,1500,22.105737238669704,False,False
-1742500.0,-377500.0,1500,34.417622338619665,False,False
-1737500.0,-377500.0,1500,36.869554104281384,False,False
-1732500.0,-377500.0,1500,34.23596449222137,False,False
-1727500.0,-377500.0,1500,32.179018994876316,False,False
-1722500.0,-377500.0,1500,28.041757418009123,False,False
-1717500.0,-377500.0,1500,16.465346345052236,False,True
-1712500.0,-377500.0,1500,-1.4675269371305402,False,True
-1707500.0,-377500.0,1500,-11.733487544753208,False,False
-1702500.0,-377500.0,1500,-9.015304579264836,False,False
-1697500.0,-377500.0,1500,-3.5454187089090943,False,False
-1692500.0,-377500.0,1500,-2.7884037152276444,False,False
-1687500.0,-377500.0,1500,-7.204802257062898,False,False
-1682500.0,-377500.0,1500,-10.527258987375694,False,False
-1677500.0,-377500.0,1500,-8.571992408656369,False,False
-1672500.0,-377500.0,1500,-4.208281611748868,False,False
-1667500.0,-377500.0,1500,-1.954515521578264,False,False
-1662500.0,-377500.0,1500,-5.292345154492022,False,True
-1657500.0,-377500.0,1500,-12.204563784704488,False,True
-1652500.0,-377500.0,1500,-12.71516867248231,False,False
-1647500.0,-377500.0,1500,-5.702041085965853,False,False
-1642500.0,-377500.0,1500,-0.9377983252113915,False,False
-1637500.0,-377500.0,1500,-3.622115570579364,False,False
-1632500.0,-377500.0,1500,-13.737087464954458,False,False
-1627500.0,-377500.0,1500,-28.226240636423658,False,False
-1622500.0,-377500.0,1500,-39.48329733580584,False,False
-1617500.0,-377500.0,1500,-42.86349303417955,False,False
-1612500.0,-377500.0,1500,-41.8372997261449,False,False
-1607500.0,-377500.0,1500,-37.37604828617862,False,False
-1602500.0,-377500.0,1500,-29.148429274040584,False,False
-1597500.0,-377500.0,1500,-24.228822487975396,False,False
-1592500.0,-377500.0,1500,-25.867794283594826,False,True
-1587500.0,-377500.0,1500,-17.60671082549568,False,True
-1582500.0,-377500.0,1500,-0.3875985004974407,False,True
-1577500.0,-377500.0,1500,0.4098713210175144,False,True
-1572500.0,-377500.0,1500,-4.634950353242966,False,True
-1567500.0,-377500.0,1500,-3.6516488250351573,False,True
-1562500.0,-377500.0,1500,-7.706132075279486,False,True
-1557500.0,-377500.0,1500,-12.884170734185316,False,False
-1552500.0,-377500.0,1500,-13.596749911388184,False,False
-1547500.0,-377500.0,1500,-12.960436580786137,False,False
-1542500.0,-377500.0,1500,-12.72059390646108,False,False
-1537500.0,-377500.0,1500,-15.618836877358715,False,False
-1532500.0,-377500.0,1500,-19.71018188656522,False,False
-1527500.0,-377500.0,1500,-13.375657718745634,False,False
-1522500.0,-377500.0,1500,-0.3590886389085606,False,False
-1517500.0,-377500.0,1500,0.1531926956268671,False,False
-1512500.0,-377500.0,1500,-5.363221974439581,False,False
-1507500.0,-377500.0,1500,-7.602059772032478,False,False
-1502500.0,-377500.0,1500,-9.615292709830078,False,False
-1747500.0,-372500.0,1500,18.004442426267687,False,False
-1742500.0,-372500.0,1500,28.130840878997756,False,False
-1737500.0,-372500.0,1500,33.86581381893741,False,False
-1732500.0,-372500.0,1500,35.75136858583616,False,False
-1727500.0,-372500.0,1500,34.81000087318317,False,True
-1722500.0,-372500.0,1500,29.371215471836187,False,True
-1717500.0,-372500.0,1500,16.654460698769253,False,True
-1712500.0,-372500.0,1500,0.21562961080510176,False,True
-1707500.0,-372500.0,1500,-8.334312526344501,False,True
-1702500.0,-372500.0,1500,-7.3831103866315795,False,True
-1697500.0,-372500.0,1500,-4.653075464257766,False,False
-1692500.0,-372500.0,1500,-6.1701681026977555,False,False
-1687500.0,-372500.0,1500,-12.53844496855494,False,False
-1682500.0,-372500.0,1500,-15.381567432511815,False,False
-1677500.0,-372500.0,1500,-11.793307202208847,False,False
-1672500.0,-372500.0,1500,-7.083018234333499,False,True
-1667500.0,-372500.0,1500,-5.353939517849891,False,True
-1662500.0,-372500.0,1500,-7.87296555650669,False,True
-1657500.0,-372500.0,1500,-13.65027909393111,False,True
-1652500.0,-372500.0,1500,-14.067504814961223,False,True
-1647500.0,-372500.0,1500,-6.591826803634151,False,True
-1642500.0,-372500.0,1500,-3.7770699901676625,False,False
-1637500.0,-372500.0,1500,-11.87061684309845,False,False
-1632500.0,-372500.0,1500,-24.78308006438128,False,False
-1627500.0,-372500.0,1500,-36.439275632040065,False,False
-1622500.0,-372500.0,1500,-42.80119352899852,False,False
-1617500.0,-372500.0,1500,-43.89602925091948,False,False
-1612500.0,-372500.0,1500,-42.94048027580318,False,False
-1607500.0,-372500.0,1500,-38.31662200875569,False,False
-1602500.0,-372500.0,1500,-29.01826759392908,False,False
-1597500.0,-372500.0,1500,-21.583259674329422,False,False
-1592500.0,-372500.0,1500,-23.147497827473188,False,False
-1587500.0,-372500.0,1500,-15.661051182859426,False,True
-1582500.0,-372500.0,1500,3.760403755465861,False,True
-1577500.0,-372500.0,1500,7.837083194679701,False,True
-1572500.0,-372500.0,1500,2.2051554687895742,False,True
-1567500.0,-372500.0,1500,-0.16800530841138817,False,True
-1562500.0,-372500.0,1500,-9.551377187010385,False,False
-1557500.0,-372500.0,1500,-20.121428256517305,False,False
-1552500.0,-372500.0,1500,-21.09258478210627,False,False
-1547500.0,-372500.0,1500,-20.7383379493271,False,False
-1542500.0,-372500.0,1500,-19.87452632257086,False,False
-1537500.0,-372500.0,1500,-18.487450559191853,False,False
-1532500.0,-372500.0,1500,-19.10177898515648,False,False
-1527500.0,-372500.0,1500,-11.889116739061526,False,False
-1522500.0,-372500.0,1500,0.5976337538587404,False,False
-1517500.0,-372500.0,1500,1.2791619961176015,False,False
-1512500.0,-372500.0,1500,-3.868536615255341,False,False
-1507500.0,-372500.0,1500,-5.556507094501095,False,False
-1502500.0,-372500.0,1500,-5.705101170129424,False,False
-1747500.0,-367500.0,1500,12.570003553940992,False,True
-1742500.0,-367500.0,1500,22.594476564946817,False,False
-1737500.0,-367500.0,1500,33.06911351504609,False,False
-1732500.0,-367500.0,1500,38.50698196602366,False,True
-1727500.0,-367500.0,1500,37.04736588267845,False,True
-1722500.0,-367500.0,1500,29.21786816200272,False,True
-1717500.0,-367500.0,1500,15.183866834172768,False,True
-1712500.0,-367500.0,1500,2.1628576768432293,False,True
-1707500.0,-367500.0,1500,-3.3625327610499682,False,True
-1702500.0,-367500.0,1500,-2.8789595764297746,False,True
-1697500.0,-367500.0,1500,-2.331390692427338,False,True
-1692500.0,-367500.0,1500,-6.734704962327482,False,False
-1687500.0,-367500.0,1500,-13.944300714669684,False,False
-1682500.0,-367500.0,1500,-16.53133028798147,False,False
-1677500.0,-367500.0,1500,-12.43165245225255,False,True
-1672500.0,-367500.0,1500,-7.807194228308642,False,True
-1667500.0,-367500.0,1500,-7.087344715044517,False,True
-1662500.0,-367500.0,1500,-8.145825116354406,False,True
-1657500.0,-367500.0,1500,-10.397521164585317,False,True
-1652500.0,-367500.0,1500,-13.487486769872064,False,True
-1647500.0,-367500.0,1500,-12.809101499760354,False,True
-1642500.0,-367500.0,1500,-12.868676598090126,False,True
-1637500.0,-367500.0,1500,-20.433650497577734,False,False
-1632500.0,-367500.0,1500,-31.795707995519468,False,False
-1627500.0,-367500.0,1500,-41.2920246360982,False,False
-1622500.0,-367500.0,1500,-45.344012952901004,False,False
-1617500.0,-367500.0,1500,-45.23385716670377,False,False
-1612500.0,-367500.0,1500,-43.64773226783268,False,False
-1607500.0,-367500.0,1500,-40.86631808762758,False,False
-1602500.0,-367500.0,1500,-35.94991482319043,False,False
-1597500.0,-367500.0,1500,-27.96022457620204,False,False
-1592500.0,-367500.0,1500,-24.453514945500427,False,False
-1587500.0,-367500.0,1500,-18.140880712263062,False,False
-1582500.0,-367500.0,1500,-4.26323688196063,False,False
-1577500.0,-367500.0,1500,2.2617239491879704,False,True
-1572500.0,-367500.0,1500,-2.3553577114588173,False,False
-1567500.0,-367500.0,1500,-6.47969463111204,False,False
-1562500.0,-367500.0,1500,-14.852156908374484,False,False
-1557500.0,-367500.0,1500,-27.5003061174759,False,False
-1552500.0,-367500.0,1500,-29.429768053746834,False,False
-1547500.0,-367500.0,1500,-26.231152587039116,False,False
-1542500.0,-367500.0,1500,-22.042807679265202,False,False
-1537500.0,-367500.0,1500,-19.707699887282235,False,False
-1532500.0,-367500.0,1500,-19.749251618760194,False,False
-1527500.0,-367500.0,1500,-13.477076309107535,False,False
-1522500.0,-367500.0,1500,-2.82930304007696,False,False
-1517500.0,-367500.0,1500,1.152387819000424,False,False
-1512500.0,-367500.0,1500,-0.8604483072281457,False,False
-1507500.0,-367500.0,1500,-2.5834663611868334,False,False
-1502500.0,-367500.0,1500,-2.4818059062992517,False,False
-1747500.0,-362500.0,1500,6.75667926740903,False,True
-1742500.0,-362500.0,1500,19.050930231644678,False,True
-1737500.0,-362500.0,1500,34.78541774514337,False,True
-1732500.0,-362500.0,1500,42.5475019926887,False,True
-1727500.0,-362500.0,1500,39.858403482791374,False,True
-1722500.0,-362500.0,1500,26.809208404082025,False,True
-1717500.0,-362500.0,1500,8.02090703149774,False,True
-1712500.0,-362500.0,1500,-0.2978968813559074,False,True
-1707500.0,-362500.0,1500,0.65685645131924,False,True
-1702500.0,-362500.0,1500,2.1985631766520086,False,True
-1697500.0,-362500.0,1500,1.0890018719674759,False,True
-1692500.0,-362500.0,1500,-5.557394821161333,False,False
-1687500.0,-362500.0,1500,-13.43260802645178,False,False
-1682500.0,-362500.0,1500,-16.641783135645984,False,True
-1677500.0,-362500.0,1500,-12.650572852250946,False,True
-1672500.0,-362500.0,1500,-9.151129609292488,False,True
-1667500.0,-362500.0,1500,-9.069758270933162,False,True
-1662500.0,-362500.0,1500,-8.852624613192067,False,True
-1657500.0,-362500.0,1500,-9.761185098836958,False,True
-1652500.0,-362500.0,1500,-15.433462969139814,False,True
-1647500.0,-362500.0,1500,-19.326038264488442,False,True
-1642500.0,-362500.0,1500,-19.717821074639343,False,True
-1637500.0,-362500.0,1500,-25.523071410875634,False,False
-1632500.0,-362500.0,1500,-35.52728036100817,False,False
-1627500.0,-362500.0,1500,-43.54143087401733,False,False
-1622500.0,-362500.0,1500,-47.01559196460723,False,False
-1617500.0,-362500.0,1500,-46.95627652032246,False,False
-1612500.0,-362500.0,1500,-44.663534108517524,False,False
-1607500.0,-362500.0,1500,-42.98323341422209,False,False
-1602500.0,-362500.0,1500,-40.97963059209828,False,False
-1597500.0,-362500.0,1500,-35.91513312671109,False,False
-1592500.0,-362500.0,1500,-28.424386443926828,False,False
-1587500.0,-362500.0,1500,-16.558693414677595,False,False
-1582500.0,-362500.0,1500,-7.740472181413728,False,False
-1577500.0,-362500.0,1500,-6.611519640494721,False,True
-1572500.0,-362500.0,1500,-12.476713046042692,False,True
-1567500.0,-362500.0,1500,-20.2109079411545,False,False
-1562500.0,-362500.0,1500,-28.296786740023137,False,False
-1557500.0,-362500.0,1500,-35.33225039498584,False,False
-1552500.0,-362500.0,1500,-31.649350676115464,False,False
-1547500.0,-362500.0,1500,-20.20807573199195,False,False
-1542500.0,-362500.0,1500,-15.84272092562068,False,False
-1537500.0,-362500.0,1500,-19.195416614958784,False,False
-1532500.0,-362500.0,1500,-19.459526822543474,False,False
-1527500.0,-362500.0,1500,-15.451401060835108,False,False
-1522500.0,-362500.0,1500,-9.30700178396186,False,False
-1517500.0,-362500.0,1500,-4.762299046557155,False,False
-1512500.0,-362500.0,1500,-5.077724592088078,False,False
-1507500.0,-362500.0,1500,-6.1395522629588,False,False
-1502500.0,-362500.0,1500,-3.0918556701181674,False,False
-1747500.0,-357500.0,1500,4.863504581998391,False,True
-1742500.0,-357500.0,1500,19.610468631357698,False,True
-1737500.0,-357500.0,1500,35.467668677682255,False,True
-1732500.0,-357500.0,1500,42.25375260054449,False,True
-1727500.0,-357500.0,1500,38.007014035287575,False,True
-1722500.0,-357500.0,1500,22.572145326416422,False,True
-1717500.0,-357500.0,1500,5.0836877828317775,True,True
-1712500.0,-357500.0,1500,0.6868827544793739,True,True
-1707500.0,-357500.0,1500,2.929196895312093,False,True
-1702500.0,-357500.0,1500,3.3397584295385334,False,True
-1697500.0,-357500.0,1500,2.049844620263312,False,True
-1692500.0,-357500.0,1500,-3.379479783918685,False,True
-1687500.0,-357500.0,1500,-9.823427012574514,False,True
-1682500.0,-357500.0,1500,-12.955490113058612,False,True
-1677500.0,-357500.0,1500,-11.674674843649749,False,True
-1672500.0,-357500.0,1500,-11.863770017661881,False,True
-1667500.0,-357500.0,1500,-14.080457664927968,False,True
-1662500.0,-357500.0,1500,-16.549951963607704,True,True
-1657500.0,-357500.0,1500,-19.113849279223736,True,True
-1652500.0,-357500.0,1500,-20.085930948745148,False,True
-1647500.0,-357500.0,1500,-19.775574072196196,False,True
-1642500.0,-357500.0,1500,-21.73253008236693,False,True
-1637500.0,-357500.0,1500,-28.627580647863873,False,True
-1632500.0,-357500.0,1500,-36.531303614784726,False,False
-1627500.0,-357500.0,1500,-42.670196860984696,False,False
-1622500.0,-357500.0,1500,-46.01301182156318,False,False
-1617500.0,-357500.0,1500,-45.96032987386708,False,False
-1612500.0,-357500.0,1500,-42.98047528301518,False,False
-1607500.0,-357500.0,1500,-37.81893238263865,False,False
-1602500.0,-357500.0,1500,-31.74155888165807,False,False
-1597500.0,-357500.0,1500,-30.632364485251742,False,False
-1592500.0,-357500.0,1500,-29.418850785933962,False,False
-1587500.0,-357500.0,1500,-17.678588710638053,False,True
-1582500.0,-357500.0,1500,-12.663662517716391,False,True
-1577500.0,-357500.0,1500,-17.752100060498368,False,True
-1572500.0,-357500.0,1500,-21.96561191856914,False,True
-1567500.0,-357500.0,1500,-27.006939836571238,False,True
-1562500.0,-357500.0,1500,-32.618838040790166,False,True
-1557500.0,-357500.0,1500,-33.667851443568985,False,False
-1552500.0,-357500.0,1500,-23.108911448802925,False,False
-1547500.0,-357500.0,1500,-5.763983461699528,False,False
-1542500.0,-357500.0,1500,-6.292542635458221,False,False
-1537500.0,-357500.0,1500,-15.20433830470982,False,False
-1532500.0,-357500.0,1500,-11.8351246078056,False,False
-1527500.0,-357500.0,1500,-9.255794750331853,False,False
-1522500.0,-357500.0,1500,-9.82846475309505,False,False
-1517500.0,-357500.0,1500,-6.699128929667673,False,False
-1512500.0,-357500.0,1500,-6.4704681634222405,False,False
-1507500.0,-357500.0,1500,-8.534793520546978,False,False
-1502500.0,-357500.0,1500,-5.2718017853833965,False,False
-1747500.0,-352500.0,1500,0.4912170871628907,False,True
-1742500.0,-352500.0,1500,17.71388002498178,False,True
-1737500.0,-352500.0,1500,33.8232284890962,False,True
-1732500.0,-352500.0,1500,39.29517284631515,False,True
-1727500.0,-352500.0,1500,32.85942067249452,False,True
-1722500.0,-352500.0,1500,20.000826041281062,False,True
-1717500.0,-352500.0,1500,10.199615061969974,True,True
-1712500.0,-352500.0,1500,8.843759501459381,False,True
-1707500.0,-352500.0,1500,9.594070530361734,False,True
-1702500.0,-352500.0,1500,5.433226508253177,False,True
-1697500.0,-352500.0,1500,0.9614543942700411,False,True
-1692500.0,-352500.0,1500,-1.5369806743241294,False,True
-1687500.0,-352500.0,1500,-4.531926782378592,False,True
-1682500.0,-352500.0,1500,-6.679163304302172,False,True
-1677500.0,-352500.0,1500,-8.761133784819098,False,True
-1672500.0,-352500.0,1500,-13.087451513324467,False,True
-1667500.0,-352500.0,1500,-17.514268092693317,False,True
-1662500.0,-352500.0,1500,-21.572427014036116,True,True
-1657500.0,-352500.0,1500,-24.896599193494158,True,True
-1652500.0,-352500.0,1500,-21.712555026529042,False,True
-1647500.0,-352500.0,1500,-18.397099155348183,False,True
-1642500.0,-352500.0,1500,-24.78815119577073,False,True
-1637500.0,-352500.0,1500,-33.50161282565257,False,True
-1632500.0,-352500.0,1500,-38.78354712311153,False,True
-1627500.0,-352500.0,1500,-42.67828492409384,False,False
-1622500.0,-352500.0,1500,-44.25098000143137,False,False
-1617500.0,-352500.0,1500,-43.07709254728058,False,False
-1612500.0,-352500.0,1500,-38.85663608822357,False,False
-1607500.0,-352500.0,1500,-31.538822683278116,False,False
-1602500.0,-352500.0,1500,-26.442114666390825,False,False
-1597500.0,-352500.0,1500,-28.434661340532045,False,True
-1592500.0,-352500.0,1500,-25.66501472647896,False,True
-1587500.0,-352500.0,1500,-16.864483972047655,False,True
-1582500.0,-352500.0,1500,-19.631826058810137,False,True
-1577500.0,-352500.0,1500,-26.503843358540664,False,True
-1572500.0,-352500.0,1500,-28.286997448684705,False,True
-1567500.0,-352500.0,1500,-28.822834058969942,False,True
-1562500.0,-352500.0,1500,-27.067739896714507,False,True
-1557500.0,-352500.0,1500,-21.520777934374454,False,True
-1552500.0,-352500.0,1500,-9.993353163482034,False,False
-1547500.0,-352500.0,1500,1.8856759092294428,False,False
-1542500.0,-352500.0,1500,-3.4776341786723965,False,False
-1537500.0,-352500.0,1500,-9.55493159829433,False,False
-1532500.0,-352500.0,1500,3.0644853252921838,False,False
-1527500.0,-352500.0,1500,7.053299510327617,False,False
-1522500.0,-352500.0,1500,-3.7044417207889726,False,False
-1517500.0,-352500.0,1500,-7.113292646299545,False,False
-1512500.0,-352500.0,1500,-5.378783809968454,False,False
-1507500.0,-352500.0,1500,-6.592507417947807,False,False
-1502500.0,-352500.0,1500,-6.983829674665035,False,False
-1747500.0,-347500.0,1500,-10.011463286821261,True,True
-1742500.0,-347500.0,1500,8.01304993600405,False,True
-1737500.0,-347500.0,1500,28.441652517161504,False,True
-1732500.0,-347500.0,1500,37.365350744878704,False,True
-1727500.0,-347500.0,1500,30.425091719968883,False,True
-1722500.0,-347500.0,1500,22.293483666282164,False,True
-1717500.0,-347500.0,1500,19.83966107362584,False,True
-1712500.0,-347500.0,1500,16.842213978637485,False,True
-1707500.0,-347500.0,1500,15.475508947665954,False,True
-1702500.0,-347500.0,1500,10.645065500446911,False,True
-1697500.0,-347500.0,1500,2.5718081256896053,False,True
-1692500.0,-347500.0,1500,-1.6413955898584975,False,True
-1687500.0,-347500.0,1500,-3.9549253914881604,False,True
-1682500.0,-347500.0,1500,-5.098900503967538,False,True
-1677500.0,-347500.0,1500,-8.117103485696008,False,True
-1672500.0,-347500.0,1500,-13.840758295383338,True,True
-1667500.0,-347500.0,1500,-17.825972166049944,True,True
-1662500.0,-347500.0,1500,-20.89260657398603,True,True
-1657500.0,-347500.0,1500,-25.802137688928177,True,True
-1652500.0,-347500.0,1500,-26.058136902111315,True,True
-1647500.0,-347500.0,1500,-25.23852873964851,False,True
-1642500.0,-347500.0,1500,-30.995480217256937,False,True
-1637500.0,-347500.0,1500,-36.23559138949569,False,True
-1632500.0,-347500.0,1500,-40.289509976958186,False,True
-1627500.0,-347500.0,1500,-43.71153151758398,False,False
-1622500.0,-347500.0,1500,-43.75078652935215,False,False
-1617500.0,-347500.0,1500,-42.24589048288504,False,False
-1612500.0,-347500.0,1500,-39.307159169874964,False,False
-1607500.0,-347500.0,1500,-33.981018704183505,False,True
-1602500.0,-347500.0,1500,-31.42780494543539,False,True
-1597500.0,-347500.0,1500,-31.868218463071308,False,True
-1592500.0,-347500.0,1500,-20.894843163098635,False,True
-1587500.0,-347500.0,1500,-13.169288236825244,False,True
-1582500.0,-347500.0,1500,-24.706381609574866,False,True
-1577500.0,-347500.0,1500,-31.389796704053776,False,True
-1572500.0,-347500.0,1500,-29.73910307502313,False,True
-1567500.0,-347500.0,1500,-29.26648351481499,False,True
-1562500.0,-347500.0,1500,-23.289131109380282,False,True
-1557500.0,-347500.0,1500,-11.34366705389217,False,True
-1552500.0,-347500.0,1500,0.8597927860080864,False,False
-1547500.0,-347500.0,1500,7.560102766558583,False,False
-1542500.0,-347500.0,1500,0.7970185080622433,False,False
-1537500.0,-347500.0,1500,-3.5132241156606585,False,False
-1532500.0,-347500.0,1500,10.567186050361641,False,False
-1527500.0,-347500.0,1500,13.645777862391984,False,False
-1522500.0,-347500.0,1500,-3.645347364448138,False,False
-1517500.0,-347500.0,1500,-14.694997347660866,False,False
-1512500.0,-347500.0,1500,-13.406051405033725,False,False
-1507500.0,-347500.0,1500,-11.271520286149709,False,False
-1502500.0,-347500.0,1500,-11.555732480399826,False,False
-1747500.0,-342500.0,1500,-13.748013327315999,True,True
-1742500.0,-342500.0,1500,0.5630505485275612,True,True
-1737500.0,-342500.0,1500,22.008572396303027,False,True
-1732500.0,-342500.0,1500,34.98086211866642,False,True
-1727500.0,-342500.0,1500,27.603261804156006,False,True
-1722500.0,-342500.0,1500,23.03370622041096,False,True
-1717500.0,-342500.0,1500,28.79396133172265,False,True
-1712500.0,-342500.0,1500,26.231178403684005,False,True
-1707500.0,-342500.0,1500,19.811230337211974,False,True
-1702500.0,-342500.0,1500,14.799701209254158,False,True
-1697500.0,-342500.0,1500,8.241542831145184,False,True
-1692500.0,-342500.0,1500,1.7679037662705706,False,True
-1687500.0,-342500.0,1500,-4.267193130319372,False,True
-1682500.0,-342500.0,1500,-9.08377342749608,False,True
-1677500.0,-342500.0,1500,-13.057584851548432,True,True
-1672500.0,-342500.0,1500,-17.122242559432888,True,True
-1667500.0,-342500.0,1500,-19.76390436776928,True,True
-1662500.0,-342500.0,1500,-22.728809056383728,True,True
-1657500.0,-342500.0,1500,-29.5591781614084,True,True
-1652500.0,-342500.0,1500,-33.727557026994376,True,True
-1647500.0,-342500.0,1500,-33.86478162458835,True,True
-1642500.0,-342500.0,1500,-33.431045966528096,False,True
-1637500.0,-342500.0,1500,-33.8174763769467,False,True
-1632500.0,-342500.0,1500,-37.51789300618259,False,True
-1627500.0,-342500.0,1500,-40.42275021529868,False,True
-1622500.0,-342500.0,1500,-40.48065845243562,False,True
-1617500.0,-342500.0,1500,-41.2416547423499,False,True
-1612500.0,-342500.0,1500,-43.72238460979461,False,True
-1607500.0,-342500.0,1500,-41.041291011409356,False,True
-1602500.0,-342500.0,1500,-36.04703418335399,False,True
-1597500.0,-342500.0,1500,-31.377455604566574,False,True
-1592500.0,-342500.0,1500,-18.73151362984393,False,True
-1587500.0,-342500.0,1500,-10.16738076457758,False,True
-1582500.0,-342500.0,1500,-21.38942198444307,False,True
-1577500.0,-342500.0,1500,-32.40387157111056,True,True
-1572500.0,-342500.0,1500,-29.91998229833253,True,True
-1567500.0,-342500.0,1500,-24.517082797419853,False,True
-1562500.0,-342500.0,1500,-17.025485396956327,False,True
-1557500.0,-342500.0,1500,-5.824594551253215,False,True
-1552500.0,-342500.0,1500,5.39343756817574,False,True
-1547500.0,-342500.0,1500,11.921827198984598,False,False
-1542500.0,-342500.0,1500,10.416927948895873,False,False
-1537500.0,-342500.0,1500,8.657044808918341,False,False
-1532500.0,-342500.0,1500,12.101321007910084,False,False
-1527500.0,-342500.0,1500,7.2498562940554425,False,False
-1522500.0,-342500.0,1500,-10.630301544074122,False,False
-1517500.0,-342500.0,1500,-23.892944734500475,False,False
-1512500.0,-342500.0,1500,-21.352401718318173,False,False
-1507500.0,-342500.0,1500,-16.727568565155135,False,False
-1502500.0,-342500.0,1500,-15.728244276809116,False,False
-1747500.0,-337500.0,1500,-12.993654123963365,True,True
-1742500.0,-337500.0,1500,-0.7174416144140501,False,True
-1737500.0,-337500.0,1500,18.00198903245973,False,True
-1732500.0,-337500.0,1500,31.40649304515629,False,True
-1727500.0,-337500.0,1500,28.80890694372124,False,True
-1722500.0,-337500.0,1500,27.805805072291104,False,True
-1717500.0,-337500.0,1500,34.011827220545804,False,True
-1712500.0,-337500.0,1500,33.089085474637145,False,True
-1707500.0,-337500.0,1500,27.241652142209222,False,True
-1702500.0,-337500.0,1500,22.47877048020939,False,False
-1697500.0,-337500.0,1500,18.448880867704897,False,False
-1692500.0,-337500.0,1500,10.68546687271326,False,True
-1687500.0,-337500.0,1500,-1.3863247398929988,False,True
-1682500.0,-337500.0,1500,-9.016448222189021,False,True
-1677500.0,-337500.0,1500,-9.534511472834732,False,True
-1672500.0,-337500.0,1500,-11.333034214230404,False,True
-1667500.0,-337500.0,1500,-16.151429649429577,True,True
-1662500.0,-337500.0,1500,-22.385198185383043,True,True
-1657500.0,-337500.0,1500,-31.974944162552134,True,True
-1652500.0,-337500.0,1500,-38.442745499621225,True,True
-1647500.0,-337500.0,1500,-36.9482747998158,True,True
-1642500.0,-337500.0,1500,-31.405521747595785,False,True
-1637500.0,-337500.0,1500,-30.61455013964801,False,True
-1632500.0,-337500.0,1500,-34.817884733713484,False,True
-1627500.0,-337500.0,1500,-36.68175162120427,False,True
-1622500.0,-337500.0,1500,-36.022752826485274,False,True
-1617500.0,-337500.0,1500,-38.583193930768964,False,True
-1612500.0,-337500.0,1500,-44.68207321042369,False,True
-1607500.0,-337500.0,1500,-44.34830640179621,False,True
-1602500.0,-337500.0,1500,-39.14854715868274,False,True
-1597500.0,-337500.0,1500,-34.070750649776535,False,True
-1592500.0,-337500.0,1500,-25.835633731833923,False,True
-1587500.0,-337500.0,1500,-17.68119689131184,True,True
-1582500.0,-337500.0,1500,-22.334098831868385,True,True
-1577500.0,-337500.0,1500,-33.0505940834067,True,True
-1572500.0,-337500.0,1500,-31.69490468655179,True,True
-1567500.0,-337500.0,1500,-20.648998533567145,False,True
-1562500.0,-337500.0,1500,-9.368491713720227,False,True
-1557500.0,-337500.0,1500,-1.194917883908572,False,True
-1552500.0,-337500.0,1500,4.4648446870208405,False,True
-1547500.0,-337500.0,1500,8.800260304880288,False,False
-1542500.0,-337500.0,1500,14.489407378624664,False,False
-1537500.0,-337500.0,1500,18.933970016846633,False,False
-1532500.0,-337500.0,1500,14.924095732139767,False,False
-1527500.0,-337500.0,1500,1.2163656158402993,False,False
-1522500.0,-337500.0,1500,-18.59728497005197,False,False
-1517500.0,-337500.0,1500,-30.019287230872852,False,False
-1512500.0,-337500.0,1500,-23.225852321434942,False,False
-1507500.0,-337500.0,1500,-16.56759652373979,False,False
-1502500.0,-337500.0,1500,-14.965855834656391,False,False
-1747500.0,-332500.0,1500,-12.666689350779631,True,True
-1742500.0,-332500.0,1500,-0.6827449758172758,False,True
-1737500.0,-332500.0,1500,15.936027035661558,False,True
-1732500.0,-332500.0,1500,28.39740606579184,False,True
-1727500.0,-332500.0,1500,33.196377330801646,False,True
-1722500.0,-332500.0,1500,35.046452119920666,False,False
-1717500.0,-332500.0,1500,34.43131747581498,False,True
-1712500.0,-332500.0,1500,30.83986806707604,False,False
-1707500.0,-332500.0,1500,28.49603445804235,False,False
-1702500.0,-332500.0,1500,27.29891114138982,False,False
-1697500.0,-332500.0,1500,22.971149950109893,False,False
-1692500.0,-332500.0,1500,12.582911594902143,False,True
-1687500.0,-332500.0,1500,1.5431240404321702,False,True
-1682500.0,-332500.0,1500,-1.1198859080894326,False,True
-1677500.0,-332500.0,1500,0.9885140953696927,False,True
-1672500.0,-332500.0,1500,1.0159657817007361,False,True
-1667500.0,-332500.0,1500,-1.2304988964012025,False,True
-1662500.0,-332500.0,1500,-13.377532140811402,False,True
-1657500.0,-332500.0,1500,-31.1381346210986,True,True
-1652500.0,-332500.0,1500,-39.84467737156463,True,True
-1647500.0,-332500.0,1500,-38.563589989127856,True,True
-1642500.0,-332500.0,1500,-31.625182923177842,True,True
-1637500.0,-332500.0,1500,-29.836146471659998,False,True
-1632500.0,-332500.0,1500,-34.52182907899902,False,True
-1627500.0,-332500.0,1500,-35.40016252098506,False,True
-1622500.0,-332500.0,1500,-34.5446693523851,False,True
-1617500.0,-332500.0,1500,-37.21258043928514,False,True
-1612500.0,-332500.0,1500,-41.651294831565,False,True
-1607500.0,-332500.0,1500,-42.94117757313779,False,True
-1602500.0,-332500.0,1500,-41.4418118249643,False,True
-1597500.0,-332500.0,1500,-40.759673445554895,False,True
-1592500.0,-332500.0,1500,-37.344859793815196,False,True
-1587500.0,-332500.0,1500,-32.812179880293066,True,True
-1582500.0,-332500.0,1500,-36.0343664332069,True,True
-1577500.0,-332500.0,1500,-39.37439937542288,True,True
-1572500.0,-332500.0,1500,-34.68098204591814,True,True
-1567500.0,-332500.0,1500,-22.984465582202915,False,True
-1562500.0,-332500.0,1500,-8.846709374868947,False,True
-1557500.0,-332500.0,1500,-0.3909279820625804,False,True
-1552500.0,-332500.0,1500,2.5954529802542723,False,True
-1547500.0,-332500.0,1500,5.1223097368029,False,False
-1542500.0,-332500.0,1500,12.56472860020375,False,False
-1537500.0,-332500.0,1500,19.515870703475954,False,False
-1532500.0,-332500.0,1500,15.005324036882687,False,False
-1527500.0,-332500.0,1500,-0.5718865914917288,False,False
-1522500.0,-332500.0,1500,-20.707525894536033,False,False
-1517500.0,-332500.0,1500,-31.57050856557746,False,False
-1512500.0,-332500.0,1500,-24.84472804117119,False,False
-1507500.0,-332500.0,1500,-16.597008558392638,False,False
-1502500.0,-332500.0,1500,-13.544976700351237,False,False
-1747500.0,-327500.0,1500,-12.100077948335212,True,True
-1742500.0,-327500.0,1500,-1.4769098242213834,False,True
-1737500.0,-327500.0,1500,13.5959525239491,False,True
-1732500.0,-327500.0,1500,26.066325942650682,False,True
-1727500.0,-327500.0,1500,33.97042036074385,False,True
-1722500.0,-327500.0,1500,36.732439997802764,False,False
-1717500.0,-327500.0,1500,34.528252398818424,False,False
-1712500.0,-327500.0,1500,30.331310459248698,False,False
-1707500.0,-327500.0,1500,28.745809379879198,False,False
-1702500.0,-327500.0,1500,26.775154449186555,False,False
-1697500.0,-327500.0,1500,18.307805361536236,False,False
-1692500.0,-327500.0,1500,7.13685004493279,False,False
-1687500.0,-327500.0,1500,2.7161573091301587,False,True
-1682500.0,-327500.0,1500,6.730513495252171,False,True
-1677500.0,-327500.0,1500,8.847200998477899,False,True
-1672500.0,-327500.0,1500,8.578088861735386,False,True
-1667500.0,-327500.0,1500,9.194756335804009,False,True
-1662500.0,-327500.0,1500,-4.51793123278426,False,True
-1657500.0,-327500.0,1500,-28.39756148348916,True,True
-1652500.0,-327500.0,1500,-39.52250167446041,True,True
-1647500.0,-327500.0,1500,-39.34159551844718,True,True
-1642500.0,-327500.0,1500,-32.152794332287826,True,True
-1637500.0,-327500.0,1500,-30.00002400361162,False,True
-1632500.0,-327500.0,1500,-34.39710324709299,False,True
-1627500.0,-327500.0,1500,-33.30913561087048,False,True
-1622500.0,-327500.0,1500,-35.190929309346,False,True
-1617500.0,-327500.0,1500,-37.813335552995525,False,True
-1612500.0,-327500.0,1500,-38.43910986305331,False,True
-1607500.0,-327500.0,1500,-40.19447174262755,True,True
-1602500.0,-327500.0,1500,-43.29086422149104,True,True
-1597500.0,-327500.0,1500,-45.41148495529124,True,True
-1592500.0,-327500.0,1500,-42.85962290227998,True,True
-1587500.0,-327500.0,1500,-40.224647722188394,True,True
-1582500.0,-327500.0,1500,-43.95892465980522,True,True
-1577500.0,-327500.0,1500,-46.18311548694539,True,True
-1572500.0,-327500.0,1500,-41.327093907203555,True,True
-1567500.0,-327500.0,1500,-30.43028632853619,True,True
-1562500.0,-327500.0,1500,-17.055259409693157,False,True
-1557500.0,-327500.0,1500,-7.350989225202846,False,True
-1552500.0,-327500.0,1500,-1.1647443537277589,False,True
-1547500.0,-327500.0,1500,2.1109122171485413,False,True
-1542500.0,-327500.0,1500,8.938840247652989,False,False
-1537500.0,-327500.0,1500,14.546897152769226,False,False
-1532500.0,-327500.0,1500,10.259459492151784,False,False
-1527500.0,-327500.0,1500,0.040951816312833955,False,False
-1522500.0,-327500.0,1500,-13.386269881115329,False,False
-1517500.0,-327500.0,1500,-25.894259208554146,False,False
-1512500.0,-327500.0,1500,-25.265641041261844,False,False
-1507500.0,-327500.0,1500,-15.917197859270532,False,False
-1502500.0,-327500.0,1500,-12.00817483522457,False,False
-1747500.0,-322500.0,1500,-11.808566988961612,False,True
-1742500.0,-322500.0,1500,-2.1783969407356287,False,True
-1737500.0,-322500.0,1500,12.203808510814977,False,True
-1732500.0,-322500.0,1500,25.540172570412146,False,True
-1727500.0,-322500.0,1500,36.1274177970738,False,False
-1722500.0,-322500.0,1500,41.801613153797156,False,False
-1717500.0,-322500.0,1500,39.382623328358626,False,False
-1712500.0,-322500.0,1500,33.36249201066932,False,False
-1707500.0,-322500.0,1500,28.74789111980776,False,False
-1702500.0,-322500.0,1500,23.24724888936004,False,False
-1697500.0,-322500.0,1500,14.4447608926365,False,False
-1692500.0,-322500.0,1500,6.693983288531464,False,False
-1687500.0,-322500.0,1500,6.942265235371447,False,False
-1682500.0,-322500.0,1500,16.363246513014133,False,False
-1677500.0,-322500.0,1500,20.859221194030667,False,True
-1672500.0,-322500.0,1500,15.898627020355468,False,True
-1667500.0,-322500.0,1500,9.542063535195213,False,True
-1662500.0,-322500.0,1500,-4.510617493668976,False,True
-1657500.0,-322500.0,1500,-26.698815747552562,True,True
-1652500.0,-322500.0,1500,-37.520506194323325,True,True
-1647500.0,-322500.0,1500,-37.54164076479708,True,True
-1642500.0,-322500.0,1500,-31.992932859260975,True,True
-1637500.0,-322500.0,1500,-29.752755274919704,False,True
-1632500.0,-322500.0,1500,-32.25975785044051,False,True
-1627500.0,-322500.0,1500,-30.101226758949398,True,True
-1622500.0,-322500.0,1500,-32.898910062412746,True,True
-1617500.0,-322500.0,1500,-36.28345429999659,True,True
-1612500.0,-322500.0,1500,-35.23377180434892,True,True
-1607500.0,-322500.0,1500,-36.52127877452681,True,True
-1602500.0,-322500.0,1500,-42.45694712797325,True,True
-1597500.0,-322500.0,1500,-46.13673729735993,True,True
-1592500.0,-322500.0,1500,-45.31390733160137,True,True
-1587500.0,-322500.0,1500,-43.12986253848115,True,True
-1582500.0,-322500.0,1500,-44.083836928575074,True,True
-1577500.0,-322500.0,1500,-48.673983495869095,True,True
-1572500.0,-322500.0,1500,-47.20972433132983,True,True
-1567500.0,-322500.0,1500,-38.544779659696886,True,True
-1562500.0,-322500.0,1500,-27.854845202586787,False,True
-1557500.0,-322500.0,1500,-16.64489252079745,False,True
-1552500.0,-322500.0,1500,-6.570776092273635,False,True
-1547500.0,-322500.0,1500,1.040005361355066,False,True
-1542500.0,-322500.0,1500,7.24969118328794,False,False
-1537500.0,-322500.0,1500,6.875369992265779,False,False
-1532500.0,-322500.0,1500,1.5553069851241657,False,False
-1527500.0,-322500.0,1500,-1.7549143636474502,False,False
-1522500.0,-322500.0,1500,-5.013137068804275,False,False
-1517500.0,-322500.0,1500,-14.298403883374146,False,False
-1512500.0,-322500.0,1500,-20.3452079210394,False,False
-1507500.0,-322500.0,1500,-14.59376372687778,False,False
-1502500.0,-322500.0,1500,-10.59650434935606,False,False
-1747500.0,-317500.0,1500,-14.53848095205957,False,True
-1742500.0,-317500.0,1500,-4.988564526032596,False,True
-1737500.0,-317500.0,1500,10.049692180228956,False,True
-1732500.0,-317500.0,1500,27.517417363061448,False,True
-1727500.0,-317500.0,1500,41.88141215286005,False,False
-1722500.0,-317500.0,1500,46.8709474760158,False,False
-1717500.0,-317500.0,1500,41.07801890850268,False,False
-1712500.0,-317500.0,1500,33.943370877301135,False,False
-1707500.0,-317500.0,1500,27.109799127893435,False,False
-1702500.0,-317500.0,1500,19.497945904945635,False,False
-1697500.0,-317500.0,1500,13.314308923911922,False,False
-1692500.0,-317500.0,1500,10.15456867562197,False,False
-1687500.0,-317500.0,1500,12.474424928091265,False,False
-1682500.0,-317500.0,1500,21.00881656845396,False,True
-1677500.0,-317500.0,1500,24.18319855492478,False,True
-1672500.0,-317500.0,1500,16.74330490154265,False,True
-1667500.0,-317500.0,1500,4.373538187923406,False,True
-1662500.0,-317500.0,1500,-12.898915063692627,False,True
-1657500.0,-317500.0,1500,-28.739069078857717,True,True
-1652500.0,-317500.0,1500,-33.300390159365875,True,True
-1647500.0,-317500.0,1500,-32.732448632568754,True,True
-1642500.0,-317500.0,1500,-32.215548911999456,True,True
-1637500.0,-317500.0,1500,-31.382704376866176,True,True
-1632500.0,-317500.0,1500,-29.465084729128904,True,True
-1627500.0,-317500.0,1500,-24.042665324137484,True,True
-1622500.0,-317500.0,1500,-25.39164275534821,True,True
-1617500.0,-317500.0,1500,-31.0309655802475,True,True
-1612500.0,-317500.0,1500,-32.48066380428574,True,True
-1607500.0,-317500.0,1500,-35.25103779072105,True,True
-1602500.0,-317500.0,1500,-40.52700895280275,True,True
-1597500.0,-317500.0,1500,-42.95241453500725,True,True
-1592500.0,-317500.0,1500,-42.442818182492786,True,True
-1587500.0,-317500.0,1500,-42.237485611568836,True,True
-1582500.0,-317500.0,1500,-42.72221549093667,True,True
-1577500.0,-317500.0,1500,-45.3834588170291,True,True
-1572500.0,-317500.0,1500,-43.769278332126845,True,True
-1567500.0,-317500.0,1500,-36.58040274862106,True,True
-1562500.0,-317500.0,1500,-28.96217783343887,False,True
-1557500.0,-317500.0,1500,-20.01175668238337,False,True
-1552500.0,-317500.0,1500,-9.973520302722857,False,True
-1547500.0,-317500.0,1500,-2.67865980732801,False,True
-1542500.0,-317500.0,1500,0.9594389354296531,False,False
-1537500.0,-317500.0,1500,-1.3623069237745447,False,False
-1532500.0,-317500.0,1500,-7.9258888762405775,False,False
-1527500.0,-317500.0,1500,-10.331376488763098,False,False
-1522500.0,-317500.0,1500,-7.589568194354203,False,False
-1517500.0,-317500.0,1500,-6.176549472308335,False,False
-1512500.0,-317500.0,1500,-14.160131782872922,False,False
-1507500.0,-317500.0,1500,-19.413882672209613,False,False
-1502500.0,-317500.0,1500,-15.48039463510362,False,False
-1747500.0,-312500.0,1500,-18.607679785901013,False,True
-1742500.0,-312500.0,1500,-9.204347529978545,False,True
-1737500.0,-312500.0,1500,6.10010226436265,False,True
-1732500.0,-312500.0,1500,29.48551194165452,False,False
-1727500.0,-312500.0,1500,43.2804893691049,False,False
-1722500.0,-312500.0,1500,40.24336341714303,False,False
-1717500.0,-312500.0,1500,33.618980765341,False,False
-1712500.0,-312500.0,1500,30.63926300602131,False,False
-1707500.0,-312500.0,1500,25.757635256221466,False,False
-1702500.0,-312500.0,1500,18.987062184580026,False,False
-1697500.0,-312500.0,1500,14.857706296626787,False,False
-1692500.0,-312500.0,1500,13.246990719914908,False,False
-1687500.0,-312500.0,1500,13.092067534512005,False,False
-1682500.0,-312500.0,1500,13.952256050829849,False,True
-1677500.0,-312500.0,1500,11.360738062543954,False,True
-1672500.0,-312500.0,1500,3.672324357960811,False,True
-1667500.0,-312500.0,1500,-8.440142482924696,False,True
-1662500.0,-312500.0,1500,-22.45099197937878,True,True
-1657500.0,-312500.0,1500,-29.404883306545052,True,True
-1652500.0,-312500.0,1500,-28.639233059084987,True,True
-1647500.0,-312500.0,1500,-28.207485591802715,True,True
-1642500.0,-312500.0,1500,-28.03415048151974,True,True
-1637500.0,-312500.0,1500,-28.02572400830056,True,True
-1632500.0,-312500.0,1500,-25.829721699202043,True,True
-1627500.0,-312500.0,1500,-17.601840272550444,True,True
-1622500.0,-312500.0,1500,-18.6070783544764,True,True
-1617500.0,-312500.0,1500,-26.378463276960616,True,True
-1612500.0,-312500.0,1500,-30.588343486816434,True,True
-1607500.0,-312500.0,1500,-34.79920162228914,True,True
-1602500.0,-312500.0,1500,-36.55104462170425,True,True
-1597500.0,-312500.0,1500,-36.89703494163397,True,True
-1592500.0,-312500.0,1500,-37.57171593386895,True,True
-1587500.0,-312500.0,1500,-38.81111290306299,True,True
-1582500.0,-312500.0,1500,-40.798939254842765,True,True
-1577500.0,-312500.0,1500,-42.84805410979362,True,True
-1572500.0,-312500.0,1500,-39.883297383541425,True,True
-1567500.0,-312500.0,1500,-32.15631956025358,True,True
-1562500.0,-312500.0,1500,-26.284545369516586,False,True
-1557500.0,-312500.0,1500,-21.167814051204,False,True
-1552500.0,-312500.0,1500,-12.774539367064703,False,True
-1547500.0,-312500.0,1500,-8.711797137223977,False,True
-1542500.0,-312500.0,1500,-5.564261577672547,False,False
-1537500.0,-312500.0,1500,-4.2311669346656355,False,False
-1532500.0,-312500.0,1500,-13.885056141485009,False,False
-1527500.0,-312500.0,1500,-18.73625750338265,False,False
-1522500.0,-312500.0,1500,-13.880942140171111,False,False
-1517500.0,-312500.0,1500,-5.131076685824278,False,False
-1512500.0,-312500.0,1500,-9.43478632800311,False,False
-1507500.0,-312500.0,1500,-21.053584678799048,False,False
-1502500.0,-312500.0,1500,-18.940170834570786,False,False
-1747500.0,-307500.0,1500,-19.146687782361713,False,True
-1742500.0,-307500.0,1500,-10.378542612745555,False,False
-1737500.0,-307500.0,1500,4.499356292095754,False,False
-1732500.0,-307500.0,1500,25.719947567071248,False,False
-1727500.0,-307500.0,1500,36.88949905565771,False,False
-1722500.0,-307500.0,1500,33.131102334177235,False,False
-1717500.0,-307500.0,1500,26.789688336958516,False,False
-1712500.0,-307500.0,1500,25.22952688664426,False,False
-1707500.0,-307500.0,1500,18.26486481768053,False,False
-1702500.0,-307500.0,1500,12.149506107111941,False,False
-1697500.0,-307500.0,1500,13.438914834257028,False,False
-1692500.0,-307500.0,1500,12.578725338428182,False,False
-1687500.0,-307500.0,1500,8.588254014036073,False,True
-1682500.0,-307500.0,1500,3.156359516278911,False,True
-1677500.0,-307500.0,1500,-3.366572171902231,False,True
-1672500.0,-307500.0,1500,-10.364572673013772,False,True
-1667500.0,-307500.0,1500,-18.63185215142464,True,True
-1662500.0,-307500.0,1500,-25.209582202783842,True,True
-1657500.0,-307500.0,1500,-25.819076660376872,True,True
-1652500.0,-307500.0,1500,-24.32998779845905,True,True
-1647500.0,-307500.0,1500,-23.784963980144745,True,True
-1642500.0,-307500.0,1500,-21.354798447949353,True,True
-1637500.0,-307500.0,1500,-21.31988845627086,True,True
-1632500.0,-307500.0,1500,-20.775562017132614,True,True
-1627500.0,-307500.0,1500,-14.607751971396361,True,True
-1622500.0,-307500.0,1500,-15.423595596830337,True,True
-1617500.0,-307500.0,1500,-23.265272895781102,True,True
-1612500.0,-307500.0,1500,-29.25203523089903,True,True
-1607500.0,-307500.0,1500,-32.25107155495215,True,True
-1602500.0,-307500.0,1500,-30.917997159215926,True,True
-1597500.0,-307500.0,1500,-30.190771312104047,True,True
-1592500.0,-307500.0,1500,-33.25014839944638,True,True
-1587500.0,-307500.0,1500,-36.885770692363465,True,True
-1582500.0,-307500.0,1500,-39.54373597913637,True,True
-1577500.0,-307500.0,1500,-42.01692960094773,True,True
-1572500.0,-307500.0,1500,-40.60133375587641,True,True
-1567500.0,-307500.0,1500,-35.579273621431575,True,True
-1562500.0,-307500.0,1500,-30.84330317519324,True,True
-1557500.0,-307500.0,1500,-26.307885854664626,False,True
-1552500.0,-307500.0,1500,-20.039074373211477,False,True
-1547500.0,-307500.0,1500,-15.112129960265722,False,True
-1542500.0,-307500.0,1500,-9.9033914057801,False,True
-1537500.0,-307500.0,1500,-7.734240837352247,False,False
-1532500.0,-307500.0,1500,-15.710045219290667,False,False
-1527500.0,-307500.0,1500,-18.853557407870316,False,False
-1522500.0,-307500.0,1500,-14.705992969444411,False,False
-1517500.0,-307500.0,1500,-6.064587530222353,False,False
-1512500.0,-307500.0,1500,-2.738416484809466,False,False
-1507500.0,-307500.0,1500,-9.97090085366927,False,False
-1502500.0,-307500.0,1500,-12.970696580168289,False,False
-1747500.0,-302500.0,1500,-17.02933372517865,False,False
-1742500.0,-302500.0,1500,-9.256718772663437,False,False
-1737500.0,-302500.0,1500,1.6156437394321128,False,False
-1732500.0,-302500.0,1500,13.666505184718583,False,False
-1727500.0,-302500.0,1500,24.671465377050502,False,False
-1722500.0,-302500.0,1500,28.258943433437473,False,False
-1717500.0,-302500.0,1500,22.91393957132401,False,False
-1712500.0,-302500.0,1500,19.605716752882582,False,False
-1707500.0,-302500.0,1500,12.931366726396751,False,False
-1702500.0,-302500.0,1500,16.075851609909662,False,False
-1697500.0,-302500.0,1500,23.97249396009336,False,False
-1692500.0,-302500.0,1500,17.45554910369449,False,False
-1687500.0,-302500.0,1500,4.641488907576501,False,True
-1682500.0,-302500.0,1500,-5.736504401010776,False,True
-1677500.0,-302500.0,1500,-7.954219956924385,False,True
-1672500.0,-302500.0,1500,-11.2547850615374,False,True
-1667500.0,-302500.0,1500,-19.232740771809745,True,True
-1662500.0,-302500.0,1500,-23.11621490840786,True,True
-1657500.0,-302500.0,1500,-21.5264434960474,True,True
-1652500.0,-302500.0,1500,-21.08269729815197,True,True
-1647500.0,-302500.0,1500,-20.187845697196146,True,True
-1642500.0,-302500.0,1500,-17.170307549015302,True,True
-1637500.0,-302500.0,1500,-19.30169312573469,True,True
-1632500.0,-302500.0,1500,-17.410251058037616,True,True
-1627500.0,-302500.0,1500,-7.754174163580526,True,True
-1622500.0,-302500.0,1500,-8.587676632521852,True,True
-1617500.0,-302500.0,1500,-20.43948818125226,True,True
-1612500.0,-302500.0,1500,-28.86977606435561,True,True
-1607500.0,-302500.0,1500,-30.294502175572216,True,True
-1602500.0,-302500.0,1500,-28.393083009667205,True,True
-1597500.0,-302500.0,1500,-27.504198334147365,True,True
-1592500.0,-302500.0,1500,-31.838413105732652,True,True
-1587500.0,-302500.0,1500,-37.5748893296936,True,True
-1582500.0,-302500.0,1500,-40.32325559057936,True,True
-1577500.0,-302500.0,1500,-42.29460788333943,True,True
-1572500.0,-302500.0,1500,-41.13910591866033,True,True
-1567500.0,-302500.0,1500,-35.47423079741726,True,True
-1562500.0,-302500.0,1500,-28.78051372420305,True,True
-1557500.0,-302500.0,1500,-25.351926263930444,False,True
-1552500.0,-302500.0,1500,-26.183682307348562,False,True
-1547500.0,-302500.0,1500,-23.960617860027806,False,True
-1542500.0,-302500.0,1500,-19.50328776767118,False,True
-1537500.0,-302500.0,1500,-16.915752470430856,False,False
-1532500.0,-302500.0,1500,-16.383943556287498,False,False
-1527500.0,-302500.0,1500,-15.54100209234039,False,False
-1522500.0,-302500.0,1500,-11.730766023998799,False,False
-1517500.0,-302500.0,1500,-4.696101419301405,False,False
-1512500.0,-302500.0,1500,1.9552674548203712,False,False
-1507500.0,-302500.0,1500,-0.670829743795099,False,False
-1502500.0,-302500.0,1500,-8.31179300570879,False,False
-1747500.0,-297500.0,1500,-16.231609495295455,False,False
-1742500.0,-297500.0,1500,-9.614547360685417,False,False
-1737500.0,-297500.0,1500,-3.254064158313144,False,False
-1732500.0,-297500.0,1500,3.296196854138856,False,False
-1727500.0,-297500.0,1500,13.400657706347836,False,False
-1722500.0,-297500.0,1500,20.545591884626187,False,False
-1717500.0,-297500.0,1500,19.801484853169868,False,False
-1712500.0,-297500.0,1500,17.93060737668097,False,False
-1707500.0,-297500.0,1500,13.297263849243544,False,False
-1702500.0,-297500.0,1500,16.794262803743027,False,False
-1697500.0,-297500.0,1500,24.590100726434606,False,False
-1692500.0,-297500.0,1500,18.21007024801123,False,False
-1687500.0,-297500.0,1500,3.5106639477992276,False,True
-1682500.0,-297500.0,1500,-7.60967178513472,False,True
-1677500.0,-297500.0,1500,-6.411976627225515,False,True
-1672500.0,-297500.0,1500,-6.7025390640530045,False,True
-1667500.0,-297500.0,1500,-15.872413126068084,True,True
-1662500.0,-297500.0,1500,-19.691297801462188,True,True
-1657500.0,-297500.0,1500,-18.867829208988923,True,True
-1652500.0,-297500.0,1500,-20.368452484507596,True,True
-1647500.0,-297500.0,1500,-19.367902471931554,True,True
-1642500.0,-297500.0,1500,-16.39796412872611,False,True
-1637500.0,-297500.0,1500,-19.852305878609993,True,True
-1632500.0,-297500.0,1500,-18.723410517647807,True,True
-1627500.0,-297500.0,1500,-6.531540184790177,False,True
-1622500.0,-297500.0,1500,-4.982245960203541,False,True
-1617500.0,-297500.0,1500,-18.57278578870787,True,True
-1612500.0,-297500.0,1500,-28.85112219296449,True,True
-1607500.0,-297500.0,1500,-29.962383053914614,True,True
-1602500.0,-297500.0,1500,-28.38145563769428,True,True
-1597500.0,-297500.0,1500,-28.796549537093394,True,True
-1592500.0,-297500.0,1500,-33.60889664804877,True,True
-1587500.0,-297500.0,1500,-39.4509200418613,True,True
-1582500.0,-297500.0,1500,-39.58136442899728,True,True
-1577500.0,-297500.0,1500,-39.85623522005067,True,True
-1572500.0,-297500.0,1500,-38.30174159146511,True,True
-1567500.0,-297500.0,1500,-30.96076375365604,True,True
-1562500.0,-297500.0,1500,-24.25747070251793,False,True
-1557500.0,-297500.0,1500,-22.86579349949647,False,True
-1552500.0,-297500.0,1500,-27.725209389306947,False,True
-1547500.0,-297500.0,1500,-27.42701031720366,False,True
-1542500.0,-297500.0,1500,-24.29798817616324,False,False
-1537500.0,-297500.0,1500,-21.133304058635904,False,False
-1532500.0,-297500.0,1500,-16.150140866183975,False,False
-1527500.0,-297500.0,1500,-12.494737646394885,False,False
-1522500.0,-297500.0,1500,-7.896558009780068,False,False
-1517500.0,-297500.0,1500,-2.413645536716531,False,False
-1512500.0,-297500.0,1500,2.1745603679516017,False,False
-1507500.0,-297500.0,1500,0.17534630970240664,False,False
-1502500.0,-297500.0,1500,-6.326023591572488,False,False
-1747500.0,-292500.0,1500,-18.895825967962626,False,False
-1742500.0,-292500.0,1500,-13.162486588678146,False,False
-1737500.0,-292500.0,1500,-8.236371690001693,False,False
-1732500.0,-292500.0,1500,-3.62609694184636,False,False
-1727500.0,-292500.0,1500,6.083833044527921,False,False
-1722500.0,-292500.0,1500,17.364638029493168,False,False
-1717500.0,-292500.0,1500,22.810500204128473,False,False
-1712500.0,-292500.0,1500,21.215417189600334,False,False
-1707500.0,-292500.0,1500,13.194447917098541,False,False
-1702500.0,-292500.0,1500,8.29763054703104,False,False
-1697500.0,-292500.0,1500,11.286615748253324,False,False
-1692500.0,-292500.0,1500,8.935733347870848,False,False
-1687500.0,-292500.0,1500,0.09065432783188207,False,True
-1682500.0,-292500.0,1500,-5.214813658552612,False,True
-1677500.0,-292500.0,1500,-7.302097693032092,False,True
-1672500.0,-292500.0,1500,-9.25206809583529,False,True
-1667500.0,-292500.0,1500,-14.07270079125277,True,True
-1662500.0,-292500.0,1500,-18.09511828111194,True,True
-1657500.0,-292500.0,1500,-19.094310584380374,True,True
-1652500.0,-292500.0,1500,-20.998963623038662,True,True
-1647500.0,-292500.0,1500,-21.172240495656137,True,True
-1642500.0,-292500.0,1500,-19.972275933732696,True,True
-1637500.0,-292500.0,1500,-20.578948651314807,True,True
-1632500.0,-292500.0,1500,-18.294976275284302,True,True
-1627500.0,-292500.0,1500,-9.049512875515616,False,True
-1622500.0,-292500.0,1500,-7.876169604943661,False,True
-1617500.0,-292500.0,1500,-18.902197983349797,True,True
-1612500.0,-292500.0,1500,-28.265689385227226,True,True
-1607500.0,-292500.0,1500,-31.291133310142992,True,True
-1602500.0,-292500.0,1500,-31.829910402936026,True,True
-1597500.0,-292500.0,1500,-34.81785162204718,True,True
-1592500.0,-292500.0,1500,-39.8886133710288,True,True
-1587500.0,-292500.0,1500,-43.068273301472324,True,True
-1582500.0,-292500.0,1500,-38.677266430787824,True,True
-1577500.0,-292500.0,1500,-35.805864954786294,True,True
-1572500.0,-292500.0,1500,-31.92975837018701,True,True
-1567500.0,-292500.0,1500,-25.472317732682964,False,True
-1562500.0,-292500.0,1500,-25.420551876549474,False,True
-1557500.0,-292500.0,1500,-27.278836083308,False,True
-1552500.0,-292500.0,1500,-27.814208967627945,False,True
-1547500.0,-292500.0,1500,-26.16574263896113,False,True
-1542500.0,-292500.0,1500,-24.632415729119888,False,False
-1537500.0,-292500.0,1500,-21.606264099328637,False,False
-1532500.0,-292500.0,1500,-16.365793081563034,False,False
-1527500.0,-292500.0,1500,-10.177913052160406,False,False
-1522500.0,-292500.0,1500,-6.048508963964317,False,False
-1517500.0,-292500.0,1500,-3.1771619899066925,False,False
-1512500.0,-292500.0,1500,-1.7450705161694497,False,False
-1507500.0,-292500.0,1500,-2.827160327554221,False,False
-1502500.0,-292500.0,1500,-2.118542956505656,False,False
-1747500.0,-287500.0,1500,-22.786067872737057,False,False
-1742500.0,-287500.0,1500,-17.288870180335646,False,False
-1737500.0,-287500.0,1500,-11.974154749337778,False,False
-1732500.0,-287500.0,1500,-8.700694567416889,False,False
-1727500.0,-287500.0,1500,0.9732480614284261,False,False
-1722500.0,-287500.0,1500,15.948713364351319,False,False
-1717500.0,-287500.0,1500,23.57025920755107,False,False
-1712500.0,-287500.0,1500,20.71887591179513,False,False
-1707500.0,-287500.0,1500,11.815579791463644,False,False
-1702500.0,-287500.0,1500,7.441034519302678,False,False
-1697500.0,-287500.0,1500,11.0118249590732,False,False
-1692500.0,-287500.0,1500,11.395073378122735,False,False
-1687500.0,-287500.0,1500,6.970846164458992,False,False
-1682500.0,-287500.0,1500,5.664679752069946,False,True
-1677500.0,-287500.0,1500,-0.9867222649761409,False,True
-1672500.0,-287500.0,1500,-9.662322130239295,False,True
-1667500.0,-287500.0,1500,-13.41653349281204,False,True
-1662500.0,-287500.0,1500,-18.36218069267862,True,True
-1657500.0,-287500.0,1500,-19.40221559031443,True,True
-1652500.0,-287500.0,1500,-20.372238797825798,False,True
-1647500.0,-287500.0,1500,-22.04759956217723,False,True
-1642500.0,-287500.0,1500,-15.640347211266088,True,True
-1637500.0,-287500.0,1500,-7.875660270893527,True,True
-1632500.0,-287500.0,1500,-4.887790967912746,False,True
-1627500.0,-287500.0,1500,-4.3166389540327135,False,True
-1622500.0,-287500.0,1500,-11.827151551414294,False,True
-1617500.0,-287500.0,1500,-21.03863519307085,True,True
-1612500.0,-287500.0,1500,-27.008445220097986,True,True
-1607500.0,-287500.0,1500,-34.13141641683245,True,True
-1602500.0,-287500.0,1500,-37.98337264660567,True,True
-1597500.0,-287500.0,1500,-41.421344243715794,True,True
-1592500.0,-287500.0,1500,-48.54448477016734,True,True
-1587500.0,-287500.0,1500,-50.15979744348636,True,True
-1582500.0,-287500.0,1500,-41.69521991007066,True,True
-1577500.0,-287500.0,1500,-35.941909788372016,True,True
-1572500.0,-287500.0,1500,-29.740752603525877,False,True
-1567500.0,-287500.0,1500,-21.561015235344502,False,True
-1562500.0,-287500.0,1500,-24.307266457325493,False,True
-1557500.0,-287500.0,1500,-30.773876498140492,False,True
-1552500.0,-287500.0,1500,-27.06815421776101,False,True
-1547500.0,-287500.0,1500,-22.598721970647844,False,False
-1542500.0,-287500.0,1500,-22.020647505761275,False,False
-1537500.0,-287500.0,1500,-19.00598188333148,False,False
-1532500.0,-287500.0,1500,-16.009459057212712,False,False
-1527500.0,-287500.0,1500,-10.810437944585157,False,False
-1522500.0,-287500.0,1500,-5.282848603681316,False,False
-1517500.0,-287500.0,1500,-2.125970990944496,False,False
-1512500.0,-287500.0,1500,-2.368803995597261,False,False
-1507500.0,-287500.0,1500,-2.126962966418493,False,False
-1502500.0,-287500.0,1500,1.950506391620859,False,False
-1747500.0,-282500.0,1500,-21.471572273595147,False,False
-1742500.0,-282500.0,1500,-17.012371727573527,False,False
-1737500.0,-282500.0,1500,-12.144438288977959,False,False
-1732500.0,-282500.0,1500,-9.50267095413324,False,False
-1727500.0,-282500.0,1500,-0.9288101624870849,False,False
-1722500.0,-282500.0,1500,13.244147162044868,False,False
-1717500.0,-282500.0,1500,18.85113066593015,False,False
-1712500.0,-282500.0,1500,13.487667454759286,False,False
-1707500.0,-282500.0,1500,7.63157334277752,False,False
-1702500.0,-282500.0,1500,7.672754331039547,False,False
-1697500.0,-282500.0,1500,14.665824228355588,False,False
-1692500.0,-282500.0,1500,21.97916531408224,False,False
-1687500.0,-282500.0,1500,23.740872341892523,False,False
-1682500.0,-282500.0,1500,21.98161823332837,False,True
-1677500.0,-282500.0,1500,11.190580362525935,False,True
-1672500.0,-282500.0,1500,-2.6184800231060352,False,True
-1667500.0,-282500.0,1500,-8.991927158253677,False,True
-1662500.0,-282500.0,1500,-15.414858266718467,True,True
-1657500.0,-282500.0,1500,-18.253214631601168,True,True
-1652500.0,-282500.0,1500,-20.306738355924363,False,True
-1647500.0,-282500.0,1500,-22.031957495428017,False,True
-1642500.0,-282500.0,1500,-9.430348079616916,False,True
-1637500.0,-282500.0,1500,5.434753436141382,False,True
-1632500.0,-282500.0,1500,11.174918682529459,False,True
-1627500.0,-282500.0,1500,5.177540037400929,False,True
-1622500.0,-282500.0,1500,-13.818401711467665,False,True
-1617500.0,-282500.0,1500,-26.24835056657227,True,True
-1612500.0,-282500.0,1500,-29.710430185862798,True,True
-1607500.0,-282500.0,1500,-37.111088970994494,True,True
-1602500.0,-282500.0,1500,-43.51153848280633,True,True
-1597500.0,-282500.0,1500,-46.49536098532563,True,True
-1592500.0,-282500.0,1500,-52.3324156086317,True,True
-1587500.0,-282500.0,1500,-53.95159902283269,True,True
-1582500.0,-282500.0,1500,-45.72926141659548,True,True
-1577500.0,-282500.0,1500,-39.0128381250482,True,True
-1572500.0,-282500.0,1500,-33.79013784933109,True,True
-1567500.0,-282500.0,1500,-26.46992353745248,False,True
-1562500.0,-282500.0,1500,-26.110107178936968,False,True
-1557500.0,-282500.0,1500,-29.934413987081683,False,True
-1552500.0,-282500.0,1500,-24.36540629065848,False,True
-1547500.0,-282500.0,1500,-19.015564266036595,False,False
-1542500.0,-282500.0,1500,-17.30558477200445,False,False
-1537500.0,-282500.0,1500,-12.029822569691698,False,False
-1532500.0,-282500.0,1500,-11.892713632360417,False,False
-1527500.0,-282500.0,1500,-12.381021594070582,False,False
-1522500.0,-282500.0,1500,-6.673405315357275,False,False
-1517500.0,-282500.0,1500,-1.014175100233348,False,False
-1512500.0,-282500.0,1500,0.9222144562373048,False,False
-1507500.0,-282500.0,1500,1.1569137053474914,False,False
-1502500.0,-282500.0,1500,0.7320898892152172,False,False
-1747500.0,-277500.0,1500,-11.77279840215082,False,False
-1742500.0,-277500.0,1500,-13.743142860558743,False,False
-1737500.0,-277500.0,1500,-11.031388324505798,False,False
-1732500.0,-277500.0,1500,-8.642746583075633,False,False
-1727500.0,-277500.0,1500,-0.8065370543774378,False,False
-1722500.0,-277500.0,1500,14.063976332216964,False,False
-1717500.0,-277500.0,1500,18.159923094393868,False,False
-1712500.0,-277500.0,1500,7.772940599691672,False,False
-1707500.0,-277500.0,1500,2.663503681734042,False,False
-1702500.0,-277500.0,1500,8.223578259000181,False,False
-1697500.0,-277500.0,1500,17.969461231394554,False,False
-1692500.0,-277500.0,1500,25.730939712434658,False,False
-1687500.0,-277500.0,1500,33.55901184016277,False,False
-1682500.0,-277500.0,1500,35.83462314856923,False,False
-1677500.0,-277500.0,1500,21.780246983126588,False,True
-1672500.0,-277500.0,1500,6.55011221393041,False,True
-1667500.0,-277500.0,1500,0.13349973627728648,False,True
-1662500.0,-277500.0,1500,-3.26437015977998,False,True
-1657500.0,-277500.0,1500,-10.954735315194256,False,True
-1652500.0,-277500.0,1500,-20.06643454942146,False,True
-1647500.0,-277500.0,1500,-20.245274901793465,False,True
-1642500.0,-277500.0,1500,-5.290559732916009,False,True
-1637500.0,-277500.0,1500,12.200884447523254,False,True
-1632500.0,-277500.0,1500,18.81523146649398,False,True
-1627500.0,-277500.0,1500,10.050339067495747,False,True
-1622500.0,-277500.0,1500,-13.496068853197594,False,True
-1617500.0,-277500.0,1500,-27.06832416836479,True,True
-1612500.0,-277500.0,1500,-30.563728258781552,True,True
-1607500.0,-277500.0,1500,-38.29948012417005,True,True
-1602500.0,-277500.0,1500,-47.6155388764894,True,True
-1597500.0,-277500.0,1500,-52.42169197205696,True,True
-1592500.0,-277500.0,1500,-55.71485410634439,True,True
-1587500.0,-277500.0,1500,-57.38957154761722,True,True
-1582500.0,-277500.0,1500,-48.26525813362683,True,True
-1577500.0,-277500.0,1500,-37.4621372949434,True,True
-1572500.0,-277500.0,1500,-33.05343356911198,False,True
-1567500.0,-277500.0,1500,-29.826248499873426,False,True
-1562500.0,-277500.0,1500,-26.65384243439198,False,True
-1557500.0,-277500.0,1500,-25.895129889292356,False,True
-1552500.0,-277500.0,1500,-21.991610690443437,False,False
-1547500.0,-277500.0,1500,-18.412143181922197,False,False
-1542500.0,-277500.0,1500,-16.46048250740897,False,False
-1537500.0,-277500.0,1500,-7.173675733546806,False,False
-1532500.0,-277500.0,1500,-2.403959089237562,False,False
-1527500.0,-277500.0,1500,-5.228426575864991,False,False
-1522500.0,-277500.0,1500,-5.655190173533003,False,False
-1517500.0,-277500.0,1500,-5.15012891430963,False,False
-1512500.0,-277500.0,1500,-5.426000612266268,False,False
-1507500.0,-277500.0,1500,-5.343860879209269,False,False
-1502500.0,-277500.0,1500,-4.9591985816289474,False,False
-1747500.0,-272500.0,1500,-2.0345545114179417,False,False
-1742500.0,-272500.0,1500,-10.287063489916639,False,False
-1737500.0,-272500.0,1500,-9.70972552257533,False,False
-1732500.0,-272500.0,1500,-7.237849357270084,False,False
-1727500.0,-272500.0,1500,-1.4510797346298556,False,False
-1722500.0,-272500.0,1500,10.299484456861157,False,False
-1717500.0,-272500.0,1500,13.48382072454397,False,False
-1712500.0,-272500.0,1500,3.656190470266368,False,False
-1707500.0,-272500.0,1500,-2.9598168730858956,False,False
-1702500.0,-272500.0,1500,4.68174424576598,False,False
-1697500.0,-272500.0,1500,20.727227943143763,False,False
-1692500.0,-272500.0,1500,30.578738431953635,False,False
-1687500.0,-272500.0,1500,41.86294432836251,False,False
-1682500.0,-272500.0,1500,46.25654416307408,False,False
-1677500.0,-272500.0,1500,35.163916658662934,False,True
-1672500.0,-272500.0,1500,30.005884275126842,False,True
-1667500.0,-272500.0,1500,22.709901928990057,False,True
-1662500.0,-272500.0,1500,6.88017234981618,False,True
-1657500.0,-272500.0,1500,-11.981973491883506,False,True
-1652500.0,-272500.0,1500,-21.32795499077286,False,True
-1647500.0,-272500.0,1500,-13.207156521784368,False,True
-1642500.0,-272500.0,1500,9.292830862836038,False,True
-1637500.0,-272500.0,1500,23.04235128537899,False,True
-1632500.0,-272500.0,1500,19.601482339503683,False,True
-1627500.0,-272500.0,1500,2.5240165837078234,False,True
-1622500.0,-272500.0,1500,-22.03122415213926,False,True
-1617500.0,-272500.0,1500,-28.593195213123327,True,True
-1612500.0,-272500.0,1500,-31.899848281791275,True,True
-1607500.0,-272500.0,1500,-41.575270194365714,True,True
-1602500.0,-272500.0,1500,-51.66440525904389,True,True
-1597500.0,-272500.0,1500,-57.21414691652764,True,True
-1592500.0,-272500.0,1500,-61.54604751442273,True,True
-1587500.0,-272500.0,1500,-63.79378930148842,True,True
-1582500.0,-272500.0,1500,-52.48491202773417,True,True
-1577500.0,-272500.0,1500,-36.66164157517377,False,True
-1572500.0,-272500.0,1500,-30.914911362442332,False,True
-1567500.0,-272500.0,1500,-28.052843581893327,False,True
-1562500.0,-272500.0,1500,-21.367719895942837,False,True
-1557500.0,-272500.0,1500,-20.06294049820598,False,True
-1552500.0,-272500.0,1500,-20.31270380482613,False,False
-1547500.0,-272500.0,1500,-17.65343639809019,False,False
-1542500.0,-272500.0,1500,-15.263658774341982,False,False
-1537500.0,-272500.0,1500,-7.154258527220157,False,False
-1532500.0,-272500.0,1500,-1.1915807231687143,False,False
-1527500.0,-272500.0,1500,-2.646807970458447,False,False
-1522500.0,-272500.0,1500,-2.6617382089985524,False,False
-1517500.0,-272500.0,1500,-3.561794739540361,False,False
-1512500.0,-272500.0,1500,-8.392388199618361,False,False
-1507500.0,-272500.0,1500,-10.37933637522869,False,False
-1502500.0,-272500.0,1500,-6.253211114222954,False,False
-1747500.0,-267500.0,1500,1.1641290627455145,False,False
-1742500.0,-267500.0,1500,-6.748094186773406,False,False
-1737500.0,-267500.0,1500,-6.876559784794799,False,False
-1732500.0,-267500.0,1500,-3.163282236885437,False,False
-1727500.0,-267500.0,1500,-0.04887982814439819,False,False
-1722500.0,-267500.0,1500,3.562976992506045,False,False
-1717500.0,-267500.0,1500,5.732675139013558,False,False
-1712500.0,-267500.0,1500,0.7846016772892815,False,False
-1707500.0,-267500.0,1500,-5.643114389022066,False,False
-1702500.0,-267500.0,1500,3.863524662122498,False,False
-1697500.0,-267500.0,1500,25.656140210571106,False,False
-1692500.0,-267500.0,1500,39.44492369416872,False,False
-1687500.0,-267500.0,1500,41.93866791288009,False,False
-1682500.0,-267500.0,1500,41.69299938853506,False,False
-1677500.0,-267500.0,1500,42.82688427845235,False,False
-1672500.0,-267500.0,1500,47.24960733634768,False,True
-1667500.0,-267500.0,1500,36.678500946209624,False,True
-1662500.0,-267500.0,1500,8.336658327296572,False,True
-1657500.0,-267500.0,1500,-15.103733499980283,False,True
-1652500.0,-267500.0,1500,-19.414710567398146,False,True
-1647500.0,-267500.0,1500,-6.0374013327314096,False,True
-1642500.0,-267500.0,1500,17.9137083237129,False,True
-1637500.0,-267500.0,1500,24.76889297033817,False,True
-1632500.0,-267500.0,1500,13.562582482804808,False,True
-1627500.0,-267500.0,1500,-6.574878102145575,False,True
-1622500.0,-267500.0,1500,-27.231347098298187,False,True
-1617500.0,-267500.0,1500,-30.465649920007053,False,True
-1612500.0,-267500.0,1500,-32.50743044243757,True,True
-1607500.0,-267500.0,1500,-42.696117341550355,True,True
-1602500.0,-267500.0,1500,-55.122888458843164,True,True
-1597500.0,-267500.0,1500,-59.83937517782826,True,True
-1592500.0,-267500.0,1500,-64.6828580958477,True,True
-1587500.0,-267500.0,1500,-66.99374853388923,True,True
-1582500.0,-267500.0,1500,-60.1700134512185,True,True
-1577500.0,-267500.0,1500,-46.1031619115668,False,True
-1572500.0,-267500.0,1500,-37.35311323342797,False,True
-1567500.0,-267500.0,1500,-32.30246016608304,False,True
-1562500.0,-267500.0,1500,-21.41538184516028,False,True
-1557500.0,-267500.0,1500,-17.622370123595644,False,False
-1552500.0,-267500.0,1500,-20.88470572336469,False,False
-1547500.0,-267500.0,1500,-20.758707424274927,False,False
-1542500.0,-267500.0,1500,-16.30875483212377,False,False
-1537500.0,-267500.0,1500,-10.695429982006361,False,False
-1532500.0,-267500.0,1500,-8.777152523670654,False,False
-1527500.0,-267500.0,1500,-7.549843868749902,False,False
-1522500.0,-267500.0,1500,-1.436311757459802,False,False
-1517500.0,-267500.0,1500,-0.10054303744157972,False,False
-1512500.0,-267500.0,1500,-7.679090077529415,False,False
-1507500.0,-267500.0,1500,-12.245616842229722,False,False
-1502500.0,-267500.0,1500,-7.226570672063429,False,False
-1747500.0,-262500.0,1500,1.3114927795353097,False,False
-1742500.0,-262500.0,1500,-3.8046834286387248,False,False
-1737500.0,-262500.0,1500,-3.7909819556014837,False,False
-1732500.0,-262500.0,1500,-0.2956929364407904,False,False
-1727500.0,-262500.0,1500,2.6459605964342208,False,False
-1722500.0,-262500.0,1500,4.911136955611049,False,False
-1717500.0,-262500.0,1500,5.94000884207774,False,False
-1712500.0,-262500.0,1500,1.8282400352991877,False,False
-1707500.0,-262500.0,1500,-2.852472634759808,False,False
-1702500.0,-262500.0,1500,8.195979816106018,False,False
-1697500.0,-262500.0,1500,28.370137302959467,False,False
-1692500.0,-262500.0,1500,41.24671065039013,False,False
-1687500.0,-262500.0,1500,40.81154691482146,False,False
-1682500.0,-262500.0,1500,43.80544447282835,False,False
-1677500.0,-262500.0,1500,57.04292991944944,False,False
-1672500.0,-262500.0,1500,59.33768663411218,False,False
-1667500.0,-262500.0,1500,37.368976833197735,False,False
-1662500.0,-262500.0,1500,6.354995100159453,False,True
-1657500.0,-262500.0,1500,-11.57638320336112,False,True
-1652500.0,-262500.0,1500,-13.845947940767616,False,False
-1647500.0,-262500.0,1500,-2.654944348321831,False,False
-1642500.0,-262500.0,1500,14.030233681496622,False,False
-1637500.0,-262500.0,1500,17.198244963350074,False,False
-1632500.0,-262500.0,1500,4.269888938995443,False,True
-1627500.0,-262500.0,1500,-12.972232229374132,False,True
-1622500.0,-262500.0,1500,-20.823961958194065,False,True
-1617500.0,-262500.0,1500,-21.703345937354044,False,True
-1612500.0,-262500.0,1500,-26.552259480358856,False,True
-1607500.0,-262500.0,1500,-39.3017105805297,False,True
-1602500.0,-262500.0,1500,-55.7872025258595,True,True
-1597500.0,-262500.0,1500,-63.368850690875185,True,True
-1592500.0,-262500.0,1500,-67.07630760484821,True,True
-1587500.0,-262500.0,1500,-68.7753709247072,True,True
-1582500.0,-262500.0,1500,-65.34074412591897,True,True
-1577500.0,-262500.0,1500,-53.80546905704916,False,True
-1572500.0,-262500.0,1500,-42.60434047876577,False,True
-1567500.0,-262500.0,1500,-36.02167890867386,False,True
-1562500.0,-262500.0,1500,-27.871939561053935,False,True
-1557500.0,-262500.0,1500,-23.297945007277164,False,False
-1552500.0,-262500.0,1500,-25.957740945353375,False,False
-1547500.0,-262500.0,1500,-28.56191714268763,False,False
-1542500.0,-262500.0,1500,-23.604555534614917,False,False
-1537500.0,-262500.0,1500,-15.820074471934353,False,False
-1532500.0,-262500.0,1500,-11.644500746802418,False,False
-1527500.0,-262500.0,1500,-7.692711476430347,False,False
-1522500.0,-262500.0,1500,-2.766100189885004,False,False
-1517500.0,-262500.0,1500,-4.790713868959746,False,False
-1512500.0,-262500.0,1500,-12.26500637208428,False,False
-1507500.0,-262500.0,1500,-13.931229492158502,False,False
-1502500.0,-262500.0,1500,-7.146944492801052,False,False
-1747500.0,-257500.0,1500,0.14019200580863048,False,False
-1742500.0,-257500.0,1500,-3.7612276491009626,False,False
-1737500.0,-257500.0,1500,-3.648631404584866,False,False
-1732500.0,-257500.0,1500,0.2666516657851481,False,False
-1727500.0,-257500.0,1500,7.152313288208319,False,False
-1722500.0,-257500.0,1500,10.9897350256772,False,False
-1717500.0,-257500.0,1500,8.492926332927523,False,False
-1712500.0,-257500.0,1500,3.0613675909960203,False,False
-1707500.0,-257500.0,1500,0.9529189372512941,False,False
-1702500.0,-257500.0,1500,13.763100574733151,False,False
-1697500.0,-257500.0,1500,32.280366729515144,False,False
-1692500.0,-257500.0,1500,43.61735548148039,False,False
-1687500.0,-257500.0,1500,48.32166848052665,False,False
-1682500.0,-257500.0,1500,54.94756339544281,False,False
-1677500.0,-257500.0,1500,68.82354583084121,False,False
-1672500.0,-257500.0,1500,63.05224441290929,False,False
-1667500.0,-257500.0,1500,39.01814654177487,False,False
-1662500.0,-257500.0,1500,12.77378272361745,False,False
-1657500.0,-257500.0,1500,-7.2820207560079995,False,False
-1652500.0,-257500.0,1500,-11.513466825857893,False,False
-1647500.0,-257500.0,1500,-5.271850162443716,False,False
-1642500.0,-257500.0,1500,11.602431476625858,False,False
-1637500.0,-257500.0,1500,17.77279729448688,False,False
-1632500.0,-257500.0,1500,2.336768174826701,False,False
-1627500.0,-257500.0,1500,-13.504287431250628,False,True
-1622500.0,-257500.0,1500,-16.291347010265884,False,True
-1617500.0,-257500.0,1500,-15.099438777188709,False,True
-1612500.0,-257500.0,1500,-20.40031215607503,False,True
-1607500.0,-257500.0,1500,-34.840322059881686,False,True
-1602500.0,-257500.0,1500,-54.874681266296584,False,True
-1597500.0,-257500.0,1500,-66.65638014152387,False,True
-1592500.0,-257500.0,1500,-67.94057411980546,True,True
-1587500.0,-257500.0,1500,-67.2622292567714,True,True
-1582500.0,-257500.0,1500,-64.19407722664963,False,True
-1577500.0,-257500.0,1500,-54.03971767243498,False,True
-1572500.0,-257500.0,1500,-40.246499773843254,False,True
-1567500.0,-257500.0,1500,-30.88981911453825,False,True
-1562500.0,-257500.0,1500,-29.092509569458915,False,False
-1557500.0,-257500.0,1500,-29.782183926055914,False,False
-1552500.0,-257500.0,1500,-32.42873820064678,False,False
-1547500.0,-257500.0,1500,-35.547661424511325,False,False
-1542500.0,-257500.0,1500,-31.907795297575362,False,False
-1537500.0,-257500.0,1500,-22.307687282704887,False,False
-1532500.0,-257500.0,1500,-13.083198502507482,False,False
-1527500.0,-257500.0,1500,-7.92503315734996,False,False
-1522500.0,-257500.0,1500,-5.537702997274056,False,False
-1517500.0,-257500.0,1500,-7.545874551262014,False,False
-1512500.0,-257500.0,1500,-11.379492688683536,False,False
-1507500.0,-257500.0,1500,-8.70882139263935,False,False
-1502500.0,-257500.0,1500,-1.9356049977462462,False,False
-1747500.0,-252500.0,1500,-3.8530152138261196,False,False
-1742500.0,-252500.0,1500,-8.770417304671184,False,False
-1737500.0,-252500.0,1500,-6.012487160061188,False,False
-1732500.0,-252500.0,1500,2.8776821668636163,False,False
-1727500.0,-252500.0,1500,12.451700155392237,False,False
-1722500.0,-252500.0,1500,13.418927573664156,False,False
-1717500.0,-252500.0,1500,7.5441682350634,False,False
-1712500.0,-252500.0,1500,2.6885275925401064,False,False
-1707500.0,-252500.0,1500,2.8388017809289248,False,False
-1702500.0,-252500.0,1500,16.109634823821867,False,False
-1697500.0,-252500.0,1500,34.42406808647667,False,False
-1692500.0,-252500.0,1500,46.19221709561325,False,False
-1687500.0,-252500.0,1500,53.454922837299,False,False
-1682500.0,-252500.0,1500,58.39337715832775,False,False
-1677500.0,-252500.0,1500,62.449644572597016,False,False
-1672500.0,-252500.0,1500,51.614259360404375,False,False
-1667500.0,-252500.0,1500,31.56740246500226,False,False
-1662500.0,-252500.0,1500,12.823849357352467,False,False
-1657500.0,-252500.0,1500,-2.4937894613784426,False,False
-1652500.0,-252500.0,1500,-6.7224629028961935,False,False
-1647500.0,-252500.0,1500,2.5320624940176213,False,False
-1642500.0,-252500.0,1500,17.475095739794085,False,False
-1637500.0,-252500.0,1500,22.202061021607264,False,False
-1632500.0,-252500.0,1500,15.608391598141898,False,False
-1627500.0,-252500.0,1500,-1.0170170673995345,False,False
-1622500.0,-252500.0,1500,-12.927565493018381,False,True
-1617500.0,-252500.0,1500,-13.966208741481205,False,True
-1612500.0,-252500.0,1500,-17.106628065245886,False,True
-1607500.0,-252500.0,1500,-31.265727416851757,False,True
-1602500.0,-252500.0,1500,-51.98385416812655,False,True
-1597500.0,-252500.0,1500,-63.45735303143103,False,True
-1592500.0,-252500.0,1500,-65.44172499360005,False,True
-1587500.0,-252500.0,1500,-64.6850451037016,False,True
-1582500.0,-252500.0,1500,-60.510755802516044,False,True
-1577500.0,-252500.0,1500,-51.471673383149366,False,True
-1572500.0,-252500.0,1500,-35.53022493440193,False,True
-1567500.0,-252500.0,1500,-24.77143357958766,False,True
-1562500.0,-252500.0,1500,-28.141353346771808,False,False
-1557500.0,-252500.0,1500,-35.274246142580076,False,False
-1552500.0,-252500.0,1500,-40.490892860003484,False,False
-1547500.0,-252500.0,1500,-41.153997420448974,False,False
-1542500.0,-252500.0,1500,-35.97010298385504,False,False
-1537500.0,-252500.0,1500,-27.862096919919992,False,False
-1532500.0,-252500.0,1500,-17.510959699819903,False,False
-1527500.0,-252500.0,1500,-11.36770977454341,False,False
-1522500.0,-252500.0,1500,-9.573995645121249,False,False
-1517500.0,-252500.0,1500,-10.026369774739702,False,False
-1512500.0,-252500.0,1500,-11.631524512399519,False,False
-1507500.0,-252500.0,1500,-6.9730739900692695,False,False
-1502500.0,-252500.0,1500,-1.160184372313778,False,False
-1747500.0,-247500.0,1500,-6.064256987629845,False,False
-1742500.0,-247500.0,1500,-9.481194907041521,False,False
-1737500.0,-247500.0,1500,-6.433871166906056,False,False
-1732500.0,-247500.0,1500,3.4555797591021684,False,False
-1727500.0,-247500.0,1500,10.248973080677619,False,False
-1722500.0,-247500.0,1500,9.354587103406029,False,False
-1717500.0,-247500.0,1500,5.225615558919782,False,False
-1712500.0,-247500.0,1500,2.5522212975536567,False,False
-1707500.0,-247500.0,1500,6.253631488121595,False,False
-1702500.0,-247500.0,1500,18.350174170800464,False,False
-1697500.0,-247500.0,1500,29.22237737150105,False,False
-1692500.0,-247500.0,1500,38.21014930391227,False,False
-1687500.0,-247500.0,1500,48.98057595744241,False,False
-1682500.0,-247500.0,1500,54.53015674137102,False,False
-1677500.0,-247500.0,1500,58.47064546177071,False,False
-1672500.0,-247500.0,1500,56.93434609028237,False,False
-1667500.0,-247500.0,1500,32.02259753995669,False,False
-1662500.0,-247500.0,1500,7.435573669236086,False,False
-1657500.0,-247500.0,1500,-2.1104372396594453,False,False
-1652500.0,-247500.0,1500,-4.716009564304204,False,False
-1647500.0,-247500.0,1500,9.521382170848764,False,False
-1642500.0,-247500.0,1500,18.875745245347314,False,False
-1637500.0,-247500.0,1500,19.859554293875984,False,False
-1632500.0,-247500.0,1500,21.943722379062628,False,False
-1627500.0,-247500.0,1500,8.472828596785723,False,False
-1622500.0,-247500.0,1500,-7.694202895486393,False,False
-1617500.0,-247500.0,1500,-15.127998928792135,False,False
-1612500.0,-247500.0,1500,-21.238550811481982,False,True
-1607500.0,-247500.0,1500,-33.655229968300624,False,True
-1602500.0,-247500.0,1500,-50.332714453314445,False,True
-1597500.0,-247500.0,1500,-60.45340698911778,False,True
-1592500.0,-247500.0,1500,-65.48786332463241,False,True
-1587500.0,-247500.0,1500,-65.33304705157988,False,True
-1582500.0,-247500.0,1500,-59.10147189942767,False,True
-1577500.0,-247500.0,1500,-51.25858449048495,False,True
-1572500.0,-247500.0,1500,-40.35455233620478,False,True
-1567500.0,-247500.0,1500,-32.56130271754076,False,False
-1562500.0,-247500.0,1500,-33.33468494176418,False,False
-1557500.0,-247500.0,1500,-39.8291788439238,False,False
-1552500.0,-247500.0,1500,-47.7382993288974,False,False
-1547500.0,-247500.0,1500,-43.97565921399942,False,False
-1542500.0,-247500.0,1500,-33.18966319751756,False,False
-1537500.0,-247500.0,1500,-28.89766728186868,False,False
-1532500.0,-247500.0,1500,-22.591037616579698,False,False
-1527500.0,-247500.0,1500,-15.597210414841555,False,False
-1522500.0,-247500.0,1500,-14.63766338481689,False,False
-1517500.0,-247500.0,1500,-17.124372866394438,False,False
-1512500.0,-247500.0,1500,-18.55628254312157,False,False
-1507500.0,-247500.0,1500,-14.304371840993069,False,False
-1502500.0,-247500.0,1500,-9.05701972347235,False,False
-1747500.0,-242500.0,1500,-4.953416372304846,False,False
-1742500.0,-242500.0,1500,-2.1255372880999546,False,False
-1737500.0,-242500.0,1500,0.010175959990554706,False,False
-1732500.0,-242500.0,1500,5.113602619722096,False,False
-1727500.0,-242500.0,1500,7.334083619285215,False,False
-1722500.0,-242500.0,1500,6.533327959008465,False,False
-1717500.0,-242500.0,1500,3.945215605877138,False,False
-1712500.0,-242500.0,1500,2.421683460896516,False,False
-1707500.0,-242500.0,1500,10.735806986085366,False,False
-1702500.0,-242500.0,1500,19.30763346819056,False,False
-1697500.0,-242500.0,1500,19.63894836569522,False,False
-1692500.0,-242500.0,1500,24.85376779953227,False,False
-1687500.0,-242500.0,1500,36.446313426277804,False,False
-1682500.0,-242500.0,1500,43.92421464452509,False,False
-1677500.0,-242500.0,1500,53.055470124401666,False,False
-1672500.0,-242500.0,1500,57.23641929598763,False,False
-1667500.0,-242500.0,1500,39.227288985858074,False,False
-1662500.0,-242500.0,1500,17.51900202745269,False,False
-1657500.0,-242500.0,1500,1.0419847672532074,False,False
-1652500.0,-242500.0,1500,-3.8032570962453414,False,False
-1647500.0,-242500.0,1500,8.19494080618029,False,False
-1642500.0,-242500.0,1500,15.741978581871823,False,False
-1637500.0,-242500.0,1500,16.988130778778736,False,False
-1632500.0,-242500.0,1500,17.39112017072642,False,False
-1627500.0,-242500.0,1500,8.4939788703884,False,False
-1622500.0,-242500.0,1500,-6.418835220255393,False,False
-1617500.0,-242500.0,1500,-18.655838009760277,False,False
-1612500.0,-242500.0,1500,-27.43387855114876,False,False
-1607500.0,-242500.0,1500,-36.75447043070738,False,False
-1602500.0,-242500.0,1500,-48.82074575774123,False,True
-1597500.0,-242500.0,1500,-58.54009391721507,False,True
-1592500.0,-242500.0,1500,-63.705689964801664,False,True
-1587500.0,-242500.0,1500,-62.08500379135581,False,True
-1582500.0,-242500.0,1500,-55.52863805625951,False,True
-1577500.0,-242500.0,1500,-51.798463566093915,False,True
-1572500.0,-242500.0,1500,-50.20406336903364,False,False
-1567500.0,-242500.0,1500,-42.818192041543014,False,False
-1562500.0,-242500.0,1500,-34.687504168408175,False,False
-1557500.0,-242500.0,1500,-37.63531515498842,False,False
-1552500.0,-242500.0,1500,-46.2511727204285,False,False
-1547500.0,-242500.0,1500,-42.0971502039653,False,False
-1542500.0,-242500.0,1500,-31.711039100270014,False,False
-1537500.0,-242500.0,1500,-30.60095141061316,False,False
-1532500.0,-242500.0,1500,-26.72757138151609,False,False
-1527500.0,-242500.0,1500,-16.831063427813756,False,False
-1522500.0,-242500.0,1500,-14.507815089967172,False,False
-1517500.0,-242500.0,1500,-19.590030486171628,False,False
-1512500.0,-242500.0,1500,-22.584952086637745,False,False
-1507500.0,-242500.0,1500,-22.156033603489178,False,False
-1502500.0,-242500.0,1500,-17.87781549555519,False,False
-1747500.0,-237500.0,1500,-0.03824309709939348,False,False
-1742500.0,-237500.0,1500,5.568393456568377,False,False
-1737500.0,-237500.0,1500,10.291745246360401,False,False
-1732500.0,-237500.0,1500,11.751960779666378,False,False
-1727500.0,-237500.0,1500,9.458261881296968,False,False
-1722500.0,-237500.0,1500,7.453077429306309,False,False
-1717500.0,-237500.0,1500,3.07301577440638,False,False
-1712500.0,-237500.0,1500,-1.4586556779731585,False,False
-1707500.0,-237500.0,1500,7.093663421790052,False,False
-1702500.0,-237500.0,1500,13.490064317253918,False,False
-1697500.0,-237500.0,1500,11.177001495137588,False,False
-1692500.0,-237500.0,1500,15.958673553666264,False,False
-1687500.0,-237500.0,1500,25.79347596182766,False,False
-1682500.0,-237500.0,1500,35.1557353161675,False,False
-1677500.0,-237500.0,1500,45.72536652949072,False,False
-1672500.0,-237500.0,1500,50.30679570354633,False,False
-1667500.0,-237500.0,1500,43.01836125557026,False,False
-1662500.0,-237500.0,1500,24.284640239613484,False,False
-1657500.0,-237500.0,1500,2.5266353181201615,False,False
-1652500.0,-237500.0,1500,0.024240971123263372,False,False
-1647500.0,-237500.0,1500,12.29425944341829,False,False
-1642500.0,-237500.0,1500,18.07572605562038,False,False
-1637500.0,-237500.0,1500,24.575549783943554,False,False
-1632500.0,-237500.0,1500,22.34128192477494,False,False
-1627500.0,-237500.0,1500,7.117709045094884,False,False
-1622500.0,-237500.0,1500,-4.5792245145262624,False,False
-1617500.0,-237500.0,1500,-15.25336767606843,False,False
-1612500.0,-237500.0,1500,-25.16118579693837,False,False
-1607500.0,-237500.0,1500,-34.40349223047911,False,False
-1602500.0,-237500.0,1500,-45.89430909564458,False,False
-1597500.0,-237500.0,1500,-54.106188716454966,False,False
-1592500.0,-237500.0,1500,-56.069337222684446,False,True
-1587500.0,-237500.0,1500,-55.40684592529312,False,True
-1582500.0,-237500.0,1500,-51.714976418457134,False,False
-1577500.0,-237500.0,1500,-50.16395811163561,False,False
-1572500.0,-237500.0,1500,-50.81872062581699,False,False
-1567500.0,-237500.0,1500,-41.35229930165759,False,False
-1562500.0,-237500.0,1500,-30.545064733290527,False,False
-1557500.0,-237500.0,1500,-32.90487900866997,False,False
-1552500.0,-237500.0,1500,-38.46700921708609,False,False
-1547500.0,-237500.0,1500,-38.22176335789821,False,False
-1542500.0,-237500.0,1500,-35.45334843874233,False,False
-1537500.0,-237500.0,1500,-35.062342161017895,False,False
-1532500.0,-237500.0,1500,-29.860191930621973,False,False
-1527500.0,-237500.0,1500,-17.83752076001317,False,False
-1522500.0,-237500.0,1500,-14.1827105435797,False,False
-1517500.0,-237500.0,1500,-18.07930576220343,False,False
-1512500.0,-237500.0,1500,-19.577632705012903,False,False
-1507500.0,-237500.0,1500,-23.162345893929885,False,False
-1502500.0,-237500.0,1500,-21.753326494939976,False,False
-1747500.0,-232500.0,1500,5.500887085477171,False,False
-1742500.0,-232500.0,1500,9.969649929814853,False,False
-1737500.0,-232500.0,1500,16.45460003405138,False,False
-1732500.0,-232500.0,1500,16.41196967336603,False,False
-1727500.0,-232500.0,1500,11.755557259011368,False,False
-1722500.0,-232500.0,1500,10.386016232381637,False,False
-1717500.0,-232500.0,1500,7.044008258315431,False,False
-1712500.0,-232500.0,1500,-0.48662090650322176,False,False
-1707500.0,-232500.0,1500,0.9424983416065924,False,False
-1702500.0,-232500.0,1500,6.4844866323568375,False,False
-1697500.0,-232500.0,1500,9.059083479118183,False,False
-1692500.0,-232500.0,1500,14.29036869903793,False,False
-1687500.0,-232500.0,1500,21.00673895896359,False,False
-1682500.0,-232500.0,1500,28.012565311088466,False,False
-1677500.0,-232500.0,1500,37.0082038653201,False,False
-1672500.0,-232500.0,1500,41.07167369968664,False,False
-1667500.0,-232500.0,1500,35.54865967889563,False,False
-1662500.0,-232500.0,1500,20.884884265671516,False,False
-1657500.0,-232500.0,1500,6.335956439574281,False,False
-1652500.0,-232500.0,1500,6.0014052885350155,False,False
-1647500.0,-232500.0,1500,12.802633657179529,False,False
-1642500.0,-232500.0,1500,13.690235403031835,False,False
-1637500.0,-232500.0,1500,22.022984985168264,False,False
-1632500.0,-232500.0,1500,18.47056217432613,False,False
-1627500.0,-232500.0,1500,1.39140521196173,False,False
-1622500.0,-232500.0,1500,-2.4295869475056975,False,False
-1617500.0,-232500.0,1500,-5.262719256569263,False,False
-1612500.0,-232500.0,1500,-14.150533174730953,False,False
-1607500.0,-232500.0,1500,-27.903127061551043,False,False
-1602500.0,-232500.0,1500,-42.44887012768335,False,False
-1597500.0,-232500.0,1500,-50.46079728599161,False,False
-1592500.0,-232500.0,1500,-51.17180623985251,False,False
-1587500.0,-232500.0,1500,-51.93672856974351,False,False
-1582500.0,-232500.0,1500,-50.82561865964234,False,False
-1577500.0,-232500.0,1500,-48.646672087567765,False,False
-1572500.0,-232500.0,1500,-47.42355203733888,False,False
-1567500.0,-232500.0,1500,-36.812250042478524,False,False
-1562500.0,-232500.0,1500,-23.58848604566469,False,False
-1557500.0,-232500.0,1500,-23.140929760271707,False,False
-1552500.0,-232500.0,1500,-27.67334452719866,False,False
-1547500.0,-232500.0,1500,-30.47093736420717,False,False
-1542500.0,-232500.0,1500,-32.09264531083616,False,False
-1537500.0,-232500.0,1500,-32.93133664551934,False,False
-1532500.0,-232500.0,1500,-31.012760600532413,False,False
-1527500.0,-232500.0,1500,-22.733573179327376,False,False
-1522500.0,-232500.0,1500,-19.459156453681274,False,False
-1517500.0,-232500.0,1500,-21.39932949453634,False,False
-1512500.0,-232500.0,1500,-17.769501400382715,False,False
-1507500.0,-232500.0,1500,-19.643998296568018,False,False
-1502500.0,-232500.0,1500,-21.036070672420017,False,False
-1747500.0,-227500.0,1500,6.774506526507148,False,False
-1742500.0,-227500.0,1500,12.444033860712835,False,False
-1737500.0,-227500.0,1500,18.263098505870712,False,False
-1732500.0,-227500.0,1500,15.456227703984489,False,False
-1727500.0,-227500.0,1500,9.355500214832054,False,False
-1722500.0,-227500.0,1500,10.227502968743314,False,False
-1717500.0,-227500.0,1500,10.497704657301073,False,False
-1712500.0,-227500.0,1500,6.1668114811356345,False,False
-1707500.0,-227500.0,1500,2.0353993307881653,False,False
-1702500.0,-227500.0,1500,1.8720876182830377,False,False
-1697500.0,-227500.0,1500,7.095349658444964,False,False
-1692500.0,-227500.0,1500,14.77048171958361,False,False
-1687500.0,-227500.0,1500,21.163170122244054,False,False
-1682500.0,-227500.0,1500,24.71060838022872,False,False
-1677500.0,-227500.0,1500,30.048905337787133,False,False
-1672500.0,-227500.0,1500,31.113746433130203,False,False
-1667500.0,-227500.0,1500,25.87294846120113,False,False
-1662500.0,-227500.0,1500,18.781136747919916,False,False
-1657500.0,-227500.0,1500,16.27622762467808,False,False
-1652500.0,-227500.0,1500,17.68941310675413,False,False
-1647500.0,-227500.0,1500,12.211648013781845,False,False
-1642500.0,-227500.0,1500,6.839260167043328,False,False
-1637500.0,-227500.0,1500,8.895095320515761,False,False
-1632500.0,-227500.0,1500,9.210826908729686,False,False
-1627500.0,-227500.0,1500,3.3906933200501554,False,False
-1622500.0,-227500.0,1500,-0.7014802684148328,False,False
-1617500.0,-227500.0,1500,-2.719972692777101,False,False
-1612500.0,-227500.0,1500,-9.288122912155842,False,False
-1607500.0,-227500.0,1500,-21.9352469276439,False,False
-1602500.0,-227500.0,1500,-35.567780150402,False,False
-1597500.0,-227500.0,1500,-44.61028508168724,False,False
-1592500.0,-227500.0,1500,-47.36788517437292,False,False
-1587500.0,-227500.0,1500,-48.81190101287633,False,False
-1582500.0,-227500.0,1500,-48.47905307443871,False,False
-1577500.0,-227500.0,1500,-46.63451330336408,False,False
-1572500.0,-227500.0,1500,-44.335106903002064,False,False
-1567500.0,-227500.0,1500,-30.857620876625525,False,False
-1562500.0,-227500.0,1500,-14.644888269838143,False,False
-1557500.0,-227500.0,1500,-10.308643684080575,False,False
-1552500.0,-227500.0,1500,-13.725028603557613,False,False
-1547500.0,-227500.0,1500,-18.459373092205784,False,False
-1542500.0,-227500.0,1500,-21.791693597872158,False,False
-1537500.0,-227500.0,1500,-24.519089603787727,False,False
-1532500.0,-227500.0,1500,-26.561795781945918,False,False
-1527500.0,-227500.0,1500,-23.39511329721196,False,False
-1522500.0,-227500.0,1500,-22.143125620939824,False,False
-1517500.0,-227500.0,1500,-25.212560021291758,False,False
-1512500.0,-227500.0,1500,-20.55766137907552,False,False
-1507500.0,-227500.0,1500,-18.97346994908631,False,False
-1502500.0,-227500.0,1500,-20.759599232725247,False,False
-1747500.0,-222500.0,1500,6.511579236633263,False,False
-1742500.0,-222500.0,1500,13.870049094075185,False,False
-1737500.0,-222500.0,1500,19.04826349450857,False,False
-1732500.0,-222500.0,1500,16.276196702016733,False,False
-1727500.0,-222500.0,1500,10.7400498230435,False,False
-1722500.0,-222500.0,1500,10.519119083547128,False,False
-1717500.0,-222500.0,1500,10.633385163495506,False,False
-1712500.0,-222500.0,1500,8.379351038528236,False,False
-1707500.0,-222500.0,1500,2.2782815790275146,False,False
-1702500.0,-222500.0,1500,-2.229593833230299,False,False
-1697500.0,-222500.0,1500,2.9508374005264404,False,False
-1692500.0,-222500.0,1500,11.966736419283627,False,False
-1687500.0,-222500.0,1500,17.579211968762785,False,False
-1682500.0,-222500.0,1500,22.051668142035123,False,False
-1677500.0,-222500.0,1500,28.91454662111653,False,False
-1672500.0,-222500.0,1500,32.76034049791303,False,False
-1667500.0,-222500.0,1500,31.49602969010369,False,False
-1662500.0,-222500.0,1500,23.73957662102593,False,False
-1657500.0,-222500.0,1500,22.5096987354864,False,False
-1652500.0,-222500.0,1500,24.313502950976314,False,False
-1647500.0,-222500.0,1500,12.04812037378899,False,False
-1642500.0,-222500.0,1500,0.6000680789186189,False,False
-1637500.0,-222500.0,1500,0.49020634032584864,False,False
-1632500.0,-222500.0,1500,7.68111380796579,False,False
-1627500.0,-222500.0,1500,10.5710193594631,False,False
-1622500.0,-222500.0,1500,3.8331842472205038,False,False
-1617500.0,-222500.0,1500,-5.09451676037146,False,False
-1612500.0,-222500.0,1500,-12.399116063606574,False,False
-1607500.0,-222500.0,1500,-20.22040675537222,False,False
-1602500.0,-222500.0,1500,-28.991481355727277,False,False
-1597500.0,-222500.0,1500,-35.87407829324848,False,False
-1592500.0,-222500.0,1500,-41.93053547498689,False,False
-1587500.0,-222500.0,1500,-46.456978673556534,False,False
-1582500.0,-222500.0,1500,-46.723480977437056,False,False
-1577500.0,-222500.0,1500,-45.674443128328036,False,False
-1572500.0,-222500.0,1500,-42.68319705694145,False,False
-1567500.0,-222500.0,1500,-27.440753124401514,False,False
-1562500.0,-222500.0,1500,-11.578335293260471,False,False
-1557500.0,-222500.0,1500,-5.786140861237085,False,False
-1552500.0,-222500.0,1500,-6.025704679992138,False,False
-1547500.0,-222500.0,1500,-11.8537515467889,False,False
-1542500.0,-222500.0,1500,-16.543597034885718,False,False
-1537500.0,-222500.0,1500,-17.066476860909937,False,False
-1532500.0,-222500.0,1500,-15.507491361359401,False,False
-1527500.0,-222500.0,1500,-13.758855712431776,False,False
-1522500.0,-222500.0,1500,-15.729008247505497,False,False
-1517500.0,-222500.0,1500,-20.341722030056427,False,False
-1512500.0,-222500.0,1500,-21.127407898995394,False,False
-1507500.0,-222500.0,1500,-21.794859721775186,False,False
-1502500.0,-222500.0,1500,-22.96174907480672,False,False
-1747500.0,-217500.0,1500,4.1808028041846885,False,False
-1742500.0,-217500.0,1500,12.641507410419361,False,False
-1737500.0,-217500.0,1500,19.602232885512723,False,False
-1732500.0,-217500.0,1500,22.645886377256332,False,False
-1727500.0,-217500.0,1500,21.24365294658226,False,False
-1722500.0,-217500.0,1500,16.867106341044884,False,False
-1717500.0,-217500.0,1500,11.762522353281257,False,False
-1712500.0,-217500.0,1500,8.188719126990176,False,False
-1707500.0,-217500.0,1500,1.8151203952053272,False,False
-1702500.0,-217500.0,1500,-3.2597146740509535,False,False
-1697500.0,-217500.0,1500,1.6841836454941963,False,False
-1692500.0,-217500.0,1500,9.741562559085379,False,False
-1687500.0,-217500.0,1500,13.860303235334575,False,False
-1682500.0,-217500.0,1500,18.220573893597734,False,False
-1677500.0,-217500.0,1500,25.069997101846624,False,False
-1672500.0,-217500.0,1500,33.890658259930866,False,False
-1667500.0,-217500.0,1500,38.29709297826578,False,False
-1662500.0,-217500.0,1500,31.860141691764518,False,False
-1657500.0,-217500.0,1500,26.904155193851935,False,False
-1652500.0,-217500.0,1500,24.23807059563018,False,False
-1647500.0,-217500.0,1500,14.206527040232794,False,False
-1642500.0,-217500.0,1500,0.7854133408644313,False,False
-1637500.0,-217500.0,1500,-0.4375809239223222,False,False
-1632500.0,-217500.0,1500,11.35756389494317,False,False
-1627500.0,-217500.0,1500,15.555487455372907,False,False
-1622500.0,-217500.0,1500,8.096001186655068,False,False
-1617500.0,-217500.0,1500,-2.349873145162422,False,False
-1612500.0,-217500.0,1500,-10.797687718174808,False,False
-1607500.0,-217500.0,1500,-17.379725650226487,False,False
-1602500.0,-217500.0,1500,-23.295635963718855,False,False
-1597500.0,-217500.0,1500,-28.556216603828013,False,False
-1592500.0,-217500.0,1500,-37.169735079340825,False,False
-1587500.0,-217500.0,1500,-44.531754683681946,False,False
-1582500.0,-217500.0,1500,-46.80401010069698,False,False
-1577500.0,-217500.0,1500,-46.75003255285904,False,False
-1572500.0,-217500.0,1500,-43.471157511856916,False,False
-1567500.0,-217500.0,1500,-30.511953035960158,False,False
-1562500.0,-217500.0,1500,-14.076951202348756,False,False
-1557500.0,-217500.0,1500,-5.983042031627592,False,False
-1552500.0,-217500.0,1500,-5.325971948353426,False,False
-1547500.0,-217500.0,1500,-10.98310592910087,False,False
-1542500.0,-217500.0,1500,-16.982512091581036,False,False
-1537500.0,-217500.0,1500,-15.76845398596666,False,False
-1532500.0,-217500.0,1500,-11.1040700792666,False,False
-1527500.0,-217500.0,1500,-10.903970635650248,False,False
-1522500.0,-217500.0,1500,-13.552648893739127,False,False
-1517500.0,-217500.0,1500,-17.226319142844932,False,False
-1512500.0,-217500.0,1500,-21.739540084185826,False,False
-1507500.0,-217500.0,1500,-24.303889852233286,False,False
-1502500.0,-217500.0,1500,-24.672546960599647,False,False
-1747500.0,-212500.0,1500,4.066078493277817,False,False
-1742500.0,-212500.0,1500,11.474824096486886,False,False
-1737500.0,-212500.0,1500,18.850679455661137,False,False
-1732500.0,-212500.0,1500,24.302652312900676,False,False
-1727500.0,-212500.0,1500,24.564111354271336,False,False
-1722500.0,-212500.0,1500,17.008913934453783,False,False
-1717500.0,-212500.0,1500,6.549597708305657,False,False
-1712500.0,-212500.0,1500,2.8355826716404957,False,False
-1707500.0,-212500.0,1500,1.7554048530051716,False,False
-1702500.0,-212500.0,1500,-0.7782281853472968,False,False
-1697500.0,-212500.0,1500,2.3812931676278724,False,False
-1692500.0,-212500.0,1500,9.01960481903441,False,False
-1687500.0,-212500.0,1500,13.95345517219298,False,False
-1682500.0,-212500.0,1500,18.199986882539182,False,False
-1677500.0,-212500.0,1500,24.09896169372048,False,False
-1672500.0,-212500.0,1500,32.0194528960114,False,False
-1667500.0,-212500.0,1500,38.40034361077273,False,False
-1662500.0,-212500.0,1500,40.52920233937435,False,False
-1657500.0,-212500.0,1500,37.056228106280756,False,False
-1652500.0,-212500.0,1500,27.497721631096105,False,False
-1647500.0,-212500.0,1500,17.329101850307914,False,False
-1642500.0,-212500.0,1500,11.058783835261618,False,False
-1637500.0,-212500.0,1500,12.401357567413152,False,False
-1632500.0,-212500.0,1500,19.2401560128213,False,False
-1627500.0,-212500.0,1500,20.206979790054483,False,False
-1622500.0,-212500.0,1500,12.992969489712193,False,False
-1617500.0,-212500.0,1500,2.870095276839922,False,False
-1612500.0,-212500.0,1500,-6.178568740072778,False,False
-1607500.0,-212500.0,1500,-12.636973808014853,False,False
-1602500.0,-212500.0,1500,-18.34294069523727,False,False
-1597500.0,-212500.0,1500,-24.694282833724532,False,False
-1592500.0,-212500.0,1500,-33.923405524433875,False,False
-1587500.0,-212500.0,1500,-42.235285567925594,False,False
-1582500.0,-212500.0,1500,-46.688895863008256,False,False
-1577500.0,-212500.0,1500,-47.96316744200193,False,False
-1572500.0,-212500.0,1500,-45.9353475796681,False,False
-1567500.0,-212500.0,1500,-35.84253447762146,False,False
-1562500.0,-212500.0,1500,-19.154245807788467,False,False
-1557500.0,-212500.0,1500,-8.947939300091244,False,False
-1552500.0,-212500.0,1500,-7.987516382304792,False,False
-1547500.0,-212500.0,1500,-13.241023873054374,False,False
-1542500.0,-212500.0,1500,-19.225661293594516,False,False
-1537500.0,-212500.0,1500,-19.17214551224906,False,False
-1532500.0,-212500.0,1500,-16.524241154689392,False,False
-1527500.0,-212500.0,1500,-16.95003933580424,False,False
-1522500.0,-212500.0,1500,-16.87320293032282,False,False
-1517500.0,-212500.0,1500,-18.615113598891135,False,False
-1512500.0,-212500.0,1500,-22.317020880880143,False,False
-1507500.0,-212500.0,1500,-24.590928098947156,False,False
-1502500.0,-212500.0,1500,-27.174136655308555,False,False
-1747500.0,-207500.0,1500,9.002979567089222,False,False
-1742500.0,-207500.0,1500,12.165407705491791,False,False
-1737500.0,-207500.0,1500,16.4190838893168,False,False
-1732500.0,-207500.0,1500,20.4386848675124,False,False
-1727500.0,-207500.0,1500,20.301798421277446,False,False
-1722500.0,-207500.0,1500,11.14310131785806,False,False
-1717500.0,-207500.0,1500,-2.1811411065276824,False,False
-1712500.0,-207500.0,1500,-4.2506262064409635,False,False
-1707500.0,-207500.0,1500,1.204238354137437,False,False
-1702500.0,-207500.0,1500,2.048870023274519,False,False
-1697500.0,-207500.0,1500,2.2233000604453457,False,False
-1692500.0,-207500.0,1500,5.697776218519745,False,False
-1687500.0,-207500.0,1500,11.931711227373837,False,False
-1682500.0,-207500.0,1500,19.213827236785853,False,False
-1677500.0,-207500.0,1500,26.944912656761723,False,False
-1672500.0,-207500.0,1500,33.11813361664461,False,False
-1667500.0,-207500.0,1500,39.76371261696016,False,False
-1662500.0,-207500.0,1500,48.013165681854915,False,False
-1657500.0,-207500.0,1500,46.85911238587196,False,False
-1652500.0,-207500.0,1500,33.13262070400724,False,False
-1647500.0,-207500.0,1500,21.0258497007032,False,False
-1642500.0,-207500.0,1500,20.603797859483006,False,False
-1637500.0,-207500.0,1500,24.750802188171278,False,False
-1632500.0,-207500.0,1500,24.601644916126013,False,False
-1627500.0,-207500.0,1500,20.920441727773625,False,False
-1622500.0,-207500.0,1500,13.440079396615607,False,False
-1617500.0,-207500.0,1500,2.956983354652262,False,False
-1612500.0,-207500.0,1500,-5.133605124838414,False,False
-1607500.0,-207500.0,1500,-10.80669906287814,False,False
-1602500.0,-207500.0,1500,-16.198572646601363,False,False
-1597500.0,-207500.0,1500,-22.516117155879172,False,False
-1592500.0,-207500.0,1500,-32.64081630622048,False,False
-1587500.0,-207500.0,1500,-41.528368643243184,False,False
-1582500.0,-207500.0,1500,-45.441358473640776,False,False
-1577500.0,-207500.0,1500,-47.19646383412369,False,False
-1572500.0,-207500.0,1500,-47.44363269243836,False,False
-1567500.0,-207500.0,1500,-40.32216475590464,False,False
-1562500.0,-207500.0,1500,-25.196996695683325,False,False
-1557500.0,-207500.0,1500,-13.316207334946483,False,False
-1552500.0,-207500.0,1500,-11.77685566174679,False,False
-1547500.0,-207500.0,1500,-18.137129736104743,False,False
-1542500.0,-207500.0,1500,-23.145985493249977,False,False
-1537500.0,-207500.0,1500,-22.71793872906605,False,False
-1532500.0,-207500.0,1500,-21.580929971146546,False,False
-1527500.0,-207500.0,1500,-21.745443138571986,False,False
-1522500.0,-207500.0,1500,-19.456833560032962,False,False
-1517500.0,-207500.0,1500,-21.78952242547098,False,False
-1512500.0,-207500.0,1500,-26.824403934478752,False,False
-1507500.0,-207500.0,1500,-27.487381322921795,False,False
-1502500.0,-207500.0,1500,-30.504593020304068,False,False
-1747500.0,-202500.0,1500,10.13415660614308,False,False
-1742500.0,-202500.0,1500,10.341510429020614,False,False
-1737500.0,-202500.0,1500,11.054207900818177,False,False
-1732500.0,-202500.0,1500,14.39747338636501,False,False
-1727500.0,-202500.0,1500,16.695876869080408,False,False
-1722500.0,-202500.0,1500,10.714311828001637,False,False
-1717500.0,-202500.0,1500,1.169034711986317,False,False
-1712500.0,-202500.0,1500,2.2998023716767375,False,False
-1707500.0,-202500.0,1500,7.938338563818803,False,False
-1702500.0,-202500.0,1500,6.051735632426824,False,False
-1697500.0,-202500.0,1500,1.6298033663300913,False,False
-1692500.0,-202500.0,1500,2.467345140332181,False,False
-1687500.0,-202500.0,1500,9.603860276813663,False,False
-1682500.0,-202500.0,1500,17.694580497683727,False,False
-1677500.0,-202500.0,1500,24.598505986437303,False,False
-1672500.0,-202500.0,1500,31.290304652533948,False,False
-1667500.0,-202500.0,1500,42.00010270828547,False,False
-1662500.0,-202500.0,1500,54.91412033788273,False,False
-1657500.0,-202500.0,1500,54.4970067961667,False,False
-1652500.0,-202500.0,1500,37.84747633254985,False,False
-1647500.0,-202500.0,1500,22.45779615462907,False,False
-1642500.0,-202500.0,1500,19.572329299587203,False,False
-1637500.0,-202500.0,1500,22.84109385189422,False,False
-1632500.0,-202500.0,1500,22.714110114763493,False,False
-1627500.0,-202500.0,1500,19.260553892173508,False,False
-1622500.0,-202500.0,1500,13.137408238419408,False,False
-1617500.0,-202500.0,1500,4.319061897281937,False,False
-1612500.0,-202500.0,1500,-2.4916658382459156,False,False
-1607500.0,-202500.0,1500,-8.687913319802025,False,False
-1602500.0,-202500.0,1500,-14.820348320667081,False,False
-1597500.0,-202500.0,1500,-20.336939249702187,False,False
-1592500.0,-202500.0,1500,-31.207005569938566,False,False
-1587500.0,-202500.0,1500,-41.72496540322917,False,False
-1582500.0,-202500.0,1500,-44.96233516833598,False,False
-1577500.0,-202500.0,1500,-45.56270286296077,False,False
-1572500.0,-202500.0,1500,-46.49238276725468,False,False
-1567500.0,-202500.0,1500,-42.241237681500564,False,False
-1562500.0,-202500.0,1500,-28.441068700153185,False,False
-1557500.0,-202500.0,1500,-15.423929279429258,False,False
-1552500.0,-202500.0,1500,-14.433197734401755,False,False
-1547500.0,-202500.0,1500,-21.54166365641857,False,False
-1542500.0,-202500.0,1500,-26.87530174252628,False,False
-1537500.0,-202500.0,1500,-26.58605437487409,False,False
-1532500.0,-202500.0,1500,-25.1252805843616,False,False
-1527500.0,-202500.0,1500,-26.652556589277605,False,False
-1522500.0,-202500.0,1500,-26.78416250233409,False,False
-1517500.0,-202500.0,1500,-32.2824527539003,False,False
-1512500.0,-202500.0,1500,-37.9562297359144,False,False
-1507500.0,-202500.0,1500,-34.06732561149518,False,False
-1502500.0,-202500.0,1500,-32.558984945413656,False,False
