x,y,height,faa,inv_msk,inv_pad,stdev
-1597500.0,-1217500.0,1500,-55.574926627988354,False,False,15.438361408510884
-1592500.0,-1217500.0,1500,-58.36883134653754,False,False,15.438450712474731
-1587500.0,-1217500.0,1500,-60.17997120324456,False,False,15.438546782873939
-1582500.0,-1217500.0,1500,-61.89777506168841,False,False,15.438648941539206
-1577500.0,-1217500.0,1500,-63.569711487002635,False,False,15.438755832789715
-1572500.0,-1217500.0,1500,-64.56429274363411,False,False,15.438864067017535
-1567500.0,-1217500.0,1500,-64.97650009793318,False,False,15.438974309377159
-1562500.0,-1217500.0,1500,-64.82253486476391,False,False,15.439086540334998
-1557500.0,-1217500.0,1500,-64.08964194164206,False,False,15.439200054093462
-1552500.0,-1217500.0,1500,-62.97448399140666,False,False,15.439298568788745
-1547500.0,-1217500.0,1500,-61.78427249506772,False,False,15.439367142411754
-1542500.0,-1217500.0,1500,-60.27066728787281,False,False,15.439430742151824
-1537500.0,-1217500.0,1500,-58.52815327408078,False,False,15.439503504836846
-1532500.0,-1217500.0,1500,-56.95593663274632,False,False,15.439586714498017
-1527500.0,-1217500.0,1500,-55.225943824702235,False,False,15.439686416556736
-1522500.0,-1217500.0,1500,-53.475043495282534,False,False,15.439798554590437
-1517500.0,-1217500.0,1500,-51.77296442173704,False,False,15.439926529618743
-1512500.0,-1217500.0,1500,-50.125817125589755,False,False,15.440064384872919
-1507500.0,-1217500.0,1500,-48.55561432781552,False,False,15.4402081988334
-1502500.0,-1217500.0,1500,-47.31712882667374,False,False,15.440351319036562
-1497500.0,-1217500.0,1500,-46.72087789452936,False,False,15.440491254282218
-1492500.0,-1217500.0,1500,-45.934655128280404,False,False,15.440620669511354
-1487500.0,-1217500.0,1500,-45.26608440737967,False,False,15.440721733281418
-1482500.0,-1217500.0,1500,-44.897849326330785,False,False,15.440792382966842
-1477500.0,-1217500.0,1500,-44.10958291888743,False,False,15.44081788872045
-1472500.0,-1217500.0,1500,-43.70719864305344,False,False,15.440810094922213
-1467500.0,-1217500.0,1500,-43.66884334017089,False,False,15.440780602624717
-1462500.0,-1217500.0,1500,-43.349893799997076,False,False,15.440733557848231
-1457500.0,-1217500.0,1500,-43.2577054613362,False,False,15.440658894801823
-1452500.0,-1217500.0,1500,-43.31190527310459,False,False,15.44054756088385
-1447500.0,-1217500.0,1500,-42.69811388110684,False,False,15.440392187090538
-1442500.0,-1217500.0,1500,-41.056054217290914,False,False,15.440187679418159
-1437500.0,-1217500.0,1500,-38.29782853081605,False,False,15.439931777224322
-1432500.0,-1217500.0,1500,-33.7923458125974,False,False,15.439625443635286
-1427500.0,-1217500.0,1500,-27.664118847056134,False,False,15.439275665969976
-1422500.0,-1217500.0,1500,-21.255629553559718,False,False,15.438887839816438
-1417500.0,-1217500.0,1500,-15.341459161610846,False,False,15.438461995280088
-1412500.0,-1217500.0,1500,-10.584643965829649,False,False,15.437982460000281
-1407500.0,-1217500.0,1500,-7.298958972440719,False,False,15.437453846586884
-1402500.0,-1217500.0,1500,-4.112672026497403,False,False,15.43688123625175
-1397500.0,-1217500.0,1500,-1.4625058121882595,False,False,15.436262173918994
-1392500.0,-1217500.0,1500,0.35691165348235515,False,False,15.435581565504656
-1387500.0,-1217500.0,1500,3.0580952812614353,False,False,15.434816610536796
-1382500.0,-1217500.0,1500,6.104158592878756,False,False,15.433940024278499
-1377500.0,-1217500.0,1500,8.341448921704899,False,False,15.432917355267378
-1372500.0,-1217500.0,1500,9.827041407637191,False,False,15.431709394063386
-1367500.0,-1217500.0,1500,10.037762024087154,False,False,15.430299378532414
-1362500.0,-1217500.0,1500,8.683253983256828,False,False,15.428679486415028
-1357500.0,-1217500.0,1500,6.83319450524377,False,False,15.426871656469839
-1352500.0,-1217500.0,1500,4.754058303464922,False,False,15.424903612043412
-1347500.0,-1217500.0,1500,2.82252110346308,False,False,15.422807838271144
-1342500.0,-1217500.0,1500,1.702732710756492,False,False,15.420654110034665
-1337500.0,-1217500.0,1500,1.4474802663588817,False,False,15.41847647086014
-1332500.0,-1217500.0,1500,1.7326319112619704,False,False,15.416114049129632
-1327500.0,-1217500.0,1500,3.3431824137086004,False,False,15.413364076314654
-1322500.0,-1217500.0,1500,7.776637753651101,False,False,15.41004745515922
-1317500.0,-1217500.0,1500,13.903394559999294,False,False,15.405940612478915
-1312500.0,-1217500.0,1500,18.38510198287212,False,False,15.400735557984985
-1307500.0,-1217500.0,1500,20.186202254079003,False,False,15.394145870884172
-1302500.0,-1217500.0,1500,20.444803611749524,False,False,15.3859646954973
-1297500.0,-1217500.0,1500,19.970279074768303,False,False,15.376096855212829
-1292500.0,-1217500.0,1500,20.10386624991013,False,False,15.364589276093024
-1287500.0,-1217500.0,1500,20.464769938340837,False,False,15.351440308249632
-1282500.0,-1217500.0,1500,20.105672943079707,False,False,15.33677638940421
-1277500.0,-1217500.0,1500,19.988740664895833,False,False,15.32074700554034
-1272500.0,-1217500.0,1500,19.793832632769156,False,False,15.303559000071425
-1267500.0,-1217500.0,1500,18.873413596164173,False,False,15.285645528957518
-1262500.0,-1217500.0,1500,18.32519710293442,False,False,15.267507732592655
-1257500.0,-1217500.0,1500,17.545299725684462,False,False,15.249700632419026
-1252500.0,-1217500.0,1500,15.54516500123183,False,False,15.232962209580059
-1247500.0,-1217500.0,1500,12.92475258183627,False,False,15.21772044178159
-1242500.0,-1217500.0,1500,10.000186678501677,False,False,15.203768159117303
-1237500.0,-1217500.0,1500,7.291330897033969,False,False,15.190481461135475
-1232500.0,-1217500.0,1500,5.49448627688435,False,False,15.176941503996462
-1227500.0,-1217500.0,1500,3.3006715882975715,False,False,15.1615385513379
-1222500.0,-1217500.0,1500,-0.492500609994214,False,False,15.14260878819227
-1217500.0,-1217500.0,1500,-4.142332786247555,False,False,15.119199981284787
-1212500.0,-1217500.0,1500,-6.681987835140219,False,False,15.089900688455938
-1207500.0,-1217500.0,1500,-10.198154001570416,False,False,15.054694101500656
-1202500.0,-1217500.0,1500,-11.942325308615926,False,False,15.01358285581145
-1197500.0,-1217500.0,1500,-9.456353251849656,False,False,14.963369785578077
-1192500.0,-1217500.0,1500,-9.584563389215269,False,False,14.897577848901596
-1187500.0,-1217500.0,1500,-14.989646972308874,False,False,14.80843152010432
-1182500.0,-1217500.0,1500,-21.398531859686326,False,False,14.68849793510432
-1177500.0,-1217500.0,1500,-25.745906244553552,False,False,14.553276078818598
-1172500.0,-1217500.0,1500,-25.70856211499641,False,False,14.455156827212413
-1167500.0,-1217500.0,1500,-23.487619590875237,False,True,14.447341392248156
-1162500.0,-1217500.0,1500,-24.71652455336462,False,True,14.51898974557745
-1157500.0,-1217500.0,1500,-26.479996778543175,False,False,14.599166229125286
-1152500.0,-1217500.0,1500,-27.756692721739746,False,False,14.630373858698118
-1597500.0,-1212500.0,1500,-55.93059181702246,False,False,15.438191597138864
-1592500.0,-1212500.0,1500,-58.43851584615888,False,False,15.438286984990267
-1587500.0,-1212500.0,1500,-60.203434867789205,False,False,15.438388460090987
-1582500.0,-1212500.0,1500,-61.86477656707946,False,False,15.438495341609219
-1577500.0,-1212500.0,1500,-63.8000022689174,False,False,15.438605592092147
-1572500.0,-1212500.0,1500,-65.44108935201865,False,False,15.438716491147568
-1567500.0,-1212500.0,1500,-66.08123364263018,False,False,15.438830047495177
-1562500.0,-1212500.0,1500,-66.30943373093673,False,False,15.438943521449922
-1557500.0,-1212500.0,1500,-65.99614561920241,False,False,15.43905213363417
-1552500.0,-1212500.0,1500,-64.97816192736285,False,False,15.4391389111926
-1547500.0,-1212500.0,1500,-63.9760867707071,False,False,15.439188226810483
-1542500.0,-1212500.0,1500,-62.692854477658166,False,False,15.43923587664975
-1537500.0,-1212500.0,1500,-61.10530154827896,False,False,15.439302772823767
-1532500.0,-1212500.0,1500,-59.59727794097598,False,False,15.439384810756692
-1527500.0,-1212500.0,1500,-58.091601034120806,False,False,15.439484679236106
-1522500.0,-1212500.0,1500,-56.24071753935675,False,False,15.439597682927353
-1517500.0,-1212500.0,1500,-54.49073483799926,False,False,15.439728662800519
-1512500.0,-1212500.0,1500,-53.1164807057878,False,False,15.439868246055102
-1507500.0,-1212500.0,1500,-51.34028842378549,False,False,15.44001057140105
-1502500.0,-1212500.0,1500,-50.061261269836486,False,False,15.440151806153425
-1497500.0,-1212500.0,1500,-49.47153121205135,False,False,15.440290685484785
-1492500.0,-1212500.0,1500,-48.505120467489576,False,False,15.440415007879784
-1487500.0,-1212500.0,1500,-47.703072434056736,False,False,15.440488361237517
-1482500.0,-1212500.0,1500,-47.06959878298785,False,False,15.440509579152963
-1477500.0,-1212500.0,1500,-46.15119206423023,False,False,15.440485678088587
-1472500.0,-1212500.0,1500,-45.45248854105204,False,False,15.440437105490238
-1467500.0,-1212500.0,1500,-45.2598858008095,False,False,15.440366129155738
-1462500.0,-1212500.0,1500,-44.77752220946543,False,False,15.440270713448522
-1457500.0,-1212500.0,1500,-44.314945411472,False,False,15.440137147235504
-1452500.0,-1212500.0,1500,-44.43571551483387,False,False,15.439953289635124
-1447500.0,-1212500.0,1500,-43.88084420484116,False,False,15.439714625256872
-1442500.0,-1212500.0,1500,-42.76801912811063,False,False,15.439415963267164
-1437500.0,-1212500.0,1500,-40.94434746083597,False,False,15.439057608383907
-1432500.0,-1212500.0,1500,-36.384451369312316,False,False,15.43864626195911
-1427500.0,-1212500.0,1500,-29.207941812905364,False,False,15.438191751701659
-1422500.0,-1212500.0,1500,-20.63297654479696,False,False,15.437696765967758
-1417500.0,-1212500.0,1500,-12.080655579918597,False,False,15.43716538959745
-1412500.0,-1212500.0,1500,-5.405189148279398,False,False,15.436576295242384
-1407500.0,-1212500.0,1500,-0.24830595409011583,False,False,15.435936322227306
-1402500.0,-1212500.0,1500,4.493792033108271,False,False,15.43526287153892
-1397500.0,-1212500.0,1500,8.813795644309035,False,False,15.434553239366345
-1392500.0,-1212500.0,1500,13.086298061303422,False,False,15.43377603224857
-1387500.0,-1212500.0,1500,17.990923073055374,False,False,15.43287948741392
-1382500.0,-1212500.0,1500,23.106069645894422,False,False,15.431811411162435
-1377500.0,-1212500.0,1500,26.858585149029118,False,False,15.430527703874876
-1372500.0,-1212500.0,1500,28.603569919069237,False,False,15.428993354770029
-1367500.0,-1212500.0,1500,28.673022960245834,False,False,15.427170096383506
-1362500.0,-1212500.0,1500,26.879463319772057,False,False,15.425083320332647
-1357500.0,-1212500.0,1500,24.275201701541768,False,False,15.422754393802562
-1352500.0,-1212500.0,1500,21.706989474847756,False,False,15.420221582924524
-1347500.0,-1212500.0,1500,19.396258081896665,False,False,15.4175420180968
-1342500.0,-1212500.0,1500,17.078420004660806,False,False,15.414670443955442
-1337500.0,-1212500.0,1500,14.97902570241387,False,False,15.411598122379878
-1332500.0,-1212500.0,1500,13.690898198710855,False,False,15.408198626060155
-1327500.0,-1212500.0,1500,12.894920967252888,False,False,15.404205674636167
-1322500.0,-1212500.0,1500,13.76153013866234,False,False,15.399325700525408
-1317500.0,-1212500.0,1500,15.764765391165112,False,False,15.393293277160108
-1312500.0,-1212500.0,1500,16.666706146942648,False,False,15.38582052157313
-1307500.0,-1212500.0,1500,17.238780286417693,False,False,15.376653830610998
-1302500.0,-1212500.0,1500,17.406145489512753,False,False,15.365681171016869
-1297500.0,-1212500.0,1500,16.709840977311202,False,False,15.352844304411494
-1292500.0,-1212500.0,1500,17.018532435321188,False,False,15.338161444533462
-1287500.0,-1212500.0,1500,17.18148369754252,False,False,15.321784379851245
-1282500.0,-1212500.0,1500,16.523777099671086,False,False,15.303854317815876
-1277500.0,-1212500.0,1500,16.378495295527255,False,False,15.284732024680427
-1272500.0,-1212500.0,1500,16.040681199489345,False,False,15.264759731624524
-1267500.0,-1212500.0,1500,15.16415292736519,False,False,15.244569813003654
-1262500.0,-1212500.0,1500,14.60855063835179,False,False,15.225099771308225
-1257500.0,-1212500.0,1500,13.857390056195692,False,False,15.20686102618579
-1252500.0,-1212500.0,1500,12.090970171474382,False,False,15.190492958993651
-1247500.0,-1212500.0,1500,9.602067261212047,False,False,15.17626748162212
-1242500.0,-1212500.0,1500,6.180015755603288,False,False,15.163239209664274
-1237500.0,-1212500.0,1500,2.5455677947449846,False,False,15.149827511062771
-1232500.0,-1212500.0,1500,0.10179151177669055,False,False,15.133947854524262
-1227500.0,-1212500.0,1500,-2.242481318115208,False,False,15.112404368928127
-1222500.0,-1212500.0,1500,-5.731507154304589,False,False,15.082138242227723
-1217500.0,-1212500.0,1500,-8.923639361291176,False,False,15.040520126778246
-1212500.0,-1212500.0,1500,-11.206831621774988,False,False,14.98617270258855
-1207500.0,-1212500.0,1500,-14.5274991719214,False,False,14.918681405089691
-1202500.0,-1212500.0,1500,-16.599654104232663,False,False,14.840677913365647
-1197500.0,-1212500.0,1500,-13.50886584062095,False,False,14.753496769191205
-1192500.0,-1212500.0,1500,-12.147471362830247,False,False,14.643771409809789
-1187500.0,-1212500.0,1500,-17.190066062409223,False,False,14.480436036079386
-1182500.0,-1212500.0,1500,-25.317486619691493,False,False,14.235123309412621
-1177500.0,-1212500.0,1500,-30.06268246197853,False,True,13.903022703447856
-1172500.0,-1212500.0,1500,-29.058929696437563,False,True,13.61620046046717
-1167500.0,-1212500.0,1500,-27.593473726791427,False,True,13.632095368679334
-1162500.0,-1212500.0,1500,-27.516834833431876,False,True,13.930624867358333
-1157500.0,-1212500.0,1500,-27.881429925615087,False,True,14.187090753881966
-1152500.0,-1212500.0,1500,-28.90909744184765,False,True,14.240572096696983
-1597500.0,-1207500.0,1500,-55.50811805115882,False,False,15.438002168547083
-1592500.0,-1207500.0,1500,-57.597939380554024,False,False,15.438104987759809
-1587500.0,-1207500.0,1500,-59.32274281578999,False,False,15.438213210595537
-1582500.0,-1207500.0,1500,-60.796899623021375,False,False,15.438324797536495
-1577500.0,-1207500.0,1500,-63.10101274443702,False,False,15.438438380331448
-1572500.0,-1207500.0,1500,-65.20226169494624,False,False,15.438554609399855
-1567500.0,-1207500.0,1500,-66.38079675842512,False,False,15.438674803218987
-1562500.0,-1207500.0,1500,-67.28505944426288,False,False,15.438782679139617
-1557500.0,-1207500.0,1500,-67.57612557018207,False,False,15.438861943313832
-1552500.0,-1207500.0,1500,-67.00744580798455,False,False,15.438922006134847
-1547500.0,-1207500.0,1500,-66.19680694806475,False,False,15.438964835738261
-1542500.0,-1207500.0,1500,-65.30190736648662,False,False,15.43901135031832
-1537500.0,-1207500.0,1500,-63.800758569349085,False,False,15.439077079124054
-1532500.0,-1207500.0,1500,-62.424465293164985,False,False,15.439159299438897
-1527500.0,-1207500.0,1500,-61.215808414073,False,False,15.439261421443064
-1522500.0,-1207500.0,1500,-59.26860320926444,False,False,15.439379451170112
-1517500.0,-1207500.0,1500,-57.73966916576587,False,False,15.439514893859139
-1512500.0,-1207500.0,1500,-56.44339506512965,False,False,15.43965579218647
-1507500.0,-1207500.0,1500,-54.71305669057853,False,False,15.439798278232198
-1502500.0,-1207500.0,1500,-53.57072277683506,False,False,15.439939195147993
-1497500.0,-1207500.0,1500,-52.7458476757834,False,False,15.44007525963747
-1492500.0,-1207500.0,1500,-51.56348121776452,False,False,15.440190294301281
-1487500.0,-1207500.0,1500,-50.39671048095775,False,False,15.440225425389587
-1482500.0,-1207500.0,1500,-49.50144161001033,False,False,15.440186905104762
-1477500.0,-1207500.0,1500,-48.25052648526189,False,False,15.440110141014808
-1472500.0,-1207500.0,1500,-47.19511989052666,False,False,15.440019063961358
-1467500.0,-1207500.0,1500,-46.801971281479226,False,False,15.439902928563285
-1462500.0,-1207500.0,1500,-46.03070373355632,False,False,15.439748180717944
-1457500.0,-1207500.0,1500,-45.4071493359034,False,False,15.43954261735173
-1452500.0,-1207500.0,1500,-45.18126408132935,False,False,15.439272184887011
-1447500.0,-1207500.0,1500,-44.44035372591694,False,False,15.438932924144071
-1442500.0,-1207500.0,1500,-43.303778740744924,False,False,15.438526425704062
-1437500.0,-1207500.0,1500,-41.17880220295478,False,False,15.43805552862247
-1432500.0,-1207500.0,1500,-36.53574704698316,False,False,15.437529936132439
-1427500.0,-1207500.0,1500,-28.464671069724382,False,False,15.436965140322869
-1422500.0,-1207500.0,1500,-17.637410189149826,False,False,15.4363597601557
-1417500.0,-1207500.0,1500,-6.552425946570312,False,False,15.435716104667975
-1412500.0,-1207500.0,1500,2.680914013215976,False,False,15.435025984346057
-1407500.0,-1207500.0,1500,10.190231781845458,False,False,15.434296903544785
-1402500.0,-1207500.0,1500,16.83783515448815,False,False,15.433540180768851
-1397500.0,-1207500.0,1500,22.828716702444503,False,False,15.4327337359003
-1392500.0,-1207500.0,1500,28.22393478969323,False,False,15.431819784202418
-1387500.0,-1207500.0,1500,33.02828378476552,False,False,15.430733221670382
-1382500.0,-1207500.0,1500,36.802463776681094,False,False,15.429400827462308
-1377500.0,-1207500.0,1500,38.25577209015471,False,False,15.427743973115847
-1372500.0,-1207500.0,1500,37.51223537896737,False,False,15.42574019645445
-1367500.0,-1207500.0,1500,35.71268083773459,False,False,15.42338675560029
-1362500.0,-1207500.0,1500,32.86380719751606,False,False,15.420684584429738
-1357500.0,-1207500.0,1500,29.562049438953064,False,False,15.417700941825398
-1352500.0,-1207500.0,1500,26.822470592709145,False,False,15.414459611248523
-1347500.0,-1207500.0,1500,24.416274833355757,False,False,15.410993828169147
-1342500.0,-1207500.0,1500,21.512122971845827,False,False,15.40727260609013
-1337500.0,-1207500.0,1500,18.942851897500244,False,False,15.403114788579462
-1332500.0,-1207500.0,1500,16.867409516010344,False,False,15.398294547944719
-1327500.0,-1207500.0,1500,15.056507391567495,False,False,15.39260837791974
-1322500.0,-1207500.0,1500,14.452717673422672,False,False,15.385766183855546
-1317500.0,-1207500.0,1500,14.14576014658304,False,False,15.377445016840303
-1312500.0,-1207500.0,1500,13.833044078410113,False,False,15.367366507318161
-1307500.0,-1207500.0,1500,13.916328180285895,False,False,15.35530589438118
-1302500.0,-1207500.0,1500,13.875344870279612,False,False,15.341144340853651
-1297500.0,-1207500.0,1500,13.758829870416982,False,False,15.324920037631646
-1292500.0,-1207500.0,1500,13.830396639826496,False,False,15.306766433834486
-1287500.0,-1207500.0,1500,13.719809351317135,False,False,15.286902503112817
-1282500.0,-1207500.0,1500,13.045566719785644,False,False,15.265688230558736
-1277500.0,-1207500.0,1500,12.491365617198706,False,False,15.24356600522979
-1272500.0,-1207500.0,1500,12.073359837764569,False,False,15.221241511010424
-1267500.0,-1207500.0,1500,11.440493888872602,False,False,15.199427180289149
-1262500.0,-1207500.0,1500,10.940789689122656,False,False,15.17916214935093
-1257500.0,-1207500.0,1500,10.3079792591715,False,False,15.16129431156517
-1252500.0,-1207500.0,1500,8.957517812459672,False,False,15.145986789483455
-1247500.0,-1207500.0,1500,6.790238824782137,False,False,15.13287574032168
-1242500.0,-1207500.0,1500,3.249512386952607,False,False,15.120181268775095
-1237500.0,-1207500.0,1500,-1.2406261583889209,False,False,15.10447294786212
-1232500.0,-1207500.0,1500,-4.904079917546175,False,False,15.081886089308748
-1227500.0,-1207500.0,1500,-7.989487930174617,False,False,15.047530390245438
-1222500.0,-1207500.0,1500,-11.447212879275622,False,False,14.995126436009295
-1217500.0,-1207500.0,1500,-14.108692874852627,False,False,14.919672873231361
-1212500.0,-1207500.0,1500,-15.721097339952003,False,False,14.815449286135735
-1207500.0,-1207500.0,1500,-17.65275879168873,False,False,14.682306330037257
-1202500.0,-1207500.0,1500,-18.264992101512693,False,False,14.529204126209692
-1197500.0,-1207500.0,1500,-15.597061056134766,False,False,14.3692405300777
-1192500.0,-1207500.0,1500,-14.582025724844126,False,False,14.185267635641285
-1187500.0,-1207500.0,1500,-18.49785152875172,False,False,13.891108467907234
-1182500.0,-1207500.0,1500,-24.902215398734054,False,True,13.36113760133981
-1177500.0,-1207500.0,1500,-29.797265297274937,False,True,12.551434537323303
-1172500.0,-1207500.0,1500,-32.12925355851146,False,True,11.743268973706115
-1167500.0,-1207500.0,1500,-33.024611443870846,False,True,11.889039702572592
-1162500.0,-1207500.0,1500,-32.00526433643053,False,True,12.882786428773935
-1157500.0,-1207500.0,1500,-30.089663443025078,False,True,13.491871393759773
-1152500.0,-1207500.0,1500,-29.219924686137812,False,True,13.399910612446096
-1597500.0,-1202500.0,1500,-54.52544632200679,False,False,15.437799879527716
-1592500.0,-1202500.0,1500,-56.1885900417541,False,False,15.43791011765299
-1587500.0,-1202500.0,1500,-57.838635383102115,False,False,15.43802506832113
-1582500.0,-1202500.0,1500,-59.26986080824806,False,False,15.438140653095116
-1577500.0,-1202500.0,1500,-61.628971948102595,False,False,15.438257521056455
-1572500.0,-1202500.0,1500,-64.10221051993716,False,False,15.438377665357253
-1567500.0,-1202500.0,1500,-65.91993471105418,False,False,15.438501715409917
-1562500.0,-1202500.0,1500,-67.71075762849598,False,False,15.438599845502582
-1557500.0,-1202500.0,1500,-69.0324552700057,False,False,15.438644938469581
-1552500.0,-1202500.0,1500,-68.97169921161766,False,False,15.438676181803466
-1547500.0,-1202500.0,1500,-68.65882764023797,False,False,15.438713828029433
-1542500.0,-1202500.0,1500,-68.09362785494724,False,False,15.438761907119595
-1537500.0,-1202500.0,1500,-66.71855038793716,False,False,15.438829194546926
-1532500.0,-1202500.0,1500,-65.60622264326308,False,False,15.438913687078395
-1527500.0,-1202500.0,1500,-64.36551609380884,False,False,15.439020184961997
-1522500.0,-1202500.0,1500,-62.69965998212302,False,False,15.43914274383178
-1517500.0,-1202500.0,1500,-61.347673836169065,False,False,15.439280198114876
-1512500.0,-1202500.0,1500,-60.112376644644804,False,False,15.439423338777598
-1507500.0,-1202500.0,1500,-58.704881660000254,False,False,15.43957109645865
-1502500.0,-1202500.0,1500,-57.5657555394287,False,False,15.439713335704411
-1497500.0,-1202500.0,1500,-56.763391214513895,False,False,15.439827341240601
-1492500.0,-1202500.0,1500,-55.24838411131435,False,False,15.439898356423953
-1487500.0,-1202500.0,1500,-53.54369199237737,False,False,15.439883780068602
-1482500.0,-1202500.0,1500,-52.1758987519429,False,False,15.43980228905292
-1477500.0,-1202500.0,1500,-50.4780185543662,False,False,15.439684868428941
-1472500.0,-1202500.0,1500,-49.15622903549953,False,False,15.439546904312833
-1467500.0,-1202500.0,1500,-48.25275849444424,False,False,15.43937658230061
-1462500.0,-1202500.0,1500,-47.27119479750864,False,False,15.439149712372382
-1457500.0,-1202500.0,1500,-46.38833605495049,False,False,15.438855578068367
-1452500.0,-1202500.0,1500,-45.40964815984527,False,False,15.438484851016971
-1447500.0,-1202500.0,1500,-44.2220501778391,False,False,15.438031384685123
-1442500.0,-1202500.0,1500,-42.18904640892643,False,False,15.437505399389039
-1437500.0,-1202500.0,1500,-38.34725955295656,False,False,15.43691721464473
-1432500.0,-1202500.0,1500,-32.276124229046395,False,False,15.436273945701695
-1427500.0,-1202500.0,1500,-22.578605304370083,False,False,15.435585490082612
-1422500.0,-1202500.0,1500,-9.820261558169422,False,False,15.43486445106188
-1417500.0,-1202500.0,1500,2.998426582638514,False,False,15.43411936559212
-1412500.0,-1202500.0,1500,14.325253692494712,False,False,15.433340662114084
-1407500.0,-1202500.0,1500,23.456231527701956,False,False,15.43254086236317
-1402500.0,-1202500.0,1500,30.891109215930204,False,False,15.431709238131342
-1397500.0,-1202500.0,1500,36.47581000334135,False,False,15.43078886521598
-1392500.0,-1202500.0,1500,39.67296957195975,False,False,15.429690036441354
-1387500.0,-1202500.0,1500,41.24105068985042,False,False,15.428310139366776
-1382500.0,-1202500.0,1500,41.44147453981354,False,False,15.42657793204737
-1377500.0,-1202500.0,1500,39.8585633410965,False,False,15.424428200553796
-1372500.0,-1202500.0,1500,37.00748443191902,False,False,15.421821068625718
-1367500.0,-1202500.0,1500,34.001194097513725,False,False,15.418789880972694
-1362500.0,-1202500.0,1500,30.690761548975214,False,False,15.415376288509497
-1357500.0,-1202500.0,1500,27.228538063032726,False,False,15.41158477457346
-1352500.0,-1202500.0,1500,24.41832474894191,False,False,15.407468490741817
-1347500.0,-1202500.0,1500,21.72848913516818,False,False,15.403035836226596
-1342500.0,-1202500.0,1500,18.932229304036795,False,False,15.398152957161107
-1337500.0,-1202500.0,1500,16.466462079995065,False,False,15.392684750577908
-1332500.0,-1202500.0,1500,13.95842308304977,False,False,15.386298005227673
-1327500.0,-1202500.0,1500,12.238525967907746,False,False,15.37865056621537
-1322500.0,-1202500.0,1500,11.426772463116182,False,False,15.369474654632771
-1317500.0,-1202500.0,1500,10.628319440806745,False,False,15.358510750283493
-1312500.0,-1202500.0,1500,10.381679327321367,False,False,15.34550249911551
-1307500.0,-1202500.0,1500,10.369522959214832,False,False,15.330263587011007
-1302500.0,-1202500.0,1500,10.286246124735563,False,False,15.312756374910931
-1297500.0,-1202500.0,1500,10.415534126300168,False,False,15.293030594321559
-1292500.0,-1202500.0,1500,10.097793802588964,False,False,15.27130705204263
-1287500.0,-1202500.0,1500,9.698381212732288,False,False,15.247926422771899
-1282500.0,-1202500.0,1500,9.192205143588568,False,False,15.223365183403066
-1277500.0,-1202500.0,1500,8.566047730432773,False,False,15.198556777780585
-1272500.0,-1202500.0,1500,8.309413287455682,False,False,15.174431748225713
-1267500.0,-1202500.0,1500,7.931677275445169,False,False,15.151759492976542
-1262500.0,-1202500.0,1500,7.520256447121451,False,False,15.131597044364906
-1257500.0,-1202500.0,1500,7.117783935814116,False,False,15.11473573848681
-1252500.0,-1202500.0,1500,6.077261981447282,False,False,15.100623658643372
-1247500.0,-1202500.0,1500,3.9960658988170428,False,False,15.087772077177329
-1242500.0,-1202500.0,1500,0.3601876254079298,False,False,15.072873022498143
-1237500.0,-1202500.0,1500,-4.469382104775349,False,False,15.050594336988532
-1232500.0,-1202500.0,1500,-9.14383890633062,False,False,15.014500666749786
-1227500.0,-1202500.0,1500,-13.206331613396674,False,False,14.956573500320353
-1222500.0,-1202500.0,1500,-16.888516274072348,False,False,14.866416377581764
-1217500.0,-1202500.0,1500,-19.3682012395859,False,False,14.730176367136675
-1212500.0,-1202500.0,1500,-20.29548915856854,False,False,14.533581199235643
-1207500.0,-1202500.0,1500,-20.98188458444836,False,False,14.261796558133529
-1202500.0,-1202500.0,1500,-20.489454375345925,False,True,13.937540446670923
-1197500.0,-1202500.0,1500,-18.32159871295007,False,False,13.632124452069325
-1192500.0,-1202500.0,1500,-16.8169770904211,False,False,13.335499213865557
-1187500.0,-1202500.0,1500,-17.68058855738757,False,False,12.756994793391616
-1182500.0,-1202500.0,1500,-21.19427942108721,False,True,11.609531889721074
-1177500.0,-1202500.0,1500,-25.965076420619706,False,True,9.75686035922863
-1172500.0,-1202500.0,1500,-32.324355584511004,False,True,7.783972022042071
-1167500.0,-1202500.0,1500,-36.404927819854194,False,True,8.794939048421806
-1162500.0,-1202500.0,1500,-34.80756782671322,False,True,11.560429268720906
-1157500.0,-1202500.0,1500,-32.04135429119034,False,True,12.546067320721606
-1152500.0,-1202500.0,1500,-28.248040624072132,False,True,12.034263938647813
-1597500.0,-1197500.0,1500,-53.387464545187996,False,False,15.437584714641611
-1592500.0,-1197500.0,1500,-54.2784067140529,False,False,15.437700995122158
-1587500.0,-1197500.0,1500,-55.838539386499384,False,False,15.437821284921386
-1582500.0,-1197500.0,1500,-57.22718576214368,False,False,15.437941495132645
-1577500.0,-1197500.0,1500,-59.34140364868806,False,False,15.438058203304289
-1572500.0,-1197500.0,1500,-62.25400942127604,False,False,15.438170683084328
-1567500.0,-1197500.0,1500,-64.64071190468137,False,False,15.438277532244069
-1562500.0,-1197500.0,1500,-67.37727553469999,False,False,15.438355696890298
-1557500.0,-1197500.0,1500,-69.78515683324092,False,False,15.438383474433483
-1552500.0,-1197500.0,1500,-70.73920105041645,False,False,15.43840277897278
-1547500.0,-1197500.0,1500,-71.10756144130694,False,False,15.438436595627785
-1542500.0,-1197500.0,1500,-70.93650696872287,False,False,15.438484918782798
-1537500.0,-1197500.0,1500,-70.05731800679185,False,False,15.438554541321992
-1532500.0,-1197500.0,1500,-68.93477988579048,False,False,15.438642798441446
-1527500.0,-1197500.0,1500,-67.87161483351278,False,False,15.438753197811124
-1522500.0,-1197500.0,1500,-66.43906519127937,False,False,15.438877138402493
-1517500.0,-1197500.0,1500,-65.01672755835483,False,False,15.439014915376308
-1512500.0,-1197500.0,1500,-64.1108193860895,False,False,15.439161331101943
-1507500.0,-1197500.0,1500,-62.98693078126484,False,False,15.439317839184135
-1502500.0,-1197500.0,1500,-62.01290262562207,False,False,15.43946248445907
-1497500.0,-1197500.0,1500,-61.15689342393148,False,False,15.439532935012947
-1492500.0,-1197500.0,1500,-59.519576210311804,False,False,15.43952368553275
-1487500.0,-1197500.0,1500,-57.362537738855146,False,False,15.439448396962414
-1482500.0,-1197500.0,1500,-55.09360732041122,False,False,15.439334974727812
-1477500.0,-1197500.0,1500,-52.923462049227304,False,False,15.43918640048675
-1472500.0,-1197500.0,1500,-50.952015454148096,False,False,15.438999802960655
-1467500.0,-1197500.0,1500,-49.49232476719105,False,False,15.43876095838987
-1462500.0,-1197500.0,1500,-48.285852066583914,False,False,15.438450420247035
-1457500.0,-1197500.0,1500,-46.441675313145396,False,False,15.438052462938291
-1452500.0,-1197500.0,1500,-44.36806129532702,False,False,15.437566511164402
-1447500.0,-1197500.0,1500,-41.74784994178846,False,False,15.436992642194099
-1442500.0,-1197500.0,1500,-37.28814171128771,False,False,15.436345204726878
-1437500.0,-1197500.0,1500,-30.671871980183454,False,False,15.435636528051575
-1432500.0,-1197500.0,1500,-21.65640344496002,False,False,15.434871729463024
-1427500.0,-1197500.0,1500,-9.717403329366926,False,False,15.43406465570361
-1422500.0,-1197500.0,1500,4.142548317412816,False,False,15.43322809021431
-1417500.0,-1197500.0,1500,17.359250149689785,False,False,15.432395898398115
-1412500.0,-1197500.0,1500,28.198099511940345,False,False,15.431557592225635
-1407500.0,-1197500.0,1500,36.04940246363726,False,False,15.430699836626093
-1402500.0,-1197500.0,1500,40.78767840277467,False,False,15.429772633960225
-1397500.0,-1197500.0,1500,42.82679277097668,False,False,15.428684843523156
-1392500.0,-1197500.0,1500,42.67340188601349,False,False,15.427314977868534
-1387500.0,-1197500.0,1500,41.15928140187611,False,False,15.425543359181157
-1382500.0,-1197500.0,1500,39.27586600375517,False,False,15.423276167767265
-1377500.0,-1197500.0,1500,36.53635528260553,False,False,15.42047288936634
-1372500.0,-1197500.0,1500,33.27426635329715,False,False,15.417156593572527
-1367500.0,-1197500.0,1500,30.15412806271755,False,False,15.41332056748344
-1362500.0,-1197500.0,1500,26.739015477937674,False,False,15.409026340866898
-1357500.0,-1197500.0,1500,23.559230813355555,False,False,15.404322062304407
-1352500.0,-1197500.0,1500,20.519708233750066,False,False,15.399170032703326
-1347500.0,-1197500.0,1500,17.66772405097805,False,False,15.393606615536545
-1342500.0,-1197500.0,1500,15.254951311704783,False,False,15.387407681758932
-1337500.0,-1197500.0,1500,12.595216246247322,False,False,15.380279668312058
-1332500.0,-1197500.0,1500,10.311868687297242,False,False,15.372037816854665
-1327500.0,-1197500.0,1500,8.667215745799615,False,False,15.362351435818573
-1322500.0,-1197500.0,1500,7.39229086684585,False,False,15.350822327976669
-1317500.0,-1197500.0,1500,6.973553714015476,False,False,15.337161640079804
-1312500.0,-1197500.0,1500,6.786808636587781,False,False,15.321172405114805
-1307500.0,-1197500.0,1500,6.663750783014514,False,False,15.30270926931342
-1302500.0,-1197500.0,1500,6.778610177698202,False,False,15.281758729939387
-1297500.0,-1197500.0,1500,6.41258009258408,False,False,15.25845767075231
-1292500.0,-1197500.0,1500,5.614651805029415,False,False,15.233029894434512
-1287500.0,-1197500.0,1500,4.8627053791309445,False,False,15.206200718591644
-1282500.0,-1197500.0,1500,4.43363571260646,False,False,15.178942263538792
-1277500.0,-1197500.0,1500,4.411453288588486,False,False,15.15205518590515
-1272500.0,-1197500.0,1500,4.676610816702669,False,False,15.126646928080541
-1267500.0,-1197500.0,1500,4.641943075928957,False,False,15.103908299403278
-1262500.0,-1197500.0,1500,3.9454935606985826,False,False,15.084544363774992
-1257500.0,-1197500.0,1500,3.6388626564870474,False,False,15.068525610337057
-1252500.0,-1197500.0,1500,3.030289586040984,False,False,15.054548818351527
-1247500.0,-1197500.0,1500,0.6306919075436465,False,False,15.03919950099936
-1242500.0,-1197500.0,1500,-3.255584465342327,False,False,15.017566665713556
-1237500.0,-1197500.0,1500,-7.894766526688782,False,False,14.981626889704486
-1232500.0,-1197500.0,1500,-12.724118725298503,False,False,14.921618528056065
-1227500.0,-1197500.0,1500,-17.246512839912373,False,False,14.824304504271577
-1222500.0,-1197500.0,1500,-20.933850026968535,False,False,14.670372199465048
-1217500.0,-1197500.0,1500,-23.606638383492697,False,False,14.432730417522102
-1212500.0,-1197500.0,1500,-24.49903947771084,False,True,14.065890094979725
-1207500.0,-1197500.0,1500,-24.348401950899397,False,True,13.52103711828788
-1202500.0,-1197500.0,1500,-24.334134656829296,False,True,12.796600330120839
-1197500.0,-1197500.0,1500,-22.81430775574856,False,True,12.14415293088567
-1192500.0,-1197500.0,1500,-17.645745309287392,False,True,11.71828428128584
-1187500.0,-1197500.0,1500,-14.01655946471497,False,True,10.679764042547998
-1182500.0,-1197500.0,1500,-13.306777335798415,False,True,8.343920161191715
-1177500.0,-1197500.0,1500,-13.825407703990948,False,True,6.0845413812441596
-1172500.0,-1197500.0,1500,-23.387302425941545,False,True,5.622264688282969
-1167500.0,-1197500.0,1500,-34.7582643502336,True,True,8.034645734584512
-1162500.0,-1197500.0,1500,-36.0224413636401,True,True,10.867363057764022
-1157500.0,-1197500.0,1500,-32.68077912852466,False,True,11.471294501103035
-1152500.0,-1197500.0,1500,-27.670444533755926,False,True,10.438654079977091
-1597500.0,-1192500.0,1500,-51.83749670091264,False,False,15.437360022546786
-1592500.0,-1192500.0,1500,-52.06443586126,False,False,15.437481632546227
-1587500.0,-1192500.0,1500,-52.97780119100613,False,False,15.437605181737123
-1582500.0,-1192500.0,1500,-54.149741907919726,False,False,15.437727922579786
-1577500.0,-1192500.0,1500,-55.91486000716372,False,False,15.437841691328469
-1572500.0,-1192500.0,1500,-59.00029029512778,False,False,15.437935612805187
-1567500.0,-1192500.0,1500,-62.609033446432946,False,False,15.43800557774393
-1562500.0,-1192500.0,1500,-66.15842491098714,False,False,15.438056284200483
-1557500.0,-1192500.0,1500,-69.65760316865884,False,False,15.438079596151866
-1552500.0,-1192500.0,1500,-72.20592260685486,False,False,15.438099843852545
-1547500.0,-1192500.0,1500,-73.29404078425067,False,False,15.438134628508914
-1542500.0,-1192500.0,1500,-73.9725246736717,False,False,15.438185333434795
-1537500.0,-1192500.0,1500,-73.69248479272923,False,False,15.438258094042611
-1532500.0,-1192500.0,1500,-72.47617078582299,False,False,15.438348982445861
-1527500.0,-1192500.0,1500,-71.61156455772857,False,False,15.438460194978711
-1522500.0,-1192500.0,1500,-70.39790487576566,False,False,15.438584518626314
-1517500.0,-1192500.0,1500,-69.02328622214412,False,False,15.438724898715266
-1512500.0,-1192500.0,1500,-68.20603796378055,False,False,15.438874676251796
-1507500.0,-1192500.0,1500,-67.5367330775697,False,False,15.439024571105051
-1502500.0,-1192500.0,1500,-66.80695556213186,False,False,15.439145544152638
-1497500.0,-1192500.0,1500,-66.03404336570166,False,False,15.439164447497983
-1492500.0,-1192500.0,1500,-64.66712258664062,False,False,15.439089134838369
-1487500.0,-1192500.0,1500,-61.94293720709643,False,False,15.438960089202123
-1482500.0,-1192500.0,1500,-58.79987766777672,False,False,15.43880554407593
-1477500.0,-1192500.0,1500,-55.711136288656085,False,False,15.438611903804096
-1472500.0,-1192500.0,1500,-52.64618639096905,False,False,15.43836316419766
-1467500.0,-1192500.0,1500,-50.652939941211955,False,False,15.438040598433417
-1462500.0,-1192500.0,1500,-48.78551327137971,False,False,15.437628949739093
-1457500.0,-1192500.0,1500,-45.56607886386076,False,False,15.437119558562733
-1452500.0,-1192500.0,1500,-41.466369206347565,False,False,15.436510937412937
-1447500.0,-1192500.0,1500,-35.71672899981824,False,False,15.435814589812153
-1442500.0,-1192500.0,1500,-27.347637481674735,False,False,15.435043071481
-1437500.0,-1192500.0,1500,-17.061607446925443,False,False,15.434214494752695
-1432500.0,-1192500.0,1500,-4.883659738664748,False,False,15.433331808747045
-1427500.0,-1192500.0,1500,8.95863083812551,False,False,15.432415960844963
-1422500.0,-1192500.0,1500,22.32909947696567,False,False,15.431496767610588
-1417500.0,-1192500.0,1500,33.022562877837984,False,False,15.430595708512659
-1412500.0,-1192500.0,1500,39.64166567267531,False,False,15.429708983558491
-1407500.0,-1192500.0,1500,42.74047560767326,False,False,15.428787334265348
-1402500.0,-1192500.0,1500,43.104734249645894,False,False,15.427730606600024
-1397500.0,-1192500.0,1500,41.78136133066839,False,False,15.426391832193028
-1392500.0,-1192500.0,1500,40.05087513427798,False,False,15.424639223377419
-1387500.0,-1192500.0,1500,37.72983051116571,False,False,15.422334500356643
-1382500.0,-1192500.0,1500,35.14753482316372,False,False,15.419418290915267
-1377500.0,-1192500.0,1500,32.239317265454105,False,False,15.415854775219758
-1372500.0,-1192500.0,1500,28.895445915901938,False,False,15.411665879369552
-1367500.0,-1192500.0,1500,25.564586794331625,False,False,15.4069244616244
-1362500.0,-1192500.0,1500,22.38818898521619,False,False,15.401623922712396
-1357500.0,-1192500.0,1500,19.238740924533747,False,False,15.395825143755067
-1352500.0,-1192500.0,1500,16.036244168781266,False,False,15.389541827176611
-1347500.0,-1192500.0,1500,13.469407555439256,False,False,15.382704892965217
-1342500.0,-1192500.0,1500,11.019951448031879,False,False,15.375083142530864
-1337500.0,-1192500.0,1500,8.283726546131723,False,False,15.3663476070613
-1332500.0,-1192500.0,1500,6.44802672105201,False,False,15.356147775526892
-1327500.0,-1192500.0,1500,4.760358710992957,False,False,15.344260281049406
-1322500.0,-1192500.0,1500,3.285352973439209,False,False,15.330413544325214
-1317500.0,-1192500.0,1500,2.9383112063652974,False,False,15.314232521567511
-1312500.0,-1192500.0,1500,2.8082837809873338,False,False,15.295443357684922
-1307500.0,-1192500.0,1500,2.533660844859549,False,False,15.273872266085878
-1302500.0,-1192500.0,1500,2.5811493720162106,False,False,15.249477318592303
-1297500.0,-1192500.0,1500,2.108855428582072,False,False,15.22252724738034
-1292500.0,-1192500.0,1500,1.0634328093398886,False,False,15.193736532654146
-1287500.0,-1192500.0,1500,0.41956952911363354,False,False,15.164050308078455
-1282500.0,-1192500.0,1500,-0.0024687582070549996,False,False,15.134502167683394
-1277500.0,-1192500.0,1500,0.10784918153767398,False,False,15.106252340406506
-1272500.0,-1192500.0,1500,0.9726350026535344,False,False,15.080556435480299
-1267500.0,-1192500.0,1500,1.5471001190152918,False,False,15.058137541547298
-1262500.0,-1192500.0,1500,0.7748327921340566,False,False,15.0391667981343
-1257500.0,-1192500.0,1500,0.08618489846243627,False,False,15.022719861609865
-1252500.0,-1192500.0,1500,-0.2277257509397695,False,False,15.005792645239525
-1247500.0,-1192500.0,1500,-2.6600790897256874,False,False,14.983397129204475
-1242500.0,-1192500.0,1500,-6.944904355744058,False,False,14.94740719662334
-1237500.0,-1192500.0,1500,-11.636439478521726,False,False,14.887182545749916
-1232500.0,-1192500.0,1500,-16.54482774069129,False,False,14.786812346562765
-1227500.0,-1192500.0,1500,-20.69129976951028,False,False,14.624379228495272
-1222500.0,-1192500.0,1500,-23.543344610723388,False,True,14.364738667009568
-1217500.0,-1192500.0,1500,-25.452375302420883,False,True,13.951171686525036
-1212500.0,-1192500.0,1500,-25.69273126534791,False,True,13.29632650433093
-1207500.0,-1192500.0,1500,-25.4867081955476,False,True,12.266709919346797
-1202500.0,-1192500.0,1500,-27.02116170621141,False,True,10.82580606319829
-1197500.0,-1192500.0,1500,-26.86926751386086,False,True,9.471437677059848
-1192500.0,-1192500.0,1500,-20.589419013553734,False,True,8.857205387347367
-1187500.0,-1192500.0,1500,-15.080416419710957,False,True,7.375629285550032
-1182500.0,-1192500.0,1500,-11.426698191977716,False,True,5.255141720044017
-1177500.0,-1192500.0,1500,-4.260585847788312,False,True,4.896005160204657
-1172500.0,-1192500.0,1500,-7.886516323694628,False,True,6.6166858730158715
-1167500.0,-1192500.0,1500,-23.35599416917885,False,True,8.964146911697101
-1162500.0,-1192500.0,1500,-31.461902102039556,False,True,10.116772894366543
-1157500.0,-1192500.0,1500,-30.217817534605903,False,True,9.804667390587763
-1152500.0,-1192500.0,1500,-26.42139885136603,False,True,8.35238224899505
-1597500.0,-1187500.0,1500,-50.00676473098473,False,False,15.43712440839013
-1592500.0,-1187500.0,1500,-49.52091443304681,False,False,15.437249265497558
-1587500.0,-1187500.0,1500,-49.270838598566755,False,False,15.437371954721508
-1582500.0,-1187500.0,1500,-49.86920043483614,False,False,15.437490396228137
-1577500.0,-1187500.0,1500,-50.87062147675111,False,False,15.437593718934533
-1572500.0,-1187500.0,1500,-53.894798363615514,False,False,15.437664294371121
-1567500.0,-1187500.0,1500,-58.83974563213963,False,False,15.437699386559581
-1562500.0,-1187500.0,1500,-63.75105213444187,False,False,15.437726030365729
-1557500.0,-1187500.0,1500,-68.99651650818045,False,False,15.437745577606393
-1552500.0,-1187500.0,1500,-73.24810813505425,False,False,15.437768210703227
-1547500.0,-1187500.0,1500,-75.58959900021999,False,False,15.437805443717469
-1542500.0,-1187500.0,1500,-77.17887981060684,False,False,15.437858029666533
-1537500.0,-1187500.0,1500,-77.47584003480613,False,False,15.437932830384682
-1532500.0,-1187500.0,1500,-76.21833718755279,False,False,15.438025241763615
-1527500.0,-1187500.0,1500,-75.10850018198775,False,False,15.43813483404302
-1522500.0,-1187500.0,1500,-74.36797489800871,False,False,15.4382597429694
-1517500.0,-1187500.0,1500,-73.04584148848173,False,False,15.43841073355382
-1512500.0,-1187500.0,1500,-72.3742967863332,False,False,15.438567712032828
-1507500.0,-1187500.0,1500,-72.17330946847662,False,False,15.438680542572682
-1502500.0,-1187500.0,1500,-71.45392016632118,False,False,15.438725079572844
-1497500.0,-1187500.0,1500,-71.34038995112493,False,False,15.43867770383538
-1492500.0,-1187500.0,1500,-70.48061077703473,False,False,15.43856283249698
-1487500.0,-1187500.0,1500,-67.47269802115541,False,False,15.438397846461871
-1482500.0,-1187500.0,1500,-63.677815781819326,False,False,15.438194246809722
-1477500.0,-1187500.0,1500,-59.240938139408925,False,False,15.437939748832958
-1472500.0,-1187500.0,1500,-54.810525125730194,False,False,15.437609813866795
-1467500.0,-1187500.0,1500,-51.739616700123214,False,False,15.437190028006116
-1462500.0,-1187500.0,1500,-48.7621544379994,False,False,15.436668989864511
-1457500.0,-1187500.0,1500,-43.686435590619354,False,False,15.436043528570597
-1452500.0,-1187500.0,1500,-36.17721224144608,False,False,15.435315553220828
-1447500.0,-1187500.0,1500,-26.10045421351222,False,False,15.434497843384415
-1442500.0,-1187500.0,1500,-13.372170654300936,False,False,15.433608416243207
-1437500.0,-1187500.0,1500,0.8351805613556,False,False,15.432656774102734
-1432500.0,-1187500.0,1500,14.990198463446436,False,False,15.431672367804854
-1427500.0,-1187500.0,1500,28.032227127096263,False,False,15.430676889282427
-1422500.0,-1187500.0,1500,37.55074454919347,False,False,15.429698560840801
-1417500.0,-1187500.0,1500,42.285517472885395,False,False,15.428765000438638
-1412500.0,-1187500.0,1500,43.357560858316596,False,False,15.427834235520315
-1407500.0,-1187500.0,1500,42.389666168357834,False,False,15.426812685187642
-1402500.0,-1187500.0,1500,40.474888032533144,False,False,15.425553316799736
-1397500.0,-1187500.0,1500,38.06681812140429,False,False,15.42387595043107
-1392500.0,-1187500.0,1500,35.95041593967484,False,False,15.421604523376207
-1387500.0,-1187500.0,1500,33.47546535018219,False,False,15.418638122196521
-1382500.0,-1187500.0,1500,30.381769789156305,False,False,15.41491785537834
-1377500.0,-1187500.0,1500,27.663509720196622,False,False,15.410464880999982
-1372500.0,-1187500.0,1500,24.350659560484523,False,False,15.405295924303285
-1367500.0,-1187500.0,1500,20.66255586733197,False,False,15.399426270873088
-1362500.0,-1187500.0,1500,17.98321597229848,False,False,15.392989440749401
-1357500.0,-1187500.0,1500,14.68454668358443,False,False,15.38604794360322
-1352500.0,-1187500.0,1500,11.474501645843624,False,False,15.378506567713174
-1347500.0,-1187500.0,1500,9.263482644411269,False,False,15.370282510097331
-1342500.0,-1187500.0,1500,6.5467166935218435,False,False,15.361151017683513
-1337500.0,-1187500.0,1500,4.089807842913983,False,False,15.350855521129276
-1332500.0,-1187500.0,1500,2.3693689615994544,False,False,15.3390679448442
-1327500.0,-1187500.0,1500,0.5671223892604762,False,False,15.325317175508996
-1322500.0,-1187500.0,1500,-0.8649215383753708,False,False,15.30932793117054
-1317500.0,-1187500.0,1500,-1.3914701792038195,False,False,15.290867459828917
-1312500.0,-1187500.0,1500,-1.552623929950875,False,False,15.269595176334953
-1307500.0,-1187500.0,1500,-1.956548751372324,False,False,15.245320863977978
-1302500.0,-1187500.0,1500,-2.075217053066872,False,False,15.218120370441897
-1297500.0,-1187500.0,1500,-2.3533723676447704,False,False,15.188439531976682
-1292500.0,-1187500.0,1500,-3.3232414896633324,False,False,15.157048494068267
-1287500.0,-1187500.0,1500,-3.5801345356083947,False,False,15.125025881333878
-1282500.0,-1187500.0,1500,-3.7298772986378053,False,False,15.093703748221094
-1277500.0,-1187500.0,1500,-4.037355108160664,False,False,15.064572136885419
-1272500.0,-1187500.0,1500,-3.0006532467185996,False,False,15.038497997427967
-1267500.0,-1187500.0,1500,-1.8871206079032787,False,False,15.01585378770633
-1262500.0,-1187500.0,1500,-2.2308444549509345,False,False,14.995742154262912
-1257500.0,-1187500.0,1500,-2.883653619360901,False,False,14.975524366742668
-1252500.0,-1187500.0,1500,-3.357207381079566,False,False,14.950585449345594
-1247500.0,-1187500.0,1500,-5.67439126132987,False,False,14.91287773172878
-1242500.0,-1187500.0,1500,-10.238735861552398,False,False,14.851421057936859
-1237500.0,-1187500.0,1500,-15.748574508260326,False,False,14.749089705549238
-1232500.0,-1187500.0,1500,-21.38077436588555,False,False,14.581949177949886
-1227500.0,-1187500.0,1500,-25.46504465150967,False,True,14.308558274188556
-1222500.0,-1187500.0,1500,-27.04592328707977,False,True,13.864792604872344
-1217500.0,-1187500.0,1500,-26.712319714700953,False,True,13.147358854728497
-1212500.0,-1187500.0,1500,-24.79443947346542,False,True,12.006470304167413
-1207500.0,-1187500.0,1500,-23.618401545926393,False,True,10.322840719451442
-1202500.0,-1187500.0,1500,-27.161863534726223,False,True,8.180103160037838
-1197500.0,-1187500.0,1500,-29.37654028388414,False,True,6.522080416973793
-1192500.0,-1187500.0,1500,-26.92881682102145,False,True,5.7235048661678585
-1187500.0,-1187500.0,1500,-23.53244898021061,False,True,5.093656164945344
-1182500.0,-1187500.0,1500,-19.056318842900364,False,True,5.294868936563475
-1177500.0,-1187500.0,1500,-10.362953353085913,False,True,5.591790473727442
-1172500.0,-1187500.0,1500,-6.599908317685191,False,True,6.201008234521176
-1167500.0,-1187500.0,1500,-11.634851105504907,False,True,7.496169672788118
-1162500.0,-1187500.0,1500,-15.01718159418474,False,True,7.484507068335017
-1157500.0,-1187500.0,1500,-21.355357837327606,False,True,6.372123666327455
-1152500.0,-1187500.0,1500,-24.085385806936035,False,True,5.341328753537083
-1597500.0,-1182500.0,1500,-48.41333928404049,False,False,15.436881872142184
-1592500.0,-1182500.0,1500,-46.706449769569744,False,False,15.437007217285615
-1587500.0,-1182500.0,1500,-45.31806717527828,False,False,15.437125601896998
-1582500.0,-1182500.0,1500,-44.601856968597936,False,False,15.437229544261145
-1577500.0,-1182500.0,1500,-44.4067811787573,False,False,15.437306154460357
-1572500.0,-1182500.0,1500,-46.90491771769594,False,False,15.437353376455118
-1567500.0,-1182500.0,1500,-52.378074782016604,False,False,15.437370525949632
-1562500.0,-1182500.0,1500,-59.449536648333655,False,False,15.437382642078871
-1557500.0,-1182500.0,1500,-67.05080655980876,False,False,15.43739718156099
-1552500.0,-1182500.0,1500,-73.608110380599,False,False,15.437418253409685
-1547500.0,-1182500.0,1500,-77.8057279615196,False,False,15.437454071013942
-1542500.0,-1182500.0,1500,-80.11712021087963,False,False,15.437506730426144
-1537500.0,-1182500.0,1500,-80.84858095861577,False,False,15.437583154660302
-1532500.0,-1182500.0,1500,-79.30508261086256,False,False,15.437676004515751
-1527500.0,-1182500.0,1500,-77.85336003765804,False,False,15.4377826462661
-1522500.0,-1182500.0,1500,-77.46327374734005,False,False,15.43790635913855
-1517500.0,-1182500.0,1500,-76.49579945972798,False,False,15.438065374577352
-1512500.0,-1182500.0,1500,-76.1935122194129,False,False,15.438224106596548
-1507500.0,-1182500.0,1500,-76.12497633067352,False,False,15.438288063534609
-1502500.0,-1182500.0,1500,-75.41628398197099,False,False,15.438243011631508
-1497500.0,-1182500.0,1500,-75.56382176288619,False,False,15.438121332970333
-1492500.0,-1182500.0,1500,-75.33230690372099,False,False,15.437958823023093
-1487500.0,-1182500.0,1500,-72.9499932373356,False,False,15.437749576399174
-1482500.0,-1182500.0,1500,-68.94389309434204,False,False,15.437482278712903
-1477500.0,-1182500.0,1500,-63.89134842812017,False,False,15.437146579123002
-1472500.0,-1182500.0,1500,-58.059973147838505,False,False,15.436722649698249
-1467500.0,-1182500.0,1500,-52.67005712697474,False,False,15.43619539331883
-1462500.0,-1182500.0,1500,-47.70015457754655,False,False,15.435560387689907
-1457500.0,-1182500.0,1500,-40.046186753933505,False,False,15.43481822637277
-1452500.0,-1182500.0,1500,-28.409184493248485,False,False,15.433975026572897
-1447500.0,-1182500.0,1500,-13.973637119088291,False,False,15.433038797029987
-1442500.0,-1182500.0,1500,2.6010375811629576,False,False,15.432037973423276
-1437500.0,-1182500.0,1500,18.871519836243476,False,False,15.430982702277072
-1432500.0,-1182500.0,1500,31.485227963489052,False,False,15.429905378343037
-1427500.0,-1182500.0,1500,39.4538895266113,False,False,15.42886237989835
-1422500.0,-1182500.0,1500,42.92133696965799,False,False,15.427863234179982
-1417500.0,-1182500.0,1500,42.489940593232795,False,False,15.426908401929134
-1412500.0,-1182500.0,1500,40.613139954935065,False,False,15.425927286820189
-1407500.0,-1182500.0,1500,38.81516044416382,False,False,15.424763920163755
-1402500.0,-1182500.0,1500,36.106639726570336,False,False,15.423204344401817
-1397500.0,-1182500.0,1500,33.40561413166679,False,False,15.421051599251888
-1392500.0,-1182500.0,1500,31.343368906203406,False,False,15.41813683999956
-1387500.0,-1182500.0,1500,28.48895664995895,False,False,15.414332895062431
-1382500.0,-1182500.0,1500,25.515134250597825,False,False,15.409668191241668
-1377500.0,-1182500.0,1500,22.83260810534883,False,False,15.40413596835023
-1372500.0,-1182500.0,1500,19.388842507263465,False,False,15.397812821284619
-1367500.0,-1182500.0,1500,16.053852800089377,False,False,15.390726950521762
-1362500.0,-1182500.0,1500,13.349259606098867,False,False,15.382934599985656
-1357500.0,-1182500.0,1500,10.210717077514918,False,False,15.374700814122253
-1352500.0,-1182500.0,1500,7.162935945262662,False,False,15.365872790519017
-1347500.0,-1182500.0,1500,4.9098092620867595,False,False,15.35623399672351
-1342500.0,-1182500.0,1500,2.3929609628409896,False,False,15.345650062539299
-1337500.0,-1182500.0,1500,-0.13683782000967398,False,False,15.33383948092495
-1332500.0,-1182500.0,1500,-1.7893351288550532,False,False,15.320518872772885
-1327500.0,-1182500.0,1500,-3.536109040929401,False,False,15.30534734462073
-1322500.0,-1182500.0,1500,-5.197542304057682,False,False,15.287838012711855
-1317500.0,-1182500.0,1500,-5.723961012244133,False,False,15.267677274115174
-1312500.0,-1182500.0,1500,-6.033027078227788,False,False,15.244645082139694
-1307500.0,-1182500.0,1500,-6.553006255901661,False,False,15.218600339210674
-1302500.0,-1182500.0,1500,-6.623370881694994,False,False,15.189689893212009
-1297500.0,-1182500.0,1500,-6.802017224868655,False,False,15.15826419543014
-1292500.0,-1182500.0,1500,-7.4974833648951105,False,False,15.125080169049179
-1287500.0,-1182500.0,1500,-7.61585462211266,False,False,15.09158782886438
-1282500.0,-1182500.0,1500,-7.536642021153035,False,True,15.05937187457849
-1277500.0,-1182500.0,1500,-7.8970782700987145,False,False,15.029223398316862
-1272500.0,-1182500.0,1500,-7.171642064972794,False,False,15.001965842804374
-1267500.0,-1182500.0,1500,-5.973025114573083,False,False,14.977068426616395
-1262500.0,-1182500.0,1500,-5.936414373383626,False,False,14.952055062297708
-1257500.0,-1182500.0,1500,-6.006946463728795,False,False,14.922314155462546
-1252500.0,-1182500.0,1500,-6.566599492893502,False,False,14.88048533016615
-1247500.0,-1182500.0,1500,-9.138499020207158,False,False,14.815369948432991
-1242500.0,-1182500.0,1500,-13.66874621361226,False,False,14.709213305977316
-1237500.0,-1182500.0,1500,-20.25476609579711,False,False,14.53707759405704
-1232500.0,-1182500.0,1500,-27.085726427664436,False,True,14.252981380862849
-1227500.0,-1182500.0,1500,-31.636870858586274,False,True,13.785871653177315
-1222500.0,-1182500.0,1500,-32.88454173130674,False,True,13.011981583656237
-1217500.0,-1182500.0,1500,-30.568426613396266,False,True,11.772938583598439
-1212500.0,-1182500.0,1500,-25.563863964706577,False,True,9.91957031161137
-1207500.0,-1182500.0,1500,-22.085732152782,False,True,7.610467888472764
-1202500.0,-1182500.0,1500,-26.055362702450996,True,True,5.735799298072982
-1197500.0,-1182500.0,1500,-30.599689550672487,False,True,4.716000093775878
-1192500.0,-1182500.0,1500,-31.94826723608506,False,True,4.745597579951378
-1187500.0,-1182500.0,1500,-31.416252465042426,False,True,5.731783807142985
-1182500.0,-1182500.0,1500,-27.460656291411386,False,True,6.639388262043451
-1177500.0,-1182500.0,1500,-20.97994775016319,False,True,5.789433333575721
-1172500.0,-1182500.0,1500,-13.021427383047921,False,True,4.653822101224799
-1167500.0,-1182500.0,1500,-6.388404590246067,False,True,4.778793716167626
-1162500.0,-1182500.0,1500,-3.7362521557073807,False,True,4.742181456215748
-1157500.0,-1182500.0,1500,-14.000126224435856,False,True,4.569872439335728
-1152500.0,-1182500.0,1500,-19.656887952055875,False,True,4.5765662034659975
-1597500.0,-1177500.0,1500,-47.28828664229537,False,False,15.4366323681479
-1592500.0,-1177500.0,1500,-44.393011973573294,False,False,15.436756117663144
-1587500.0,-1177500.0,1500,-41.541969264712115,False,False,15.4368667796364
-1582500.0,-1177500.0,1500,-38.98858440883225,False,False,15.436946731712759
-1577500.0,-1177500.0,1500,-37.398101557024084,False,False,15.436985813598886
-1572500.0,-1177500.0,1500,-38.697819805135516,False,False,15.437008370752473
-1567500.0,-1177500.0,1500,-44.32002361207536,False,False,15.437016445273654
-1562500.0,-1177500.0,1500,-53.00988813165757,False,False,15.437020895067219
-1557500.0,-1177500.0,1500,-62.873762858814764,False,False,15.43702922454361
-1552500.0,-1177500.0,1500,-72.20593242878208,False,False,15.437044879411843
-1547500.0,-1177500.0,1500,-78.79083527859459,False,False,15.437075410523013
-1542500.0,-1177500.0,1500,-82.06403173377338,False,False,15.43712566205658
-1537500.0,-1177500.0,1500,-82.39768001834526,False,False,15.437202440349417
-1532500.0,-1177500.0,1500,-80.4977094707421,False,False,15.437294222806486
-1527500.0,-1177500.0,1500,-78.6730475128172,False,False,15.437395829174966
-1522500.0,-1177500.0,1500,-78.4447536643895,False,False,15.437509760278573
-1517500.0,-1177500.0,1500,-78.74657385061732,False,False,15.437645533613864
-1512500.0,-1177500.0,1500,-78.78335110133234,False,False,15.437763743173056
-1507500.0,-1177500.0,1500,-78.84903706736375,False,False,15.437772445236874
-1502500.0,-1177500.0,1500,-78.27313992813497,False,False,15.437665872823963
-1497500.0,-1177500.0,1500,-77.79376075760362,False,False,15.437485450698931
-1492500.0,-1177500.0,1500,-78.20118167833239,False,False,15.437264526253895
-1487500.0,-1177500.0,1500,-76.75066770269764,False,False,15.436988552923173
-1482500.0,-1177500.0,1500,-72.94524272305547,False,False,15.436641085830505
-1477500.0,-1177500.0,1500,-68.40289095435126,False,False,15.436211145273186
-1472500.0,-1177500.0,1500,-61.75449255804733,False,False,15.435680818908029
-1467500.0,-1177500.0,1500,-53.523739160802535,False,False,15.435044770290826
-1462500.0,-1177500.0,1500,-45.45246407755597,False,False,15.434298811552331
-1457500.0,-1177500.0,1500,-34.54921442639361,False,False,15.433444300003966
-1452500.0,-1177500.0,1500,-19.196816735610863,False,False,15.432493324401282
-1447500.0,-1177500.0,1500,-1.2169277044512357,False,False,15.431452286394325
-1442500.0,-1177500.0,1500,17.163108895129664,False,False,15.430344896226437
-1437500.0,-1177500.0,1500,31.60887846226635,False,False,15.4292108893206
-1432500.0,-1177500.0,1500,38.864982085707936,False,False,15.428079659662838
-1427500.0,-1177500.0,1500,40.862644250466786,False,False,15.427005461413179
-1422500.0,-1177500.0,1500,40.60028803696032,False,False,15.426013001917983
-1417500.0,-1177500.0,1500,38.411902434982025,False,False,15.425053799874128
-1412500.0,-1177500.0,1500,36.073495893350454,False,False,15.423975578014995
-1407500.0,-1177500.0,1500,34.16167431441606,False,False,15.422581119838455
-1402500.0,-1177500.0,1500,31.096837615430484,False,False,15.420624619330138
-1397500.0,-1177500.0,1500,28.4695199785966,False,False,15.417835196694885
-1392500.0,-1177500.0,1500,26.365160900030105,False,False,15.41409884413464
-1387500.0,-1177500.0,1500,23.422046271026918,False,False,15.409303176135465
-1382500.0,-1177500.0,1500,20.630509155680134,False,False,15.403447273227176
-1377500.0,-1177500.0,1500,17.871256070291135,False,False,15.396618518439608
-1372500.0,-1177500.0,1500,14.55789266366503,False,False,15.388887823743918
-1367500.0,-1177500.0,1500,11.49082506860839,False,False,15.380430047872663
-1362500.0,-1177500.0,1500,8.701364389446447,False,False,15.37126418218982
-1357500.0,-1177500.0,1500,5.786089456566587,False,False,15.361479978212673
-1352500.0,-1177500.0,1500,2.941523984578612,False,False,15.3511812737312
-1347500.0,-1177500.0,1500,0.6282050676473481,False,False,15.34024074660959
-1342500.0,-1177500.0,1500,-1.6337388600649652,False,False,15.328402289780364
-1337500.0,-1177500.0,1500,-4.092886035077154,False,False,15.315318960561722
-1332500.0,-1177500.0,1500,-5.850402163971163,False,False,15.300564335984237
-1327500.0,-1177500.0,1500,-7.5240310453986226,False,False,15.28384851468813
-1322500.0,-1177500.0,1500,-9.315524915302268,False,False,15.264925043693424
-1317500.0,-1177500.0,1500,-10.141617286757418,False,False,15.243428980635418
-1312500.0,-1177500.0,1500,-10.64328887028675,False,False,15.219200057497126
-1307500.0,-1177500.0,1500,-11.07060585806112,False,False,15.192196381037757
-1302500.0,-1177500.0,1500,-10.99861751795371,False,False,15.16242739917417
-1297500.0,-1177500.0,1500,-11.102152709020888,False,False,15.13033972862191
-1292500.0,-1177500.0,1500,-11.290585232328269,False,True,15.096901708040505
-1287500.0,-1177500.0,1500,-11.067186499378272,False,True,15.06322776758753
-1282500.0,-1177500.0,1500,-11.192731368695053,False,True,15.030112746364651
-1277500.0,-1177500.0,1500,-11.555890201117563,False,True,14.998693252147465
-1272500.0,-1177500.0,1500,-11.192663764301347,False,True,14.96856695613983
-1267500.0,-1177500.0,1500,-10.384572120035246,False,False,14.937630745182854
-1262500.0,-1177500.0,1500,-9.862735661071017,False,False,14.901395055625688
-1257500.0,-1177500.0,1500,-9.940604369069495,False,False,14.852946887471983
-1252500.0,-1177500.0,1500,-10.919365068881751,False,False,14.781273366190884
-1247500.0,-1177500.0,1500,-13.294213906066767,False,False,14.668292612622814
-1242500.0,-1177500.0,1500,-17.81500997741956,False,True,14.486979962515933
-1237500.0,-1177500.0,1500,-24.923280363929255,False,True,14.188855737469883
-1232500.0,-1177500.0,1500,-32.30987132162437,False,True,13.699451655791478
-1227500.0,-1177500.0,1500,-37.90235221268727,False,True,12.878902886746005
-1222500.0,-1177500.0,1500,-40.63599065004193,False,True,11.552951119917914
-1217500.0,-1177500.0,1500,-38.214925802005595,False,True,9.51263003361199
-1212500.0,-1177500.0,1500,-31.18085738059259,True,True,7.076906531375433
-1207500.0,-1177500.0,1500,-26.890819622866783,True,True,5.224880310092315
-1202500.0,-1177500.0,1500,-31.61812555273582,True,True,4.51540130617591
-1197500.0,-1177500.0,1500,-38.15511831349366,True,True,4.911497940506507
-1192500.0,-1177500.0,1500,-41.61738933670916,False,True,5.667456577420048
-1187500.0,-1177500.0,1500,-42.51766733161382,False,True,5.55623376904062
-1182500.0,-1177500.0,1500,-39.32892584547505,False,True,6.0109797428575185
-1177500.0,-1177500.0,1500,-33.78561247820573,False,True,5.75634010756381
-1172500.0,-1177500.0,1500,-23.58574679272701,False,True,4.384484588080779
-1167500.0,-1177500.0,1500,-18.520772787340565,False,True,4.028926571612853
-1162500.0,-1177500.0,1500,-19.388105085475935,False,True,4.307077614090761
-1157500.0,-1177500.0,1500,-17.94290267308259,False,False,4.659336980512244
-1152500.0,-1177500.0,1500,-10.344067432618257,False,False,4.480808433465704
-1597500.0,-1172500.0,1500,-47.33444889077025,False,False,15.43637654245628
-1592500.0,-1172500.0,1500,-43.37291094480244,False,False,15.436490552844546
-1587500.0,-1172500.0,1500,-38.85437295596716,False,False,15.436583332609159
-1582500.0,-1172500.0,1500,-34.67010439037368,False,False,15.436637964756688
-1577500.0,-1172500.0,1500,-31.143928262955125,False,False,15.436649716773804
-1572500.0,-1172500.0,1500,-31.164443296510736,False,False,15.436651747651188
-1567500.0,-1172500.0,1500,-36.830507356151394,False,False,15.436648149346684
-1562500.0,-1172500.0,1500,-46.07860279440297,False,False,15.436643713404175
-1557500.0,-1172500.0,1500,-57.11241805002054,False,False,15.43664259913978
-1552500.0,-1172500.0,1500,-68.41676263825798,False,False,15.43664964915187
-1547500.0,-1172500.0,1500,-77.4175980281332,False,False,15.436673002796367
-1542500.0,-1172500.0,1500,-81.2846444140414,False,False,15.436717387876024
-1537500.0,-1172500.0,1500,-80.64971602952077,False,False,15.436790012613153
-1532500.0,-1172500.0,1500,-78.21538551493065,False,False,15.436876789700353
-1527500.0,-1172500.0,1500,-76.14302972748276,False,False,15.4369710211699
-1522500.0,-1172500.0,1500,-76.69786534342131,False,False,15.437066133439544
-1517500.0,-1172500.0,1500,-78.39994943920435,False,False,15.437147376508685
-1512500.0,-1172500.0,1500,-79.08071893812125,False,False,15.437182884184084
-1507500.0,-1172500.0,1500,-79.65865201978387,False,False,15.437124778125018
-1502500.0,-1172500.0,1500,-79.30612705328923,False,False,15.4369729866216
-1497500.0,-1172500.0,1500,-78.47470289387527,False,False,15.436742683815975
-1492500.0,-1172500.0,1500,-79.04645997518894,False,False,15.436455703593055
-1487500.0,-1172500.0,1500,-78.37700599880905,False,False,15.436098729672175
-1482500.0,-1172500.0,1500,-75.22930902410461,False,False,15.435653424169217
-1477500.0,-1172500.0,1500,-70.94530178568142,False,False,15.435120890214238
-1472500.0,-1172500.0,1500,-63.95019727023704,False,False,15.434482213368009
-1467500.0,-1172500.0,1500,-53.84614920928895,False,False,15.433734668894092
-1462500.0,-1172500.0,1500,-42.42897901274873,False,False,15.432883897062602
-1457500.0,-1172500.0,1500,-28.1806956990038,False,False,15.43192672809163
-1452500.0,-1172500.0,1500,-9.966021033188353,False,False,15.430869956384754
-1447500.0,-1172500.0,1500,9.554847589676358,False,False,15.429728538582104
-1442500.0,-1172500.0,1500,26.162437796738065,False,False,15.428537893823421
-1437500.0,-1172500.0,1500,35.88222699179235,False,False,15.427340381879443
-1432500.0,-1172500.0,1500,38.16994619237515,False,False,15.42619544369831
-1427500.0,-1172500.0,1500,37.284722628951904,False,False,15.425140201832637
-1422500.0,-1172500.0,1500,35.93832714515401,False,False,15.424163034097168
-1417500.0,-1172500.0,1500,33.609798461857345,False,False,15.423172122741867
-1412500.0,-1172500.0,1500,31.12054048105782,False,False,15.42195718520181
-1407500.0,-1172500.0,1500,28.73825752658596,False,False,15.420207589731024
-1402500.0,-1172500.0,1500,26.06446253973025,False,False,15.41768953688293
-1397500.0,-1172500.0,1500,23.386375253344838,False,False,15.414111409257618
-1392500.0,-1172500.0,1500,20.913984915087166,False,False,15.40930028618294
-1387500.0,-1172500.0,1500,18.463655992222794,False,False,15.40329777961406
-1382500.0,-1172500.0,1500,15.711518864755496,False,False,15.396049502935433
-1377500.0,-1172500.0,1500,12.998708693332999,False,False,15.38763569970454
-1372500.0,-1172500.0,1500,10.060398837547286,False,False,15.378254585971417
-1367500.0,-1172500.0,1500,6.824886296157354,False,False,15.368091564413689
-1362500.0,-1172500.0,1500,4.177523642780008,False,False,15.357288762581268
-1357500.0,-1172500.0,1500,1.466809830874582,False,False,15.345967881376115
-1352500.0,-1172500.0,1500,-1.2235885723023965,False,False,15.334175648835158
-1347500.0,-1172500.0,1500,-3.402598922925815,False,False,15.321897186075928
-1342500.0,-1172500.0,1500,-5.665460400733373,False,False,15.308845228112746
-1337500.0,-1172500.0,1500,-7.818097376566578,False,False,15.294464085763213
-1332500.0,-1172500.0,1500,-9.711322721051411,False,False,15.278070033651137
-1327500.0,-1172500.0,1500,-11.494101391672917,False,False,15.259072526436748
-1322500.0,-1172500.0,1500,-13.216866306694625,False,False,15.237470630356604
-1317500.0,-1172500.0,1500,-14.493895382063025,False,False,15.21359757887248
-1312500.0,-1172500.0,1500,-15.10240045707036,False,False,15.18760545210373
-1307500.0,-1172500.0,1500,-15.340657098416143,False,False,15.159634632823884
-1302500.0,-1172500.0,1500,-15.262426319702472,False,False,15.129920388375925
-1297500.0,-1172500.0,1500,-15.043035034314446,False,True,15.098782403245348
-1292500.0,-1172500.0,1500,-14.418220471672,False,True,15.06638838974092
-1287500.0,-1172500.0,1500,-12.240035526100563,False,True,15.033166974815742
-1282500.0,-1172500.0,1500,-11.646023484928229,False,True,14.999894515496662
-1277500.0,-1172500.0,1500,-13.674054395347632,False,True,14.965939875801208
-1272500.0,-1172500.0,1500,-14.602160657962873,False,True,14.929797908063252
-1267500.0,-1172500.0,1500,-14.18730221621245,False,True,14.887306379528207
-1262500.0,-1172500.0,1500,-13.408773342508997,False,False,14.831484810969172
-1257500.0,-1172500.0,1500,-13.805158695677155,False,False,14.750700323622414
-1252500.0,-1172500.0,1500,-15.592692129563154,False,True,14.6274883380325
-1247500.0,-1172500.0,1500,-17.958682511642106,False,True,14.432874078907835
-1242500.0,-1172500.0,1500,-22.54718363594009,False,True,14.114715032165648
-1237500.0,-1172500.0,1500,-29.471830297545782,False,True,13.58985715869081
-1232500.0,-1172500.0,1500,-36.03807197123068,False,True,12.711354924128788
-1227500.0,-1172500.0,1500,-42.0059368625007,False,True,11.283623236457364
-1222500.0,-1172500.0,1500,-46.89728230621183,False,True,9.097633267612254
-1217500.0,-1172500.0,1500,-48.47450329123912,True,True,6.6290446727460095
-1212500.0,-1172500.0,1500,-44.89084839901786,True,True,4.8143287143980835
-1207500.0,-1172500.0,1500,-41.93193838036602,True,True,4.422255747915863
-1202500.0,-1172500.0,1500,-46.394298753353205,True,True,5.178647433324724
-1197500.0,-1172500.0,1500,-53.06978448300301,True,True,5.727901816077785
-1192500.0,-1172500.0,1500,-57.45198340855584,True,True,5.2982317369252385
-1187500.0,-1172500.0,1500,-58.03133560673204,True,True,4.995764025628298
-1182500.0,-1172500.0,1500,-54.63706175971073,False,True,6.254203160355987
-1177500.0,-1172500.0,1500,-50.553354777420466,False,True,6.792910627876152
-1172500.0,-1172500.0,1500,-43.52985361542873,False,True,5.65035382700771
-1167500.0,-1172500.0,1500,-41.563288674437636,False,True,4.445912074621971
-1162500.0,-1172500.0,1500,-36.856568255084525,False,False,4.136411107657286
-1157500.0,-1172500.0,1500,-15.413005829757,False,False,4.37626953335146
-1152500.0,-1172500.0,1500,9.649033300308348,False,False,4.260887109369106
-1597500.0,-1167500.0,1500,-48.47568481566167,False,False,15.436115077778368
-1592500.0,-1167500.0,1500,-43.7593420036211,False,False,15.43620785456855
-1587500.0,-1167500.0,1500,-38.23102633778419,False,False,15.436265204973477
-1582500.0,-1167500.0,1500,-32.787825392738235,False,False,15.436292543420272
-1577500.0,-1167500.0,1500,-27.387857659007032,False,False,15.436290567475229
-1572500.0,-1167500.0,1500,-25.840183206081562,False,False,15.436280280751081
-1567500.0,-1167500.0,1500,-30.892223812355926,False,False,15.43626445232687
-1562500.0,-1167500.0,1500,-40.34098700024994,False,False,15.436247886865825
-1557500.0,-1167500.0,1500,-51.65439224682903,False,False,15.436233348666871
-1552500.0,-1167500.0,1500,-64.34693421076703,False,False,15.436226997731627
-1547500.0,-1167500.0,1500,-74.03235257422578,False,False,15.436238227306005
-1542500.0,-1167500.0,1500,-76.35242408366115,False,False,15.43627057058094
-1537500.0,-1167500.0,1500,-73.8746610367081,False,False,15.436331247635453
-1532500.0,-1167500.0,1500,-70.28114088362825,False,False,15.436403680591207
-1527500.0,-1167500.0,1500,-68.91611891148595,False,False,15.436479692739537
-1522500.0,-1167500.0,1500,-71.26879820368838,False,False,15.436543348509382
-1517500.0,-1167500.0,1500,-74.4682557339996,False,False,15.436558871018665
-1512500.0,-1167500.0,1500,-76.53319739076616,False,False,15.436505549542437
-1507500.0,-1167500.0,1500,-77.84457346298666,False,False,15.436372927653265
-1502500.0,-1167500.0,1500,-77.90238791618525,False,False,15.436164960800951
-1497500.0,-1167500.0,1500,-77.35417094440706,False,False,15.435874128239659
-1492500.0,-1167500.0,1500,-77.77770818510486,False,False,15.435505721882821
-1487500.0,-1167500.0,1500,-78.09370871316054,False,False,15.435054483137733
-1482500.0,-1167500.0,1500,-76.26277129609805,False,False,15.434509335919815
-1477500.0,-1167500.0,1500,-71.70284578871818,False,False,15.433869555257308
-1472500.0,-1167500.0,1500,-63.98862319884084,False,False,15.433122499948793
-1467500.0,-1167500.0,1500,-52.57790518696187,False,False,15.43227016402555
-1462500.0,-1167500.0,1500,-38.44336123876213,False,False,15.431320110749938
-1457500.0,-1167500.0,1500,-21.738521813219563,False,False,15.430264870364164
-1452500.0,-1167500.0,1500,-2.2731383490493933,False,False,15.429110089062611
-1447500.0,-1167500.0,1500,16.41291918949551,False,False,15.427870793796105
-1442500.0,-1167500.0,1500,28.96094747591721,False,False,15.42661170407028
-1437500.0,-1167500.0,1500,33.866566809633355,False,False,15.425397203967858
-1432500.0,-1167500.0,1500,34.08472413252358,False,False,15.424271842139996
-1427500.0,-1167500.0,1500,32.45558070193458,False,False,15.423273015630729
-1422500.0,-1167500.0,1500,30.48536701437556,False,False,15.42233264603287
-1417500.0,-1167500.0,1500,28.492965629048058,False,False,15.421255208868807
-1412500.0,-1167500.0,1500,25.75536067786224,False,False,15.419797204277081
-1407500.0,-1167500.0,1500,23.151222278058146,False,False,15.417585788364342
-1402500.0,-1167500.0,1500,20.909683005643164,False,False,15.414263833632942
-1397500.0,-1167500.0,1500,17.941644877300217,False,False,15.409675278074117
-1392500.0,-1167500.0,1500,15.377949425312057,False,False,15.403581310591356
-1387500.0,-1167500.0,1500,13.390583206857468,False,False,15.395999896959633
-1382500.0,-1167500.0,1500,10.828651092482495,False,False,15.387109477782026
-1377500.0,-1167500.0,1500,8.217538522827434,False,False,15.376882798859667
-1372500.0,-1167500.0,1500,5.526741245582785,False,False,15.365589949770612
-1367500.0,-1167500.0,1500,2.472643960474168,False,False,15.353485754647307
-1362500.0,-1167500.0,1500,-0.2507207648091217,False,False,15.340778049366362
-1357500.0,-1167500.0,1500,-2.6312750456423455,False,False,15.327821305158546
-1352500.0,-1167500.0,1500,-5.105809393535257,False,False,15.314757856019119
-1347500.0,-1167500.0,1500,-7.3935412382065815,False,False,15.301268379422924
-1342500.0,-1167500.0,1500,-9.397206232352106,False,False,15.286681379482705
-1337500.0,-1167500.0,1500,-11.436329605713905,False,False,15.269977884395223
-1332500.0,-1167500.0,1500,-13.488111411372941,False,False,15.250109698984463
-1327500.0,-1167500.0,1500,-15.270121596360928,False,False,15.226421826077841
-1322500.0,-1167500.0,1500,-16.935940287370077,False,False,15.198858238487002
-1317500.0,-1167500.0,1500,-18.657529209890924,False,False,15.168769214701845
-1312500.0,-1167500.0,1500,-19.279954271474775,False,False,15.138061686277007
-1307500.0,-1167500.0,1500,-19.30202890314464,False,False,15.107870206930418
-1302500.0,-1167500.0,1500,-19.43572320270606,False,False,15.078382525360155
-1297500.0,-1167500.0,1500,-18.630047332984255,False,True,15.048928660548272
-1292500.0,-1167500.0,1500,-16.634731407024198,False,True,15.018488841784984
-1287500.0,-1167500.0,1500,-9.155279086112628,False,True,14.967575590933649
-1282500.0,-1167500.0,1500,-5.332245472572765,False,True,14.933476932916555
-1277500.0,-1167500.0,1500,-12.17313289419699,False,True,14.91454922955786
-1272500.0,-1167500.0,1500,-17.24916040682676,False,True,14.86883749490147
-1267500.0,-1167500.0,1500,-16.930595693281106,False,True,14.808336568535774
-1262500.0,-1167500.0,1500,-15.929176625057819,False,False,14.720013103324089
-1257500.0,-1167500.0,1500,-16.950814009126457,False,True,14.585628163161765
-1252500.0,-1167500.0,1500,-19.14995766947335,False,True,14.373081840484161
-1247500.0,-1167500.0,1500,-21.947459069506987,False,True,14.029466656621707
-1242500.0,-1167500.0,1500,-27.078829017237442,False,True,13.461842224975136
-1237500.0,-1167500.0,1500,-33.89647730180813,False,True,12.504885270876656
-1232500.0,-1167500.0,1500,-38.320255757933005,False,True,10.949289478589332
-1227500.0,-1167500.0,1500,-41.89798697082767,False,True,8.606983957190884
-1222500.0,-1167500.0,1500,-49.033593686823835,True,True,6.307350643967346
-1217500.0,-1167500.0,1500,-59.650832833857635,True,True,4.639740277518975
-1212500.0,-1167500.0,1500,-63.76918653813275,True,True,4.372507255150998
-1207500.0,-1167500.0,1500,-60.76315243296581,True,True,5.403313399950017
-1202500.0,-1167500.0,1500,-61.45037583929159,True,True,5.699827372818585
-1197500.0,-1167500.0,1500,-66.07279504104815,True,True,5.0073826660968574
-1192500.0,-1167500.0,1500,-70.51476611495877,True,True,4.319848127124501
-1187500.0,-1167500.0,1500,-71.7477871919973,True,True,4.710739609775742
-1182500.0,-1167500.0,1500,-68.64590441206455,False,True,6.28476542408265
-1177500.0,-1167500.0,1500,-64.36576179534171,False,True,7.723433421570549
-1172500.0,-1167500.0,1500,-56.31828517293328,False,True,7.07252114262691
-1167500.0,-1167500.0,1500,-45.602134948317754,False,True,5.177281054842182
-1162500.0,-1167500.0,1500,-24.60451173647389,False,False,4.2518760564274345
-1157500.0,-1167500.0,1500,15.053151563326514,False,False,4.206628394883991
-1152500.0,-1167500.0,1500,44.603962143315876,False,False,4.219530303830844
-1597500.0,-1162500.0,1500,-49.9809921144806,False,False,15.435848689314621
-1592500.0,-1162500.0,1500,-45.45427609163043,False,False,15.435916879197816
-1587500.0,-1162500.0,1500,-39.61385372066275,False,False,15.435936143276486
-1582500.0,-1162500.0,1500,-33.432922235170466,False,False,15.435936933586628
-1577500.0,-1162500.0,1500,-26.783572575981005,False,False,15.435921984592557
-1572500.0,-1162500.0,1500,-22.786089653315774,False,False,15.435898766579363
-1567500.0,-1162500.0,1500,-26.377062633065492,False,False,15.43586865292459
-1562500.0,-1162500.0,1500,-36.01655513716421,False,False,15.435836506870308
-1557500.0,-1162500.0,1500,-48.56359442673007,False,False,15.435805036998424
-1552500.0,-1162500.0,1500,-62.44794484293696,False,False,15.435780665605622
-1547500.0,-1162500.0,1500,-70.57142282809467,False,False,15.435772996958844
-1542500.0,-1162500.0,1500,-68.8095451719892,False,False,15.435786387549419
-1537500.0,-1162500.0,1500,-61.72604223191447,False,False,15.43582662099197
-1532500.0,-1162500.0,1500,-55.77067755863231,False,False,15.435873390527975
-1527500.0,-1162500.0,1500,-55.57739005429866,False,False,15.435912827241069
-1522500.0,-1162500.0,1500,-60.56259189453987,False,False,15.435924314332881
-1517500.0,-1162500.0,1500,-66.4644113890353,False,False,15.435872755089825
-1512500.0,-1162500.0,1500,-70.81359638444833,False,False,15.435744076982182
-1507500.0,-1162500.0,1500,-73.24551448839819,False,False,15.435534247768672
-1502500.0,-1162500.0,1500,-74.07231139831599,False,False,15.435247896307171
-1497500.0,-1162500.0,1500,-73.98956238217153,False,False,15.434873508490714
-1492500.0,-1162500.0,1500,-74.51814850418832,False,False,15.434411466237915
-1487500.0,-1162500.0,1500,-76.13262822044369,False,False,15.433857980676752
-1482500.0,-1162500.0,1500,-75.83038858422128,False,False,15.433205219902938
-1477500.0,-1162500.0,1500,-71.07974700355095,False,False,15.432461041236863
-1472500.0,-1162500.0,1500,-62.325774555147504,False,False,15.431605950838893
-1467500.0,-1162500.0,1500,-49.7129667716635,False,False,15.430644342025996
-1462500.0,-1162500.0,1500,-33.79285896634785,False,False,15.429599234820007
-1457500.0,-1162500.0,1500,-15.97840951597091,False,False,15.428455641494502
-1452500.0,-1162500.0,1500,2.7812686280915386,False,False,15.427205781177861
-1447500.0,-1162500.0,1500,19.034946428908924,False,False,15.425900694464024
-1442500.0,-1162500.0,1500,27.19113541704362,False,False,15.424614893192473
-1437500.0,-1162500.0,1500,28.841952291889452,False,False,15.423426059735409
-1432500.0,-1162500.0,1500,28.73888410668466,False,False,15.422385989295162
-1427500.0,-1162500.0,1500,26.82291230133754,False,False,15.421456897243427
-1422500.0,-1162500.0,1500,24.6741672265008,False,False,15.42051722055736
-1417500.0,-1162500.0,1500,23.020747758741955,False,False,15.4192982781967
-1412500.0,-1162500.0,1500,20.2195050553828,False,False,15.417419837827966
-1407500.0,-1162500.0,1500,17.60082731568374,False,False,15.414531467830813
-1402500.0,-1162500.0,1500,15.514098241206623,False,False,15.410197341323663
-1397500.0,-1162500.0,1500,12.695613777919915,False,False,15.404215169875581
-1392500.0,-1162500.0,1500,10.013929405677366,False,False,15.396599281094081
-1387500.0,-1162500.0,1500,8.141444464702824,False,False,15.387170238469672
-1382500.0,-1162500.0,1500,5.988846866724302,False,False,15.376186938437725
-1377500.0,-1162500.0,1500,3.3580937813016205,False,False,15.363840176901412
-1372500.0,-1162500.0,1500,1.1258350018096035,False,False,15.350270267504335
-1367500.0,-1162500.0,1500,-1.639604042497126,False,False,15.336066070202016
-1362500.0,-1162500.0,1500,-4.633696536003447,False,False,15.321533701417781
-1357500.0,-1162500.0,1500,-6.473533807534018,False,False,15.30705870075795
-1352500.0,-1162500.0,1500,-8.729608362342745,False,False,15.292750418345808
-1347500.0,-1162500.0,1500,-11.292245687363343,False,False,15.278071212457217
-1342500.0,-1162500.0,1500,-12.80653162551014,False,False,15.261386963852477
-1337500.0,-1162500.0,1500,-14.73619633011983,False,False,15.240597263203906
-1332500.0,-1162500.0,1500,-17.064137713738337,False,False,15.213527535443983
-1327500.0,-1162500.0,1500,-18.631749752932446,False,False,15.179124457138201
-1322500.0,-1162500.0,1500,-20.427166071943194,False,False,15.138484826914684
-1317500.0,-1162500.0,1500,-22.485447506975955,False,False,15.09424078619888
-1312500.0,-1162500.0,1500,-23.231145002758893,False,False,15.051402579319792
-1307500.0,-1162500.0,1500,-23.299663706637077,False,False,15.014392490281184
-1302500.0,-1162500.0,1500,-23.400055363905324,False,True,14.983432737661566
-1297500.0,-1162500.0,1500,-22.211227024903522,False,True,14.956041897067045
-1292500.0,-1162500.0,1500,-19.339919283782336,False,True,14.929094681569286
-1287500.0,-1162500.0,1500,-10.125096297362663,False,True,14.879965726786036
-1282500.0,-1162500.0,1500,-4.566642893026514,True,True,14.844270208011814
-1277500.0,-1162500.0,1500,-11.909684766500282,False,True,14.818841929580813
-1272500.0,-1162500.0,1500,-18.606488643285648,False,True,14.758873407456054
-1267500.0,-1162500.0,1500,-18.42326064710029,False,True,14.670081038464978
-1262500.0,-1162500.0,1500,-16.57690408672948,False,True,14.530879637998925
-1257500.0,-1162500.0,1500,-17.56692363305579,False,True,14.302334164843831
-1252500.0,-1162500.0,1500,-18.7861506036456,False,True,13.92783544421628
-1247500.0,-1162500.0,1500,-21.791706516161263,False,True,13.3040356514989
-1242500.0,-1162500.0,1500,-29.08503307765168,False,True,12.268999549235517
-1237500.0,-1162500.0,1500,-36.10799598919352,False,True,10.583539968094808
-1232500.0,-1162500.0,1500,-38.50673169696674,False,True,7.990361612380053
-1227500.0,-1162500.0,1500,-37.76636635267999,True,True,5.672428910388337
-1222500.0,-1162500.0,1500,-45.11736660044467,True,True,4.560985967291423
-1217500.0,-1162500.0,1500,-62.069708557705646,True,True,4.593703626499167
-1212500.0,-1162500.0,1500,-72.0669817008219,True,True,5.558672024904885
-1207500.0,-1162500.0,1500,-72.36711629256018,True,True,5.61822558065328
-1202500.0,-1162500.0,1500,-72.86903898117995,True,True,4.827681024617767
-1197500.0,-1162500.0,1500,-75.86668883558703,True,True,4.523993798267099
-1192500.0,-1162500.0,1500,-78.33742143495371,True,True,4.096293841115409
-1187500.0,-1162500.0,1500,-78.54937354599032,True,True,3.759691781772067
-1182500.0,-1162500.0,1500,-75.89373072525927,True,True,4.9787829485496236
-1177500.0,-1162500.0,1500,-71.83494816841166,False,True,7.193590680893283
-1172500.0,-1162500.0,1500,-64.97504645895064,False,True,7.133158638185812
-1167500.0,-1162500.0,1500,-39.25128733069765,False,True,5.330034242447863
-1162500.0,-1162500.0,1500,7.437275911761818,False,True,4.2834721966490825
-1157500.0,-1162500.0,1500,49.99279876973309,False,False,3.958986161332339
-1152500.0,-1162500.0,1500,54.479351818816916,False,False,4.046755410143869
-1597500.0,-1157500.0,1500,-51.74766255853309,False,False,15.435562575094458
-1592500.0,-1157500.0,1500,-47.84638400933807,False,False,15.435604882327384
-1587500.0,-1157500.0,1500,-41.96824220674313,False,False,15.43559964456055
-1582500.0,-1157500.0,1500,-35.70203400946667,False,False,15.435579332208778
-1577500.0,-1157500.0,1500,-27.931632357882798,False,False,15.435547334823706
-1572500.0,-1157500.0,1500,-21.125304855199946,False,False,15.435507771483469
-1567500.0,-1157500.0,1500,-22.662585223803333,False,False,15.435459863600274
-1562500.0,-1157500.0,1500,-32.90186434031965,False,False,15.435407576871889
-1557500.0,-1157500.0,1500,-47.430052510853834,False,False,15.435352818125
-1552500.0,-1157500.0,1500,-61.85303477325018,False,False,15.435303524212653
-1547500.0,-1157500.0,1500,-68.25043132767121,False,False,15.435270103294496
-1542500.0,-1157500.0,1500,-61.571710205738746,False,False,15.435255329247704
-1537500.0,-1157500.0,1500,-47.46919460155815,False,False,15.435263723814879
-1532500.0,-1157500.0,1500,-37.057031338456966,False,False,15.435271890978708
-1527500.0,-1157500.0,1500,-36.82258575599784,False,False,15.43525887113411
-1522500.0,-1157500.0,1500,-44.620275048666855,False,False,15.435201643035242
-1517500.0,-1157500.0,1500,-53.872613058772785,False,False,15.43507503874434
-1512500.0,-1157500.0,1500,-60.639206572333954,False,False,15.43486998850344
-1507500.0,-1157500.0,1500,-65.03160578156624,False,False,15.43457664998716
-1502500.0,-1157500.0,1500,-67.63271330504134,False,False,15.434194715092817
-1497500.0,-1157500.0,1500,-68.15651565273714,False,False,15.43371926730008
-1492500.0,-1157500.0,1500,-68.97675052728913,False,False,15.433150827636998
-1487500.0,-1157500.0,1500,-71.81033542799119,False,False,15.432494760190137
-1482500.0,-1157500.0,1500,-72.59444699423211,False,False,15.431734136755491
-1477500.0,-1157500.0,1500,-67.76622883941656,False,False,15.430871522263036
-1472500.0,-1157500.0,1500,-58.56608094235586,False,False,15.429912629637334
-1467500.0,-1157500.0,1500,-45.61399847201369,False,False,15.428843345164701
-1462500.0,-1157500.0,1500,-29.02595088025671,False,False,15.427683502392343
-1457500.0,-1157500.0,1500,-11.37947820988393,False,False,15.426462539500116
-1452500.0,-1157500.0,1500,5.375129326089587,False,False,15.4251572461009
-1447500.0,-1157500.0,1500,17.769689713922357,False,False,15.423833702839236
-1442500.0,-1157500.0,1500,22.192348136687414,False,False,15.422616066389217
-1437500.0,-1157500.0,1500,22.563773813515567,False,False,15.421532764997755
-1432500.0,-1157500.0,1500,22.44621321449705,False,False,15.420601227630073
-1427500.0,-1157500.0,1500,20.86868327843621,False,False,15.419741103947654
-1422500.0,-1157500.0,1500,18.890749186488172,False,False,15.418717200985327
-1417500.0,-1157500.0,1500,17.278114624963763,False,False,15.417175714248472
-1412500.0,-1157500.0,1500,14.757020051124465,False,False,15.414669045305565
-1407500.0,-1157500.0,1500,11.99375025199561,False,False,15.410770000957488
-1402500.0,-1157500.0,1500,10.190336183181163,False,False,15.405143414928254
-1397500.0,-1157500.0,1500,7.624696538725505,False,False,15.397473484572533
-1392500.0,-1157500.0,1500,4.6148286017801885,False,False,15.387866389282683
-1387500.0,-1157500.0,1500,3.0378024674910895,False,False,15.376354930266775
-1382500.0,-1157500.0,1500,1.1121589598981596,False,False,15.362939488187745
-1377500.0,-1157500.0,1500,-1.3491641617992787,False,False,15.348131039280323
-1372500.0,-1157500.0,1500,-3.0240202601083217,False,False,15.332111499071551
-1367500.0,-1157500.0,1500,-5.591743138917849,False,False,15.315525604584018
-1362500.0,-1157500.0,1500,-8.650393239675886,False,False,15.299275958319939
-1357500.0,-1157500.0,1500,-10.301066682292669,False,False,15.283632566499564
-1352500.0,-1157500.0,1500,-12.212016150732206,False,False,15.268335769165745
-1347500.0,-1157500.0,1500,-14.854999198702705,False,False,15.252064567694712
-1342500.0,-1157500.0,1500,-16.212663550333012,False,False,15.232186933944332
-1337500.0,-1157500.0,1500,-17.768798628571584,False,False,15.204250300983666
-1332500.0,-1157500.0,1500,-20.23103420329892,False,False,15.164096202967023
-1327500.0,-1157500.0,1500,-21.57365370384484,False,False,15.108115924512575
-1322500.0,-1157500.0,1500,-23.371831333884707,False,False,15.03735050537114
-1317500.0,-1157500.0,1500,-25.818197310906697,False,False,14.96068346593369
-1312500.0,-1157500.0,1500,-26.757485792934844,False,False,14.889893730926307
-1307500.0,-1157500.0,1500,-27.35781856724631,False,False,14.835148408007838
-1302500.0,-1157500.0,1500,-27.626446413440455,False,False,14.79829398622918
-1297500.0,-1157500.0,1500,-26.256973542865737,False,True,14.77288537341973
-1292500.0,-1157500.0,1500,-23.223158362881243,False,True,14.750209579212122
-1287500.0,-1157500.0,1500,-17.402063457745584,False,True,14.723117224220463
-1282500.0,-1157500.0,1500,-12.93179934511971,False,True,14.685676577396233
-1277500.0,-1157500.0,1500,-14.800674029422847,False,True,14.631949230276705
-1272500.0,-1157500.0,1500,-18.289161270451526,False,True,14.551901314539105
-1267500.0,-1157500.0,1500,-18.0959433400057,False,True,14.42305077051704
-1262500.0,-1157500.0,1500,-14.821346548731627,False,True,14.196615319674786
-1257500.0,-1157500.0,1500,-10.829609797254971,False,True,13.800698732070641
-1252500.0,-1157500.0,1500,-7.809932405435627,False,True,12.972931636090612
-1247500.0,-1157500.0,1500,-14.959837237036876,False,True,11.78125546669433
-1242500.0,-1157500.0,1500,-28.65467253137267,True,True,10.082503973983762
-1237500.0,-1157500.0,1500,-35.962201112665014,True,True,7.493711867044322
-1232500.0,-1157500.0,1500,-35.142479253807686,True,True,5.1507682533733705
-1227500.0,-1157500.0,1500,-28.98958775277211,True,True,4.270038025137309
-1222500.0,-1157500.0,1500,-34.33180787889617,True,True,4.748403241426088
-1217500.0,-1157500.0,1500,-52.12430473087562,True,True,5.726104589853927
-1212500.0,-1157500.0,1500,-66.01500835724656,True,True,5.583494160934699
-1207500.0,-1157500.0,1500,-74.33696061165479,True,True,4.8101279640881565
-1202500.0,-1157500.0,1500,-78.49061795913603,True,True,4.825121637818436
-1197500.0,-1157500.0,1500,-78.77012943851257,True,True,4.428584555578021
-1192500.0,-1157500.0,1500,-78.21920748858743,True,True,3.9611623242308496
-1187500.0,-1157500.0,1500,-77.39966539133,True,True,4.037811228824069
-1182500.0,-1157500.0,1500,-75.04818231126985,True,True,4.948954461344052
-1177500.0,-1157500.0,1500,-74.22559548062969,False,True,6.554902741807588
-1172500.0,-1157500.0,1500,-62.47242593265279,False,True,6.3009097950659685
-1167500.0,-1157500.0,1500,-20.585825305054264,False,True,4.9106773817101335
-1162500.0,-1157500.0,1500,19.375713770739054,False,True,4.489829300409154
-1157500.0,-1157500.0,1500,25.889237833789682,False,False,4.522849676541661
-1152500.0,-1157500.0,1500,10.931927268427478,False,False,4.35366783091284
-1597500.0,-1152500.0,1500,-53.693640977515706,False,False,15.435258852323141
-1592500.0,-1152500.0,1500,-50.24211132394111,False,False,15.435273280676046
-1587500.0,-1152500.0,1500,-44.50781279311624,False,False,15.435252312404389
-1582500.0,-1152500.0,1500,-37.9412670482982,False,False,15.435216244657338
-1577500.0,-1152500.0,1500,-29.282383814086106,False,False,15.435167738958485
-1572500.0,-1152500.0,1500,-20.220525835112223,False,False,15.435110032720463
-1567500.0,-1152500.0,1500,-19.272207265210387,False,False,15.435041626176524
-1562500.0,-1152500.0,1500,-29.766422214915856,False,False,15.434965453144908
-1557500.0,-1152500.0,1500,-45.00948657367412,False,False,15.434882409261109
-1552500.0,-1152500.0,1500,-59.35821708499599,False,False,15.434802242863721
-1547500.0,-1152500.0,1500,-65.65031436699357,False,False,15.434735510718424
-1542500.0,-1152500.0,1500,-56.168107825439876,False,False,15.434682082238096
-1537500.0,-1152500.0,1500,-36.27093468829772,False,False,15.434645383006114
-1532500.0,-1152500.0,1500,-19.733855328230785,False,False,15.43460044435373
-1527500.0,-1152500.0,1500,-16.722319242165707,False,False,15.434521457978295
-1522500.0,-1152500.0,1500,-25.56868696727813,False,False,15.434383889974761
-1517500.0,-1152500.0,1500,-36.836256004326344,False,False,15.434169745560204
-1512500.0,-1152500.0,1500,-45.0596324557447,False,False,15.433870084757729
-1507500.0,-1152500.0,1500,-51.27268262406086,False,False,15.43347534172242
-1502500.0,-1152500.0,1500,-56.43211564559837,False,False,15.432986378957837
-1497500.0,-1152500.0,1500,-58.49606093177631,False,False,15.432400981512744
-1492500.0,-1152500.0,1500,-59.805321285309915,False,False,15.431720062106283
-1487500.0,-1152500.0,1500,-63.09633002230119,False,False,15.430946621924276
-1482500.0,-1152500.0,1500,-64.22129788995589,False,False,15.430078904217998
-1477500.0,-1152500.0,1500,-59.88825553997369,False,False,15.429101809570584
-1472500.0,-1152500.0,1500,-51.497477129512625,False,False,15.428021709097091
-1467500.0,-1152500.0,1500,-39.145366118142796,False,False,15.426857342936193
-1462500.0,-1152500.0,1500,-23.260780337096392,False,False,15.425597121890506
-1457500.0,-1152500.0,1500,-7.004501170482623,False,False,15.424300150938933
-1452500.0,-1152500.0,1500,6.41871641613424,False,False,15.423015866830466
-1447500.0,-1152500.0,1500,14.099548499090124,False,False,15.4217794050328
-1442500.0,-1152500.0,1500,15.93356386489713,False,False,15.42070389821142
-1437500.0,-1152500.0,1500,15.635875745751886,False,False,15.419792303772791
-1432500.0,-1152500.0,1500,15.476865015925828,False,False,15.418963020316406
-1427500.0,-1152500.0,1500,14.618929807078178,False,False,15.418058998352198
-1422500.0,-1152500.0,1500,13.030452842275377,False,False,15.416776109485852
-1417500.0,-1152500.0,1500,11.682807311260994,False,False,15.414663504742041
-1412500.0,-1152500.0,1500,9.41105500336207,False,False,15.41119886862787
-1407500.0,-1152500.0,1500,6.551964248625229,False,False,15.405970390800636
-1402500.0,-1152500.0,1500,4.812371439150926,False,False,15.398627485316844
-1397500.0,-1152500.0,1500,2.3739936710570286,False,False,15.388980878008924
-1392500.0,-1152500.0,1500,-0.5321141817924568,False,False,15.377043363960095
-1387500.0,-1152500.0,1500,-2.004413210525377,False,False,15.362980047171328
-1382500.0,-1152500.0,1500,-3.799297297928976,False,False,15.346879159416885
-1377500.0,-1152500.0,1500,-5.9986412106795495,False,False,15.329240562286408
-1372500.0,-1152500.0,1500,-7.287644685043009,False,False,15.310803613102536
-1367500.0,-1152500.0,1500,-9.390091416026227,False,False,15.29209856520906
-1362500.0,-1152500.0,1500,-12.233357938386687,False,False,15.274174548119131
-1357500.0,-1152500.0,1500,-13.951218067652576,False,False,15.25756266098777
-1352500.0,-1152500.0,1500,-15.672081438579033,False,False,15.241556185432795
-1347500.0,-1152500.0,1500,-18.01445530192514,False,False,15.223351980810811
-1342500.0,-1152500.0,1500,-19.50036693001837,False,False,15.198307742872794
-1337500.0,-1152500.0,1500,-20.812454535527937,False,False,15.159279149004963
-1332500.0,-1152500.0,1500,-22.902938731868364,False,False,15.096171166395372
-1327500.0,-1152500.0,1500,-24.259984264925787,False,False,15.00058586180915
-1322500.0,-1152500.0,1500,-25.564478385064756,False,False,14.86691634155233
-1317500.0,-1152500.0,1500,-28.138371180284246,False,False,14.707759537577678
-1312500.0,-1152500.0,1500,-29.855161364915286,False,False,14.562186682039833
-1307500.0,-1152500.0,1500,-30.78689254775261,False,False,14.463851530773576
-1302500.0,-1152500.0,1500,-31.921884241509776,False,False,14.415200733319875
-1297500.0,-1152500.0,1500,-31.10354414154776,False,True,14.396282855942673
-1292500.0,-1152500.0,1500,-27.56414185333322,False,True,14.384107217421088
-1287500.0,-1152500.0,1500,-22.636292409114954,False,True,14.360915962112347
-1282500.0,-1152500.0,1500,-17.867814596730902,False,True,14.316235645382232
-1277500.0,-1152500.0,1500,-16.00471058115071,False,True,14.244715851702853
-1272500.0,-1152500.0,1500,-16.679301789669694,False,True,14.136340288645401
-1267500.0,-1152500.0,1500,-16.584902543493698,False,True,13.950157903475025
-1262500.0,-1152500.0,1500,-13.003177760607075,False,True,13.587855659455403
-1257500.0,-1152500.0,1500,-2.771999336117928,False,True,12.697477155922495
-1252500.0,-1152500.0,1500,3.2146848993862043,False,True,11.151080302693904
-1247500.0,-1152500.0,1500,-12.072792665658387,False,True,9.239801445988716
-1242500.0,-1152500.0,1500,-30.596597185442572,True,True,6.901255104221435
-1237500.0,-1152500.0,1500,-36.060566724674196,True,True,4.7852353457559875
-1232500.0,-1152500.0,1500,-33.081240504888896,True,True,4.245567983701688
-1227500.0,-1152500.0,1500,-26.209665460095263,True,True,5.0061448572439575
-1222500.0,-1152500.0,1500,-29.851918053812657,True,True,5.7265992612399765
-1217500.0,-1152500.0,1500,-43.802461782965814,True,True,5.460018642356587
-1212500.0,-1152500.0,1500,-59.35024383588558,True,True,4.993259254022661
-1207500.0,-1152500.0,1500,-72.82803984739014,True,True,5.24938852817559
-1202500.0,-1152500.0,1500,-78.49633404465976,True,True,4.71140198323302
-1197500.0,-1152500.0,1500,-76.39079270704183,True,True,3.9500377897057883
-1192500.0,-1152500.0,1500,-73.37414425863129,True,True,4.091781828579459
-1187500.0,-1152500.0,1500,-69.10760781638011,False,True,4.193050979921731
-1182500.0,-1152500.0,1500,-66.83481698364258,True,True,4.470559944094805
-1177500.0,-1152500.0,1500,-74.84544378124409,False,True,4.9083493722757705
-1172500.0,-1152500.0,1500,-62.63680558148451,False,True,5.5456235872288575
-1167500.0,-1152500.0,1500,-23.71654441855017,False,True,5.7238469389742885
-1162500.0,-1152500.0,1500,-6.300745539865537,False,True,4.939728353600458
-1157500.0,-1152500.0,1500,-17.531180890449843,False,False,4.295734249643399
-1152500.0,-1152500.0,1500,-28.516283499631307,False,False,4.078946284458546
-1597500.0,-1147500.0,1500,-55.71142432749253,False,False,15.43494765852169
-1592500.0,-1147500.0,1500,-52.71679926078922,False,False,15.43493346013201
-1587500.0,-1147500.0,1500,-46.90287290474046,False,False,15.434895956335328
-1582500.0,-1147500.0,1500,-39.4198738683679,False,False,15.434845107562863
-1577500.0,-1147500.0,1500,-30.196540353286387,False,False,15.434780138368636
-1572500.0,-1147500.0,1500,-19.599406208161568,False,False,15.43470276439945
-1567500.0,-1147500.0,1500,-16.27243800947658,False,False,15.434610679778675
-1562500.0,-1147500.0,1500,-25.195124194704178,False,False,15.434506330022243
-1557500.0,-1147500.0,1500,-39.50773404658544,False,False,15.434391001045793
-1552500.0,-1147500.0,1500,-53.654178859232594,False,False,15.434274155975363
-1547500.0,-1147500.0,1500,-60.975357775254146,False,False,15.434162892350876
-1542500.0,-1147500.0,1500,-52.160794066062046,False,False,15.434056138033414
-1537500.0,-1147500.0,1500,-30.200842914572004,False,False,15.433958811717998
-1532500.0,-1147500.0,1500,-8.197249462040103,False,False,15.433843231581589
-1527500.0,-1147500.0,1500,0.10827781533827541,False,False,15.433684133374431
-1522500.0,-1147500.0,1500,-6.403708085258316,False,False,15.43345378802529
-1517500.0,-1147500.0,1500,-17.09999862118481,False,False,15.433137418285035
-1512500.0,-1147500.0,1500,-25.285556419409776,False,False,15.43273088114258
-1507500.0,-1147500.0,1500,-31.964258935478355,False,False,15.432222169775972
-1502500.0,-1147500.0,1500,-38.9765881732739,False,False,15.431616591852919
-1497500.0,-1147500.0,1500,-43.48253955885965,False,False,15.43091399039873
-1492500.0,-1147500.0,1500,-45.9265044288638,False,False,15.430115945202399
-1487500.0,-1147500.0,1500,-49.043125015760154,False,False,15.429222521631836
-1482500.0,-1147500.0,1500,-50.21016741303607,False,False,15.428224010411917
-1477500.0,-1147500.0,1500,-46.60900487264573,False,False,15.427134760529096
-1472500.0,-1147500.0,1500,-39.37561757308773,False,False,15.4259514670792
-1467500.0,-1147500.0,1500,-29.053846512759048,False,False,15.424704674632785
-1462500.0,-1147500.0,1500,-15.77765227811931,False,False,15.423405831303347
-1457500.0,-1147500.0,1500,-2.6867628859618615,False,False,15.422117358610432
-1452500.0,-1147500.0,1500,6.110087985288918,False,False,15.420940863263311
-1447500.0,-1147500.0,1500,9.376735491878007,False,False,15.419897214812146
-1442500.0,-1147500.0,1500,8.894032633562874,False,False,15.419001282246107
-1437500.0,-1147500.0,1500,7.997795149505301,False,False,15.418205827649862
-1432500.0,-1147500.0,1500,8.024970526713656,False,False,15.41736199238601
-1427500.0,-1147500.0,1500,7.452414736083408,False,False,15.416208521911862
-1422500.0,-1147500.0,1500,6.60130959831414,False,False,15.414349428487743
-1417500.0,-1147500.0,1500,5.800302210551418,False,False,15.41134312051621
-1412500.0,-1147500.0,1500,3.7063533916843627,False,False,15.406566194513097
-1407500.0,-1147500.0,1500,1.2088533252602909,False,False,15.399586264294456
-1402500.0,-1147500.0,1500,-0.6582846418924417,False,False,15.390238555198255
-1397500.0,-1147500.0,1500,-2.8334279156275866,False,False,15.37816626141477
-1392500.0,-1147500.0,1500,-5.305027403599038,False,False,15.363546527940628
-1387500.0,-1147500.0,1500,-7.0841053317984635,False,False,15.346659917320942
-1382500.0,-1147500.0,1500,-8.64421593326476,False,False,15.327560485631457
-1377500.0,-1147500.0,1500,-10.491415891390472,False,False,15.306853197658544
-1372500.0,-1147500.0,1500,-11.799937222786113,False,False,15.285768092960016
-1367500.0,-1147500.0,1500,-13.247143167806865,False,False,15.26522774172713
-1362500.0,-1147500.0,1500,-15.587649404654563,False,False,15.246044376607678
-1357500.0,-1147500.0,1500,-17.430509538690934,False,False,15.228609969329204
-1352500.0,-1147500.0,1500,-18.92904870409036,False,False,15.211647435707247
-1347500.0,-1147500.0,1500,-21.033146547843177,False,False,15.191271072791617
-1342500.0,-1147500.0,1500,-22.6320477612663,False,False,15.15910860157551
-1337500.0,-1147500.0,1500,-23.77389608899497,False,False,15.104491791193755
-1332500.0,-1147500.0,1500,-25.468329996616056,False,False,15.008406261734747
-1327500.0,-1147500.0,1500,-26.70283664971322,False,False,14.8420736248009
-1322500.0,-1147500.0,1500,-27.347414011121703,False,False,14.57864174538426
-1317500.0,-1147500.0,1500,-29.42429985881373,False,False,14.220243693093554
-1312500.0,-1147500.0,1500,-32.126986323578656,False,False,13.867295256616522
-1307500.0,-1147500.0,1500,-33.634496176132316,False,False,13.656172887178336
-1302500.0,-1147500.0,1500,-35.28552981040815,False,False,13.594136824026968
-1297500.0,-1147500.0,1500,-35.45751265078613,False,False,13.60215626521996
-1292500.0,-1147500.0,1500,-31.422378384836843,False,True,13.622382514051768
-1287500.0,-1147500.0,1500,-25.333859670927453,False,True,13.611094541259167
-1282500.0,-1147500.0,1500,-19.340510324640327,False,True,13.540668501004863
-1277500.0,-1147500.0,1500,-15.155951431627447,False,True,13.41564081168302
-1272500.0,-1147500.0,1500,-13.928625940501208,False,True,13.244172596048355
-1267500.0,-1147500.0,1500,-14.390308878183564,False,True,12.988522601157324
-1262500.0,-1147500.0,1500,-13.517097027387099,False,True,12.38878256815969
-1257500.0,-1147500.0,1500,-9.717279134511426,False,True,10.96683526671692
-1252500.0,-1147500.0,1500,-10.879421692097166,False,True,8.65049701555862
-1247500.0,-1147500.0,1500,-23.539636358052668,True,True,6.282803858296554
-1242500.0,-1147500.0,1500,-32.67442256874479,True,True,4.458965075279451
-1237500.0,-1147500.0,1500,-34.60702658064683,True,True,4.206800935136264
-1232500.0,-1147500.0,1500,-34.06225847182838,True,True,5.291368209281556
-1227500.0,-1147500.0,1500,-31.344449747060466,True,True,5.7574876711673655
-1222500.0,-1147500.0,1500,-34.96866446136192,True,True,5.287931018942583
-1217500.0,-1147500.0,1500,-44.320432986313804,True,True,5.222188515158092
-1212500.0,-1147500.0,1500,-56.61981548207596,True,True,5.48623493456008
-1207500.0,-1147500.0,1500,-67.93450961955652,True,True,4.793403357382227
-1202500.0,-1147500.0,1500,-71.42674180644946,True,True,4.0455372899175295
-1197500.0,-1147500.0,1500,-70.56948296578648,True,True,3.981389400043588
-1192500.0,-1147500.0,1500,-69.70001465986276,True,True,4.209556206085843
-1187500.0,-1147500.0,1500,-63.52176352554302,False,True,4.357472423337013
-1182500.0,-1147500.0,1500,-54.614499204143776,False,True,3.886055438841413
-1177500.0,-1147500.0,1500,-52.720346664050524,False,True,4.15997790008126
-1172500.0,-1147500.0,1500,-60.559215110364356,False,True,5.487149232939131
-1167500.0,-1147500.0,1500,-61.199970363023425,False,True,5.484989353972745
-1162500.0,-1147500.0,1500,-51.40953986177115,False,True,4.425836196982671
-1157500.0,-1147500.0,1500,-46.92206332190277,False,False,3.7684295830173715
-1152500.0,-1147500.0,1500,-50.26451397183274,False,False,4.238508175268702
-1597500.0,-1142500.0,1500,-57.85467270520728,False,False,15.434623427831703
-1592500.0,-1142500.0,1500,-54.887322000649704,False,False,15.434588456320158
-1587500.0,-1142500.0,1500,-48.63941933829485,False,False,15.434535206616085
-1582500.0,-1142500.0,1500,-40.496832568540384,False,False,15.434468864255376
-1577500.0,-1142500.0,1500,-30.702351522029222,False,False,15.43438538242323
-1572500.0,-1142500.0,1500,-19.50746145198711,False,False,15.434286007347547
-1567500.0,-1142500.0,1500,-14.139831582521575,False,False,15.434167281002251
-1562500.0,-1142500.0,1500,-19.481472653137143,False,False,15.434031759512347
-1557500.0,-1142500.0,1500,-31.50779629215707,False,False,15.433879140647939
-1552500.0,-1142500.0,1500,-45.15848498227206,False,False,15.43371744451508
-1547500.0,-1142500.0,1500,-53.70223375226379,False,False,15.433550677050665
-1542500.0,-1142500.0,1500,-47.44766541027286,False,False,15.433374909673713
-1537500.0,-1142500.0,1500,-26.546343729068568,False,False,15.433198643359667
-1532500.0,-1142500.0,1500,-2.558886543167541,False,False,15.432996765974774
-1527500.0,-1142500.0,1500,10.705397309122139,False,False,15.432741781991561
-1522500.0,-1142500.0,1500,9.561807929755776,False,False,15.432406921542977
-1517500.0,-1142500.0,1500,2.155347485646556,False,False,15.4319755290758
-1512500.0,-1142500.0,1500,-4.270991329088579,False,False,15.431447431872344
-1507500.0,-1142500.0,1500,-10.235299636446063,False,False,15.430817414350518
-1502500.0,-1142500.0,1500,-17.766620021079284,False,False,15.430086315964383
-1497500.0,-1142500.0,1500,-24.20246810183513,False,False,15.42925841808441
-1492500.0,-1142500.0,1500,-28.442961027668957,False,False,15.428332334537977
-1487500.0,-1142500.0,1500,-32.00378148866842,False,False,15.427315192718975
-1482500.0,-1142500.0,1500,-33.2603571073302,False,False,15.426198530781347
-1477500.0,-1142500.0,1500,-28.99988159068091,False,False,15.424991822230702
-1472500.0,-1142500.0,1500,-21.989362420056572,False,False,15.423736721917452
-1467500.0,-1142500.0,1500,-14.755673081742145,False,False,15.422475769082
-1462500.0,-1142500.0,1500,-6.431929280712945,False,False,15.42123127260013
-1457500.0,-1142500.0,1500,0.6467915277553016,False,False,15.420080668428607
-1452500.0,-1142500.0,1500,4.00079721389962,False,False,15.41909957109672
-1447500.0,-1142500.0,1500,3.819528160798653,False,False,15.418249551220669
-1442500.0,-1142500.0,1500,1.6470629471520601,False,False,15.417462014699431
-1437500.0,-1142500.0,1500,0.3318830916789449,False,False,15.416602880219116
-1432500.0,-1142500.0,1500,0.2839620394743315,False,False,15.41546576786673
-1427500.0,-1142500.0,1500,-0.1696063956960303,False,False,15.413740421676282
-1422500.0,-1142500.0,1500,-0.5279681251913247,False,False,15.41092948037354
-1417500.0,-1142500.0,1500,-0.8935969118395333,False,False,15.406578817258652
-1412500.0,-1142500.0,1500,-2.2587552794243675,False,False,15.400155017875123
-1407500.0,-1142500.0,1500,-4.191579885854206,False,False,15.391036696314142
-1402500.0,-1142500.0,1500,-5.985801730562542,False,False,15.379237183885843
-1397500.0,-1142500.0,1500,-7.8480048261411275,False,False,15.3645494709393
-1392500.0,-1142500.0,1500,-10.02993796343255,False,False,15.346769068551868
-1387500.0,-1142500.0,1500,-11.8546834458826,False,False,15.32670946777475
-1382500.0,-1142500.0,1500,-13.23264503550272,False,False,15.304599691712596
-1377500.0,-1142500.0,1500,-14.785376967139262,False,False,15.28089352706121
-1372500.0,-1142500.0,1500,-16.192549678113437,False,False,15.257193243228738
-1367500.0,-1142500.0,1500,-17.2702934742977,False,False,15.234691448173248
-1362500.0,-1142500.0,1500,-19.007407066133364,False,False,15.21425319121116
-1357500.0,-1142500.0,1500,-20.884095401191104,False,False,15.196128406522828
-1352500.0,-1142500.0,1500,-22.073093825186476,False,False,15.177765392747022
-1347500.0,-1142500.0,1500,-23.905373609536927,False,False,15.154185730466985
-1342500.0,-1142500.0,1500,-25.72794312215026,False,False,15.114532096976419
-1337500.0,-1142500.0,1500,-26.59789041243921,False,False,15.040376152007207
-1332500.0,-1142500.0,1500,-28.085992597400228,False,False,14.903713544839228
-1327500.0,-1142500.0,1500,-29.112014219209787,False,False,14.635634239661107
-1322500.0,-1142500.0,1500,-28.85968524346738,False,False,14.120401315275085
-1317500.0,-1142500.0,1500,-30.40262265169183,False,False,13.271937990968727
-1312500.0,-1142500.0,1500,-33.434411103559356,False,False,12.353445244104728
-1307500.0,-1142500.0,1500,-35.57945575782432,False,False,11.848860380043144
-1302500.0,-1142500.0,1500,-37.498424055733125,False,False,11.770235270786024
-1297500.0,-1142500.0,1500,-37.97659419453007,False,True,11.845007689464161
-1292500.0,-1142500.0,1500,-33.953442434879115,False,True,11.942694892635341
-1287500.0,-1142500.0,1500,-26.97026795391212,False,True,11.959535085819962
-1282500.0,-1142500.0,1500,-18.660255833486463,False,True,11.832688110730299
-1277500.0,-1142500.0,1500,-8.123920167730466,True,True,11.417556230308389
-1272500.0,-1142500.0,1500,-3.7925435204065634,False,True,10.986424554299363
-1267500.0,-1142500.0,1500,-9.060452730893884,False,True,10.8073355523025
-1262500.0,-1142500.0,1500,-14.624504283931183,False,True,10.204140674258568
-1257500.0,-1142500.0,1500,-19.89217213058311,True,True,8.36964697430957
-1252500.0,-1142500.0,1500,-26.533796100395424,True,True,6.025665181485465
-1247500.0,-1142500.0,1500,-29.62605577612165,True,True,4.374822134142619
-1242500.0,-1142500.0,1500,-29.344119844676705,True,True,4.3127476897685275
-1237500.0,-1142500.0,1500,-32.80989405328585,True,True,5.465921179538104
-1232500.0,-1142500.0,1500,-35.69375423047769,True,True,5.652161906391513
-1227500.0,-1142500.0,1500,-35.35559766998937,True,True,5.092049801132228
-1222500.0,-1142500.0,1500,-39.34227919511294,True,True,5.441516492593564
-1217500.0,-1142500.0,1500,-46.71482968040869,True,True,5.679440914859208
-1212500.0,-1142500.0,1500,-54.050923800932004,True,True,4.673156388951421
-1207500.0,-1142500.0,1500,-58.94378683335967,True,True,3.8926515071024297
-1202500.0,-1142500.0,1500,-59.68340274418504,True,True,4.118771443367146
-1197500.0,-1142500.0,1500,-60.059095018751925,True,True,4.3984266414036215
-1192500.0,-1142500.0,1500,-63.705335119567096,True,True,4.702283685717669
-1187500.0,-1142500.0,1500,-68.31837472327382,True,True,4.470388422790266
-1182500.0,-1142500.0,1500,-65.45800928952904,True,True,4.3683452708410595
-1177500.0,-1142500.0,1500,-49.154693624399826,False,True,5.147620854732637
-1172500.0,-1142500.0,1500,-48.740205039313615,False,True,4.940089401542259
-1167500.0,-1142500.0,1500,-66.49672968413346,False,True,4.326592976430759
-1162500.0,-1142500.0,1500,-67.56185737844869,False,True,4.186508764123163
-1157500.0,-1142500.0,1500,-54.05558910394991,False,False,4.34241298949918
-1152500.0,-1142500.0,1500,-48.5956030316351,False,False,5.064395721638733
-1597500.0,-1137500.0,1500,-59.907783494292474,False,False,15.434281613944956
-1592500.0,-1137500.0,1500,-56.3276975536499,False,False,15.434235368890286
-1587500.0,-1137500.0,1500,-49.564278323978314,False,False,15.43416946196712
-1582500.0,-1137500.0,1500,-40.82747552700158,False,False,15.434087113314376
-1577500.0,-1137500.0,1500,-30.736301386707474,False,False,15.43398276605367
-1572500.0,-1137500.0,1500,-20.06768140902802,False,False,15.433857779564015
-1567500.0,-1137500.0,1500,-13.348333252628294,False,False,15.433707823858555
-1562500.0,-1137500.0,1500,-14.664114024856067,False,False,15.433536576278387
-1557500.0,-1137500.0,1500,-23.12926262414059,False,False,15.433339389527966
-1552500.0,-1137500.0,1500,-34.56031654467055,False,False,15.433120937384246
-1547500.0,-1137500.0,1500,-43.14447079331296,False,False,15.4328894536416
-1542500.0,-1137500.0,1500,-39.92583016685866,False,False,15.432638875816654
-1537500.0,-1137500.0,1500,-22.342912537802455,False,False,15.432371245433059
-1532500.0,-1137500.0,1500,-0.1690478959903162,False,False,15.432063781519716
-1527500.0,-1137500.0,1500,14.60509343091498,False,False,15.431694314912244
-1522500.0,-1137500.0,1500,18.189197469787633,False,False,15.431240488263056
-1517500.0,-1137500.0,1500,15.669756366963977,False,False,15.430688786912196
-1512500.0,-1137500.0,1500,12.574207614038524,False,False,15.430034149299575
-1507500.0,-1137500.0,1500,8.89920192608906,False,False,15.429273309924127
-1502500.0,-1137500.0,1500,2.527972429715453,False,False,15.428409626195359
-1497500.0,-1137500.0,1500,-4.8969116253389435,False,False,15.427448196779922
-1492500.0,-1137500.0,1500,-10.782530799470084,False,False,15.426394580298044
-1487500.0,-1137500.0,1500,-15.313117751324327,False,False,15.425253795155774
-1482500.0,-1137500.0,1500,-16.518829785348238,False,False,15.424040050286802
-1477500.0,-1137500.0,1500,-11.29184104090443,False,False,15.422780977822022
-1472500.0,-1137500.0,1500,-4.440987808556893,False,False,15.421513232313288
-1467500.0,-1137500.0,1500,0.22830947847460722,False,False,15.420323777845123
-1462500.0,-1137500.0,1500,3.3344953414170533,False,False,15.419244573739817
-1457500.0,-1137500.0,1500,4.011086977878765,False,False,15.41829401765047
-1452500.0,-1137500.0,1500,2.347291435246026,False,False,15.417475864434053
-1447500.0,-1137500.0,1500,-0.5589149015247268,False,False,15.416680043383678
-1442500.0,-1137500.0,1500,-3.825814173793305,False,False,15.41576006382537
-1437500.0,-1137500.0,1500,-6.416688074091579,False,False,15.414540968539693
-1432500.0,-1137500.0,1500,-7.323969801748177,False,False,15.412730070364383
-1427500.0,-1137500.0,1500,-7.619409457672939,False,False,15.410001853723191
-1422500.0,-1137500.0,1500,-7.943057061183784,False,False,15.405856274613246
-1417500.0,-1137500.0,1500,-7.614539146594183,False,False,15.399739875033445
-1412500.0,-1137500.0,1500,-8.016806277410483,False,False,15.391231884753838
-1407500.0,-1137500.0,1500,-9.784012504054147,False,False,15.379746869903084
-1402500.0,-1137500.0,1500,-11.275502796082334,False,False,15.365064084890093
-1397500.0,-1137500.0,1500,-12.716577705595801,False,False,15.347378414329953
-1392500.0,-1137500.0,1500,-14.754262306227698,False,False,15.326470813672486
-1387500.0,-1137500.0,1500,-16.472369908501925,False,False,15.30291846897827
-1382500.0,-1137500.0,1500,-17.684826430478207,False,False,15.277701802409446
-1377500.0,-1137500.0,1500,-19.16649137270981,False,False,15.25123555945267
-1372500.0,-1137500.0,1500,-20.37572590740342,False,False,15.225212440085272
-1367500.0,-1137500.0,1500,-21.0942682873478,False,False,15.20118928288025
-1362500.0,-1137500.0,1500,-22.534371428260073,False,False,15.179506948177798
-1357500.0,-1137500.0,1500,-24.025724386970786,False,False,15.15999208418845
-1352500.0,-1137500.0,1500,-24.95099047272235,False,False,15.13942080966928
-1347500.0,-1137500.0,1500,-26.661561896465727,False,False,15.110901534737064
-1342500.0,-1137500.0,1500,-28.48928470080656,False,False,15.061747360176646
-1337500.0,-1137500.0,1500,-29.38271082432638,False,False,14.96798854237342
-1332500.0,-1137500.0,1500,-30.79099815012073,False,False,14.791491126938517
-1327500.0,-1137500.0,1500,-31.62759141459447,False,False,14.426942209790646
-1322500.0,-1137500.0,1500,-30.53932513876838,False,False,13.593995888575215
-1317500.0,-1137500.0,1500,-31.230974146526332,False,False,11.882195776510144
-1312500.0,-1137500.0,1500,-34.03792348885022,False,False,9.210986035813342
-1307500.0,-1137500.0,1500,-35.86262465743178,False,False,7.5664768231445665
-1302500.0,-1137500.0,1500,-37.88149623252101,False,False,7.54484352390705
-1297500.0,-1137500.0,1500,-39.23035920761566,False,False,7.7579854199312575
-1292500.0,-1137500.0,1500,-36.04177082559331,False,True,8.080322779682543
-1287500.0,-1137500.0,1500,-28.27966911219451,False,True,8.175471830396104
-1282500.0,-1137500.0,1500,-17.52655486901353,False,True,7.869239189718636
-1277500.0,-1137500.0,1500,-2.2669338543800444,False,True,7.1642603982912485
-1272500.0,-1137500.0,1500,7.262744186118097,False,True,6.485500098678157
-1267500.0,-1137500.0,1500,2.670861236099282,False,True,6.593486940690681
-1262500.0,-1137500.0,1500,-11.490884887301572,False,True,6.672277464041104
-1257500.0,-1137500.0,1500,-21.947104515080834,True,True,5.624853041065188
-1252500.0,-1137500.0,1500,-25.43754536584441,True,True,4.399809212666614
-1247500.0,-1137500.0,1500,-27.098054008044105,True,True,4.557945658302808
-1242500.0,-1137500.0,1500,-29.200249080540928,True,True,5.658878475513772
-1237500.0,-1137500.0,1500,-35.952988142906015,True,True,5.628930812201239
-1232500.0,-1137500.0,1500,-39.28735060718823,True,True,4.964858697897126
-1227500.0,-1137500.0,1500,-38.181688027586155,True,True,5.54039943731491
-1222500.0,-1137500.0,1500,-39.747156914433816,True,True,5.711297992277356
-1217500.0,-1137500.0,1500,-43.247975930572885,True,True,4.5320838723974095
-1212500.0,-1137500.0,1500,-46.966929556796096,True,True,3.879304489644384
-1207500.0,-1137500.0,1500,-47.9977052591946,True,True,4.15530304554883
-1202500.0,-1137500.0,1500,-47.500429967610955,True,True,4.531779983754015
-1197500.0,-1137500.0,1500,-46.43375570848405,False,True,4.911040762322244
-1192500.0,-1137500.0,1500,-47.11765558774441,False,True,4.694927405373439
-1187500.0,-1137500.0,1500,-53.56081821994384,False,True,4.489917555316999
-1182500.0,-1137500.0,1500,-68.28182625261087,True,True,5.221112643253796
-1177500.0,-1137500.0,1500,-80.37581455684425,True,True,4.948834149458901
-1172500.0,-1137500.0,1500,-73.8570474270356,False,True,3.7824577112618947
-1167500.0,-1137500.0,1500,-66.93145057756429,False,True,3.729885739760873
-1162500.0,-1137500.0,1500,-49.66319089115222,False,True,4.3910489061950155
-1157500.0,-1137500.0,1500,-12.599425967698572,False,True,4.7077421037681395
-1152500.0,-1137500.0,1500,-2.3737823299596306,False,False,4.685785844663663
-1597500.0,-1132500.0,1500,-61.43273165575774,False,False,15.433934840091228
-1592500.0,-1132500.0,1500,-56.93518176792535,False,False,15.433878003989951
-1587500.0,-1132500.0,1500,-49.66878486627419,False,False,15.433798780629408
-1582500.0,-1132500.0,1500,-40.01563986653427,False,False,15.433698575774098
-1577500.0,-1132500.0,1500,-29.487695965291376,False,False,15.433570228739327
-1572500.0,-1132500.0,1500,-19.57888276227027,False,False,15.433415263965248
-1567500.0,-1132500.0,1500,-12.434472592237036,False,False,15.433228882030113
-1562500.0,-1132500.0,1500,-10.976605391473031,False,False,15.433011634744567
-1557500.0,-1132500.0,1500,-15.776320501669918,False,False,15.432756763645118
-1552500.0,-1132500.0,1500,-23.320085449943505,False,False,15.432468517555055
-1547500.0,-1132500.0,1500,-29.76890219651377,False,False,15.432161777401292
-1542500.0,-1132500.0,1500,-28.871915176319153,False,False,15.43183094568471
-1537500.0,-1132500.0,1500,-16.057346614303906,False,False,15.431466591251077
-1532500.0,-1132500.0,1500,1.78416485755913,False,False,15.431044213910035
-1527500.0,-1132500.0,1500,14.13305190888674,False,False,15.430548147723817
-1522500.0,-1132500.0,1500,18.58492675261343,False,False,15.4299641313347
-1517500.0,-1132500.0,1500,18.794391815065964,False,False,15.429282568767945
-1512500.0,-1132500.0,1500,18.046626120116752,False,False,15.428496294532128
-1507500.0,-1132500.0,1500,17.32646440519383,False,False,15.427601731231693
-1502500.0,-1132500.0,1500,14.27802166322021,False,False,15.42660604330049
-1497500.0,-1132500.0,1500,8.606187502970553,False,False,15.42551512672173
-1492500.0,-1132500.0,1500,2.904908851642573,False,False,15.424350031940792
-1487500.0,-1132500.0,1500,-1.749411907210519,False,False,15.423131635838587
-1482500.0,-1132500.0,1500,-2.9434536969959586,False,False,15.421871662092126
-1477500.0,-1132500.0,1500,0.7372410438402447,False,False,15.420640353368425
-1472500.0,-1132500.0,1500,5.088431309476533,False,False,15.41948025907968
-1467500.0,-1132500.0,1500,6.844837565530974,False,False,15.418432680134604
-1462500.0,-1132500.0,1500,7.166216633023313,False,False,15.417528113726192
-1457500.0,-1132500.0,1500,6.151781666956946,False,False,15.416718973892726
-1452500.0,-1132500.0,1500,2.7335391052843896,False,False,15.415874554512905
-1447500.0,-1132500.0,1500,-1.7917810896713617,False,False,15.4148508301614
-1442500.0,-1132500.0,1500,-6.580909585278346,False,False,15.413442107401593
-1437500.0,-1132500.0,1500,-11.418571855307073,False,False,15.411435825842121
-1432500.0,-1132500.0,1500,-13.955765542080817,False,False,15.408541172139298
-1427500.0,-1132500.0,1500,-14.587696148353386,False,False,15.404354567084818
-1422500.0,-1132500.0,1500,-14.909701636359564,False,False,15.398451541050687
-1417500.0,-1132500.0,1500,-14.073892569632521,False,False,15.390254107384536
-1412500.0,-1132500.0,1500,-13.833041080043454,False,False,15.379240655786134
-1407500.0,-1132500.0,1500,-15.415207579686149,False,False,15.365020021702328
-1402500.0,-1132500.0,1500,-16.421744278533467,False,False,15.347352106332028
-1397500.0,-1132500.0,1500,-17.24319565402679,False,False,15.326343841103716
-1392500.0,-1132500.0,1500,-19.336984880677505,False,False,15.30221647477331
-1387500.0,-1132500.0,1500,-20.94981562099666,False,False,15.27548056569601
-1382500.0,-1132500.0,1500,-21.96560745758194,False,False,15.24721244399404
-1377500.0,-1132500.0,1500,-23.466372669895133,False,False,15.218218389114671
-1372500.0,-1132500.0,1500,-24.27282776673199,False,False,15.190152022888846
-1367500.0,-1132500.0,1500,-24.63747791735338,False,False,15.164807628235824
-1362500.0,-1132500.0,1500,-25.85795631316305,False,False,15.142168321558959
-1357500.0,-1132500.0,1500,-26.84297008547375,False,False,15.12061705782104
-1352500.0,-1132500.0,1500,-27.42819513733393,False,False,15.095532690581807
-1347500.0,-1132500.0,1500,-29.034548730574706,False,False,15.058675986832181
-1342500.0,-1132500.0,1500,-30.745292186030614,False,False,14.995509244417109
-1337500.0,-1132500.0,1500,-31.71119795804621,False,False,14.879760306032736
-1332500.0,-1132500.0,1500,-33.14053592427393,False,False,14.675268333416835
-1327500.0,-1132500.0,1500,-33.987979747658926,False,False,14.273843584923387
-1322500.0,-1132500.0,1500,-32.86497868489277,False,False,13.331977238306049
-1317500.0,-1132500.0,1500,-32.6921448011805,False,False,11.339533367780419
-1312500.0,-1132500.0,1500,-34.299609565387655,False,False,8.129381995128142
-1307500.0,-1132500.0,1500,-35.02496902043698,False,False,6.168234346876522
-1302500.0,-1132500.0,1500,-36.108076039418904,False,False,6.1291600875101375
-1297500.0,-1132500.0,1500,-37.45341239735709,False,False,6.16299873732194
-1292500.0,-1132500.0,1500,-35.16964652379768,False,True,6.168274164090766
-1287500.0,-1132500.0,1500,-28.430802355704632,False,True,6.058546827168166
-1282500.0,-1132500.0,1500,-18.058200057926097,False,True,5.949755213361563
-1277500.0,-1132500.0,1500,-3.0931135592910683,False,True,5.600447331174076
-1272500.0,-1132500.0,1500,8.256366663048054,False,True,4.812220502672408
-1267500.0,-1132500.0,1500,6.9017659176093655,False,True,4.262102191178981
-1262500.0,-1132500.0,1500,-9.537847361194796,False,True,4.236773130261847
-1257500.0,-1132500.0,1500,-23.42893510157685,True,True,4.424049899754574
-1252500.0,-1132500.0,1500,-27.106527965319014,True,True,4.921438755319372
-1247500.0,-1132500.0,1500,-30.762367455162714,True,True,5.697906012169826
-1242500.0,-1132500.0,1500,-35.11855336973935,True,True,5.526679628421309
-1237500.0,-1132500.0,1500,-40.37703841858232,True,True,5.051123028462488
-1232500.0,-1132500.0,1500,-41.031922720915816,True,True,5.702695471401913
-1227500.0,-1132500.0,1500,-37.211053199705965,True,True,5.637628095033651
-1222500.0,-1132500.0,1500,-33.47610907583209,True,True,4.443197855935126
-1217500.0,-1132500.0,1500,-31.695134751354484,True,True,3.961668078323713
-1212500.0,-1132500.0,1500,-31.783458362479784,True,True,4.12148683674065
-1207500.0,-1132500.0,1500,-32.69814017694664,False,True,4.396892531242976
-1202500.0,-1132500.0,1500,-36.03356412649428,False,True,4.794210686887121
-1197500.0,-1132500.0,1500,-34.446637776181,False,True,4.554731715634231
-1192500.0,-1132500.0,1500,-30.04702465268817,False,True,4.1994970740533475
-1187500.0,-1132500.0,1500,-25.751728355927302,False,True,4.63264068197496
-1182500.0,-1132500.0,1500,-25.673915899601422,False,True,4.532727278370031
-1177500.0,-1132500.0,1500,-58.54557059663751,False,True,3.726198262612361
-1172500.0,-1132500.0,1500,-84.40184607244478,False,True,3.478191901616666
-1167500.0,-1132500.0,1500,-71.24509609820241,False,True,3.837358791716646
-1162500.0,-1132500.0,1500,-40.20744689660008,False,True,4.2046627666859715
-1157500.0,-1132500.0,1500,2.9117850970207,False,False,3.9073374193493686
-1152500.0,-1132500.0,1500,24.566436829997517,False,False,3.382937804893759
-1597500.0,-1127500.0,1500,-62.170584756506564,False,False,15.433583286597916
-1592500.0,-1127500.0,1500,-56.53906933790172,False,False,15.4335159289363
-1587500.0,-1127500.0,1500,-48.472054710639206,False,False,15.433422283782424
-1582500.0,-1127500.0,1500,-37.671080279192665,False,False,15.433302281956514
-1577500.0,-1127500.0,1500,-26.279286535784532,False,False,15.433146862661538
-1572500.0,-1127500.0,1500,-16.681670324893563,False,False,15.43295587606023
-1567500.0,-1127500.0,1500,-9.121346953356685,False,False,15.43272482005796
-1562500.0,-1127500.0,1500,-5.919512562980055,False,False,15.432452312732998
-1557500.0,-1127500.0,1500,-8.31085727016404,False,False,15.43212710592696
-1552500.0,-1127500.0,1500,-12.614817038803876,False,False,15.43175649045796
-1547500.0,-1127500.0,1500,-16.51869376241979,False,False,15.431366377557836
-1542500.0,-1127500.0,1500,-16.358412645269095,False,False,15.43094837500254
-1537500.0,-1127500.0,1500,-7.7350864646990045,False,False,15.43048030811702
-1532500.0,-1127500.0,1500,4.440366197407011,False,False,15.429940540216158
-1527500.0,-1127500.0,1500,12.12319954634579,False,False,15.429319815292708
-1522500.0,-1127500.0,1500,14.777516093284015,False,False,15.428604256109228
-1517500.0,-1127500.0,1500,15.029500969490742,False,False,15.427784293228454
-1512500.0,-1127500.0,1500,14.536678218428216,False,False,15.426856330025522
-1507500.0,-1127500.0,1500,14.560330514448955,False,False,15.425823966179877
-1502500.0,-1127500.0,1500,14.009075410560149,False,False,15.424705955412161
-1497500.0,-1127500.0,1500,11.83052976530907,False,False,15.423510814185873
-1492500.0,-1127500.0,1500,9.036231126125013,False,False,15.422267613914926
-1487500.0,-1127500.0,1500,6.26187496618879,False,False,15.421035500550671
-1482500.0,-1127500.0,1500,4.675745489896507,False,False,15.419837652044368
-1477500.0,-1127500.0,1500,5.572052394133741,False,False,15.418719457568486
-1472500.0,-1127500.0,1500,6.146576990998746,False,False,15.417715727023449
-1467500.0,-1127500.0,1500,4.50461468090746,False,False,15.416820012918004
-1462500.0,-1127500.0,1500,3.907293989534427,False,False,15.415965796514433
-1457500.0,-1127500.0,1500,4.164031472600156,False,False,15.415063293376898
-1452500.0,-1127500.0,1500,2.6291650060036376,False,False,15.413908794990501
-1447500.0,-1127500.0,1500,-0.7015688704380646,False,False,15.412258901592931
-1442500.0,-1127500.0,1500,-6.328794491750585,False,False,15.409951276469116
-1437500.0,-1127500.0,1500,-13.089263843237358,False,False,15.406717315835591
-1432500.0,-1127500.0,1500,-17.990949513562654,False,False,15.402272049508142
-1427500.0,-1127500.0,1500,-20.32697152423392,False,False,15.396255740964708
-1422500.0,-1127500.0,1500,-21.18262803112431,False,False,15.38819652905043
-1417500.0,-1127500.0,1500,-20.366916535404624,False,False,15.377585556818568
-1412500.0,-1127500.0,1500,-19.591857178699904,False,False,15.36382085551063
-1407500.0,-1127500.0,1500,-20.71676662422546,False,False,15.346563051210449
-1402500.0,-1127500.0,1500,-21.39386632573139,False,False,15.325771094951769
-1397500.0,-1127500.0,1500,-21.70926913909373,False,False,15.301510428514879
-1392500.0,-1127500.0,1500,-23.552854451525675,False,False,15.27416658067629
-1387500.0,-1127500.0,1500,-25.095548137857165,False,False,15.244522377162472
-1382500.0,-1127500.0,1500,-25.949499762268605,False,False,15.213641482315214
-1377500.0,-1127500.0,1500,-27.420834974582597,False,False,15.18271605826334
-1372500.0,-1127500.0,1500,-27.964489599670483,False,False,15.15329059916207
-1367500.0,-1127500.0,1500,-27.902084071185097,False,False,15.126775031391801
-1362500.0,-1127500.0,1500,-28.86901160787821,False,False,15.102572880205326
-1357500.0,-1127500.0,1500,-29.480486126281548,False,False,15.078129617455875
-1352500.0,-1127500.0,1500,-29.68329669476351,False,False,15.045862098607516
-1347500.0,-1127500.0,1500,-30.943400915638147,False,False,14.994284704588418
-1342500.0,-1127500.0,1500,-32.45450908342272,False,False,14.905901104170393
-1337500.0,-1127500.0,1500,-33.53156328163016,False,False,14.754729681562416
-1332500.0,-1127500.0,1500,-34.92479483171162,False,False,14.513827369224064
-1327500.0,-1127500.0,1500,-35.88602263355381,False,False,14.121128486833719
-1322500.0,-1127500.0,1500,-35.294501504709146,False,False,13.380842490532526
-1317500.0,-1127500.0,1500,-34.741967538290574,False,False,11.97546937875486
-1312500.0,-1127500.0,1500,-35.00196734964525,False,False,9.95043787704385
-1307500.0,-1127500.0,1500,-34.6664719951323,False,False,8.287858043968757
-1302500.0,-1127500.0,1500,-34.24233843824765,False,True,7.902333422234766
-1297500.0,-1127500.0,1500,-33.482933292043924,False,True,7.998176985814607
-1292500.0,-1127500.0,1500,-30.179866932986354,False,True,7.306681058655744
-1287500.0,-1127500.0,1500,-24.28420898113836,False,True,6.520276006799282
-1282500.0,-1127500.0,1500,-14.32127770082354,False,True,6.592712981145137
-1277500.0,-1127500.0,1500,-0.6354089645571017,False,True,6.481203802662253
-1272500.0,-1127500.0,1500,6.3722063891709455,False,True,5.281935743185997
-1267500.0,-1127500.0,1500,-1.9924445058056008,False,True,4.121994485459529
-1262500.0,-1127500.0,1500,-17.070955180659816,False,True,4.1208423906397265
-1257500.0,-1127500.0,1500,-27.57773450027684,True,True,5.109874615145964
-1252500.0,-1127500.0,1500,-33.38479226320179,True,True,5.808667913576885
-1247500.0,-1127500.0,1500,-36.43841517071521,True,True,5.39459506286174
-1242500.0,-1127500.0,1500,-38.649732948634,True,True,5.275947599325164
-1237500.0,-1127500.0,1500,-40.16379573967052,True,True,5.904421395848478
-1232500.0,-1127500.0,1500,-38.12325045027864,True,True,5.581699955327191
-1227500.0,-1127500.0,1500,-32.23069340355013,True,True,4.433274730706806
-1222500.0,-1127500.0,1500,-24.516586661738607,True,True,4.315454892440746
-1217500.0,-1127500.0,1500,-20.11184973019083,True,True,4.584815529852326
-1212500.0,-1127500.0,1500,-18.962862483672932,False,True,4.347186218771513
-1207500.0,-1127500.0,1500,-23.860266861635168,False,True,4.465394240862433
-1202500.0,-1127500.0,1500,-34.64719583205714,False,True,4.3599967121938805
-1197500.0,-1127500.0,1500,-35.52485203309509,False,True,3.7274590028308188
-1192500.0,-1127500.0,1500,-28.529436434417185,False,True,3.6811264787379243
-1187500.0,-1127500.0,1500,-22.620671608998183,False,True,3.737132639669383
-1182500.0,-1127500.0,1500,-13.02893146441799,False,True,3.440333341506899
-1177500.0,-1127500.0,1500,-16.976464684431214,False,True,3.1915066003954538
-1172500.0,-1127500.0,1500,-42.174376399965965,False,True,3.232590570858842
-1167500.0,-1127500.0,1500,-50.27637752121347,False,True,3.611003875193675
-1162500.0,-1127500.0,1500,-35.68735178402424,False,True,3.6329644265065775
-1157500.0,-1127500.0,1500,-12.472196530781043,False,False,3.6901645070019966
-1152500.0,-1127500.0,1500,19.92052287265288,False,False,3.4817471534598585
-1597500.0,-1122500.0,1500,-62.13144166493847,False,False,15.43322594950692
-1592500.0,-1122500.0,1500,-55.459833333298526,False,False,15.433148558174825
-1587500.0,-1122500.0,1500,-45.935493748644944,False,False,15.433041134285476
-1582500.0,-1122500.0,1500,-33.60495899365691,False,False,15.4329005966197
-1577500.0,-1122500.0,1500,-21.23731690630825,False,False,15.43271338956782
-1572500.0,-1122500.0,1500,-11.27319269533167,False,False,15.43248119195539
-1567500.0,-1122500.0,1500,-3.3150088648921883,False,False,15.432193578646286
-1562500.0,-1122500.0,1500,1.100771647149275,False,False,15.431851554035546
-1557500.0,-1122500.0,1500,0.4995286050009146,False,False,15.43145324299089
-1552500.0,-1122500.0,1500,-2.5089538770114723,False,False,15.431003214056089
-1547500.0,-1122500.0,1500,-5.341336083286808,False,False,15.430523415302781
-1542500.0,-1122500.0,1500,-5.347065350592694,False,False,15.430005494885174
-1537500.0,-1122500.0,1500,-0.4612393562726898,False,False,15.42942540081949
-1532500.0,-1122500.0,1500,5.934788768862639,False,False,15.428762028665624
-1527500.0,-1122500.0,1500,9.231661547923048,False,False,15.428013047489678
-1522500.0,-1122500.0,1500,9.920634822846209,False,False,15.427167787234911
-1517500.0,-1122500.0,1500,9.893512580713718,False,False,15.426210205689822
-1512500.0,-1122500.0,1500,9.089297768698012,False,False,15.425150000471962
-1507500.0,-1122500.0,1500,8.589211964112165,False,False,15.423998272251929
-1502500.0,-1122500.0,1500,8.38117077308849,False,False,15.422776674516323
-1497500.0,-1122500.0,1500,7.593106310229562,False,False,15.421527060183719
-1492500.0,-1122500.0,1500,7.487779919475263,False,False,15.420282450731243
-1487500.0,-1122500.0,1500,7.142780797852682,False,False,15.419108919909428
-1482500.0,-1122500.0,1500,5.601733850390949,False,False,15.418041474175283
-1477500.0,-1122500.0,1500,4.873865305784559,False,False,15.417081376211902
-1472500.0,-1122500.0,1500,3.347509595367499,False,False,15.416177689474914
-1467500.0,-1122500.0,1500,0.4627471408042131,False,False,15.415278774848055
-1462500.0,-1122500.0,1500,-0.47679194462131314,False,False,15.414255668336207
-1457500.0,-1122500.0,1500,0.09837438955937167,False,False,15.412909718781968
-1452500.0,-1122500.0,1500,1.017993212929375,False,False,15.411033914914047
-1447500.0,-1122500.0,1500,0.8710315046514225,False,False,15.4083686127334
-1442500.0,-1122500.0,1500,-3.236148879469991,False,False,15.404691987834195
-1437500.0,-1122500.0,1500,-10.642801617113816,False,False,15.399843303027394
-1432500.0,-1122500.0,1500,-18.45420952863598,False,False,15.393473866537304
-1427500.0,-1122500.0,1500,-24.237896340363125,False,False,15.385232729475396
-1422500.0,-1122500.0,1500,-26.75721687839896,False,False,15.374737153142512
-1417500.0,-1122500.0,1500,-26.272359274408768,False,False,15.361445938286424
-1412500.0,-1122500.0,1500,-25.28057326717734,False,False,15.344705286387477
-1407500.0,-1122500.0,1500,-25.89234364685616,False,False,15.324305473786625
-1402500.0,-1122500.0,1500,-26.4589113116025,False,False,15.300429408025959
-1397500.0,-1122500.0,1500,-26.37084092029658,False,False,15.27301480215556
-1392500.0,-1122500.0,1500,-27.413545709771395,False,False,15.2427178914215
-1387500.0,-1122500.0,1500,-28.83117091527219,False,False,15.210715247880845
-1382500.0,-1122500.0,1500,-29.705385472832432,False,False,15.177748815481754
-1377500.0,-1122500.0,1500,-30.858498316808216,False,False,15.145407273121652
-1372500.0,-1122500.0,1500,-31.376794501690476,False,False,15.11559490284861
-1367500.0,-1122500.0,1500,-30.99435891350753,False,False,15.088625986560258
-1362500.0,-1122500.0,1500,-31.359658315765376,False,False,15.062943261781847
-1357500.0,-1122500.0,1500,-31.927495037867605,False,False,15.034085319911696
-1352500.0,-1122500.0,1500,-31.83159718504928,False,False,14.992268814417734
-1347500.0,-1122500.0,1500,-32.54082520043155,False,False,14.917468478136078
-1342500.0,-1122500.0,1500,-33.93128250985362,False,False,14.781664846347272
-1337500.0,-1122500.0,1500,-34.996402322377556,False,False,14.545722033348936
-1332500.0,-1122500.0,1500,-36.45081290910951,False,False,14.187316296057531
-1327500.0,-1122500.0,1500,-37.665002098789294,False,False,13.740397912698004
-1322500.0,-1122500.0,1500,-37.403116876878094,False,False,13.228696790875379
-1317500.0,-1122500.0,1500,-36.66639646508455,False,False,12.395267115943609
-1312500.0,-1122500.0,1500,-35.99272113042189,False,False,10.82080471736829
-1307500.0,-1122500.0,1500,-35.04765346805172,False,True,7.9340065059938665
-1302500.0,-1122500.0,1500,-34.080024532930196,False,True,6.077906260646598
-1297500.0,-1122500.0,1500,-32.04269693745057,False,True,6.221486387056061
-1292500.0,-1122500.0,1500,-26.750034506057066,False,True,5.826903742472982
-1287500.0,-1122500.0,1500,-17.726701508220387,False,True,5.158339853479304
-1282500.0,-1122500.0,1500,-6.582081636872757,False,True,5.046692729237836
-1277500.0,-1122500.0,1500,2.5173389523276835,False,True,4.769619642870087
-1272500.0,-1122500.0,1500,2.3522634874151382,False,True,3.8953218403213516
-1267500.0,-1122500.0,1500,-12.755805671440104,False,True,3.4270588347265627
-1262500.0,-1122500.0,1500,-30.76586304221188,True,True,3.8496033738415036
-1257500.0,-1122500.0,1500,-39.111761872162226,True,True,4.7360311816681255
-1252500.0,-1122500.0,1500,-41.08564191150221,True,True,4.893667878983114
-1247500.0,-1122500.0,1500,-39.89117577699854,True,True,5.336797883809478
-1242500.0,-1122500.0,1500,-38.027335867503915,True,True,6.997482935135796
-1237500.0,-1122500.0,1500,-36.39723808574962,True,True,6.675935325236033
-1232500.0,-1122500.0,1500,-33.26562860432607,True,True,4.921651690706165
-1227500.0,-1122500.0,1500,-26.98836733439165,True,True,4.289152365735003
-1222500.0,-1122500.0,1500,-19.315584850789094,True,True,4.7488336464072205
-1217500.0,-1122500.0,1500,-16.668200518910073,False,True,4.819784049823012
-1212500.0,-1122500.0,1500,-16.604215853383092,False,True,4.416511510142211
-1207500.0,-1122500.0,1500,-21.987537182343893,False,True,4.12710499852436
-1202500.0,-1122500.0,1500,-33.550919301388525,False,True,3.663095786139759
-1197500.0,-1122500.0,1500,-37.50604239838774,False,True,3.570461908994328
-1192500.0,-1122500.0,1500,-32.32345732461562,False,True,3.3273964630470547
-1187500.0,-1122500.0,1500,-27.41275298595319,False,True,3.1833440675878037
-1182500.0,-1122500.0,1500,-24.037179254528365,False,True,3.529746676686633
-1177500.0,-1122500.0,1500,-2.971873634817086,False,True,3.7219035374299176
-1172500.0,-1122500.0,1500,-12.762622250957108,False,True,3.601791769531493
-1167500.0,-1122500.0,1500,-37.6221880683562,False,True,3.4038457825391157
-1162500.0,-1122500.0,1500,-32.064631667506696,False,False,3.527533864911905
-1157500.0,-1122500.0,1500,-20.077053979681455,False,False,3.6826424344665702
-1152500.0,-1122500.0,1500,10.517258571423582,False,False,3.444851316134635
-1597500.0,-1117500.0,1500,-61.81503935149472,False,False,15.432861716919223
-1592500.0,-1117500.0,1500,-54.284131662722686,False,False,15.432777889371216
-1587500.0,-1117500.0,1500,-43.00003632880439,False,False,15.43265825802698
-1582500.0,-1117500.0,1500,-29.104643999594803,False,False,15.432497489373798
-1577500.0,-1117500.0,1500,-15.508482117400268,False,False,15.432277589340417
-1572500.0,-1117500.0,1500,-4.608796945087075,False,False,15.43199702184318
-1567500.0,-1117500.0,1500,2.9789540387457496,False,False,15.431641863056782
-1562500.0,-1117500.0,1500,7.318910313264682,False,False,15.4312178535625
-1557500.0,-1117500.0,1500,8.063987023480296,False,False,15.430740807040266
-1552500.0,-1117500.0,1500,5.743268818686012,False,False,15.430219331848946
-1547500.0,-1117500.0,1500,3.0105150177096243,False,False,15.429649352385933
-1542500.0,-1117500.0,1500,1.9627419993068247,False,False,15.429019522397294
-1537500.0,-1117500.0,1500,2.981350346738439,False,False,15.428321689958116
-1532500.0,-1117500.0,1500,4.878319344425431,False,False,15.427536694417782
-1527500.0,-1117500.0,1500,5.318194370416626,False,False,15.42665521192529
-1522500.0,-1117500.0,1500,4.779025823174802,False,False,15.425670798140713
-1517500.0,-1117500.0,1500,4.246420355865674,False,False,15.42457757468528
-1512500.0,-1117500.0,1500,3.236476436156288,False,False,15.42340026055542
-1507500.0,-1117500.0,1500,2.677023882067785,False,False,15.422166224186686
-1502500.0,-1117500.0,1500,2.2814569614276783,False,False,15.420895929521466
-1497500.0,-1117500.0,1500,1.7157306892926163,False,False,15.41964975983801
-1492500.0,-1117500.0,1500,2.2127258199180995,False,False,15.418499123185217
-1487500.0,-1117500.0,1500,2.6569857638608645,False,False,15.417470504774002
-1482500.0,-1117500.0,1500,2.1832866275025595,False,False,15.41652801333989
-1477500.0,-1117500.0,1500,1.1588066978039715,False,False,15.415620866591127
-1472500.0,-1117500.0,1500,-0.7821027375182289,False,False,15.41464896876865
-1467500.0,-1117500.0,1500,-2.7890735977802024,False,False,15.413469319221361
-1462500.0,-1117500.0,1500,-3.673189169718582,False,False,15.411917274017423
-1457500.0,-1117500.0,1500,-3.020527165756617,False,False,15.409774910971011
-1452500.0,-1117500.0,1500,-1.2323817657493088,False,False,15.40672770354769
-1447500.0,-1117500.0,1500,0.18024518436904208,False,False,15.402612409543792
-1442500.0,-1117500.0,1500,-1.2187011421830776,False,False,15.397215353891564
-1437500.0,-1117500.0,1500,-7.277162770442073,False,False,15.390322833400267
-1432500.0,-1117500.0,1500,-16.545954081903744,False,False,15.381771936222497
-1427500.0,-1117500.0,1500,-25.187478768747724,False,False,15.371081266299413
-1422500.0,-1117500.0,1500,-30.458848075372924,False,False,15.357844972569396
-1417500.0,-1117500.0,1500,-31.923045828980726,False,False,15.341660688016766
-1412500.0,-1117500.0,1500,-31.29874901573752,False,False,15.321854938976289
-1407500.0,-1117500.0,1500,-31.16184147021643,False,False,15.298273851087961
-1402500.0,-1117500.0,1500,-31.518985929932096,False,False,15.271449255763493
-1397500.0,-1117500.0,1500,-31.27323679954803,False,False,15.241328191482395
-1392500.0,-1117500.0,1500,-31.406220895016872,False,False,15.208498247877152
-1387500.0,-1117500.0,1500,-32.40112384829559,False,False,15.174718180415319
-1382500.0,-1117500.0,1500,-33.198246244537,False,False,15.140589878426503
-1377500.0,-1117500.0,1500,-33.910915720123825,False,False,15.107389914982885
-1372500.0,-1117500.0,1500,-34.55403105501694,False,False,15.077381562952734
-1367500.0,-1117500.0,1500,-34.11798268581224,False,False,15.050355298926137
-1362500.0,-1117500.0,1500,-33.65596629882916,False,False,15.023929276823665
-1357500.0,-1117500.0,1500,-34.03853541390773,False,False,14.99070117210853
-1352500.0,-1117500.0,1500,-33.87468658575195,False,False,14.937115815318034
-1347500.0,-1117500.0,1500,-33.91653428741572,False,False,14.834547020899453
-1342500.0,-1117500.0,1500,-35.207327572126594,False,False,14.62355201640484
-1337500.0,-1117500.0,1500,-36.30697916727925,False,False,14.212518910589456
-1332500.0,-1117500.0,1500,-37.547202671858024,False,False,13.48486878175137
-1327500.0,-1117500.0,1500,-39.44326663790081,False,False,12.654338229873492
-1322500.0,-1117500.0,1500,-39.97402922846341,False,False,12.204238779026952
-1317500.0,-1117500.0,1500,-38.819383796653725,False,False,11.88432908492272
-1312500.0,-1117500.0,1500,-37.047214707829866,False,False,10.875305597286673
-1307500.0,-1117500.0,1500,-35.28806692373607,False,True,8.516188303274012
-1302500.0,-1117500.0,1500,-34.563996659511645,False,True,6.546296582513906
-1297500.0,-1117500.0,1500,-33.21366423897297,False,True,6.054179464502838
-1292500.0,-1117500.0,1500,-27.420486787358094,False,True,5.545131665157117
-1287500.0,-1117500.0,1500,-16.39176770315526,False,True,4.4734055706339735
-1282500.0,-1117500.0,1500,-5.592072379011764,False,True,3.815414031720286
-1277500.0,-1117500.0,1500,1.0060800134237329,False,True,3.633474942326229
-1272500.0,-1117500.0,1500,-1.8107144602142258,False,True,3.5526289936996367
-1267500.0,-1117500.0,1500,-17.85665661847243,False,True,3.6065758522888016
-1262500.0,-1117500.0,1500,-37.38866531410346,True,True,3.3815411075519934
-1257500.0,-1117500.0,1500,-45.775957740976715,True,True,3.6410572339717717
-1252500.0,-1117500.0,1500,-43.33140410358129,True,True,4.3567882880310655
-1247500.0,-1117500.0,1500,-38.105960076399754,True,True,6.284719859827249
-1242500.0,-1117500.0,1500,-32.55079488965945,True,True,7.925042910887807
-1237500.0,-1117500.0,1500,-27.83084580113174,True,True,6.6751936599948785
-1232500.0,-1117500.0,1500,-24.01058660778793,True,True,4.9169702082209295
-1227500.0,-1117500.0,1500,-19.15209756010183,True,True,4.602974759784142
-1222500.0,-1117500.0,1500,-12.86091369400302,True,True,4.744803144529897
-1217500.0,-1117500.0,1500,-10.346266934170446,False,True,4.461899070720824
-1212500.0,-1117500.0,1500,-10.313143036233857,False,True,4.090106705866384
-1207500.0,-1117500.0,1500,-13.728435488319654,False,True,4.117438218013177
-1202500.0,-1117500.0,1500,-23.154584236415538,False,True,4.164695595606039
-1197500.0,-1117500.0,1500,-29.759330975655054,False,False,3.8585142131386734
-1192500.0,-1117500.0,1500,-28.9791011195479,False,False,3.4841377878334088
-1187500.0,-1117500.0,1500,-21.499626385008312,False,False,3.346457813159809
-1182500.0,-1117500.0,1500,-4.793777738576594,False,True,3.5564343115343795
-1177500.0,-1117500.0,1500,28.3436918974902,False,True,3.844945994240242
-1172500.0,-1117500.0,1500,28.829508315061005,False,False,3.6218921032317124
-1167500.0,-1117500.0,1500,1.8122069071180378,False,False,3.4015719712674235
-1162500.0,-1117500.0,1500,-17.70848644502433,False,False,3.39674312924209
-1157500.0,-1117500.0,1500,-28.017923218394397,False,False,3.2617962725747547
-1152500.0,-1117500.0,1500,-8.599279639599525,False,False,3.558227746943804
-1597500.0,-1112500.0,1500,-61.87610800439015,False,False,15.432491530636996
-1592500.0,-1112500.0,1500,-53.619708866520725,False,False,15.432402654583111
-1587500.0,-1112500.0,1500,-40.92959729893979,False,False,15.43227182609561
-1582500.0,-1112500.0,1500,-25.665040295943477,False,False,15.43208918974629
-1577500.0,-1112500.0,1500,-10.854076572365578,False,False,15.43183413180427
-1572500.0,-1112500.0,1500,0.7559706448477201,False,False,15.431503952187901
-1567500.0,-1112500.0,1500,7.278696149560144,False,False,15.43107726188489
-1562500.0,-1112500.0,1500,9.727276615319,False,False,15.430568553147069
-1557500.0,-1112500.0,1500,9.720715876723565,False,False,15.430005281213573
-1552500.0,-1112500.0,1500,7.874187242722623,False,False,15.429396809863944
-1547500.0,-1112500.0,1500,5.436000350479805,False,False,15.428732067908683
-1542500.0,-1112500.0,1500,3.4694755289931747,False,False,15.427992820799798
-1537500.0,-1112500.0,1500,2.3036788399861754,False,False,15.427176301194308
-1532500.0,-1112500.0,1500,1.7150811107069528,False,False,15.42627226247859
-1527500.0,-1112500.0,1500,0.7592589876046207,False,False,15.425265079467998
-1522500.0,-1112500.0,1500,-0.46413945692731096,False,False,15.424151597581337
-1517500.0,-1112500.0,1500,-1.594490867225892,False,False,15.422944925668645
-1512500.0,-1112500.0,1500,-2.439402134761621,False,False,15.421683744081207
-1507500.0,-1112500.0,1500,-3.2581177925523765,False,False,15.420412406336755
-1502500.0,-1112500.0,1500,-3.9755816873241057,False,False,15.419158620786792
-1497500.0,-1112500.0,1500,-3.9588961592875442,False,False,15.41797609357357
-1492500.0,-1112500.0,1500,-3.635942237499223,False,False,15.41695602036275
-1487500.0,-1112500.0,1500,-2.9870401772099004,False,False,15.416078941576764
-1482500.0,-1112500.0,1500,-2.2940628951849003,False,False,15.415157499306265
-1477500.0,-1112500.0,1500,-2.847038816861393,False,False,15.414090252763788
-1472500.0,-1112500.0,1500,-4.276559663495426,False,False,15.412753496744354
-1467500.0,-1112500.0,1500,-5.522197137559756,False,False,15.410978584068488
-1462500.0,-1112500.0,1500,-6.213811256248029,False,False,15.408494503368106
-1457500.0,-1112500.0,1500,-4.917602079004343,False,False,15.405102442381896
-1452500.0,-1112500.0,1500,-2.521279772660681,False,False,15.400534878480062
-1447500.0,-1112500.0,1500,-1.8576562761102549,False,False,15.394536782595324
-1442500.0,-1112500.0,1500,-2.9381423883851188,False,False,15.387060668055632
-1437500.0,-1112500.0,1500,-6.586113946843745,False,False,15.377867291007615
-1432500.0,-1112500.0,1500,-14.047473718569284,False,False,15.366788450545505
-1427500.0,-1112500.0,1500,-23.150948301943703,False,False,15.35348753883341
-1422500.0,-1112500.0,1500,-31.22981146993971,False,False,15.337361466257892
-1417500.0,-1112500.0,1500,-36.0418685291001,False,False,15.318072310529175
-1412500.0,-1112500.0,1500,-36.56961222494762,False,False,15.295179312155582
-1407500.0,-1112500.0,1500,-35.8348697205064,False,False,15.26871534289451
-1402500.0,-1112500.0,1500,-35.941959476222415,False,False,15.239221027948235
-1397500.0,-1112500.0,1500,-35.740217420359315,False,False,15.206999019355301
-1392500.0,-1112500.0,1500,-35.333781947933495,False,False,15.17269852154363
-1387500.0,-1112500.0,1500,-35.73254064030467,False,False,15.137604194095122
-1382500.0,-1112500.0,1500,-36.21659437345586,False,False,15.102682183784653
-1377500.0,-1112500.0,1500,-36.62444249059213,False,False,15.06902887837866
-1372500.0,-1112500.0,1500,-37.4249934822029,False,False,15.038198786306225
-1367500.0,-1112500.0,1500,-37.200074253537764,False,False,15.01047209662929
-1362500.0,-1112500.0,1500,-36.181319869089776,False,False,14.983270509038427
-1357500.0,-1112500.0,1500,-36.00813773467434,False,False,14.947059623336221
-1352500.0,-1112500.0,1500,-35.73497020347837,False,False,14.88338504022089
-1347500.0,-1112500.0,1500,-35.25466134205042,False,False,14.757152889857053
-1342500.0,-1112500.0,1500,-36.141363225767094,False,False,14.471905373555593
-1337500.0,-1112500.0,1500,-37.47711867182352,False,False,13.820808353976687
-1332500.0,-1112500.0,1500,-38.56885823575588,False,False,12.44747898324019
-1327500.0,-1112500.0,1500,-40.75663579631349,False,False,10.136549655891418
-1322500.0,-1112500.0,1500,-42.83436329129311,False,False,9.302568352350082
-1317500.0,-1112500.0,1500,-41.60834765330428,False,False,10.028166507415529
-1312500.0,-1112500.0,1500,-38.48957122893364,False,True,9.875105556185092
-1307500.0,-1112500.0,1500,-36.01569965582749,False,True,9.52690052165816
-1302500.0,-1112500.0,1500,-34.85306323094573,False,True,9.330014513197058
-1297500.0,-1112500.0,1500,-34.57347712394342,False,True,8.64480366479122
-1292500.0,-1112500.0,1500,-30.8866186486319,True,True,6.99861229934889
-1287500.0,-1112500.0,1500,-22.858463573738984,True,True,4.918332033384166
-1282500.0,-1112500.0,1500,-15.049354510137428,False,True,4.0962297063684465
-1277500.0,-1112500.0,1500,-7.93118693669655,False,True,4.015660250940601
-1272500.0,-1112500.0,1500,-9.005342953188476,False,True,3.819164329187347
-1267500.0,-1112500.0,1500,-23.81063827271442,False,True,3.686764367195736
-1262500.0,-1112500.0,1500,-39.62968887116337,True,True,3.9170263888421815
-1257500.0,-1112500.0,1500,-43.97173523948625,True,True,4.952842654698682
-1252500.0,-1112500.0,1500,-38.657445156672,True,True,5.797789390022869
-1247500.0,-1112500.0,1500,-30.64400549394602,True,True,6.9515385411074675
-1242500.0,-1112500.0,1500,-21.726271990331472,True,True,7.34508735543458
-1237500.0,-1112500.0,1500,-13.235385095047432,True,True,5.502580173763327
-1232500.0,-1112500.0,1500,-9.656751484205936,False,True,4.525157089922674
-1227500.0,-1112500.0,1500,-8.995652784798953,False,True,4.804300219212599
-1222500.0,-1112500.0,1500,-6.421352577982897,False,True,4.441127965124267
-1217500.0,-1112500.0,1500,-3.0673625735725008,False,True,4.0173226438824985
-1212500.0,-1112500.0,1500,-3.006068419454638,False,True,3.8426842846814098
-1207500.0,-1112500.0,1500,-9.149248424755132,False,True,4.145396915315935
-1202500.0,-1112500.0,1500,-17.97911154646281,False,False,4.242035165260119
-1197500.0,-1112500.0,1500,-22.70858999067871,False,False,3.7271771744778652
-1192500.0,-1112500.0,1500,-22.52113705203165,False,False,3.539138418978543
-1187500.0,-1112500.0,1500,-12.854750207196396,False,False,3.516692307836634
-1182500.0,-1112500.0,1500,13.143063386455152,False,False,3.3440805975921535
-1177500.0,-1112500.0,1500,43.44600091559415,False,False,3.276362341739877
-1172500.0,-1112500.0,1500,57.36162759092357,False,False,3.451312767223304
-1167500.0,-1112500.0,1500,47.92346130360597,False,False,3.377703148344605
-1162500.0,-1112500.0,1500,13.217447168294335,False,False,3.110323402238661
-1157500.0,-1112500.0,1500,-16.12784619347765,False,False,3.1455562112794793
-1152500.0,-1112500.0,1500,-13.136354833793481,False,False,3.3848363427159978
-1597500.0,-1107500.0,1500,-62.54143753452368,False,False,15.432115954911408
-1592500.0,-1107500.0,1500,-53.88816395553941,False,False,15.43202421848693
-1587500.0,-1107500.0,1500,-40.15763534517066,False,False,15.431882309855386
-1582500.0,-1107500.0,1500,-23.693229282008538,False,False,15.431679718938668
-1577500.0,-1107500.0,1500,-7.771239427891356,False,False,15.43139095218271
-1572500.0,-1107500.0,1500,3.7316792349149175,False,False,15.431011080698987
-1567500.0,-1107500.0,1500,8.486058310559939,False,False,15.43051887890294
-1562500.0,-1107500.0,1500,8.505727385805894,False,False,15.429928620938684
-1557500.0,-1107500.0,1500,6.918837980220788,False,False,15.429269582046452
-1552500.0,-1107500.0,1500,4.811802479293394,False,False,15.428558114807995
-1547500.0,-1107500.0,1500,2.2881542558782044,False,False,15.427786520502325
-1542500.0,-1107500.0,1500,0.3382893476089643,False,False,15.426940730893945
-1537500.0,-1107500.0,1500,-1.4014317311967175,False,False,15.426010610873497
-1532500.0,-1107500.0,1500,-3.117183696436401,False,False,15.424985525868598
-1527500.0,-1107500.0,1500,-4.125310469912101,False,False,15.423857640897605
-1522500.0,-1107500.0,1500,-5.704758365444814,False,False,15.422643280753736
-1517500.0,-1107500.0,1500,-7.226362644866108,False,False,15.421374996427826
-1512500.0,-1107500.0,1500,-7.872011441396832,False,False,15.420095324833973
-1507500.0,-1107500.0,1500,-8.965494853197644,False,False,15.418857581928709
-1502500.0,-1107500.0,1500,-9.583753679191163,False,False,15.417687916403501
-1497500.0,-1107500.0,1500,-9.321690819956599,False,False,15.416607739274813
-1492500.0,-1107500.0,1500,-9.032700259700302,False,False,15.415668582066008
-1487500.0,-1107500.0,1500,-8.068660030580645,False,False,15.414785691938667
-1482500.0,-1107500.0,1500,-6.660634648739377,False,False,15.413656780150626
-1477500.0,-1107500.0,1500,-6.401845184807059,False,False,15.412137697227926
-1472500.0,-1107500.0,1500,-7.184293173019949,False,False,15.41009031407152
-1467500.0,-1107500.0,1500,-7.035069889884395,False,False,15.407309934564275
-1462500.0,-1107500.0,1500,-5.1981941999789605,False,False,15.403552420928992
-1457500.0,-1107500.0,1500,-1.4944825547623621,False,False,15.398508193004279
-1452500.0,-1107500.0,1500,1.474637920002849,False,False,15.373194289668916
-1447500.0,-1107500.0,1500,0.7244833092875189,False,False,15.365070270700613
-1442500.0,-1107500.0,1500,-1.3515133089346463,False,False,15.373994664557666
-1437500.0,-1107500.0,1500,-4.782374334239283,False,False,15.362262632432918
-1432500.0,-1107500.0,1500,-11.800617600948094,False,False,15.348440938621119
-1427500.0,-1107500.0,1500,-20.59492014970409,False,False,15.332218328070589
-1422500.0,-1107500.0,1500,-29.535768131632633,False,False,15.31306636491341
-1417500.0,-1107500.0,1500,-37.03379010650383,False,False,15.290690299308473
-1412500.0,-1107500.0,1500,-39.95663284206013,False,False,15.264929746046429
-1407500.0,-1107500.0,1500,-39.5122766918748,False,False,15.236008544169751
-1402500.0,-1107500.0,1500,-39.17055084344951,False,False,15.204738366214299
-1397500.0,-1107500.0,1500,-38.99080419778653,False,False,15.171345258570016
-1392500.0,-1107500.0,1500,-38.5454128425318,False,False,15.136295504998087
-1387500.0,-1107500.0,1500,-38.50875214894944,False,False,15.100514718621168
-1382500.0,-1107500.0,1500,-38.68099198047006,False,False,15.064485494032489
-1377500.0,-1107500.0,1500,-38.78853354964777,False,False,15.028988985020447
-1372500.0,-1107500.0,1500,-39.46506864235899,False,False,14.995041543631201
-1367500.0,-1107500.0,1500,-39.69509223305444,False,False,14.96352734360886
-1362500.0,-1107500.0,1500,-38.68676707349645,False,False,14.933178270872663
-1357500.0,-1107500.0,1500,-37.99107415814551,False,False,14.894852537202915
-1352500.0,-1107500.0,1500,-37.5515192767582,False,False,14.828470465323266
-1347500.0,-1107500.0,1500,-36.64552373549127,False,False,14.694803953638157
-1342500.0,-1107500.0,1500,-36.99198955120604,False,False,14.386019722534435
-1337500.0,-1107500.0,1500,-38.6514745828794,False,False,13.634410053533047
-1332500.0,-1107500.0,1500,-40.017134452171966,False,False,11.966888953613678
-1327500.0,-1107500.0,1500,-42.35171360803831,False,False,8.694939631918594
-1322500.0,-1107500.0,1500,-45.677552533336915,False,False,6.210416794030146
-1317500.0,-1107500.0,1500,-44.767416144477714,False,True,6.382858294265487
-1312500.0,-1107500.0,1500,-40.307667813736344,False,True,6.514228694956694
-1307500.0,-1107500.0,1500,-37.32671197533398,False,True,6.776446365555143
-1302500.0,-1107500.0,1500,-36.46948612956111,False,True,7.9991000811647925
-1297500.0,-1107500.0,1500,-35.99752120028919,False,True,7.714613828708796
-1292500.0,-1107500.0,1500,-34.56908052376003,True,True,5.8042144595668095
-1287500.0,-1107500.0,1500,-32.142870139268695,True,True,4.591040171013331
-1282500.0,-1107500.0,1500,-29.288564647000914,True,True,4.097638194196928
-1277500.0,-1107500.0,1500,-26.013981591707303,True,True,3.943048371945261
-1272500.0,-1107500.0,1500,-28.146058573468224,False,True,3.876470091055785
-1267500.0,-1107500.0,1500,-38.40338192941902,False,True,4.021313092857748
-1262500.0,-1107500.0,1500,-45.46143485043943,True,True,5.323636936583966
-1257500.0,-1107500.0,1500,-42.728716289089775,True,True,5.598106116745024
-1252500.0,-1107500.0,1500,-33.46194058745618,True,True,5.756283345441015
-1247500.0,-1107500.0,1500,-23.488218139200672,True,True,6.722606985535901
-1242500.0,-1107500.0,1500,-12.906663022259712,True,True,5.811070686818136
-1237500.0,-1107500.0,1500,-4.383088837663492,False,True,4.683807663198623
-1232500.0,-1107500.0,1500,-5.440419236850982,False,True,4.817580082167822
-1227500.0,-1107500.0,1500,-9.752579573705589,False,True,4.474246541190386
-1222500.0,-1107500.0,1500,-7.33650649023951,False,True,3.946527354693302
-1217500.0,-1107500.0,1500,-3.3766812470934826,False,True,4.33628225229071
-1212500.0,-1107500.0,1500,-2.6637104344654747,False,True,4.424203117897759
-1207500.0,-1107500.0,1500,-9.159605999870053,False,True,3.7656232377196366
-1202500.0,-1107500.0,1500,-18.121123045641447,False,False,3.3174706816074173
-1197500.0,-1107500.0,1500,-20.408031730143872,False,False,3.3540281068652233
-1192500.0,-1107500.0,1500,-23.854630163920206,False,False,3.8530073239518825
-1187500.0,-1107500.0,1500,-19.53953984918289,False,False,3.8667099632592263
-1182500.0,-1107500.0,1500,-3.257600407197259,False,False,3.232072761577168
-1177500.0,-1107500.0,1500,6.785278655600787,False,False,3.2403937386000985
-1172500.0,-1107500.0,1500,20.569442706763663,False,False,3.499879585167397
-1167500.0,-1107500.0,1500,34.101927031400564,False,False,3.12090126422346
-1162500.0,-1107500.0,1500,28.26845779633222,False,False,2.866025416670658
-1157500.0,-1107500.0,1500,8.674446822772063,False,False,3.142921027435017
-1152500.0,-1107500.0,1500,-3.3154966621027877,False,False,3.6944942112539083
-1597500.0,-1102500.0,1500,-63.53271950070426,False,False,15.431732920289079
-1592500.0,-1102500.0,1500,-55.528138200289995,False,False,15.431637429894812
-1587500.0,-1102500.0,1500,-41.543261917047495,False,False,15.431484410111015
-1582500.0,-1102500.0,1500,-23.905968883246302,False,False,15.431259909062502
-1577500.0,-1102500.0,1500,-6.594337362038559,False,False,15.430935975434082
-1572500.0,-1102500.0,1500,4.380878890147608,False,False,15.43050395068986
-1567500.0,-1102500.0,1500,7.131578522525739,False,False,15.429936586403986
-1562500.0,-1102500.0,1500,5.581669380030771,False,False,15.429263836340219
-1557500.0,-1102500.0,1500,3.2948055778853376,False,False,15.428507609532799
-1552500.0,-1102500.0,1500,0.6887566261350748,False,False,15.427691705307343
-1547500.0,-1102500.0,1500,-2.13606225919429,False,False,15.426818860533029
-1542500.0,-1102500.0,1500,-4.226422494427003,False,False,15.42587009864625
-1537500.0,-1102500.0,1500,-6.333142974610123,False,False,15.424835657553205
-1532500.0,-1102500.0,1500,-8.171947243815197,False,False,15.423704734719244
-1527500.0,-1102500.0,1500,-9.30472349320055,False,False,15.422481763856947
-1522500.0,-1102500.0,1500,-10.880301415527082,False,False,15.42120382042777
-1517500.0,-1102500.0,1500,-12.464711348692964,False,False,15.41992127710487
-1512500.0,-1102500.0,1500,-13.40895970760333,False,False,15.418678215269429
-1507500.0,-1102500.0,1500,-14.190809827319468,False,False,15.41751772939062
-1502500.0,-1102500.0,1500,-14.481950837142579,False,False,15.416468373666602
-1497500.0,-1102500.0,1500,-14.171044357693573,False,False,15.415482790082077
-1492500.0,-1102500.0,1500,-13.734813039193012,False,False,15.41446837385538
-1487500.0,-1102500.0,1500,-12.85858913781584,False,False,15.413275592465356
-1482500.0,-1102500.0,1500,-11.255927926394003,False,False,15.411603212788586
-1477500.0,-1102500.0,1500,-10.113601224297616,False,False,15.409291147042733
-1472500.0,-1102500.0,1500,-9.497258898537057,False,False,15.406175648158557
-1467500.0,-1102500.0,1500,-7.035386460496645,False,False,15.402009981610782
-1462500.0,-1102500.0,1500,-1.6140600397139944,False,False,15.370934660203957
-1457500.0,-1102500.0,1500,5.21216115567593,False,False,15.28513030225507
-1452500.0,-1102500.0,1500,8.593492528979946,False,False,15.191176480122332
-1447500.0,-1102500.0,1500,5.735587911367897,False,False,15.231944570694083
-1442500.0,-1102500.0,1500,2.1651568647348456,False,False,15.315475491646707
-1437500.0,-1102500.0,1500,-0.8731040404597313,False,False,15.328457875915841
-1432500.0,-1102500.0,1500,-8.337892268802387,False,False,15.326535039217768
-1427500.0,-1102500.0,1500,-17.817202097771467,False,False,15.307237646146664
-1422500.0,-1102500.0,1500,-26.347644846403792,False,False,15.285080645166232
-1417500.0,-1102500.0,1500,-35.097176890136495,False,False,15.259809260964165
-1412500.0,-1102500.0,1500,-41.519968228429406,False,False,15.231757882513515
-1407500.0,-1102500.0,1500,-42.69621106633263,False,False,15.201327367584316
-1402500.0,-1102500.0,1500,-41.674051283899,False,False,15.169200009238027
-1397500.0,-1102500.0,1500,-41.34702653072876,False,False,15.135773224354944
-1392500.0,-1102500.0,1500,-40.905577464556224,False,False,15.100718345796666
-1387500.0,-1102500.0,1500,-40.65218463923425,False,False,15.064219803334078
-1382500.0,-1102500.0,1500,-40.69364643919463,False,False,15.025774218811291
-1377500.0,-1102500.0,1500,-40.33330227665922,False,False,14.984291835835858
-1372500.0,-1102500.0,1500,-40.49527277195465,False,False,14.941486333433867
-1367500.0,-1102500.0,1500,-40.947192029811376,False,False,14.898759702197728
-1362500.0,-1102500.0,1500,-40.44675473847018,False,False,14.856857059660411
-1357500.0,-1102500.0,1500,-39.733402018477314,False,False,14.813055457863674
-1352500.0,-1102500.0,1500,-39.256711236903165,False,False,14.750976012792204
-1347500.0,-1102500.0,1500,-38.374556471996954,False,False,14.633674840423776
-1342500.0,-1102500.0,1500,-38.32197539890689,False,False,14.367665085511721
-1337500.0,-1102500.0,1500,-39.86506753404281,False,False,13.769396227788642
-1332500.0,-1102500.0,1500,-41.535048083926554,False,False,12.522280087507443
-1327500.0,-1102500.0,1500,-43.65007297048615,False,False,10.299034592608727
-1322500.0,-1102500.0,1500,-46.480994465799675,False,False,7.540548326330761
-1317500.0,-1102500.0,1500,-46.077739960156705,False,True,5.744403136200891
-1312500.0,-1102500.0,1500,-42.33884666955926,False,True,4.47099691163804
-1307500.0,-1102500.0,1500,-39.577633011351665,False,True,4.007750919857247
-1302500.0,-1102500.0,1500,-39.20163251035615,False,True,4.86171446402899
-1297500.0,-1102500.0,1500,-38.51197101535079,True,True,4.854931351366381
-1292500.0,-1102500.0,1500,-38.410476594493836,True,True,4.3591481324141155
-1287500.0,-1102500.0,1500,-40.364459217378865,True,True,4.279625630163417
-1282500.0,-1102500.0,1500,-42.20748509762835,True,True,4.404183282717289
-1277500.0,-1102500.0,1500,-43.96653208445604,True,True,4.383757381391151
-1272500.0,-1102500.0,1500,-47.05508481563179,True,True,4.393032395021753
-1267500.0,-1102500.0,1500,-49.853706143935526,True,True,5.413869266254079
-1262500.0,-1102500.0,1500,-49.074037871188246,True,True,5.683447394412372
-1257500.0,-1102500.0,1500,-42.423953254322676,True,True,4.8399133154764264
-1252500.0,-1102500.0,1500,-32.43310412265582,True,True,5.088359623138161
-1247500.0,-1102500.0,1500,-25.281897762137792,True,True,5.136783797020576
-1242500.0,-1102500.0,1500,-17.727527165156733,True,True,4.864260922045366
-1237500.0,-1102500.0,1500,-13.194608287053049,False,True,5.296611538437615
-1232500.0,-1102500.0,1500,-19.5496026662717,False,True,4.777598572983418
-1227500.0,-1102500.0,1500,-24.522980518748774,False,True,4.040278056727734
-1222500.0,-1102500.0,1500,-16.842256017123017,False,True,4.457826014627367
-1217500.0,-1102500.0,1500,-9.318489828631726,False,True,4.9679228311786385
-1212500.0,-1102500.0,1500,-9.04953656238466,False,True,4.416593288400635
-1207500.0,-1102500.0,1500,-13.274895272793351,False,False,3.516435012456369
-1202500.0,-1102500.0,1500,-17.754560340519152,False,False,3.2883695943277464
-1197500.0,-1102500.0,1500,-19.44948065372533,False,False,3.293375689547415
-1192500.0,-1102500.0,1500,-27.096136530319782,False,False,3.7006220634624833
-1187500.0,-1102500.0,1500,-32.783487057120645,False,False,3.65634369810432
-1182500.0,-1102500.0,1500,-31.172184740809055,False,False,3.1801799257421757
-1177500.0,-1102500.0,1500,-31.374021591982736,False,False,3.1726462953549786
-1172500.0,-1102500.0,1500,-23.393865234770775,False,False,3.0032450770064707
-1167500.0,-1102500.0,1500,-9.914868040264306,False,False,3.0332674047899095
-1162500.0,-1102500.0,1500,1.6448957068687338,False,False,3.579994642805916
-1157500.0,-1102500.0,1500,2.4121277899993103,False,False,4.427116089115718
-1152500.0,-1102500.0,1500,-2.506471905525027,False,False,5.201392530483472
-1597500.0,-1097500.0,1500,-64.06496654654703,False,False,15.431342184900325
-1592500.0,-1097500.0,1500,-57.911491057390634,False,False,15.431241677952233
-1587500.0,-1097500.0,1500,-45.32295509726144,False,False,15.4310802342589
-1582500.0,-1097500.0,1500,-27.451502113953723,False,False,15.430836961623777
-1577500.0,-1097500.0,1500,-8.912366777767497,False,False,15.430465032219592
-1572500.0,-1097500.0,1500,2.322781622672813,False,False,15.429962375657702
-1567500.0,-1097500.0,1500,4.139368230192441,False,False,15.429309988061368
-1562500.0,-1097500.0,1500,2.0452138783364537,False,False,15.428546637448296
-1557500.0,-1097500.0,1500,-0.7521183768672111,False,False,15.42770570315768
-1552500.0,-1097500.0,1500,-3.7127814698494905,False,False,15.426799611459597
-1547500.0,-1097500.0,1500,-6.344739067805081,False,False,15.425834069374254
-1542500.0,-1097500.0,1500,-9.015022662555044,False,False,15.42479200488538
-1537500.0,-1097500.0,1500,-11.220781328814583,False,False,15.423663351806185
-1532500.0,-1097500.0,1500,-12.905280557827318,False,False,15.422455895885008
-1527500.0,-1097500.0,1500,-14.619161148532468,False,False,15.421186332397788
-1522500.0,-1097500.0,1500,-15.920373846986433,False,False,15.419895216519071
-1517500.0,-1097500.0,1500,-17.334155079447168,False,False,15.418632385169378
-1512500.0,-1097500.0,1500,-18.726879797414387,False,False,15.417429549309219
-1507500.0,-1097500.0,1500,-19.08125942342187,False,False,15.416304343944402
-1502500.0,-1097500.0,1500,-19.077253432795583,False,False,15.415284464697233
-1497500.0,-1097500.0,1500,-18.724480911848897,False,False,15.414256408395012
-1492500.0,-1097500.0,1500,-17.904815437231118,False,False,15.412906007120924
-1487500.0,-1097500.0,1500,-16.9353278305724,False,False,15.411059462269106
-1482500.0,-1097500.0,1500,-15.12068187785033,False,False,15.408481899161828
-1477500.0,-1097500.0,1500,-12.890891970425077,False,False,15.404997451831616
-1472500.0,-1097500.0,1500,-9.87569501322943,False,False,15.400453255964882
-1467500.0,-1097500.0,1500,-4.991124949298518,False,False,15.394600657881497
-1462500.0,-1097500.0,1500,3.7884365863986207,False,False,15.20559637713504
-1457500.0,-1097500.0,1500,15.10228947467904,False,False,14.878729708726862
-1452500.0,-1097500.0,1500,22.01195249100331,False,False,14.68746448909105
-1447500.0,-1097500.0,1500,19.153815430846283,False,False,14.75517448413288
-1442500.0,-1097500.0,1500,9.020425988690613,False,False,15.024283633027899
-1437500.0,-1097500.0,1500,0.8745791926254451,False,False,15.227274850118185
-1432500.0,-1097500.0,1500,-4.3637549593807226,False,False,15.284715326508714
-1427500.0,-1097500.0,1500,-12.861567281891373,False,False,15.278594755726754
-1422500.0,-1097500.0,1500,-22.559344946753512,False,False,15.25373042413708
-1417500.0,-1097500.0,1500,-31.640644243503424,False,False,15.22641443943645
-1412500.0,-1097500.0,1500,-40.65312287397424,False,False,15.196779596253421
-1407500.0,-1097500.0,1500,-44.70157231773979,False,False,15.165901908040151
-1402500.0,-1097500.0,1500,-44.32645364732526,False,False,15.134317794536415
-1397500.0,-1097500.0,1500,-43.54795795190785,False,False,15.10176266882497
-1392500.0,-1097500.0,1500,-42.647008562318845,False,False,15.067395087963119
-1387500.0,-1097500.0,1500,-42.16662684794851,False,False,15.029591182606078
-1382500.0,-1097500.0,1500,-42.181138782703094,False,False,14.984961359250356
-1377500.0,-1097500.0,1500,-41.51834188078326,False,False,14.930847575443456
-1372500.0,-1097500.0,1500,-40.9143259092417,False,False,14.865903693136568
-1367500.0,-1097500.0,1500,-41.11453223715511,False,False,14.79335649134983
-1362500.0,-1097500.0,1500,-41.173388004805474,False,False,14.722047563402995
-1357500.0,-1097500.0,1500,-41.00593242063537,False,False,14.66038586315846
-1352500.0,-1097500.0,1500,-40.92024772415135,False,False,14.604653631569617
-1347500.0,-1097500.0,1500,-40.71301277874163,False,False,14.515652151985423
-1342500.0,-1097500.0,1500,-40.689590950109704,False,False,14.324510429606121
-1337500.0,-1097500.0,1500,-41.399382691461255,False,False,13.938055023756181
-1332500.0,-1097500.0,1500,-42.39130616692508,False,False,13.227358741532019
-1327500.0,-1097500.0,1500,-43.43370553494826,False,False,12.162038364038043
-1322500.0,-1097500.0,1500,-45.02449053253992,False,True,10.73853814327806
-1317500.0,-1097500.0,1500,-45.57690315220818,False,True,8.773663319360699
-1312500.0,-1097500.0,1500,-44.03763834614328,False,True,6.600658982824662
-1307500.0,-1097500.0,1500,-43.16207197213762,False,True,4.688587734720397
-1302500.0,-1097500.0,1500,-43.41054776479909,True,True,3.514722383978211
-1297500.0,-1097500.0,1500,-42.63612392236917,True,True,3.288765309534635
-1292500.0,-1097500.0,1500,-43.68928496328964,True,True,3.5922409656994914
-1287500.0,-1097500.0,1500,-47.55136198276389,True,True,3.8293259684775163
-1282500.0,-1097500.0,1500,-49.76416292647112,True,True,4.457084819027819
-1277500.0,-1097500.0,1500,-51.449547243536685,True,True,4.835130596889688
-1272500.0,-1097500.0,1500,-53.62797784297928,True,True,5.358070990805334
-1267500.0,-1097500.0,1500,-52.839634446170464,True,True,5.700558504028042
-1262500.0,-1097500.0,1500,-50.14079371319438,True,True,5.062340923301534
-1257500.0,-1097500.0,1500,-45.321051601915215,True,True,5.588487624846273
-1252500.0,-1097500.0,1500,-39.96321406089369,True,True,5.474568910370658
-1247500.0,-1097500.0,1500,-36.29404826685906,True,True,4.539332562278018
-1242500.0,-1097500.0,1500,-30.915659529900214,True,True,5.2911634869760675
-1237500.0,-1097500.0,1500,-26.151896606419093,False,True,5.206260671967547
-1232500.0,-1097500.0,1500,-29.00322541646483,False,True,4.119002284209509
-1227500.0,-1097500.0,1500,-31.96852635326334,False,True,4.517700390647856
-1222500.0,-1097500.0,1500,-26.094351928958517,False,True,5.077261151750434
-1217500.0,-1097500.0,1500,-18.676785514085157,False,False,4.437305053448862
-1212500.0,-1097500.0,1500,-18.424670362224628,False,False,3.4342808034166903
-1207500.0,-1097500.0,1500,-20.654006903637324,False,False,3.3434105884726772
-1202500.0,-1097500.0,1500,-21.877950167506867,False,False,4.036095900727753
-1197500.0,-1097500.0,1500,-24.51492790491805,False,False,3.8813927530363603
-1192500.0,-1097500.0,1500,-24.04344936843863,False,False,3.2422776750325872
-1187500.0,-1097500.0,1500,-22.619949929271616,False,False,3.1400676832839034
-1182500.0,-1097500.0,1500,-26.671124305716233,False,False,3.1383534642972863
-1177500.0,-1097500.0,1500,-34.18098988109359,False,False,3.142612156297461
-1172500.0,-1097500.0,1500,-37.43127969918733,False,False,3.527764837163296
-1167500.0,-1097500.0,1500,-32.60898877250675,False,False,4.348245387611658
-1162500.0,-1097500.0,1500,-21.442064694374086,False,False,5.108038954838108
-1157500.0,-1097500.0,1500,-11.257580962957926,False,False,5.5150129136800725
-1152500.0,-1097500.0,1500,-4.048734190633012,False,False,5.23345716882904
-1597500.0,-1092500.0,1500,-63.53282190885043,False,False,15.430935347788068
-1592500.0,-1092500.0,1500,-59.0980390111151,False,False,15.430830407452818
-1587500.0,-1092500.0,1500,-48.963088345331684,False,False,15.430664272466283
-1582500.0,-1092500.0,1500,-32.69541481806958,False,False,15.430402901750263
-1577500.0,-1092500.0,1500,-13.856805549983815,False,False,15.429973040811223
-1572500.0,-1092500.0,1500,-1.8988570299265533,False,False,15.429373485706847
-1567500.0,-1092500.0,1500,0.32169224792957596,False,False,15.428624935715685
-1562500.0,-1092500.0,1500,-1.667368675687279,False,False,15.427782525667507
-1557500.0,-1092500.0,1500,-4.795019098966642,False,False,15.42686460980141
-1552500.0,-1092500.0,1500,-7.751171737665811,False,False,15.425885063021388
-1547500.0,-1092500.0,1500,-10.589784641243662,False,False,15.424839196109183
-1542500.0,-1092500.0,1500,-13.771159124714426,False,False,15.42371941075639
-1537500.0,-1092500.0,1500,-16.029871816524505,False,False,15.422516292042964
-1532500.0,-1092500.0,1500,-17.87061615948899,False,False,15.421256337635523
-1527500.0,-1092500.0,1500,-19.686791837855935,False,False,15.41997564832104
-1522500.0,-1092500.0,1500,-20.84829862425571,False,False,15.418700751148615
-1517500.0,-1092500.0,1500,-22.101377573966076,False,False,15.417455482092649
-1512500.0,-1092500.0,1500,-23.335042966654132,False,False,15.416250733918663
-1507500.0,-1092500.0,1500,-23.437527644696576,False,False,15.415056127118055
-1502500.0,-1092500.0,1500,-23.18217266959373,False,False,15.413835499704906
-1497500.0,-1092500.0,1500,-23.054677382174372,False,False,15.412404019944589
-1492500.0,-1092500.0,1500,-21.810416430430692,False,False,15.410363839200752
-1487500.0,-1092500.0,1500,-20.00083538400022,False,False,15.407498997078111
-1482500.0,-1092500.0,1500,-17.29646281330757,False,False,15.403654754320158
-1477500.0,-1092500.0,1500,-13.118488857066648,False,False,15.398648035311904
-1472500.0,-1092500.0,1500,-8.514685771164858,False,False,15.392314556517785
-1467500.0,-1092500.0,1500,0.9027621162898034,False,False,15.200382849877215
-1462500.0,-1092500.0,1500,20.354681889631888,False,False,14.665195875092415
-1457500.0,-1092500.0,1500,38.37794119151971,False,False,14.154019847111096
-1452500.0,-1092500.0,1500,46.84830924980762,False,False,13.938930992222634
-1447500.0,-1092500.0,1500,44.1092572755354,False,False,14.032951667901123
-1442500.0,-1092500.0,1500,25.481865829434632,False,False,14.466573430164146
-1437500.0,-1092500.0,1500,6.727590872998221,False,False,14.902327325330113
-1432500.0,-1092500.0,1500,-1.215431182245684,False,False,15.135189005196644
-1427500.0,-1092500.0,1500,-8.97748341189888,False,False,15.227757352765064
-1422500.0,-1092500.0,1500,-19.17198269855812,False,False,15.220328235915986
-1417500.0,-1092500.0,1500,-28.294364569901763,False,False,15.191818884254616
-1412500.0,-1092500.0,1500,-37.07343827247651,False,True,15.161935514255429
-1407500.0,-1092500.0,1500,-43.38942536409205,False,True,15.1315961534226
-1402500.0,-1092500.0,1500,-45.707738475453205,False,False,15.101754501838014
-1397500.0,-1092500.0,1500,-45.67717762513221,False,False,15.070953457907873
-1392500.0,-1092500.0,1500,-44.63190498957812,False,False,15.037068873516157
-1387500.0,-1092500.0,1500,-43.619010915128236,False,False,14.99583436714611
-1382500.0,-1092500.0,1500,-43.203974185988336,False,False,14.940596797724238
-1377500.0,-1092500.0,1500,-42.501011795205734,False,False,14.862346248992434
-1372500.0,-1092500.0,1500,-41.22636335127658,False,False,14.751964936519823
-1367500.0,-1092500.0,1500,-40.627650261175994,False,False,14.604223838756425
-1362500.0,-1092500.0,1500,-40.95277625257106,False,False,14.444704553291936
-1357500.0,-1092500.0,1500,-41.44711753128439,False,False,14.328164055468422
-1352500.0,-1092500.0,1500,-42.21832679413146,False,False,14.276527444012814
-1347500.0,-1092500.0,1500,-43.220764849260256,False,False,14.237936475571294
-1342500.0,-1092500.0,1500,-43.743653724910885,False,False,14.11601830198675
-1337500.0,-1092500.0,1500,-43.78455848450918,False,False,13.824747595044531
-1332500.0,-1092500.0,1500,-43.054616759432065,False,False,13.308154696133135
-1327500.0,-1092500.0,1500,-42.144625223896114,False,True,12.50773777524218
-1322500.0,-1092500.0,1500,-42.92283239822819,False,True,11.356135050315828
-1317500.0,-1092500.0,1500,-43.929960238247546,False,True,9.762176953663635
-1312500.0,-1092500.0,1500,-43.367859447915706,False,True,7.328016371916717
-1307500.0,-1092500.0,1500,-44.348301515313956,False,True,4.7455152854878815
-1302500.0,-1092500.0,1500,-45.824742844261515,True,True,3.6243393485851443
-1297500.0,-1092500.0,1500,-45.606190467246286,True,True,3.6110790180596624
-1292500.0,-1092500.0,1500,-47.517027592846425,True,True,4.093928067109116
-1287500.0,-1092500.0,1500,-50.839322169607094,True,True,4.093531856294337
-1282500.0,-1092500.0,1500,-50.670852334349945,True,True,3.619331153226375
-1277500.0,-1092500.0,1500,-49.06535917067171,True,True,3.9520851270725177
-1272500.0,-1092500.0,1500,-49.59896944141003,True,True,4.780118810287484
-1267500.0,-1092500.0,1500,-47.55501798035822,True,True,4.846108165283241
-1262500.0,-1092500.0,1500,-46.11418785063374,True,True,5.357156497845721
-1257500.0,-1092500.0,1500,-49.052436736942056,True,True,5.712707846546716
-1252500.0,-1092500.0,1500,-50.42434247137201,True,True,5.205379266185437
-1247500.0,-1092500.0,1500,-47.643166787142995,True,True,5.230025410762469
-1242500.0,-1092500.0,1500,-42.345274072828495,False,True,4.878191240296589
-1237500.0,-1092500.0,1500,-35.158896317289425,False,True,4.240006491178199
-1232500.0,-1092500.0,1500,-30.91877761134195,False,True,4.495324675230945
-1227500.0,-1092500.0,1500,-32.70793467333087,False,True,5.103095589494307
-1222500.0,-1092500.0,1500,-32.376345990678395,False,False,4.482564118181309
-1217500.0,-1092500.0,1500,-29.94786991292138,False,False,3.5395927675837617
-1212500.0,-1092500.0,1500,-29.9530441043577,False,False,3.2155921653425237
-1207500.0,-1092500.0,1500,-29.390822966869727,False,False,3.408122896542311
-1202500.0,-1092500.0,1500,-31.36028600106168,False,False,4.039137606326368
-1197500.0,-1092500.0,1500,-33.138930241173625,False,False,3.9205867490548614
-1192500.0,-1092500.0,1500,-23.386119038866887,False,False,3.239922378444464
-1187500.0,-1092500.0,1500,-12.343374122569639,False,False,2.9831570012524153
-1182500.0,-1092500.0,1500,-13.465295679190703,False,False,2.9671846592294275
-1177500.0,-1092500.0,1500,-21.466739090395514,False,False,3.5975728762376393
-1172500.0,-1092500.0,1500,-27.328552218394144,False,False,4.7421905434859095
-1167500.0,-1092500.0,1500,-22.879488900451232,False,False,5.464243057146926
-1162500.0,-1092500.0,1500,-11.469446243313222,False,False,5.328495719050225
-1157500.0,-1092500.0,1500,-3.7573546983513366,False,False,4.686877308952241
-1152500.0,-1092500.0,1500,-0.6690861039171948,False,False,4.242793971516159
-1597500.0,-1087500.0,1500,-61.753748026549445,False,False,15.430513442802056
-1592500.0,-1087500.0,1500,-58.36345090064596,False,False,15.430404437375008
-1587500.0,-1087500.0,1500,-50.31640054866551,False,False,15.430227230891315
-1582500.0,-1087500.0,1500,-35.98664991444091,False,False,15.429938688647635
-1577500.0,-1087500.0,1500,-18.243825620962546,False,False,15.429433550712275
-1572500.0,-1087500.0,1500,-6.247590890519854,False,False,15.428729502774473
-1567500.0,-1087500.0,1500,-3.286860324184615,False,False,15.427883296455178
-1562500.0,-1087500.0,1500,-5.209252746599924,False,False,15.42697072913909
-1557500.0,-1087500.0,1500,-8.283830648508077,False,False,15.425994545186615
-1552500.0,-1087500.0,1500,-11.30896711441516,False,False,15.42495013210282
-1547500.0,-1087500.0,1500,-14.860965955308554,False,False,15.423837983527115
-1542500.0,-1087500.0,1500,-18.336942137164133,False,False,15.422649613284534
-1537500.0,-1087500.0,1500,-20.93367064020381,False,False,15.421402539754409
-1532500.0,-1087500.0,1500,-22.972846616122617,False,False,15.420114849473922
-1527500.0,-1087500.0,1500,-24.529688225375878,False,False,15.418813145041945
-1522500.0,-1087500.0,1500,-25.51697799006349,False,False,15.41751102293307
-1517500.0,-1087500.0,1500,-26.582683671017858,False,False,15.416196772686185
-1512500.0,-1087500.0,1500,-27.63610766409434,False,False,15.41487466236228
-1507500.0,-1087500.0,1500,-27.48828829279825,False,False,15.41344056793289
-1502500.0,-1087500.0,1500,-26.85219832488444,False,False,15.411673710219766
-1497500.0,-1087500.0,1500,-26.5554437441188,False,False,15.40936370748004
-1492500.0,-1087500.0,1500,-25.46592206402502,False,False,15.406176253978613
-1487500.0,-1087500.0,1500,-22.9731314709129,False,False,15.401912492131384
-1482500.0,-1087500.0,1500,-18.86461370059123,False,False,15.396406053797445
-1477500.0,-1087500.0,1500,-12.978127175291286,False,False,15.389551593333993
-1472500.0,-1087500.0,1500,-4.930115012990949,False,False,15.253039326032786
-1467500.0,-1087500.0,1500,16.112736679254414,False,False,14.674127530215536
-1462500.0,-1087500.0,1500,53.788398215185616,False,False,13.828652901179915
-1442500.0,-1087500.0,1500,46.536542674197825,False,False,13.825412506271888
-1437500.0,-1087500.0,1500,29.558102404083204,False,False,14.29452561282963
-1432500.0,-1087500.0,1500,11.251653074000455,False,False,14.852147639160538
-1427500.0,-1087500.0,1500,-6.201043361472202,False,False,15.195231041520898
-1422500.0,-1087500.0,1500,-16.10377766011207,False,True,15.186953129200978
-1417500.0,-1087500.0,1500,-25.302589310196957,False,True,15.158071585175561
-1412500.0,-1087500.0,1500,-33.392539902560046,False,True,15.129132463732393
-1407500.0,-1087500.0,1500,-40.469905132504906,False,True,15.10060263679036
-1402500.0,-1087500.0,1500,-45.16834736241098,False,True,15.072480575137893
-1397500.0,-1087500.0,1500,-47.166538607042575,False,True,15.043071855455366
-1392500.0,-1087500.0,1500,-47.05815313267862,False,False,15.008745709629457
-1387500.0,-1087500.0,1500,-45.67722572720507,False,False,14.961333298812606
-1382500.0,-1087500.0,1500,-44.32378118190612,False,False,14.889087376853006
-1377500.0,-1087500.0,1500,-43.16660754225053,False,False,14.773389509248638
-1372500.0,-1087500.0,1500,-41.40487064111169,False,False,14.577645275713973
-1367500.0,-1087500.0,1500,-39.85956055301247,False,False,14.26555616509049
-1362500.0,-1087500.0,1500,-39.5843195423725,False,False,13.850383890197058
-1357500.0,-1087500.0,1500,-40.166379930524876,False,False,13.53293561424902
-1352500.0,-1087500.0,1500,-41.48570603341486,False,False,13.504350524612217
-1347500.0,-1087500.0,1500,-43.25881672934495,False,False,13.608970311834732
-1342500.0,-1087500.0,1500,-44.61709788395066,False,False,13.56708999074914
-1337500.0,-1087500.0,1500,-44.80832121407252,False,True,13.21650169490308
-1332500.0,-1087500.0,1500,-43.11660789863092,False,True,12.492758362994486
-1327500.0,-1087500.0,1500,-40.58305987677208,False,True,11.394197056999225
-1322500.0,-1087500.0,1500,-40.19407448611524,False,True,9.779512045730527
-1317500.0,-1087500.0,1500,-40.71066071626121,False,True,7.36047331716462
-1312500.0,-1087500.0,1500,-39.90073965215799,False,True,4.742523913512201
-1307500.0,-1087500.0,1500,-40.49239974382152,True,True,3.6678178578438363
-1302500.0,-1087500.0,1500,-41.74546042421171,True,True,3.824567161265237
-1297500.0,-1087500.0,1500,-43.02154951264418,True,True,4.767378589847409
-1292500.0,-1087500.0,1500,-45.73176958406247,True,True,5.519017765238624
-1287500.0,-1087500.0,1500,-47.43277627628572,True,True,4.7671907996158955
-1282500.0,-1087500.0,1500,-46.440825941599435,True,True,4.496823256457109
-1277500.0,-1087500.0,1500,-43.89875855653684,True,True,4.198216395490015
-1272500.0,-1087500.0,1500,-40.94720866850862,True,True,3.6094958171608855
-1267500.0,-1087500.0,1500,-36.10857897006764,True,True,4.0924549197218525
-1262500.0,-1087500.0,1500,-38.274780213197104,True,True,4.7418620780923115
-1257500.0,-1087500.0,1500,-48.86116982780201,True,True,4.908154903266548
-1252500.0,-1087500.0,1500,-56.40512178744448,True,True,5.626336983126052
-1247500.0,-1087500.0,1500,-58.48800570278521,False,True,5.360305071601515
-1242500.0,-1087500.0,1500,-54.29383638199291,False,True,3.9336843248510664
-1237500.0,-1087500.0,1500,-44.024823264015254,False,True,4.086264676831573
-1232500.0,-1087500.0,1500,-36.21218045239311,False,True,4.785267228532888
-1227500.0,-1087500.0,1500,-35.57893418476011,False,True,4.523484871841947
-1222500.0,-1087500.0,1500,-36.09974567735239,False,False,3.7282485538890615
-1217500.0,-1087500.0,1500,-37.07238547015524,False,False,3.5113825271436028
-1212500.0,-1087500.0,1500,-37.68851716070909,False,False,3.9021394376790544
-1207500.0,-1087500.0,1500,-36.65785608631817,False,False,3.687424718458429
-1202500.0,-1087500.0,1500,-34.85718841766684,False,False,3.2051810625315396
-1197500.0,-1087500.0,1500,-29.361689209045387,False,False,3.180281163422584
-1192500.0,-1087500.0,1500,-21.45978840955832,False,False,3.143646645294428
-1187500.0,-1087500.0,1500,-15.715564502220376,False,False,3.352735136617273
-1182500.0,-1087500.0,1500,-12.210496034536481,False,False,3.5244350770455535
-1177500.0,-1087500.0,1500,-13.528655236012638,False,False,3.6561074928380672
-1172500.0,-1087500.0,1500,-12.141838203959,False,False,4.36537318261307
-1167500.0,-1087500.0,1500,-2.433859638712775,False,False,4.6581205727401285
-1162500.0,-1087500.0,1500,6.853660173014383,False,False,4.302107724500103
-1157500.0,-1087500.0,1500,9.428913500496243,False,False,4.260191936724034
-1152500.0,-1087500.0,1500,5.100492992756851,False,False,4.761906553265321
-1597500.0,-1082500.0,1500,-59.263713842522044,False,False,15.430079926672017
-1592500.0,-1082500.0,1500,-56.678707243788786,False,False,15.429968306943309
-1587500.0,-1082500.0,1500,-49.55188981035416,False,False,15.42974782175142
-1582500.0,-1082500.0,1500,-36.35497961291648,False,False,15.429379460589146
-1577500.0,-1082500.0,1500,-20.468339137738642,False,False,15.428782459116093
-1572500.0,-1082500.0,1500,-9.038127237787705,False,False,15.427997251383276
-1567500.0,-1082500.0,1500,-6.316210351144519,False,False,15.427090840972664
-1562500.0,-1082500.0,1500,-8.409199899555812,False,False,15.426124371486974
-1557500.0,-1082500.0,1500,-11.181664282609175,False,False,15.425101213314544
-1552500.0,-1082500.0,1500,-14.82836303016976,False,False,15.423999328506401
-1547500.0,-1082500.0,1500,-19.06653917211816,False,False,15.42282515420585
-1542500.0,-1082500.0,1500,-22.934402328523767,False,False,15.42157334654847
-1537500.0,-1082500.0,1500,-25.891282767649194,False,False,15.42026882005553
-1532500.0,-1082500.0,1500,-27.92996018115298,False,False,15.418950720028272
-1527500.0,-1082500.0,1500,-29.0563122251846,False,False,15.417590447031316
-1522500.0,-1082500.0,1500,-29.354423577482937,False,False,15.416136567413806
-1517500.0,-1082500.0,1500,-29.766275816754238,False,False,15.414547587863527
-1512500.0,-1082500.0,1500,-30.79692594115206,False,False,15.412839895544362
-1507500.0,-1082500.0,1500,-31.160528149427694,False,False,15.410831194447168
-1502500.0,-1082500.0,1500,-30.37842639730477,False,False,15.408122532447152
-1497500.0,-1082500.0,1500,-29.583310697521856,False,False,15.4044990275032
-1492500.0,-1082500.0,1500,-29.04666611362383,False,False,15.399738887535774
-1487500.0,-1082500.0,1500,-26.754652900240636,False,False,15.393674465129909
-1482500.0,-1082500.0,1500,-21.13031294089514,False,False,15.386193698012082
-1477500.0,-1082500.0,1500,-11.871481188688819,False,False,15.275078165627017
-1472500.0,-1082500.0,1500,5.896496524001735,False,False,14.83043489387324
-1467500.0,-1082500.0,1500,42.618953097979826,False,False,13.994990156096627
-1462500.0,-1082500.0,1500,91.9828990412566,False,False,13.055960579120141
-1442500.0,-1082500.0,1500,75.06000315315013,False,False,13.191398120854387
-1437500.0,-1082500.0,1500,49.36017589674589,False,False,13.790990205411742
-1432500.0,-1082500.0,1500,17.390063516015147,False,False,14.593518452265995
-1427500.0,-1082500.0,1500,-5.6539743186897855,False,True,15.096744545521684
-1422500.0,-1082500.0,1500,-12.295250875095393,False,True,15.137900478244505
-1417500.0,-1082500.0,1500,-20.14996849621889,False,True,15.12693696907032
-1412500.0,-1082500.0,1500,-30.472659227347553,False,True,15.099558072366904
-1407500.0,-1082500.0,1500,-39.1213824126325,False,True,15.072666906509994
-1402500.0,-1082500.0,1500,-44.875131772755715,False,True,15.045430597669501
-1397500.0,-1082500.0,1500,-48.14122282415207,False,True,15.015704563299913
-1392500.0,-1082500.0,1500,-49.085763425626084,False,True,14.977631912997182
-1387500.0,-1082500.0,1500,-48.017573584079315,False,False,14.920558099502184
-1382500.0,-1082500.0,1500,-45.894195312965095,False,False,14.825410120250192
-1377500.0,-1082500.0,1500,-43.65339057904654,False,False,14.660527772366368
-1372500.0,-1082500.0,1500,-41.391527477646534,False,False,14.345448492957338
-1367500.0,-1082500.0,1500,-38.92619456294003,False,False,13.711192636940659
-1362500.0,-1082500.0,1500,-37.140481468748106,False,False,12.668665147579125
-1357500.0,-1082500.0,1500,-37.2911180073569,False,False,11.760273717399619
-1352500.0,-1082500.0,1500,-38.577750387708214,False,False,11.746630554245455
-1347500.0,-1082500.0,1500,-40.01115794568997,False,True,12.218760577060634
-1342500.0,-1082500.0,1500,-41.36807149951101,False,True,12.319822798616954
-1337500.0,-1082500.0,1500,-41.456605894865525,False,True,11.77640111785075
-1332500.0,-1082500.0,1500,-39.636483092323004,False,True,10.493135517319747
-1327500.0,-1082500.0,1500,-37.66519973842273,False,True,8.389876545660645
-1322500.0,-1082500.0,1500,-37.441966678898844,False,True,6.089838392578713
-1317500.0,-1082500.0,1500,-36.822459663545835,False,True,4.3471299669046335
-1312500.0,-1082500.0,1500,-34.65167771542266,True,True,3.5643801468505654
-1307500.0,-1082500.0,1500,-33.02880610916105,True,True,3.783587245623462
-1302500.0,-1082500.0,1500,-33.471352863082615,True,True,4.801770191551326
-1297500.0,-1082500.0,1500,-36.368415024997994,True,True,5.83577411772585
-1292500.0,-1082500.0,1500,-39.52057754929239,True,True,5.45536094372938
-1287500.0,-1082500.0,1500,-40.316567400531504,True,True,5.406042709805165
-1282500.0,-1082500.0,1500,-39.8291058489767,True,True,5.708727938385822
-1277500.0,-1082500.0,1500,-39.063730395448324,True,True,4.995902961498327
-1272500.0,-1082500.0,1500,-34.84309485354892,True,True,4.863700279432425
-1267500.0,-1082500.0,1500,-30.703262616920902,True,True,4.348260487606507
-1262500.0,-1082500.0,1500,-35.47428743081496,True,True,3.773598548274369
-1257500.0,-1082500.0,1500,-45.6049741833737,True,True,4.341637389681161
-1252500.0,-1082500.0,1500,-58.49817049700836,False,True,4.901325218601933
-1247500.0,-1082500.0,1500,-67.58192421960061,False,True,4.310943780895078
-1242500.0,-1082500.0,1500,-60.890368454719436,False,True,3.794297198676856
-1237500.0,-1082500.0,1500,-47.18775555214297,False,True,4.141299077784828
-1232500.0,-1082500.0,1500,-37.58632689818087,False,True,4.00186907550064
-1227500.0,-1082500.0,1500,-31.314107276543698,False,False,3.719956208757301
-1222500.0,-1082500.0,1500,-30.145110438961176,False,False,3.6994175427401204
-1217500.0,-1082500.0,1500,-33.05963266317244,False,False,4.150354009409705
-1212500.0,-1082500.0,1500,-32.68487522916194,False,False,4.343354647670523
-1207500.0,-1082500.0,1500,-29.64699980140034,False,False,3.582536992754511
-1202500.0,-1082500.0,1500,-20.38918967251227,False,False,2.988908237231924
-1197500.0,-1082500.0,1500,-9.503430097291616,False,False,2.945868650690282
-1192500.0,-1082500.0,1500,-6.9490116273257145,False,False,3.303379126503428
-1187500.0,-1082500.0,1500,-5.303642922260317,False,False,4.233041050901747
-1182500.0,-1082500.0,1500,-0.0982680192932045,False,False,4.469451527447031
-1177500.0,-1082500.0,1500,1.1447566025607054,False,False,3.5896978624333435
-1172500.0,-1082500.0,1500,1.9002741572417958,False,False,3.2309944133966
-1167500.0,-1082500.0,1500,10.73503876897727,False,False,3.589575517275629
-1162500.0,-1082500.0,1500,19.823581107610963,False,False,4.252698414712681
-1157500.0,-1082500.0,1500,18.964846064059593,False,False,5.088669989534522
-1152500.0,-1082500.0,1500,10.217976450779755,False,False,5.399349595689735
-1597500.0,-1077500.0,1500,-56.48958508473279,False,False,15.429638446049063
-1592500.0,-1077500.0,1500,-54.59023385020068,False,False,15.429530811435896
-1587500.0,-1077500.0,1500,-48.17099687056397,False,False,15.429232081898562
-1582500.0,-1077500.0,1500,-36.167538910143904,False,False,15.428718191423405
-1577500.0,-1077500.0,1500,-21.41613159723234,False,False,15.428009676364901
-1572500.0,-1077500.0,1500,-10.587772034157972,False,False,15.427174436224323
-1567500.0,-1077500.0,1500,-8.577266235634589,False,False,15.426240470924588
-1562500.0,-1077500.0,1500,-10.990417299565772,False,False,15.425245617875662
-1557500.0,-1077500.0,1500,-13.734570943146538,False,False,15.424176568394769
-1552500.0,-1077500.0,1500,-17.741960154004765,False,False,15.423017223669238
-1547500.0,-1077500.0,1500,-22.4876827884352,False,False,15.421760566075243
-1542500.0,-1077500.0,1500,-26.853504632882466,False,False,15.420430710444293
-1537500.0,-1077500.0,1500,-30.464442619377095,False,False,15.41903924755113
-1532500.0,-1077500.0,1500,-32.913824188704034,False,False,15.417595761822913
-1527500.0,-1077500.0,1500,-34.03965464049593,False,False,15.416057244671624
-1522500.0,-1077500.0,1500,-34.27881164555646,False,False,15.414308139077196
-1517500.0,-1077500.0,1500,-33.6627209752518,False,False,15.412211587911266
-1512500.0,-1077500.0,1500,-33.68968137873543,False,False,15.409699437517018
-1507500.0,-1077500.0,1500,-34.305176862050004,False,False,15.406577813720082
-1502500.0,-1077500.0,1500,-33.54652302561887,False,False,15.402479165446213
-1497500.0,-1077500.0,1500,-32.54484894651996,False,False,15.397183588975828
-1492500.0,-1077500.0,1500,-32.56484925230195,False,False,15.390500529575068
-1487500.0,-1077500.0,1500,-31.580636626499846,False,False,15.382308720517733
-1482500.0,-1077500.0,1500,-25.159615062384194,False,False,15.372516936987507
-1477500.0,-1077500.0,1500,-10.59700104785653,False,False,15.112999709609266
-1472500.0,-1077500.0,1500,20.82699594309608,False,False,14.379308571271753
-1467500.0,-1077500.0,1500,68.92805891123159,False,False,13.441163325418584
-1462500.0,-1077500.0,1500,122.05506335758916,False,False,12.518606538518508
-1447500.0,-1077500.0,1500,151.02408250010794,False,False,12.123078942681145
-1442500.0,-1077500.0,1500,100.29615495169631,False,False,12.795398231142052
-1437500.0,-1077500.0,1500,58.053531767315384,False,False,13.5195491682239
-1432500.0,-1077500.0,1500,22.148513155899664,False,False,14.262411966905631
-1427500.0,-1077500.0,1500,-2.461406885507378,False,True,14.81035556456996
-1422500.0,-1077500.0,1500,-11.212396886238723,False,True,15.01847719772045
-1417500.0,-1077500.0,1500,-17.355090110554993,False,True,15.032665830218663
-1412500.0,-1077500.0,1500,-28.321498832907896,False,True,15.040208768943108
-1407500.0,-1077500.0,1500,-38.70601478360627,False,True,15.045076478257421
-1402500.0,-1077500.0,1500,-45.816702471321285,False,True,15.016034175518458
-1397500.0,-1077500.0,1500,-49.708977155487986,False,True,14.981130967219901
-1392500.0,-1077500.0,1500,-50.73218201602354,False,True,14.932891459554302
-1387500.0,-1077500.0,1500,-50.108749147743886,False,True,14.86040544788736
-1382500.0,-1077500.0,1500,-47.86016474810157,False,True,14.738415109429951
-1377500.0,-1077500.0,1500,-44.75903911257118,False,True,14.521042050101968
-1372500.0,-1077500.0,1500,-41.750576936350136,False,True,14.098505546005681
-1367500.0,-1077500.0,1500,-37.976043546973855,False,True,13.12435473993713
-1362500.0,-1077500.0,1500,-34.417419563113526,False,True,11.054117481375053
-1357500.0,-1077500.0,1500,-33.5901966091656,False,False,8.255420848936625
-1352500.0,-1077500.0,1500,-34.61330061193625,False,True,7.771446073480437
-1347500.0,-1077500.0,1500,-35.975331320986434,False,True,9.377199103048552
-1342500.0,-1077500.0,1500,-37.71295517061324,False,True,9.981046068107531
-1337500.0,-1077500.0,1500,-37.614317995525596,False,True,8.93281280205949
-1332500.0,-1077500.0,1500,-35.22194677560872,False,True,6.8513943732084215
-1327500.0,-1077500.0,1500,-33.81292391198936,False,True,4.85837719619231
-1322500.0,-1077500.0,1500,-33.64997305943493,False,True,3.772574384345126
-1317500.0,-1077500.0,1500,-32.414792970154345,True,True,3.6695207757718116
-1312500.0,-1077500.0,1500,-29.24317302017534,True,True,3.749967439697286
-1307500.0,-1077500.0,1500,-26.038274243405482,True,True,4.607266149595488
-1302500.0,-1077500.0,1500,-26.32936092027599,True,True,5.8532647973014305
-1297500.0,-1077500.0,1500,-30.222249463365518,True,True,5.515936293872484
-1292500.0,-1077500.0,1500,-33.40084330066161,True,True,5.374988007217128
-1287500.0,-1077500.0,1500,-34.06925444633458,True,True,5.845066169830956
-1282500.0,-1077500.0,1500,-34.71099372906226,True,True,5.30024345274252
-1277500.0,-1077500.0,1500,-35.3189849104075,True,True,5.598547928967278
-1272500.0,-1077500.0,1500,-33.22596379417314,True,True,5.685560181537474
-1267500.0,-1077500.0,1500,-33.097680991424305,True,True,4.868906663333611
-1262500.0,-1077500.0,1500,-38.13282666993824,True,True,4.670335043652415
-1257500.0,-1077500.0,1500,-44.32180540156634,True,True,4.216818913352929
-1252500.0,-1077500.0,1500,-55.74598670434953,False,True,3.7122444162635304
-1247500.0,-1077500.0,1500,-66.16753578166804,False,True,3.3374750776898257
-1242500.0,-1077500.0,1500,-60.893728236883334,False,True,3.4088364163221208
-1237500.0,-1077500.0,1500,-50.949242090527605,False,True,3.652181797907252
-1232500.0,-1077500.0,1500,-41.15101441870129,False,False,3.5584254670941333
-1227500.0,-1077500.0,1500,-29.072863004679675,False,False,3.6525845606090903
-1222500.0,-1077500.0,1500,-24.39782611893542,False,False,3.971422658058372
-1217500.0,-1077500.0,1500,-26.23391817107421,False,False,4.202355154777299
-1212500.0,-1077500.0,1500,-23.181740551471176,False,False,3.8677236978249745
-1207500.0,-1077500.0,1500,-13.267850362254858,False,False,3.479108414539531
-1202500.0,-1077500.0,1500,-2.725526817568238,False,False,3.180826876295316
-1197500.0,-1077500.0,1500,4.304201847352414,False,False,3.003369801492185
-1192500.0,-1077500.0,1500,3.9627806724617516,False,False,3.4739517339246877
-1187500.0,-1077500.0,1500,6.162565286701438,False,False,4.110762715860353
-1182500.0,-1077500.0,1500,14.023610737553266,False,False,4.139849729796093
-1177500.0,-1077500.0,1500,16.067907923725432,False,False,3.934365261266212
-1172500.0,-1077500.0,1500,12.010448947080613,False,False,3.7348798603171414
-1167500.0,-1077500.0,1500,15.132133559823387,False,False,3.5274318513787692
-1162500.0,-1077500.0,1500,22.8553238609014,False,False,4.01395409617896
-1157500.0,-1077500.0,1500,20.869435897288454,False,False,4.482698917028867
-1152500.0,-1077500.0,1500,10.886255251135358,False,False,4.121884404488319
-1597500.0,-1072500.0,1500,-53.19610206665523,False,False,15.429159317788567
-1592500.0,-1072500.0,1500,-51.677465303096696,False,False,15.429034595169844
-1587500.0,-1072500.0,1500,-46.53933191970309,False,False,15.428643258979267
-1582500.0,-1072500.0,1500,-36.001954384556875,False,False,15.427997731064501
-1577500.0,-1072500.0,1500,-22.404115606286986,False,False,15.427190410172859
-1572500.0,-1072500.0,1500,-12.305383738755484,False,False,15.42631291360788
-1567500.0,-1072500.0,1500,-10.14056820949923,False,False,15.42535928736784
-1562500.0,-1072500.0,1500,-12.765878309106578,False,False,15.424329707848162
-1557500.0,-1072500.0,1500,-15.842000768741302,False,False,15.42320193028644
-1552500.0,-1072500.0,1500,-19.454850708582526,False,False,15.421945484643361
-1547500.0,-1072500.0,1500,-23.944475943823136,False,False,15.420573195432848
-1542500.0,-1072500.0,1500,-28.558024034606976,False,False,15.41909259948968
-1537500.0,-1072500.0,1500,-33.19295207361684,False,False,15.417525155419423
-1532500.0,-1072500.0,1500,-37.09255071086201,False,False,15.415819248133328
-1527500.0,-1072500.0,1500,-39.75944380412674,False,False,15.413852151153783
-1522500.0,-1072500.0,1500,-40.9562230313129,False,False,15.411503846017041
-1517500.0,-1072500.0,1500,-39.62969798551933,False,False,15.408616876848514
-1512500.0,-1072500.0,1500,-38.0046646930371,False,False,15.404920703182887
-1507500.0,-1072500.0,1500,-37.34343503137532,False,False,15.400211764330745
-1502500.0,-1072500.0,1500,-36.04412954141325,False,False,15.394245518623807
-1497500.0,-1072500.0,1500,-34.704075059482655,False,False,15.386880128930137
-1492500.0,-1072500.0,1500,-34.77979644652222,False,False,15.377944243580211
-1487500.0,-1072500.0,1500,-35.30362465573599,False,False,15.367321613791736
-1482500.0,-1072500.0,1500,-29.89053790378126,False,False,15.354937360826334
-1477500.0,-1072500.0,1500,-16.04530406533798,False,False,15.194734260875578
-1472500.0,-1072500.0,1500,21.57578236967543,False,False,14.389710781995324
-1467500.0,-1072500.0,1500,79.19300049801367,False,False,13.271962866313746
-1462500.0,-1072500.0,1500,134.79235376763054,False,False,12.397444336000271
-1457500.0,-1072500.0,1500,197.69655475874995,False,False,11.746797828326041
-1452500.0,-1072500.0,1500,198.89412856798288,False,False,11.72829795210146
-1447500.0,-1072500.0,1500,139.30926788679952,False,False,12.273693262981135
-1442500.0,-1072500.0,1500,89.69455992521576,False,False,12.941842378207514
-1437500.0,-1072500.0,1500,49.717665904556675,False,False,13.613043528297638
-1432500.0,-1072500.0,1500,16.438340789052187,False,True,14.28710981991841
-1427500.0,-1072500.0,1500,-7.970013473542269,False,True,14.76633544583624
-1422500.0,-1072500.0,1500,-16.965687898125303,False,True,14.913784638230522
-1417500.0,-1072500.0,1500,-22.183085813277103,False,True,14.925645043998916
-1412500.0,-1072500.0,1500,-29.645393286884598,True,True,14.940290091860463
-1407500.0,-1072500.0,1500,-38.50656753202651,True,True,14.945853288303125
-1402500.0,-1072500.0,1500,-46.34334477808424,False,True,14.91501276852375
-1397500.0,-1072500.0,1500,-50.87331372692359,False,True,14.897789749971201
-1392500.0,-1072500.0,1500,-52.069005277857315,False,True,14.855772894325113
-1387500.0,-1072500.0,1500,-52.10562808707812,False,True,14.754613701472834
-1382500.0,-1072500.0,1500,-49.94635590846242,False,True,14.595115263711987
-1377500.0,-1072500.0,1500,-46.55843582773315,False,True,14.326364395306257
-1372500.0,-1072500.0,1500,-43.12283856179234,False,True,13.83897097457804
-1367500.0,-1072500.0,1500,-38.0713636871214,False,True,12.801606901499897
-1362500.0,-1072500.0,1500,-32.868657720782565,False,True,10.626134036829011
-1357500.0,-1072500.0,1500,-29.7453903842473,False,True,7.404700622772056
-1352500.0,-1072500.0,1500,-28.79546079403925,False,True,5.757082326818091
-1347500.0,-1072500.0,1500,-30.612381491814997,False,True,5.924133985024499
-1342500.0,-1072500.0,1500,-34.646859992329574,False,True,5.950399969233827
-1337500.0,-1072500.0,1500,-35.72748123102578,False,True,5.483278045008478
-1332500.0,-1072500.0,1500,-33.234313765767745,False,True,4.250818595190424
-1327500.0,-1072500.0,1500,-31.530066565572774,False,True,3.810176421727721
-1322500.0,-1072500.0,1500,-29.95985571586534,True,True,4.047231760061485
-1317500.0,-1072500.0,1500,-27.835703631688546,True,True,3.7982345332640173
-1312500.0,-1072500.0,1500,-24.663142015423958,True,True,4.453902762622722
-1307500.0,-1072500.0,1500,-20.807152393377553,True,True,5.773968019255698
-1302500.0,-1072500.0,1500,-21.081731603758477,True,True,5.549179379476449
-1297500.0,-1072500.0,1500,-25.77083296886386,True,True,5.3328246468330285
-1292500.0,-1072500.0,1500,-29.10247401220258,True,True,5.8490862934455725
-1287500.0,-1072500.0,1500,-30.378357060568792,True,True,5.346996842467539
-1282500.0,-1072500.0,1500,-32.56990076744694,True,True,5.595081698867516
-1277500.0,-1072500.0,1500,-34.44723181429786,True,True,5.787986406805075
-1272500.0,-1072500.0,1500,-34.81171501977146,True,True,5.043572944244999
-1267500.0,-1072500.0,1500,-36.80682851434532,True,True,5.6947474632115735
-1262500.0,-1072500.0,1500,-40.50158712747447,True,True,5.589255091802533
-1257500.0,-1072500.0,1500,-41.655624371828836,True,True,4.370321061093792
-1252500.0,-1072500.0,1500,-43.070550542893145,False,True,3.7457474587844812
-1247500.0,-1072500.0,1500,-49.11462843063896,False,True,3.2925213111502254
-1242500.0,-1072500.0,1500,-52.24865649138231,False,True,3.1288975574604168
-1237500.0,-1072500.0,1500,-53.35606390003322,False,True,3.171395746158529
-1232500.0,-1072500.0,1500,-49.48743878113822,False,False,3.289657781319024
-1227500.0,-1072500.0,1500,-38.70980198965105,False,False,3.4926295964361507
-1222500.0,-1072500.0,1500,-29.729169788745388,False,False,3.704284881249894
-1217500.0,-1072500.0,1500,-22.293599460435164,False,False,3.6238822729802114
-1212500.0,-1072500.0,1500,-7.8410653095350025,False,False,3.723635132077594
-1207500.0,-1072500.0,1500,6.273270455795872,False,False,3.6725778360146824
-1202500.0,-1072500.0,1500,3.5871392501261834,False,False,3.2962793716830254
-1197500.0,-1072500.0,1500,-1.5871247926188554,False,False,3.3067503752746155
-1192500.0,-1072500.0,1500,-3.6712793951970837,False,False,3.3196265314096696
-1187500.0,-1072500.0,1500,-2.7499321605156406,False,False,3.334120126234297
-1182500.0,-1072500.0,1500,6.6470869410703175,False,False,3.89873449761469
-1177500.0,-1072500.0,1500,13.646913922337884,False,False,4.67216176168828
-1172500.0,-1072500.0,1500,13.688424837979289,False,False,4.736277522241956
-1167500.0,-1072500.0,1500,17.260686920828267,False,False,3.738670540872132
-1162500.0,-1072500.0,1500,22.215433510053654,False,False,3.109410704245023
-1157500.0,-1072500.0,1500,17.11945064605387,False,False,3.12323475157374
-1152500.0,-1072500.0,1500,5.168299422989753,False,False,3.4214624421453284
-1597500.0,-1067500.0,1500,-49.46144449526671,False,False,15.428598748449245
-1592500.0,-1067500.0,1500,-47.93109862458911,False,False,15.428376253954244
-1587500.0,-1067500.0,1500,-43.85304774586631,False,False,15.42787750483522
-1582500.0,-1067500.0,1500,-34.57164548769431,False,False,15.427165283481223
-1577500.0,-1067500.0,1500,-22.680840846531204,False,False,15.42632543067959
-1572500.0,-1067500.0,1500,-13.728346569003836,False,False,15.425418537070726
-1567500.0,-1067500.0,1500,-11.506897493233682,False,False,15.424438498722719
-1562500.0,-1067500.0,1500,-14.00762832637219,False,False,15.42334663703932
-1557500.0,-1067500.0,1500,-17.368789251253027,False,False,15.422107479403927
-1552500.0,-1067500.0,1500,-20.607846583531227,False,False,15.420698047697572
-1547500.0,-1067500.0,1500,-24.07088134507429,False,False,15.419122223719798
-1542500.0,-1067500.0,1500,-28.220059814072677,False,False,15.417404420913595
-1537500.0,-1067500.0,1500,-32.93385997355919,False,False,15.415498450547192
-1532500.0,-1067500.0,1500,-37.998880693183914,False,False,15.413304954041717
-1527500.0,-1067500.0,1500,-42.68537666552848,False,False,15.410647950827382
-1522500.0,-1067500.0,1500,-44.89367517171929,False,False,15.407323006185381
-1517500.0,-1067500.0,1500,-43.92456214194971,False,False,15.403178966099992
-1512500.0,-1067500.0,1500,-41.67317054874547,False,False,15.397968191394465
-1507500.0,-1067500.0,1500,-39.69108049448464,False,False,15.391409189625868
-1502500.0,-1067500.0,1500,-37.85830843241223,False,False,15.383323254210898
-1497500.0,-1067500.0,1500,-36.105617059702446,False,False,15.373557347185567
-1492500.0,-1067500.0,1500,-35.36890125687601,False,False,15.362050945545487
-1487500.0,-1067500.0,1500,-35.60786257199199,False,False,15.348694324388592
-1482500.0,-1067500.0,1500,-32.42352899908834,False,False,15.333446070557825
-1477500.0,-1067500.0,1500,-23.025189376556224,False,False,15.31629972729721
-1472500.0,-1067500.0,1500,8.049664445089627,False,False,14.683384111388111
-1467500.0,-1067500.0,1500,60.26877496193309,False,False,13.607059060609336
-1462500.0,-1067500.0,1500,105.85010575061796,False,True,12.868552062160207
-1457500.0,-1067500.0,1500,130.0553347183428,False,False,12.489866843013372
-1452500.0,-1067500.0,1500,119.95597216673748,False,False,12.540518584529288
-1447500.0,-1067500.0,1500,87.19718755417033,False,False,12.93796025516501
-1442500.0,-1067500.0,1500,52.995260913048135,False,False,13.500255164887578
-1437500.0,-1067500.0,1500,20.216362196218707,False,False,14.139782864156071
-1432500.0,-1067500.0,1500,-7.200683503212101,False,True,14.689681522388101
-1427500.0,-1067500.0,1500,-20.834975957510785,False,True,14.896023064788555
-1422500.0,-1067500.0,1500,-25.15276746662573,False,True,14.881333157689541
-1417500.0,-1067500.0,1500,-28.86341237376276,False,True,14.874795825873479
-1412500.0,-1067500.0,1500,-32.46373725315721,False,True,14.854120362128917
-1407500.0,-1067500.0,1500,-38.783501984777104,True,True,14.815794618462746
-1402500.0,-1067500.0,1500,-45.51437409593108,False,True,14.768879310401875
-1397500.0,-1067500.0,1500,-49.63618677426043,False,True,14.725981645281621
-1392500.0,-1067500.0,1500,-51.704514562013394,False,True,14.641700716406577
-1387500.0,-1067500.0,1500,-52.40832283381193,False,True,14.482980304788818
-1382500.0,-1067500.0,1500,-50.7063487614748,False,True,14.257767463858642
-1377500.0,-1067500.0,1500,-48.1417268836622,False,True,13.930300081840885
-1372500.0,-1067500.0,1500,-44.82431977768832,False,True,13.362210863943568
-1367500.0,-1067500.0,1500,-39.316693343386895,False,True,12.344004134405179
-1362500.0,-1067500.0,1500,-32.9917201296841,False,True,10.74872901267973
-1357500.0,-1067500.0,1500,-26.94109558153881,False,True,8.628593989999475
-1352500.0,-1067500.0,1500,-21.672148170537817,False,True,6.0540423366802285
-1347500.0,-1067500.0,1500,-21.91644318711987,False,True,4.3006244236127245
-1342500.0,-1067500.0,1500,-27.153376999280546,False,True,4.054366741990611
-1337500.0,-1067500.0,1500,-29.95960962179251,True,True,3.9878965630162124
-1332500.0,-1067500.0,1500,-29.35196854197131,True,True,3.7207404141129103
-1327500.0,-1067500.0,1500,-27.998464506586426,True,True,3.885172816288347
-1322500.0,-1067500.0,1500,-25.709474096950643,True,True,3.8620602376839366
-1317500.0,-1067500.0,1500,-22.59278479871648,True,True,4.39508397010972
-1312500.0,-1067500.0,1500,-18.81846457688679,True,True,5.785665075845451
-1307500.0,-1067500.0,1500,-15.043644902856652,True,True,5.56546456707224
-1302500.0,-1067500.0,1500,-16.41572227280145,True,True,5.2590004859016695
-1297500.0,-1067500.0,1500,-22.643165371957796,True,True,5.8541029525552055
-1292500.0,-1067500.0,1500,-27.731754805879664,True,True,5.395294449631989
-1287500.0,-1067500.0,1500,-30.148444725575626,True,True,5.5561512826252315
-1282500.0,-1067500.0,1500,-31.85858710734811,True,True,5.822796848320365
-1277500.0,-1067500.0,1500,-33.70081565560969,True,True,5.060158306551493
-1272500.0,-1067500.0,1500,-36.33863057036045,True,True,5.686216532223936
-1267500.0,-1067500.0,1500,-40.672588791266605,True,True,6.1600749928133745
-1262500.0,-1067500.0,1500,-41.86744417913532,True,True,4.988858073475771
-1257500.0,-1067500.0,1500,-35.28095752416582,False,True,3.9547864717662073
-1252500.0,-1067500.0,1500,-27.668693299774066,False,True,3.5248333085766794
-1247500.0,-1067500.0,1500,-30.26132131385092,False,True,3.655613174676694
-1242500.0,-1067500.0,1500,-37.37549063095586,False,True,3.5586148961113433
-1237500.0,-1067500.0,1500,-44.349033081350605,False,False,3.06407096589893
-1232500.0,-1067500.0,1500,-51.958435318348826,False,False,3.060806813837781
-1227500.0,-1067500.0,1500,-51.297641570992596,False,False,3.2731560964138624
-1222500.0,-1067500.0,1500,-40.28093269061179,False,False,3.1703216115021435
-1217500.0,-1067500.0,1500,-20.19507227191014,False,False,3.337396133053578
-1212500.0,-1067500.0,1500,8.149773975096657,False,False,3.6387571586632483
-1207500.0,-1067500.0,1500,18.25215376045788,False,False,3.5260493591087894
-1202500.0,-1067500.0,1500,-1.1724114675061323,False,False,3.414128321083758
-1197500.0,-1067500.0,1500,-17.157962872097855,False,False,3.47116611276052
-1192500.0,-1067500.0,1500,-19.76928728750307,False,False,3.5939288378876046
-1187500.0,-1067500.0,1500,-18.84971183459448,False,False,3.456180275943374
-1182500.0,-1067500.0,1500,-10.16354854543582,False,False,3.7832301439617337
-1177500.0,-1067500.0,1500,4.074832388626046,False,False,4.384916442005444
-1172500.0,-1067500.0,1500,11.884657579829332,False,False,4.077042549524346
-1167500.0,-1067500.0,1500,15.401792869096926,False,False,3.5094555106331105
-1162500.0,-1067500.0,1500,31.860620974462382,False,False,3.411247571306081
-1157500.0,-1067500.0,1500,25.889430483320762,False,False,3.2587706557786804
-1152500.0,-1067500.0,1500,-2.7506560839634178,False,False,3.5307294492089807
-1597500.0,-1062500.0,1500,-45.37834105317101,False,False,15.427983741327791
-1592500.0,-1062500.0,1500,-43.47606552861263,False,False,15.427620031004516
-1587500.0,-1062500.0,1500,-39.51533908541629,False,False,15.427010044475796
-1582500.0,-1062500.0,1500,-30.945456345794504,False,False,15.426259306236151
-1577500.0,-1062500.0,1500,-20.768488035447536,False,False,15.425416212399655
-1572500.0,-1062500.0,1500,-13.872016834863867,False,False,15.424489726485268
-1567500.0,-1062500.0,1500,-12.368186825995437,False,False,15.423439313869574
-1562500.0,-1062500.0,1500,-14.859931820840501,False,False,15.422231599055655
-1557500.0,-1062500.0,1500,-18.578802967675564,False,False,15.420797778552679
-1552500.0,-1062500.0,1500,-21.621176727204823,False,False,15.41913535997555
-1547500.0,-1062500.0,1500,-24.540150215838395,False,False,15.417260121470886
-1542500.0,-1062500.0,1500,-27.976558021521722,False,False,15.415136558819444
-1537500.0,-1062500.0,1500,-31.18148356339925,False,False,15.412704460536407
-1532500.0,-1062500.0,1500,-35.18088472924307,False,False,15.409779646082931
-1527500.0,-1062500.0,1500,-40.133166593900114,False,False,15.40612377783121
-1522500.0,-1062500.0,1500,-43.39597835045346,False,False,15.401534650482562
-1517500.0,-1062500.0,1500,-43.8208411102145,False,False,15.395770616793929
-1512500.0,-1062500.0,1500,-42.77691132211345,False,False,15.388604250627916
-1507500.0,-1062500.0,1500,-40.91053415548193,False,False,15.379874283639786
-1502500.0,-1062500.0,1500,-38.91956769783339,False,False,15.369432285665894
-1497500.0,-1062500.0,1500,-37.30719839214751,False,False,15.35715098377343
-1492500.0,-1062500.0,1500,-35.24816224253407,False,False,15.342844081868034
-1487500.0,-1062500.0,1500,-33.764350349513215,False,False,15.326563864280624
-1482500.0,-1062500.0,1500,-32.078713163941266,False,False,15.308290332077078
-1477500.0,-1062500.0,1500,-24.467045418307606,False,False,15.288228149251236
-1472500.0,-1062500.0,1500,-4.424762835333826,False,True,14.905834805896621
-1467500.0,-1062500.0,1500,28.11418491884353,False,True,14.184163925116616
-1462500.0,-1062500.0,1500,56.43300824739783,False,True,13.65770966378896
-1457500.0,-1062500.0,1500,67.14128580045089,False,True,13.428110504227625
-1452500.0,-1062500.0,1500,62.636758290861565,False,True,13.443148968164166
-1447500.0,-1062500.0,1500,47.63327993654131,False,False,13.62569729657124
-1442500.0,-1062500.0,1500,25.837557914275745,False,False,13.974595680808305
-1437500.0,-1062500.0,1500,0.1467333095438798,False,False,14.490750426118884
-1432500.0,-1062500.0,1500,-17.969338459274883,False,True,14.823508718245686
-1427500.0,-1062500.0,1500,-25.13284643366082,False,True,14.86746971564294
-1422500.0,-1062500.0,1500,-29.648439462123683,False,True,14.849675986320715
-1417500.0,-1062500.0,1500,-31.751738556403357,False,True,14.824924782348386
-1412500.0,-1062500.0,1500,-33.82274634874069,True,True,14.781640324040682
-1407500.0,-1062500.0,1500,-39.22452559913409,True,True,14.710194288544072
-1402500.0,-1062500.0,1500,-44.418964678087384,True,True,14.61796275593003
-1397500.0,-1062500.0,1500,-47.68982266836846,True,True,14.489809508637949
-1392500.0,-1062500.0,1500,-50.26658708462483,True,True,14.293282692995657
-1387500.0,-1062500.0,1500,-51.00042949855525,False,True,14.015726868629798
-1382500.0,-1062500.0,1500,-49.80334876513553,False,True,13.620299800537719
-1377500.0,-1062500.0,1500,-48.26347626631846,False,True,13.028954919578027
-1372500.0,-1062500.0,1500,-44.7831290655528,False,True,12.111467673414666
-1367500.0,-1062500.0,1500,-39.24899847111048,False,True,10.6926834564157
-1362500.0,-1062500.0,1500,-32.74373007931217,False,True,8.53159898834439
-1357500.0,-1062500.0,1500,-24.41922237583814,False,True,6.399042434570645
-1352500.0,-1062500.0,1500,-14.249745669973267,False,True,5.431029862911256
-1347500.0,-1062500.0,1500,-10.430304314375718,False,True,5.283531920267279
-1342500.0,-1062500.0,1500,-15.65432545068912,True,True,4.809833685450879
-1337500.0,-1062500.0,1500,-21.25936533953431,True,True,4.4983910409512795
-1332500.0,-1062500.0,1500,-23.618457517323872,True,True,4.135399089017822
-1327500.0,-1062500.0,1500,-23.261063491972305,True,True,3.4759163068297787
-1322500.0,-1062500.0,1500,-21.163941606743535,True,True,3.415929446544123
-1317500.0,-1062500.0,1500,-18.315610889109024,True,True,4.60603123304292
-1312500.0,-1062500.0,1500,-14.28051577215534,True,True,5.2083963749612865
-1307500.0,-1062500.0,1500,-11.677887259599737,True,True,5.115395055897866
-1302500.0,-1062500.0,1500,-15.121473560265644,True,True,5.763144480134141
-1297500.0,-1062500.0,1500,-23.044199364034306,True,True,5.415841874629863
-1292500.0,-1062500.0,1500,-31.15955696431726,True,True,5.509265998360756
-1287500.0,-1062500.0,1500,-34.33207115111203,True,True,5.81930585319537
-1282500.0,-1062500.0,1500,-32.21582703215741,True,True,5.133023928465722
-1277500.0,-1062500.0,1500,-30.710968293491046,True,True,5.6841283532340885
-1272500.0,-1062500.0,1500,-32.8495533594545,True,True,6.109586073289546
-1267500.0,-1062500.0,1500,-37.61726260630467,True,True,5.004918999391229
-1262500.0,-1062500.0,1500,-37.27060147092043,True,True,4.5798010175217545
-1257500.0,-1062500.0,1500,-30.30372249755604,False,True,4.035409779427821
-1252500.0,-1062500.0,1500,-25.16539339825725,False,True,3.469662794472187
-1247500.0,-1062500.0,1500,-25.150972161392676,False,True,3.815948427036581
-1242500.0,-1062500.0,1500,-26.156941643294775,False,True,3.792822132858293
-1237500.0,-1062500.0,1500,-31.309449304919944,False,False,3.714879103477789
-1232500.0,-1062500.0,1500,-43.566973583805975,False,False,3.536754717624841
-1227500.0,-1062500.0,1500,-49.87467962953236,False,False,3.3384658228004573
-1222500.0,-1062500.0,1500,-45.45265508954423,False,False,3.3535727184383246
-1217500.0,-1062500.0,1500,-28.76362013673094,False,False,3.332737879595733
-1212500.0,-1062500.0,1500,-4.42154776767247,False,False,3.150433676419952
-1207500.0,-1062500.0,1500,0.4004531520352076,False,False,3.331815345063426
-1202500.0,-1062500.0,1500,-15.515865583255078,False,False,3.714720309922086
-1197500.0,-1062500.0,1500,-25.840033182306627,False,False,3.5654438401834856
-1192500.0,-1062500.0,1500,-24.968827154619554,False,False,3.807885992160073
-1187500.0,-1062500.0,1500,-22.1993415810977,False,False,3.75449736710062
-1182500.0,-1062500.0,1500,-15.953417514728393,False,False,3.251054043802689
-1177500.0,-1062500.0,1500,-3.515128969826848,False,False,3.1926859787313657
-1172500.0,-1062500.0,1500,8.533471798414675,False,False,3.328222185585557
-1167500.0,-1062500.0,1500,25.414344643366185,False,False,3.9724364847932447
-1152500.0,-1062500.0,1500,16.5886115121216,False,False,3.8882680975258546
-1597500.0,-1057500.0,1500,-40.864430683613946,False,False,15.427282757786685
-1592500.0,-1057500.0,1500,-38.430145603914404,False,False,15.426802603013764
-1587500.0,-1057500.0,1500,-33.749050320550054,False,False,15.426105575550217
-1582500.0,-1057500.0,1500,-25.248440645872837,False,False,15.425323942237569
-1577500.0,-1057500.0,1500,-16.819630612363785,False,False,15.424459571403869
-1572500.0,-1057500.0,1500,-12.758411882556208,False,False,15.423483042887659
-1567500.0,-1057500.0,1500,-12.631766507001117,False,False,15.422302735956183
-1562500.0,-1057500.0,1500,-15.409737886708042,False,False,15.42087393321459
-1557500.0,-1057500.0,1500,-19.377873763125976,False,False,15.419157172216332
-1552500.0,-1057500.0,1500,-22.436577900305522,False,False,15.417118778543376
-1547500.0,-1057500.0,1500,-25.396959820948066,False,False,15.414797606203734
-1542500.0,-1057500.0,1500,-28.507487519281923,False,False,15.412128767257396
-1537500.0,-1057500.0,1500,-30.579837824562766,False,False,15.40892960439822
-1532500.0,-1057500.0,1500,-32.6673003426655,False,False,15.40501867147865
-1527500.0,-1057500.0,1500,-36.07996455719037,False,False,15.400124251849387
-1522500.0,-1057500.0,1500,-39.25014455656844,False,False,15.393960570719354
-1517500.0,-1057500.0,1500,-40.9026934259146,False,False,15.386359817719866
-1512500.0,-1057500.0,1500,-41.480518779623814,False,False,15.377057124878428
-1507500.0,-1057500.0,1500,-40.20969437879758,False,False,15.365881784905017
-1502500.0,-1057500.0,1500,-38.59591351272996,False,False,15.352743843521612
-1497500.0,-1057500.0,1500,-37.49899018097053,False,False,15.337624026993408
-1492500.0,-1057500.0,1500,-34.67575057596237,False,False,15.320387952973684
-1487500.0,-1057500.0,1500,-32.23229375469032,False,False,15.301016816890574
-1482500.0,-1057500.0,1500,-30.5442094101791,False,False,15.279816384040254
-1477500.0,-1057500.0,1500,-23.817659991652494,False,True,15.257053717486851
-1472500.0,-1057500.0,1500,-11.698075463689124,False,True,15.060716199786427
-1467500.0,-1057500.0,1500,6.636457251501313,False,True,14.651289512440556
-1462500.0,-1057500.0,1500,24.227804920647397,False,True,14.304551395901095
-1457500.0,-1057500.0,1500,29.3380507456408,False,True,14.132280434330289
-1452500.0,-1057500.0,1500,27.46738418212931,False,True,14.051735797603621
-1447500.0,-1057500.0,1500,24.49313850165191,False,True,14.03548006424079
-1442500.0,-1057500.0,1500,14.816053596481877,False,False,14.169089628456918
-1437500.0,-1057500.0,1500,-4.156221301701442,False,True,14.491668911823524
-1432500.0,-1057500.0,1500,-19.387479673806638,False,True,14.756731675813187
-1427500.0,-1057500.0,1500,-26.272416525483262,False,True,14.814901795292815
-1422500.0,-1057500.0,1500,-30.00306620925963,False,True,14.792385672121702
-1417500.0,-1057500.0,1500,-31.530181269818904,True,True,14.740884782918219
-1412500.0,-1057500.0,1500,-34.52725320879208,True,True,14.657488036049182
-1407500.0,-1057500.0,1500,-39.34243602443798,True,True,14.531823431473503
-1402500.0,-1057500.0,1500,-43.43677994638526,True,True,14.35937683601463
-1397500.0,-1057500.0,1500,-46.54867210904342,True,True,14.117283570058055
-1392500.0,-1057500.0,1500,-49.116076333400066,True,True,13.754579791777719
-1387500.0,-1057500.0,1500,-49.67546947258389,True,True,13.210922088665193
-1382500.0,-1057500.0,1500,-48.7910949291838,True,True,12.411492690312015
-1377500.0,-1057500.0,1500,-47.76998209201649,True,True,11.220858485401783
-1372500.0,-1057500.0,1500,-44.37495681282845,True,True,9.361919869945066
-1367500.0,-1057500.0,1500,-38.81129333578946,True,True,7.071062090110615
-1362500.0,-1057500.0,1500,-31.97488891705741,True,True,5.743169978292832
-1357500.0,-1057500.0,1500,-21.830414093995397,False,True,5.7120576361303375
-1352500.0,-1057500.0,1500,-8.871133857720777,True,True,6.10846272262178
-1347500.0,-1057500.0,1500,-1.3805210944156254,False,True,5.681534009136564
-1342500.0,-1057500.0,1500,-5.710493704923424,True,True,5.096449721827483
-1337500.0,-1057500.0,1500,-14.130616430959241,True,True,5.094204515151211
-1332500.0,-1057500.0,1500,-19.474776918176758,True,True,4.215157915167084
-1327500.0,-1057500.0,1500,-20.925087306103865,True,True,4.18232530265227
-1322500.0,-1057500.0,1500,-20.318516298430485,True,True,4.760892319103501
-1317500.0,-1057500.0,1500,-18.68687143766057,True,True,4.3088038899041035
-1312500.0,-1057500.0,1500,-14.74206190962503,True,True,3.6993776995072496
-1307500.0,-1057500.0,1500,-13.715544337573089,True,True,4.421517014325918
-1302500.0,-1057500.0,1500,-19.632845503446756,True,True,4.9889955941430415
-1297500.0,-1057500.0,1500,-30.1681419807919,True,True,5.233075935883088
-1292500.0,-1057500.0,1500,-40.58193805099539,True,True,5.756016780799056
-1287500.0,-1057500.0,1500,-41.57932728144675,True,True,5.137141860703682
-1282500.0,-1057500.0,1500,-33.503679137513494,True,True,5.598288954873989
-1277500.0,-1057500.0,1500,-25.832987491480196,True,True,6.059498863849848
-1272500.0,-1057500.0,1500,-24.79424224784371,True,True,5.020984618218791
-1267500.0,-1057500.0,1500,-27.117906765648932,True,True,4.4592406145767285
-1262500.0,-1057500.0,1500,-26.869132195602,False,True,4.539232374423333
-1257500.0,-1057500.0,1500,-25.648099714053245,False,True,4.07373646282905
-1252500.0,-1057500.0,1500,-25.170730217980267,False,True,3.669521151393779
-1247500.0,-1057500.0,1500,-23.860964946499625,False,True,3.792783882920596
-1242500.0,-1057500.0,1500,-20.960782913284046,False,False,4.166638032745671
-1237500.0,-1057500.0,1500,-23.06131470899721,False,False,4.386060333964234
-1232500.0,-1057500.0,1500,-29.664218345338075,False,False,3.7966605472607036
-1227500.0,-1057500.0,1500,-37.172456023581944,False,False,3.347865254695806
-1222500.0,-1057500.0,1500,-46.68580197436903,False,False,3.3344959541176276
-1217500.0,-1057500.0,1500,-47.69222334311214,False,False,3.291163502823692
-1212500.0,-1057500.0,1500,-39.66577975859439,False,False,3.5080579389658224
-1207500.0,-1057500.0,1500,-35.5946642402454,False,False,3.704603063283366
-1202500.0,-1057500.0,1500,-28.88363304847421,False,False,3.5997631585569616
-1197500.0,-1057500.0,1500,-15.25271020497151,False,False,3.344634924987806
-1192500.0,-1057500.0,1500,-7.9818308407993905,False,False,3.2788048919274075
-1187500.0,-1057500.0,1500,-10.9961740338337,False,False,3.222476480398757
-1182500.0,-1057500.0,1500,-14.491222507487667,False,False,3.1430166719909343
-1177500.0,-1057500.0,1500,-12.633839498145605,False,False,3.00494024436255
-1172500.0,-1057500.0,1500,-1.532626482722847,False,False,3.3048585616499393
-1167500.0,-1057500.0,1500,30.85069846561215,False,False,4.49024296747266
-1162500.0,-1057500.0,1500,88.17398886241905,False,False,5.564613617207549
-1152500.0,-1057500.0,1500,64.55798466258013,False,False,5.1575372184875565
-1597500.0,-1052500.0,1500,-35.951290343182876,False,False,15.426438294524504
-1592500.0,-1052500.0,1500,-32.86719231686988,False,False,15.425882501494744
-1587500.0,-1052500.0,1500,-26.911956943148134,False,False,15.425155557610601
-1582500.0,-1052500.0,1500,-18.401995887363267,False,False,15.424353330727623
-1577500.0,-1052500.0,1500,-12.327333638680708,False,False,15.42343961764767
-1572500.0,-1052500.0,1500,-11.038064212804237,False,False,15.422334027566956
-1567500.0,-1052500.0,1500,-12.751673750973728,False,False,15.42093674085634
-1562500.0,-1052500.0,1500,-15.992815991084536,False,False,15.419179109328946
-1557500.0,-1052500.0,1500,-19.799545847394334,False,False,15.41704572143843
-1552500.0,-1052500.0,1500,-23.118471807491375,False,False,15.414533797733707
-1547500.0,-1052500.0,1500,-26.17955309431952,False,False,15.4116142769426
-1542500.0,-1052500.0,1500,-29.045815815932936,False,False,15.408208535683691
-1537500.0,-1052500.0,1500,-30.89815743899885,False,False,15.404099167403839
-1532500.0,-1052500.0,1500,-32.44478328932309,False,False,15.398966904186548
-1527500.0,-1052500.0,1500,-34.37294885229818,False,False,15.392575845154067
-1522500.0,-1052500.0,1500,-36.273413964506624,False,False,15.384675301116157
-1517500.0,-1052500.0,1500,-38.275930944140576,False,False,15.375002023315838
-1512500.0,-1052500.0,1500,-39.2434364329947,False,False,15.36346810193982
-1507500.0,-1052500.0,1500,-38.43035237789395,False,False,15.349902409345962
-1502500.0,-1052500.0,1500,-37.54936113237597,False,False,15.334084834869692
-1497500.0,-1052500.0,1500,-36.466494632348805,False,False,15.315938133490075
-1492500.0,-1052500.0,1500,-34.1125930402467,False,False,15.295614243388497
-1487500.0,-1052500.0,1500,-31.828192998268612,False,False,15.273210033383249
-1482500.0,-1052500.0,1500,-29.754740910759573,False,False,15.249189572230339
-1477500.0,-1052500.0,1500,-24.562906846583065,False,True,15.22425310607355
-1472500.0,-1052500.0,1500,-17.325622214665927,False,True,15.147590372999748
-1467500.0,-1052500.0,1500,-7.8707490327967635,False,True,14.969233320887028
-1462500.0,-1052500.0,1500,3.5230801481102576,False,True,14.721780296990595
-1457500.0,-1052500.0,1500,12.030586985328629,False,True,14.44656020648758
-1452500.0,-1052500.0,1500,15.764095153660989,False,True,14.258526022972951
-1447500.0,-1052500.0,1500,12.689174579796825,False,True,14.256837582807893
-1442500.0,-1052500.0,1500,6.042201030454021,False,False,14.309067063797198
-1437500.0,-1052500.0,1500,-3.1234415491856886,False,True,14.4007592615757
-1432500.0,-1052500.0,1500,-13.874830104847307,False,True,14.546325119806278
-1427500.0,-1052500.0,1500,-22.322600971973472,False,True,14.640946365749501
-1422500.0,-1052500.0,1500,-27.54334735571686,False,True,14.657201339763517
-1417500.0,-1052500.0,1500,-30.59930595462143,True,True,14.57910403762592
-1412500.0,-1052500.0,1500,-34.802191446624036,True,True,14.422140349942044
-1407500.0,-1052500.0,1500,-39.344682750820176,True,True,14.191873928583655
-1402500.0,-1052500.0,1500,-42.8200503660348,True,True,13.870831546510281
-1397500.0,-1052500.0,1500,-46.002556324850914,True,True,13.388381385089595
-1392500.0,-1052500.0,1500,-48.097672778937685,True,True,12.658085501859787
-1387500.0,-1052500.0,1500,-48.341626128678044,True,True,11.593574860901954
-1382500.0,-1052500.0,1500,-48.10076854397171,True,True,9.950920608738912
-1377500.0,-1052500.0,1500,-47.44981290671814,True,True,7.645968832958265
-1372500.0,-1052500.0,1500,-44.80530032171619,True,True,6.067197597521726
-1367500.0,-1052500.0,1500,-39.601819638109596,True,True,5.781890935004068
-1362500.0,-1052500.0,1500,-32.02815854058336,True,True,6.525821524723885
-1357500.0,-1052500.0,1500,-21.085413721377332,True,True,7.077426419197325
-1352500.0,-1052500.0,1500,-4.965418669778926,False,True,6.062389863435433
-1347500.0,-1052500.0,1500,9.83017200092109,False,True,5.192739217061288
-1342500.0,-1052500.0,1500,6.216940231517043,False,True,5.370149927656374
-1337500.0,-1052500.0,1500,-8.082456375667475,True,True,4.801962241613744
-1332500.0,-1052500.0,1500,-17.126229310307224,True,True,4.464815430712301
-1327500.0,-1052500.0,1500,-21.506030386240052,True,True,5.673526462769984
-1322500.0,-1052500.0,1500,-23.16864264980696,True,True,5.456844211144458
-1317500.0,-1052500.0,1500,-23.77822432545241,True,True,4.803933254168048
-1312500.0,-1052500.0,1500,-22.706470472841342,True,True,4.451992314754817
-1307500.0,-1052500.0,1500,-23.50645209007938,True,True,3.7528928346834687
-1302500.0,-1052500.0,1500,-29.3913910587723,True,True,3.6812779403568325
-1297500.0,-1052500.0,1500,-39.43377244201884,True,True,4.393275339837456
-1292500.0,-1052500.0,1500,-46.74984328284121,True,True,4.711918670173268
-1287500.0,-1052500.0,1500,-42.65155439396526,True,True,5.226429666488237
-1282500.0,-1052500.0,1500,-31.632250240419054,True,True,5.846727646540799
-1277500.0,-1052500.0,1500,-21.864002625089668,True,True,4.916630248349124
-1272500.0,-1052500.0,1500,-16.97352818555442,False,True,4.17275931943924
-1267500.0,-1052500.0,1500,-15.039656799098125,False,True,3.954329614620958
-1262500.0,-1052500.0,1500,-15.783932680847009,False,True,4.025618457479206
-1257500.0,-1052500.0,1500,-18.96943168206897,False,True,4.123951411674751
-1252500.0,-1052500.0,1500,-20.492962641518474,False,True,3.925346913914013
-1247500.0,-1052500.0,1500,-19.040243855461622,False,True,4.11727691388002
-1242500.0,-1052500.0,1500,-18.507853386784863,False,False,4.500302462839743
-1237500.0,-1052500.0,1500,-19.4303973667687,False,False,4.113300612426443
-1232500.0,-1052500.0,1500,-18.696276665629185,False,False,3.7879998446244936
-1227500.0,-1052500.0,1500,-24.96206846432815,False,False,3.4988223022790357
-1222500.0,-1052500.0,1500,-42.741752984005885,False,False,3.1081526430535664
-1217500.0,-1052500.0,1500,-57.96707869437308,False,False,3.208534669823255
-1212500.0,-1052500.0,1500,-62.181947467764275,False,False,3.7635745481774463
-1207500.0,-1052500.0,1500,-58.63594781680006,False,False,4.070961058401605
-1202500.0,-1052500.0,1500,-38.18987365204431,False,False,3.3641758881541235
-1197500.0,-1052500.0,1500,-5.445140902967222,False,False,2.8768131521912252
-1192500.0,-1052500.0,1500,9.846311981753082,False,False,2.8414799082827136
-1187500.0,-1052500.0,1500,-1.2533751697679112,False,False,2.662607400191682
-1182500.0,-1052500.0,1500,-15.970944938217738,False,False,3.0652893426703094
-1177500.0,-1052500.0,1500,-17.223375288475555,False,False,3.3112885740156344
-1172500.0,-1052500.0,1500,-0.267340360020771,False,False,3.1371663754634946
-1167500.0,-1052500.0,1500,42.120985658147994,False,False,3.584257134313117
-1162500.0,-1052500.0,1500,86.42003450928433,False,False,4.572750483597893
-1597500.0,-1047500.0,1500,-30.816337261002552,False,False,15.42549585420556
-1592500.0,-1047500.0,1500,-26.83955366314689,False,False,15.42488470906266
-1587500.0,-1047500.0,1500,-19.596142805325886,False,False,15.424155181000515
-1582500.0,-1047500.0,1500,-11.80401035845585,False,False,15.423318622672243
-1577500.0,-1047500.0,1500,-8.684114151128933,False,False,15.422294446888674
-1572500.0,-1047500.0,1500,-9.980937168389989,False,False,15.420972855984202
-1567500.0,-1047500.0,1500,-13.023299022805851,False,False,15.419241552157265
-1562500.0,-1047500.0,1500,-16.712276829818368,False,False,15.4170503059774
-1557500.0,-1047500.0,1500,-20.226379871358876,False,False,15.414392621205831
-1552500.0,-1047500.0,1500,-23.617958613522923,False,False,15.411277656556322
-1547500.0,-1047500.0,1500,-26.97830297721765,False,False,15.407677902346421
-1542500.0,-1047500.0,1500,-29.402571805817633,False,False,15.403395113173328
-1537500.0,-1047500.0,1500,-31.244950544884524,False,False,15.398179521949283
-1532500.0,-1047500.0,1500,-32.9517160491997,False,False,15.391748029762514
-1527500.0,-1047500.0,1500,-33.91919339352788,False,False,15.383726574322763
-1522500.0,-1047500.0,1500,-35.256726197319495,False,False,15.373948538361697
-1517500.0,-1047500.0,1500,-37.18596893838312,False,False,15.362234169388334
-1512500.0,-1047500.0,1500,-37.844676662327274,False,False,15.348326210680613
-1507500.0,-1047500.0,1500,-37.758865357941616,False,False,15.332269037462588
-1502500.0,-1047500.0,1500,-37.4487234979698,False,False,15.313870091112818
-1497500.0,-1047500.0,1500,-36.13579427017633,False,False,15.29295320876629
-1492500.0,-1047500.0,1500,-34.44299981076626,False,False,15.26972420959367
-1487500.0,-1047500.0,1500,-32.47850722886695,False,False,15.244665226253941
-1482500.0,-1047500.0,1500,-29.875523046775825,False,True,15.218298315678052
-1477500.0,-1047500.0,1500,-26.87327325732542,False,True,15.191646749312849
-1472500.0,-1047500.0,1500,-23.477860754084567,False,True,15.16548836973491
-1467500.0,-1047500.0,1500,-17.153972277855917,False,True,15.113896766357067
-1462500.0,-1047500.0,1500,-8.053976824683774,True,True,14.897451945172454
-1457500.0,-1047500.0,1500,4.655880158226661,False,True,14.502450559687244
-1452500.0,-1047500.0,1500,10.989702449405105,False,True,14.310408511662203
-1447500.0,-1047500.0,1500,2.640954872332131,False,True,14.437242772485378
-1442500.0,-1047500.0,1500,-5.2078330850519885,False,True,14.502256421318059
-1437500.0,-1047500.0,1500,-4.647153183725353,False,True,14.368511047652168
-1432500.0,-1047500.0,1500,-5.753210599686293,False,True,14.265914136879783
-1427500.0,-1047500.0,1500,-14.789819367323936,False,True,14.347816783330973
-1422500.0,-1047500.0,1500,-24.0406289404508,False,True,14.412717347366495
-1417500.0,-1047500.0,1500,-29.775940754805777,True,True,14.272108669210805
-1412500.0,-1047500.0,1500,-34.92666864154925,True,True,13.978285149006005
-1407500.0,-1047500.0,1500,-39.27401221705136,True,True,13.537690987161668
-1402500.0,-1047500.0,1500,-42.87461209881668,True,True,12.885255895448164
-1397500.0,-1047500.0,1500,-46.09691197676618,True,True,11.924975955192963
-1392500.0,-1047500.0,1500,-47.48491267964476,True,True,10.457072160286389
-1387500.0,-1047500.0,1500,-47.59325706864929,True,True,8.25239038085244
-1382500.0,-1047500.0,1500,-47.43909258134566,True,True,6.384001573280056
-1377500.0,-1047500.0,1500,-46.23914501788909,True,True,5.7968912059760385
-1372500.0,-1047500.0,1500,-43.989260411239435,True,True,6.552748512506189
-1367500.0,-1047500.0,1500,-39.70229888047389,True,True,7.808489103765933
-1362500.0,-1047500.0,1500,-32.08932792501248,True,True,7.597107330096171
-1357500.0,-1047500.0,1500,-21.13805246075718,True,True,6.137890788265734
-1352500.0,-1047500.0,1500,0.32450847450236464,False,True,5.1541374949927965
-1347500.0,-1047500.0,1500,25.0308796015611,False,True,4.904402317147355
-1342500.0,-1047500.0,1500,23.459128920577626,False,True,4.610847646263222
-1337500.0,-1047500.0,1500,2.0203357606054286,True,True,5.0981373387150875
-1332500.0,-1047500.0,1500,-14.971614164357279,True,True,6.157471078054356
-1327500.0,-1047500.0,1500,-24.841754736086376,True,True,5.6826366035179
-1322500.0,-1047500.0,1500,-29.088618864313464,True,True,4.993919473436586
-1317500.0,-1047500.0,1500,-31.715697509388185,True,True,5.623355262872639
-1312500.0,-1047500.0,1500,-33.757263974746635,True,True,5.280864322441615
-1307500.0,-1047500.0,1500,-33.40186895588389,True,True,4.855361769206445
-1302500.0,-1047500.0,1500,-34.04785727298411,True,True,4.429891179683216
-1297500.0,-1047500.0,1500,-38.326904080773296,True,True,3.758786931077094
-1292500.0,-1047500.0,1500,-39.958280152062976,True,True,4.060455054181993
-1287500.0,-1047500.0,1500,-32.98292284885574,True,True,4.561960762831833
-1282500.0,-1047500.0,1500,-24.3676370924767,True,True,4.436381188211331
-1277500.0,-1047500.0,1500,-19.099764130741203,False,True,4.2611836221134745
-1272500.0,-1047500.0,1500,-12.275926888141667,False,True,3.9923492605945476
-1267500.0,-1047500.0,1500,-5.512926083786451,False,True,3.5534037856691034
-1262500.0,-1047500.0,1500,-5.660925378437345,False,True,4.0635369564634445
-1257500.0,-1047500.0,1500,-8.631508047412545,False,True,4.132894251867309
-1252500.0,-1047500.0,1500,-12.516674027250163,False,True,4.275765254880532
-1247500.0,-1047500.0,1500,-12.755597518043528,False,False,4.568178131459616
-1242500.0,-1047500.0,1500,-11.6032033867083,False,False,4.046367202150093
-1237500.0,-1047500.0,1500,-13.288919263470682,False,False,3.806459764771911
-1232500.0,-1047500.0,1500,-10.044940453755046,False,False,3.8236809800000926
-1227500.0,-1047500.0,1500,-12.75982277303346,False,False,3.4680706390776685
-1222500.0,-1047500.0,1500,-31.188000990511913,False,False,3.363474770572523
-1217500.0,-1047500.0,1500,-50.430429396284026,False,False,3.4845029290950693
-1212500.0,-1047500.0,1500,-58.45363668086358,False,False,3.4321960296985883
-1207500.0,-1047500.0,1500,-62.96471657524632,False,False,3.393720176165368
-1202500.0,-1047500.0,1500,-56.610702031756965,False,False,3.1193732138138284
-1197500.0,-1047500.0,1500,-29.885493549126377,False,False,2.876106856878431
-1192500.0,-1047500.0,1500,-8.553546633106093,False,False,2.9321178446328418
-1187500.0,-1047500.0,1500,-12.253735533989177,False,False,2.8205170926118415
-1182500.0,-1047500.0,1500,-21.36554437174679,False,False,2.811864912576367
-1177500.0,-1047500.0,1500,-13.620135894352096,False,False,3.021548901205787
-1172500.0,-1047500.0,1500,12.40469590867093,False,False,2.944828568736008
-1167500.0,-1047500.0,1500,55.59543039668258,False,False,2.855019554244965
-1597500.0,-1042500.0,1500,-25.72485293004161,False,False,15.424534668065624
-1592500.0,-1042500.0,1500,-20.708601847963422,False,False,15.423874731014477
-1587500.0,-1042500.0,1500,-12.824632782068313,False,False,15.42310991811207
-1582500.0,-1042500.0,1500,-6.842726315187493,False,False,15.422181823404696
-1577500.0,-1042500.0,1500,-6.7023603007502714,False,False,15.420966822871247
-1572500.0,-1042500.0,1500,-9.81510346062631,False,False,15.419320208993915
-1567500.0,-1042500.0,1500,-13.47341940683433,False,False,15.41715111707942
-1562500.0,-1042500.0,1500,-17.321675657312422,False,False,15.41441891826849
-1557500.0,-1042500.0,1500,-20.61289620125722,False,False,15.41115731727555
-1552500.0,-1042500.0,1500,-24.152914756301673,False,False,15.40737525682977
-1547500.0,-1042500.0,1500,-27.668014717754772,False,False,15.402989521121553
-1542500.0,-1042500.0,1500,-29.725384759004097,False,False,15.397790534338613
-1537500.0,-1042500.0,1500,-31.79227089624058,False,False,15.391390985713695
-1532500.0,-1042500.0,1500,-33.54699066347494,False,False,15.383517896328033
-1527500.0,-1042500.0,1500,-34.142494633163786,False,False,15.373906816859947
-1522500.0,-1042500.0,1500,-35.718225601247006,False,False,15.3622823712547
-1517500.0,-1042500.0,1500,-37.4718102317031,False,False,15.34862450426236
-1512500.0,-1042500.0,1500,-37.97202448181361,False,False,15.332639203419632
-1507500.0,-1042500.0,1500,-38.50410913948751,False,False,15.314093915903317
-1502500.0,-1042500.0,1500,-38.42314481693967,False,False,15.293078316598727
-1497500.0,-1042500.0,1500,-36.822701650313995,False,False,15.26953509824466
-1492500.0,-1042500.0,1500,-35.348101836426295,False,False,15.243852523404739
-1487500.0,-1042500.0,1500,-33.515756652112294,False,False,15.216747770129157
-1482500.0,-1042500.0,1500,-30.268017264113762,False,False,15.18892078908388
-1477500.0,-1042500.0,1500,-28.007207159533817,False,True,15.161194093192844
-1472500.0,-1042500.0,1500,-25.911844783357328,False,True,15.134501663607018
-1467500.0,-1042500.0,1500,-20.30730785729454,False,True,15.108927044712122
-1462500.0,-1042500.0,1500,-11.22839926367364,False,True,14.880428848604314
-1457500.0,-1042500.0,1500,0.029941672373056505,False,True,14.51485372593705
-1452500.0,-1042500.0,1500,2.8326379428930086,False,True,14.429209470548775
-1447500.0,-1042500.0,1500,-6.050211890373841,False,True,14.57182662052681
-1442500.0,-1042500.0,1500,-12.749482552522377,False,False,14.61832607785619
-1437500.0,-1042500.0,1500,-9.837519452859183,False,True,14.396145693497111
-1432500.0,-1042500.0,1500,-5.816736975350698,False,True,14.116632623242678
-1427500.0,-1042500.0,1500,-12.646226662814989,False,True,14.075502951579919
-1422500.0,-1042500.0,1500,-22.729377465698313,False,True,14.019539007178842
-1417500.0,-1042500.0,1500,-29.336603138849405,True,True,13.683157932262151
-1412500.0,-1042500.0,1500,-35.12624472086456,True,True,13.090230171018788
-1407500.0,-1042500.0,1500,-39.499625171443235,True,True,12.215972464161545
-1402500.0,-1042500.0,1500,-43.72459097974221,True,True,10.920162459380787
-1397500.0,-1042500.0,1500,-46.678167793540204,True,True,8.897544946439652
-1392500.0,-1042500.0,1500,-47.45346062229907,True,True,6.758975207614194
-1387500.0,-1042500.0,1500,-47.868941041783145,True,True,5.800988377996927
-1382500.0,-1042500.0,1500,-47.303927825868314,True,True,6.3932289046696855
-1377500.0,-1042500.0,1500,-45.42296083667076,True,True,7.913136117714435
-1372500.0,-1042500.0,1500,-43.30640488757144,True,True,8.815913415452105
-1367500.0,-1042500.0,1500,-39.24606481027006,True,True,7.836867817973371
-1362500.0,-1042500.0,1500,-31.652461260329563,True,True,5.885688300201017
-1357500.0,-1042500.0,1500,-19.469906603687136,True,True,4.760666958161407
-1352500.0,-1042500.0,1500,5.1828292399413165,False,True,4.570378006020179
-1347500.0,-1042500.0,1500,32.9856745361392,False,True,4.029508972508966
-1342500.0,-1042500.0,1500,36.00713125999999,False,True,4.506015172719107
-1337500.0,-1042500.0,1500,12.595808963946556,False,True,6.3346964295505925
-1332500.0,-1042500.0,1500,-13.13999807525077,True,True,6.041031507193021
-1327500.0,-1042500.0,1500,-28.65238019577122,True,True,5.046402136205403
-1322500.0,-1042500.0,1500,-35.609096804193086,True,True,5.74366183282387
-1317500.0,-1042500.0,1500,-38.329632139158704,True,True,5.580548261879462
-1312500.0,-1042500.0,1500,-38.50630426987883,True,True,5.285642325465641
-1307500.0,-1042500.0,1500,-34.68719829043273,True,True,5.784122294411415
-1302500.0,-1042500.0,1500,-31.015746765856697,True,True,5.220576461346004
-1297500.0,-1042500.0,1500,-31.195314150047864,True,True,5.154770727680553
-1292500.0,-1042500.0,1500,-30.598841598369994,True,True,4.741878761908225
-1287500.0,-1042500.0,1500,-23.285020608503274,False,True,3.5202156940390568
-1282500.0,-1042500.0,1500,-17.342377367481344,False,True,3.430049797039029
-1277500.0,-1042500.0,1500,-16.556370671057607,False,True,3.715337974136152
-1272500.0,-1042500.0,1500,-10.799453584574366,False,True,3.60880908874335
-1267500.0,-1042500.0,1500,-0.386147688963445,False,True,3.778762626812856
-1262500.0,-1042500.0,1500,5.5932216319546475,False,True,3.9757835203506544
-1257500.0,-1042500.0,1500,7.072537201325069,False,True,4.086923307996343
-1252500.0,-1042500.0,1500,4.670579942435553,False,False,4.541775033735785
-1247500.0,-1042500.0,1500,1.2087211846872241,False,False,4.193894172841383
-1242500.0,-1042500.0,1500,1.0549111789934056,False,False,3.773326450479752
-1237500.0,-1042500.0,1500,1.6577604473407017,False,False,3.730550420889358
-1232500.0,-1042500.0,1500,4.257812401103194,False,False,3.4516050842964745
-1227500.0,-1042500.0,1500,-1.5770287590923462,False,False,3.5206169984018576
-1222500.0,-1042500.0,1500,-20.13039984441546,False,False,3.5499783537479894
-1217500.0,-1042500.0,1500,-33.17417059705798,False,False,3.4230778226403795
-1212500.0,-1042500.0,1500,-37.827037413743604,False,False,3.3469308712959935
-1207500.0,-1042500.0,1500,-52.22210961081817,False,False,2.9947808755640755
-1202500.0,-1042500.0,1500,-70.55244534849498,False,False,2.788567745287434
-1197500.0,-1042500.0,1500,-67.77151933119838,False,False,2.7914954673287915
-1192500.0,-1042500.0,1500,-51.958936665758934,False,False,2.9077798772095305
-1187500.0,-1042500.0,1500,-41.858944697907695,False,False,3.003063212333203
-1182500.0,-1042500.0,1500,-30.846599792956454,False,False,2.799347366397956
-1177500.0,-1042500.0,1500,-10.649173348486924,False,False,2.747080778337265
-1172500.0,-1042500.0,1500,12.129182493534996,False,False,2.79577602759515
-1167500.0,-1042500.0,1500,34.22772769925401,False,False,2.7045954703677464
-1597500.0,-1037500.0,1500,-20.875987672648677,False,False,15.423537938374936
-1592500.0,-1037500.0,1500,-15.110406231196402,False,False,15.422835897436773
-1587500.0,-1037500.0,1500,-7.580485413004989,False,False,15.421994534818666
-1582500.0,-1037500.0,1500,-4.092916324492873,False,False,15.420899967703505
-1577500.0,-1037500.0,1500,-6.109652621213908,False,False,15.419393590117227
-1572500.0,-1037500.0,1500,-9.985575075106293,False,False,15.417327987913731
-1567500.0,-1037500.0,1500,-14.162914802283616,False,False,15.41461506905378
-1562500.0,-1037500.0,1500,-17.78775788931014,False,False,15.411283482860991
-1557500.0,-1037500.0,1500,-20.990211545130133,False,False,15.407365666002715
-1552500.0,-1037500.0,1500,-24.84806038017127,False,False,15.402896495016012
-1547500.0,-1037500.0,1500,-27.994849409364594,False,False,15.397710220666708
-1542500.0,-1037500.0,1500,-30.189377155274716,False,False,15.39151088085445
-1537500.0,-1037500.0,1500,-32.47417632862261,False,False,15.38395112778657
-1532500.0,-1037500.0,1500,-34.124201730721154,False,False,15.374674119197403
-1527500.0,-1037500.0,1500,-35.266572558663555,False,False,15.363496284414728
-1522500.0,-1037500.0,1500,-37.06568157111303,False,False,15.350208873870415
-1517500.0,-1037500.0,1500,-38.586349099286274,False,False,15.33476811530327
-1512500.0,-1037500.0,1500,-39.168451825264555,False,False,15.31702475444429
-1507500.0,-1037500.0,1500,-39.98459131377932,False,False,15.296494366983561
-1502500.0,-1037500.0,1500,-39.74520667677675,False,False,15.273279982908987
-1497500.0,-1037500.0,1500,-37.83792433908538,False,False,15.247656235836237
-1492500.0,-1037500.0,1500,-36.348005420326466,False,False,15.22006602784475
-1487500.0,-1037500.0,1500,-33.96520677024579,False,False,15.191645363674587
-1482500.0,-1037500.0,1500,-30.466291892480665,False,False,15.163155916383715
-1477500.0,-1037500.0,1500,-27.827819321958188,False,True,15.135040713971996
-1472500.0,-1037500.0,1500,-24.987364291554396,False,True,15.107704917150574
-1467500.0,-1037500.0,1500,-20.5849479176831,False,True,15.080469746574664
-1462500.0,-1037500.0,1500,-12.581294397658516,False,True,14.863373055907246
-1457500.0,-1037500.0,1500,-5.360687217030646,False,True,14.599284910595003
-1452500.0,-1037500.0,1500,-7.4877650686591295,False,True,14.59460094022086
-1447500.0,-1037500.0,1500,-13.41927557136726,False,True,14.639106198683821
-1442500.0,-1037500.0,1500,-16.140673378323033,False,True,14.575945003422417
-1437500.0,-1037500.0,1500,-12.53515687698474,False,True,14.276454186798725
-1432500.0,-1037500.0,1500,-6.152651325718006,False,True,13.841560861689585
-1427500.0,-1037500.0,1500,-11.34747436712577,False,True,13.60011325396924
-1422500.0,-1037500.0,1500,-21.70522797065961,True,True,13.251197089045585
-1417500.0,-1037500.0,1500,-28.379715463617945,True,True,12.491789325605023
-1412500.0,-1037500.0,1500,-35.05411837326862,True,True,11.324505604590307
-1407500.0,-1037500.0,1500,-40.69150613010661,True,True,9.511873906977625
-1402500.0,-1037500.0,1500,-45.312466870309905,True,True,7.232233276174821
-1397500.0,-1037500.0,1500,-47.62247945479201,True,True,5.924270894622221
-1392500.0,-1037500.0,1500,-47.905657837272486,True,True,6.154646484207058
-1387500.0,-1037500.0,1500,-48.315714950894865,True,True,7.635142980600214
-1382500.0,-1037500.0,1500,-47.676949676753416,True,True,9.226750739654515
-1377500.0,-1037500.0,1500,-45.937876485817384,True,True,9.41813832158418
-1372500.0,-1037500.0,1500,-44.511682445422615,True,True,7.914376722590858
-1367500.0,-1037500.0,1500,-40.6537036302539,True,True,5.569037750849883
-1362500.0,-1037500.0,1500,-33.46260746071773,True,True,4.191888866722479
-1357500.0,-1037500.0,1500,-20.45044025247315,True,True,4.374813402741845
-1352500.0,-1037500.0,1500,4.690521914114306,False,True,4.156216593077958
-1347500.0,-1037500.0,1500,28.57600467036963,False,True,4.2875286000942125
-1342500.0,-1037500.0,1500,32.908372644457884,False,True,5.860426728690357
-1337500.0,-1037500.0,1500,15.028481304424103,False,True,5.894047357953514
-1332500.0,-1037500.0,1500,-11.946041240423552,False,True,5.097102240945651
-1327500.0,-1037500.0,1500,-32.335642307281276,True,True,5.7130292566177125
-1322500.0,-1037500.0,1500,-41.27465835799384,True,True,5.608890244013481
-1317500.0,-1037500.0,1500,-41.74157967048208,True,True,5.248572871769292
-1312500.0,-1037500.0,1500,-38.88260707917707,True,True,5.829819372087256
-1307500.0,-1037500.0,1500,-33.82069447609366,True,True,5.388340149270341
-1302500.0,-1037500.0,1500,-28.95588760473059,True,True,5.355562846810029
-1297500.0,-1037500.0,1500,-26.91211228169418,True,True,5.785663329484029
-1292500.0,-1037500.0,1500,-23.297318817870018,False,True,4.729760397235625
-1287500.0,-1037500.0,1500,-17.065432122484175,False,True,3.8795900363214595
-1282500.0,-1037500.0,1500,-15.669946446660072,False,True,3.6002648895141727
-1277500.0,-1037500.0,1500,-16.4222163096307,False,True,3.3799541256569308
-1272500.0,-1037500.0,1500,-10.249327121481256,False,True,3.3854103772372586
-1267500.0,-1037500.0,1500,2.2164946940002173,False,True,3.334980838957989
-1262500.0,-1037500.0,1500,12.50740394863098,False,False,3.496906128118027
-1257500.0,-1037500.0,1500,19.44752013722422,False,False,3.9523178627145468
-1252500.0,-1037500.0,1500,21.428431169451542,False,False,3.918571883308072
-1247500.0,-1037500.0,1500,13.497973712544052,False,False,3.725974026728311
-1242500.0,-1037500.0,1500,6.5290869035403105,False,False,3.770715074476282
-1237500.0,-1037500.0,1500,8.132453233564727,False,False,3.348391043855056
-1232500.0,-1037500.0,1500,11.111227010806022,False,False,3.2405130860925464
-1227500.0,-1037500.0,1500,2.258331767904597,False,False,3.4528533759337483
-1222500.0,-1037500.0,1500,-11.453448634908284,False,False,3.4993621608518133
-1217500.0,-1037500.0,1500,-13.254659953414032,False,False,3.334653537621823
-1212500.0,-1037500.0,1500,-16.361823421990238,False,False,3.54741125357089
-1207500.0,-1037500.0,1500,-33.77077671338753,False,False,3.498104847386768
-1202500.0,-1037500.0,1500,-57.35201933773969,False,False,2.9862300932824195
-1197500.0,-1037500.0,1500,-69.31822572886028,False,False,2.8300833212288543
-1192500.0,-1037500.0,1500,-66.03542355456345,False,False,2.7981678071466494
-1187500.0,-1037500.0,1500,-57.56561712712323,False,False,2.851871546545297
-1182500.0,-1037500.0,1500,-42.23756617367428,False,False,2.8257466136817033
-1177500.0,-1037500.0,1500,-23.211391159116857,False,False,2.818601545018441
-1172500.0,-1037500.0,1500,-10.29960661471968,False,False,3.0511424201555126
-1167500.0,-1037500.0,1500,-2.7432853382232825,False,False,2.9393569250883185
-1597500.0,-1032500.0,1500,-16.558469439835292,False,False,15.422508506295289
-1592500.0,-1032500.0,1500,-10.567404544226157,False,False,15.421744245971485
-1587500.0,-1032500.0,1500,-4.454445936889783,False,False,15.420764811062451
-1582500.0,-1032500.0,1500,-3.1416769624918324,False,False,15.419430485915626
-1577500.0,-1032500.0,1500,-5.891977356367075,False,False,15.417534833833976
-1572500.0,-1032500.0,1500,-10.283745564290154,False,False,15.414957337065925
-1567500.0,-1032500.0,1500,-14.80666131539491,False,False,15.411655304825794
-1562500.0,-1032500.0,1500,-18.12262195112441,False,False,15.407674497034279
-1557500.0,-1032500.0,1500,-21.53567946955001,False,False,15.403133671233334
-1552500.0,-1032500.0,1500,-25.343811553728987,False,False,15.397975068599973
-1547500.0,-1032500.0,1500,-28.112824423346044,False,False,15.391996372517625
-1542500.0,-1032500.0,1500,-30.818750496300208,False,False,15.384814953979955
-1537500.0,-1032500.0,1500,-33.407083203129595,False,False,15.376089188883938
-1532500.0,-1032500.0,1500,-34.85700656479855,False,False,15.365536145178979
-1527500.0,-1032500.0,1500,-36.51905902682057,False,False,15.353011660046224
-1522500.0,-1032500.0,1500,-38.57622073438952,False,False,15.33839115235913
-1517500.0,-1032500.0,1500,-39.80716784829371,False,False,15.321450781721657
-1512500.0,-1032500.0,1500,-40.87360765637734,False,False,15.302107282321984
-1507500.0,-1032500.0,1500,-41.75962466898164,False,False,15.279989406277895
-1502500.0,-1032500.0,1500,-40.9351796225618,False,False,15.255054230504806
-1497500.0,-1032500.0,1500,-39.26862862576786,False,False,15.228092968026107
-1492500.0,-1032500.0,1500,-37.493611781633994,False,False,15.199561609206446
-1487500.0,-1032500.0,1500,-34.18040706688466,False,False,15.170593303055881
-1482500.0,-1032500.0,1500,-30.516971623970075,False,False,15.142248702038714
-1477500.0,-1032500.0,1500,-27.49915220413089,False,True,15.11423255923147
-1472500.0,-1032500.0,1500,-23.592897282038557,False,True,15.085516048570689
-1467500.0,-1032500.0,1500,-19.535319286879417,False,True,15.053627834795513
-1462500.0,-1032500.0,1500,-15.28954460462138,False,True,14.897481254962768
-1457500.0,-1032500.0,1500,-12.443054071428078,False,True,14.711003604305638
-1452500.0,-1032500.0,1500,-14.116763917045997,False,True,14.64422413093467
-1447500.0,-1032500.0,1500,-16.150869924102395,False,True,14.563828795990952
-1442500.0,-1032500.0,1500,-16.322127752002356,False,False,14.401544555104309
-1437500.0,-1032500.0,1500,-9.127090064367133,False,True,13.928553476565945
-1432500.0,-1032500.0,1500,2.3053452200873052,False,True,13.245735513316887
-1427500.0,-1032500.0,1500,-3.2722559456459877,False,True,12.662600498765444
-1422500.0,-1032500.0,1500,-17.738503516772745,False,True,11.73828963674525
-1417500.0,-1032500.0,1500,-26.100762822202398,True,True,10.091054583710761
-1412500.0,-1032500.0,1500,-34.10141562246836,True,True,7.792874159398944
-1407500.0,-1032500.0,1500,-41.765473274944846,True,True,6.172740837635003
-1402500.0,-1032500.0,1500,-46.47552178593886,True,True,5.969005465571749
-1397500.0,-1032500.0,1500,-48.322841361554474,True,True,7.182636033048309
-1392500.0,-1032500.0,1500,-48.88854879773402,True,True,9.043130489393851
-1387500.0,-1032500.0,1500,-48.99731339537478,True,True,9.971735878336961
-1382500.0,-1032500.0,1500,-48.09077573004496,True,True,9.725991567376681
-1377500.0,-1032500.0,1500,-46.33251066485027,True,True,7.9540906831323035
-1372500.0,-1032500.0,1500,-45.1504969685442,True,True,5.307633211894342
-1367500.0,-1032500.0,1500,-42.395029379320825,True,True,4.240722412814465
-1362500.0,-1032500.0,1500,-36.69732341013521,True,True,4.797438718226033
-1357500.0,-1032500.0,1500,-25.686747289370516,True,True,4.686618581650264
-1352500.0,-1032500.0,1500,-4.818341947445827,False,True,4.5693970954503556
-1347500.0,-1032500.0,1500,14.813151408823963,False,True,5.68406096723632
-1342500.0,-1032500.0,1500,20.272156391883193,False,True,5.668999141769559
-1337500.0,-1032500.0,1500,9.232911047114548,False,True,4.920251722586186
-1332500.0,-1032500.0,1500,-14.225156535803986,True,True,5.688157777947796
-1327500.0,-1032500.0,1500,-36.68091425295534,True,True,5.62783328598245
-1322500.0,-1032500.0,1500,-45.385598331166115,True,True,5.188498389178445
-1317500.0,-1032500.0,1500,-43.70139180939242,True,True,5.78988697360879
-1312500.0,-1032500.0,1500,-40.09257166166439,True,True,5.400674562460498
-1307500.0,-1032500.0,1500,-34.98116988585343,True,True,5.260472344415828
-1302500.0,-1032500.0,1500,-28.001325079029897,False,True,5.470147568911739
-1297500.0,-1032500.0,1500,-20.471623155797534,False,True,4.930563665934801
-1292500.0,-1032500.0,1500,-12.922858666129326,False,True,4.617041148388043
-1287500.0,-1032500.0,1500,-10.890002507190808,False,True,4.1797146682315836
-1282500.0,-1032500.0,1500,-15.037410817766162,False,True,3.9327718904762894
-1277500.0,-1032500.0,1500,-15.294315620311856,False,True,4.141741570029634
-1272500.0,-1032500.0,1500,-9.454171253578412,False,True,3.6423398658359623
-1267500.0,-1032500.0,1500,0.05207247604023607,False,False,3.063850174606153
-1262500.0,-1032500.0,1500,7.100860755990405,False,False,3.255100716423107
-1257500.0,-1032500.0,1500,14.865635629152012,False,False,3.3684921566752184
-1252500.0,-1032500.0,1500,17.713615815088076,False,False,3.177264713154595
-1247500.0,-1032500.0,1500,5.460602930424224,False,False,3.3280375273497316
-1242500.0,-1032500.0,1500,-1.6246718361894856,False,False,3.353969797766744
-1237500.0,-1032500.0,1500,5.276563888774066,False,False,3.1013566370366763
-1232500.0,-1032500.0,1500,8.131735328929647,False,False,3.2827070742922446
-1227500.0,-1032500.0,1500,0.28033755268235555,False,False,3.8177724397859993
-1222500.0,-1032500.0,1500,-4.790382223336466,False,False,4.487611130876816
-1217500.0,-1032500.0,1500,-2.211764526750904,False,False,4.213504827956834
-1212500.0,-1032500.0,1500,-6.429238405152144,False,False,3.8129290582238116
-1207500.0,-1032500.0,1500,-19.639309212662393,False,False,3.8682362851666543
-1202500.0,-1032500.0,1500,-32.74535119272287,False,False,3.3743483334137347
-1197500.0,-1032500.0,1500,-39.602369900045346,False,False,3.0394060833387297
-1192500.0,-1032500.0,1500,-38.908912337744205,False,False,2.9126914809476374
-1187500.0,-1032500.0,1500,-36.0965222629733,False,False,2.786238463091757
-1182500.0,-1032500.0,1500,-33.63009750125384,False,False,2.7946763999766766
-1177500.0,-1032500.0,1500,-34.398457561789925,False,False,2.6905538705026215
-1172500.0,-1032500.0,1500,-35.971367163428084,False,False,2.940032490229969
-1167500.0,-1032500.0,1500,-33.512602518377214,False,False,3.087572501027412
-1597500.0,-1027500.0,1500,-12.378684307129168,False,False,15.421444744568396
-1592500.0,-1027500.0,1500,-6.527527666754716,False,False,15.420575819071953
-1587500.0,-1027500.0,1500,-2.3997868175689896,False,False,15.419399665131314
-1582500.0,-1027500.0,1500,-2.360486061261104,False,False,15.417727117464231
-1577500.0,-1027500.0,1500,-5.465354645274874,False,False,15.41538229297073
-1572500.0,-1027500.0,1500,-10.536169216700172,False,False,15.412215857524892
-1567500.0,-1027500.0,1500,-14.762204952510015,False,False,15.408302235582243
-1562500.0,-1027500.0,1500,-17.9184761728865,False,False,15.403717761181122
-1557500.0,-1027500.0,1500,-21.91039697744328,False,False,15.398562326938764
-1552500.0,-1027500.0,1500,-25.515756637157406,False,False,15.392778629234506
-1547500.0,-1027500.0,1500,-28.110558065807016,False,False,15.385995373640347
-1542500.0,-1027500.0,1500,-31.343430637189734,False,False,15.377881939425663
-1537500.0,-1027500.0,1500,-34.20579048710272,False,False,15.368104630035955
-1532500.0,-1027500.0,1500,-35.71925165746801,False,False,15.356471401885496
-1527500.0,-1027500.0,1500,-37.90459007396652,False,False,15.34287822808194
-1522500.0,-1027500.0,1500,-40.026752124252944,False,False,15.327296302943736
-1517500.0,-1027500.0,1500,-41.0197979816039,False,False,15.309422688313607
-1512500.0,-1027500.0,1500,-42.78416073036125,False,False,15.288748784502708
-1507500.0,-1027500.0,1500,-43.555843220744855,False,False,15.265102092987902
-1502500.0,-1027500.0,1500,-42.107639160499104,False,False,15.238687413290808
-1497500.0,-1027500.0,1500,-40.737856137318424,False,False,15.210459854569853
-1492500.0,-1027500.0,1500,-38.514521562875316,False,False,15.181565722413904
-1487500.0,-1027500.0,1500,-34.50382721112265,False,False,15.152881152954176
-1482500.0,-1027500.0,1500,-30.953661665758247,False,True,15.125364134881568
-1477500.0,-1027500.0,1500,-26.92453957805481,False,True,15.097620109853661
-1472500.0,-1027500.0,1500,-21.747576542119006,False,True,15.066096277723794
-1467500.0,-1027500.0,1500,-18.725074899100843,False,True,14.995153894250691
-1462500.0,-1027500.0,1500,-17.841845915491028,True,True,14.86450747214624
-1457500.0,-1027500.0,1500,-17.64100594888558,False,True,14.720405731217951
-1452500.0,-1027500.0,1500,-17.96788879897913,False,True,14.572011056639965
-1447500.0,-1027500.0,1500,-17.556960384167002,False,True,14.37197401692526
-1442500.0,-1027500.0,1500,-13.666461757771888,False,True,14.009909466540055
-1437500.0,-1027500.0,1500,-3.6111469027261203,False,True,13.399298254153912
-1432500.0,-1027500.0,1500,5.7822437159434905,False,True,12.638130675961081
-1427500.0,-1027500.0,1500,1.0258407271936059,False,True,11.57952659253748
-1422500.0,-1027500.0,1500,-12.893630376404365,False,True,9.16721871028341
-1417500.0,-1027500.0,1500,-23.22877199297626,True,True,6.664912191830918
-1412500.0,-1027500.0,1500,-32.59000029232054,True,True,5.889986331799041
-1407500.0,-1027500.0,1500,-41.79944340803433,True,True,6.793544076722693
-1402500.0,-1027500.0,1500,-46.72039918250329,True,True,8.658310339980522
-1397500.0,-1027500.0,1500,-48.93737412330346,True,True,9.920164544583542
-1392500.0,-1027500.0,1500,-50.24548701316848,True,True,10.09664052881128
-1387500.0,-1027500.0,1500,-50.4338533145704,True,True,9.292012481247065
-1382500.0,-1027500.0,1500,-49.16860706414003,True,True,7.452355555082937
-1377500.0,-1027500.0,1500,-46.96968181315266,True,True,5.438733724557567
-1372500.0,-1027500.0,1500,-45.51478227082409,True,True,4.944770690125635
-1367500.0,-1027500.0,1500,-44.2659768238441,True,True,5.8541555083960395
-1362500.0,-1027500.0,1500,-41.274305611281065,True,True,5.906478709272
-1357500.0,-1027500.0,1500,-34.38232819256022,True,True,5.014255182803192
-1352500.0,-1027500.0,1500,-21.60506910700688,False,True,5.724778876281923
-1347500.0,-1027500.0,1500,-6.575011572767616,False,True,5.860819332538649
-1342500.0,-1027500.0,1500,2.2272557423782993,False,True,4.790060396610034
-1337500.0,-1027500.0,1500,-1.6434011060598042,False,True,5.463534686936067
-1332500.0,-1027500.0,1500,-17.89810962681173,False,True,5.563143741835553
-1327500.0,-1027500.0,1500,-35.56172300719806,True,True,5.13399125241839
-1322500.0,-1027500.0,1500,-42.788206948931716,True,True,5.780118146632544
-1317500.0,-1027500.0,1500,-42.21328570115802,True,True,5.413537729235209
-1312500.0,-1027500.0,1500,-39.26064720356381,True,True,4.98345945702167
-1307500.0,-1027500.0,1500,-35.1044923403999,False,True,5.271984584272287
-1302500.0,-1027500.0,1500,-26.071422407153733,False,True,4.771906931671669
-1297500.0,-1027500.0,1500,-13.759114989419512,False,True,4.762547543968598
-1292500.0,-1027500.0,1500,-6.7036750814815935,False,True,4.705399292388546
-1287500.0,-1027500.0,1500,-6.651953099703728,False,True,4.100408544237278
-1282500.0,-1027500.0,1500,-10.212217581955874,False,True,4.370663915363517
-1277500.0,-1027500.0,1500,-10.990279286371585,False,False,4.245360738205241
-1272500.0,-1027500.0,1500,-9.625396663135264,False,False,3.887575827286292
-1267500.0,-1027500.0,1500,-2.454507998528674,False,False,3.743106680262062
-1262500.0,-1027500.0,1500,-1.9644964074266265,False,False,3.2735071017883515
-1257500.0,-1027500.0,1500,0.6387245123794483,False,False,3.175014868053699
-1252500.0,-1027500.0,1500,3.655259508019798,False,False,3.1173113089284215
-1247500.0,-1027500.0,1500,-9.505152103826724,False,False,3.042021964186786
-1242500.0,-1027500.0,1500,-8.846272578592838,False,False,3.132488404943243
-1237500.0,-1027500.0,1500,5.914723003432906,False,False,2.9557275013844513
-1232500.0,-1027500.0,1500,7.523221037006475,False,False,3.281541967357862
-1227500.0,-1027500.0,1500,0.4852499217267037,False,False,4.71762701661163
-1222500.0,-1027500.0,1500,-0.670282581229773,False,False,5.988139602141154
-1217500.0,-1027500.0,1500,-1.6708339231541043,False,False,5.522591689793
-1212500.0,-1027500.0,1500,-8.801629884932005,False,False,4.082361718680326
-1207500.0,-1027500.0,1500,-16.3713987585028,False,False,3.816604409476661
-1202500.0,-1027500.0,1500,-17.454533331557073,False,False,3.5999016023012964
-1197500.0,-1027500.0,1500,-14.900783108910527,False,False,3.0736019795569662
-1192500.0,-1027500.0,1500,-11.878287165033106,False,False,2.9956075175882595
-1187500.0,-1027500.0,1500,-8.301543981227502,False,False,2.9153229873409447
-1182500.0,-1027500.0,1500,-4.629795355146355,False,False,2.8830687494949334
-1177500.0,-1027500.0,1500,-12.650088164431258,False,False,2.7145429849207163
-1172500.0,-1027500.0,1500,-30.31985777360885,False,False,2.6725566285152023
-1167500.0,-1027500.0,1500,-38.92548621130874,False,False,2.8716546210854728
-1597500.0,-1022500.0,1500,-7.4138621098967885,False,False,15.42032705916706
-1592500.0,-1022500.0,1500,-2.1961137009095224,False,False,15.419304732574535
-1587500.0,-1022500.0,1500,-0.05605784168268932,False,False,15.417868521864296
-1582500.0,-1022500.0,1500,-1.067604883228351,False,False,15.415791874782352
-1577500.0,-1022500.0,1500,-4.63401291600075,False,False,15.412919571974847
-1572500.0,-1022500.0,1500,-9.960066462679235,False,False,15.409182657098789
-1567500.0,-1022500.0,1500,-13.714975721680547,False,False,15.40464086525861
-1562500.0,-1022500.0,1500,-16.853388269113236,False,False,15.39952597729365
-1557500.0,-1022500.0,1500,-21.500814621760004,False,False,15.393815407501327
-1552500.0,-1022500.0,1500,-25.013625836782104,False,False,15.38739041656024
-1547500.0,-1022500.0,1500,-27.650791525030858,False,False,15.379875015579051
-1542500.0,-1022500.0,1500,-31.50876298319149,False,False,15.370877607833343
-1537500.0,-1022500.0,1500,-34.27359080388781,False,False,15.360239069142274
-1532500.0,-1022500.0,1500,-36.1912119140789,False,False,15.34782111220533
-1527500.0,-1022500.0,1500,-39.168692210333006,False,False,15.333586737871125
-1522500.0,-1022500.0,1500,-41.2161510405315,False,False,15.317334985447154
-1517500.0,-1022500.0,1500,-42.679311910080095,False,False,15.298693375759314
-1512500.0,-1022500.0,1500,-44.89163229746041,False,False,15.276976828298181
-1507500.0,-1022500.0,1500,-45.28854600443463,False,False,15.251636816621232
-1502500.0,-1022500.0,1500,-43.652911409002876,False,False,15.223168630216977
-1497500.0,-1022500.0,1500,-42.173485274751975,False,False,15.193068642187551
-1492500.0,-1022500.0,1500,-39.46232142583426,False,False,15.163195934973896
-1487500.0,-1022500.0,1500,-35.055860008762146,False,False,15.135014835335278
-1482500.0,-1022500.0,1500,-31.254058899879766,False,True,15.108465195378344
-1477500.0,-1022500.0,1500,-26.36105147924653,False,True,15.080488726763047
-1472500.0,-1022500.0,1500,-20.81934709640851,False,True,15.044681505200101
-1467500.0,-1022500.0,1500,-18.109789813583372,False,True,14.931974081369741
-1462500.0,-1022500.0,1500,-17.534162134989348,False,True,14.774383854768164
-1457500.0,-1022500.0,1500,-17.688813264482587,False,True,14.613506144845015
-1452500.0,-1022500.0,1500,-18.11673107720216,False,True,14.377409630101138
-1447500.0,-1022500.0,1500,-17.724865331440952,False,True,14.003180294374049
-1442500.0,-1022500.0,1500,-9.639682428228815,False,False,13.322450477155911
-1437500.0,-1022500.0,1500,3.3913565643552164,False,True,12.571267774746904
-1432500.0,-1022500.0,1500,8.243645507054497,False,True,11.981430115234232
-1427500.0,-1022500.0,1500,5.635142195229107,False,True,10.974397110427986
-1422500.0,-1022500.0,1500,-6.409977340058431,False,True,8.588853420222117
-1417500.0,-1022500.0,1500,-22.152751198483962,True,True,7.043485013644064
-1412500.0,-1022500.0,1500,-33.1287493786663,True,True,8.211567420946142
-1407500.0,-1022500.0,1500,-42.39464067022525,True,True,9.750034912377085
-1402500.0,-1022500.0,1500,-47.744029459578655,True,True,10.233210839931374
-1397500.0,-1022500.0,1500,-50.14181730094945,True,True,9.731267105782766
-1392500.0,-1022500.0,1500,-51.39817703942811,True,True,8.185067546902262
-1387500.0,-1022500.0,1500,-51.47824912168412,True,True,6.23844347157358
-1382500.0,-1022500.0,1500,-49.35419838303534,True,True,4.773057525866788
-1377500.0,-1022500.0,1500,-47.30791916515359,True,True,5.347441816109151
-1372500.0,-1022500.0,1500,-47.61915678884025,True,True,7.160934394014072
-1367500.0,-1022500.0,1500,-48.89636423135343,True,True,7.042576757374772
-1362500.0,-1022500.0,1500,-49.10583573931049,True,True,5.462459624521079
-1357500.0,-1022500.0,1500,-46.938504035523984,True,True,5.664371027370965
-1352500.0,-1022500.0,1500,-41.56960912863276,True,True,6.150054703637041
-1347500.0,-1022500.0,1500,-33.030113126883066,True,True,5.116590467896404
-1342500.0,-1022500.0,1500,-23.988145248843374,False,True,5.39817524186953
-1337500.0,-1022500.0,1500,-18.40191792318262,False,True,5.501976267628107
-1332500.0,-1022500.0,1500,-21.942106719103432,False,True,5.05197918318807
-1327500.0,-1022500.0,1500,-30.965031902122362,True,True,5.771721751024927
-1322500.0,-1022500.0,1500,-36.46913696310038,True,True,5.454117892577503
-1317500.0,-1022500.0,1500,-37.23768427352245,False,True,4.70655224777245
-1312500.0,-1022500.0,1500,-35.42880447102346,False,True,4.63675001151786
-1307500.0,-1022500.0,1500,-34.857991821401605,False,True,4.326265841402005
-1302500.0,-1022500.0,1500,-27.602321201094508,False,True,4.775794982208401
-1297500.0,-1022500.0,1500,-13.473177436973806,False,True,4.891628818809902
-1292500.0,-1022500.0,1500,-6.15644150073701,False,True,4.228400810059951
-1287500.0,-1022500.0,1500,-4.659264202218826,False,True,4.488284839763827
-1282500.0,-1022500.0,1500,-5.380776024208934,False,False,4.32373009483285
-1277500.0,-1022500.0,1500,-4.331595045205553,False,False,3.861007757821551
-1272500.0,-1022500.0,1500,-4.994858137855288,False,False,4.189360568382418
-1267500.0,-1022500.0,1500,-1.6331569909282764,False,False,3.9151307888641
-1262500.0,-1022500.0,1500,-9.747277383265956,False,False,3.6193632828968383
-1257500.0,-1022500.0,1500,-17.075532116005768,False,False,3.560497929906573
-1252500.0,-1022500.0,1500,-7.784249807318863,False,False,3.1434247476263257
-1247500.0,-1022500.0,1500,-9.720634157978608,False,False,3.249580811429799
-1242500.0,-1022500.0,1500,-8.535565415238827,False,False,3.6191280475762104
-1237500.0,-1022500.0,1500,1.1482628459377735,False,False,3.6565303666348288
-1232500.0,-1022500.0,1500,3.978306455170156,False,False,3.609948830217056
-1227500.0,-1022500.0,1500,2.770053422819446,False,False,4.605794814794874
-1222500.0,-1022500.0,1500,3.626416820587437,False,False,6.225024246207893
-1217500.0,-1022500.0,1500,1.324103424533642,False,False,6.430064519965923
-1212500.0,-1022500.0,1500,-6.89313900659051,False,False,4.8138300487682155
-1207500.0,-1022500.0,1500,-11.987153807490003,False,False,3.7504144519557485
-1202500.0,-1022500.0,1500,-8.502687810473232,False,False,3.703214172216115
-1197500.0,-1022500.0,1500,-2.0028932540281588,False,False,3.215172731812589
-1192500.0,-1022500.0,1500,-0.43681750914681466,False,False,2.883356270684396
-1187500.0,-1022500.0,1500,-2.3579490433113333,False,False,2.9109030197816765
-1182500.0,-1022500.0,1500,4.2051425817629235,False,False,2.8753017024472967
-1597500.0,-1017500.0,1500,-1.1254432589551295,False,False,15.419142711731842
-1592500.0,-1017500.0,1500,2.805859838934037,False,False,15.417916358841712
-1587500.0,-1017500.0,1500,2.704177732198241,False,False,15.416158137373529
-1582500.0,-1017500.0,1500,0.3969196390297436,False,False,15.413635482220599
-1577500.0,-1017500.0,1500,-3.599060197124789,False,False,15.410203957005237
-1572500.0,-1017500.0,1500,-8.875003146991,False,False,15.405903478126904
-1567500.0,-1017500.0,1500,-12.279888330708555,False,False,15.400838025029193
-1562500.0,-1017500.0,1500,-15.479114569500988,False,False,15.395182402785567
-1557500.0,-1017500.0,1500,-20.328694039813943,False,False,15.388994652681934
-1552500.0,-1017500.0,1500,-23.74512919714479,False,False,15.381917926415163
-1547500.0,-1017500.0,1500,-26.838368535226984,False,False,15.373700369567505
-1542500.0,-1017500.0,1500,-31.081435243592377,False,False,15.363983506839801
-1537500.0,-1017500.0,1500,-33.82792617396809,False,False,15.352680801831987
-1532500.0,-1017500.0,1500,-36.28815361154286,False,False,15.339820382702275
-1527500.0,-1017500.0,1500,-39.704078886414116,False,False,15.325274023394767
-1522500.0,-1017500.0,1500,-42.03076456826079,False,False,15.30868841031919
-1517500.0,-1017500.0,1500,-44.37700330615452,False,False,15.289128895991183
-1512500.0,-1017500.0,1500,-47.131865324437044,False,False,15.2654532154034
-1507500.0,-1017500.0,1500,-47.37189794601052,False,False,15.237074942502028
-1502500.0,-1017500.0,1500,-45.70608786612158,False,False,15.204572906975057
-1497500.0,-1017500.0,1500,-43.84450705629688,False,False,15.169745373684805
-1492500.0,-1017500.0,1500,-40.57251646911598,False,False,15.135858204362142
-1487500.0,-1017500.0,1500,-36.04990490633451,False,True,15.106114531821898
-1482500.0,-1017500.0,1500,-31.610729042227067,False,True,15.080328516074786
-1477500.0,-1017500.0,1500,-25.987488906004153,False,True,15.052809744140033
-1472500.0,-1017500.0,1500,-20.245480601589833,False,True,15.012388951531639
-1467500.0,-1017500.0,1500,-16.74277441732024,True,True,14.874506801903443
-1462500.0,-1017500.0,1500,-15.814439059464586,False,True,14.677732974405062
-1457500.0,-1017500.0,1500,-15.939145525984346,False,True,14.438057423470685
-1452500.0,-1017500.0,1500,-15.810640874307236,False,True,14.021891085817572
-1447500.0,-1017500.0,1500,-15.662831941391243,False,True,13.28998616443329
-1442500.0,-1017500.0,1500,-6.800985334690274,False,False,12.08221265711439
-1437500.0,-1017500.0,1500,7.072154135486801,False,False,11.136728615035395
-1432500.0,-1017500.0,1500,12.005695786471897,False,True,11.053859371856952
-1427500.0,-1017500.0,1500,10.708811525725947,False,True,10.992035577765849
-1422500.0,-1017500.0,1500,-3.262309944742762,False,True,10.426580331482684
-1417500.0,-1017500.0,1500,-24.071874143853552,False,True,10.152066356279665
-1412500.0,-1017500.0,1500,-36.39487684335931,True,True,10.32137090662787
-1407500.0,-1017500.0,1500,-44.91943042959806,True,True,10.053366653690023
-1402500.0,-1017500.0,1500,-50.325017863290654,True,True,8.808261974943148
-1397500.0,-1017500.0,1500,-51.782586618704606,True,True,6.858304016610653
-1392500.0,-1017500.0,1500,-51.53795445335437,True,True,5.408929759645593
-1387500.0,-1017500.0,1500,-50.289143968955656,True,True,4.2781553600841935
-1382500.0,-1017500.0,1500,-48.121188848556216,True,True,4.8369206809056315
-1377500.0,-1017500.0,1500,-47.94759287352202,True,True,7.344324917418505
-1372500.0,-1017500.0,1500,-51.131527515530394,True,True,7.903038994594096
-1367500.0,-1017500.0,1500,-54.738461039977665,True,True,5.95652836111005
-1362500.0,-1017500.0,1500,-56.76385859634954,True,True,5.4953248934235
-1357500.0,-1017500.0,1500,-58.48540414643523,True,True,6.021042667269671
-1352500.0,-1017500.0,1500,-58.91170614636669,True,True,5.286514571279097
-1347500.0,-1017500.0,1500,-55.283876252144594,True,True,5.635707612430529
-1342500.0,-1017500.0,1500,-49.09626841568156,True,True,5.6765916597669355
-1337500.0,-1017500.0,1500,-38.4283380054521,True,True,5.03752952279575
-1332500.0,-1017500.0,1500,-29.946242613592446,True,True,5.736853206695524
-1327500.0,-1017500.0,1500,-30.922517649244607,True,True,5.500236763803976
-1322500.0,-1017500.0,1500,-33.26244078540663,False,True,4.634848126771011
-1317500.0,-1017500.0,1500,-32.47238425892827,False,True,4.35665226923386
-1312500.0,-1017500.0,1500,-32.63260610533455,False,True,3.7379313512756918
-1307500.0,-1017500.0,1500,-33.62138093403159,False,True,4.204372174664059
-1302500.0,-1017500.0,1500,-28.603973414085548,False,True,4.883909328845837
-1297500.0,-1017500.0,1500,-17.005138883822006,False,True,4.329511964838621
-1292500.0,-1017500.0,1500,-7.997894615775179,False,False,4.444304410446708
-1287500.0,-1017500.0,1500,-2.886630768137407,False,False,4.411555773110719
-1282500.0,-1017500.0,1500,4.055137796296044,False,False,3.881238051812356
-1277500.0,-1017500.0,1500,5.190153113911715,False,False,4.14816289617144
-1272500.0,-1017500.0,1500,1.2869057558908645,False,False,3.9732904667624136
-1267500.0,-1017500.0,1500,-0.40187655623402785,False,False,3.7359127180930694
-1262500.0,-1017500.0,1500,-13.381859913119436,False,False,3.958495089380132
-1257500.0,-1017500.0,1500,-26.318038996166994,False,False,3.7402920257496106
-1252500.0,-1017500.0,1500,-15.607354072521318,False,False,3.6121712409867928
-1247500.0,-1017500.0,1500,-1.1410286898951574,False,False,3.5944162001489275
-1242500.0,-1017500.0,1500,-1.2668722754495527,False,False,3.9936208414632937
-1237500.0,-1017500.0,1500,-2.7927196960380933,False,False,4.880178043889173
-1232500.0,-1017500.0,1500,3.8516292701508106,False,False,4.563105440549756
-1227500.0,-1017500.0,1500,12.465833923729791,False,False,4.15637819465713
-1222500.0,-1017500.0,1500,14.838367962477363,False,False,5.5188007908112
-1217500.0,-1017500.0,1500,10.028450124549368,False,False,6.688154665860137
-1212500.0,-1017500.0,1500,2.2110497723127,False,False,5.786212136856512
-1207500.0,-1017500.0,1500,-2.5487088141805505,False,False,4.0431290045480885
-1202500.0,-1017500.0,1500,-1.7835298930455974,False,False,3.613007159040492
-1197500.0,-1017500.0,1500,4.680199638807636,False,False,3.4552896049667448
-1192500.0,-1017500.0,1500,4.586043102441616,False,False,2.8989525763079684
-1187500.0,-1017500.0,1500,-6.1251576697738885,False,False,2.8226837148410366
-1597500.0,-1012500.0,1500,5.637123624406501,False,False,15.41788393915769
-1592500.0,-1012500.0,1500,7.3438283055876745,False,False,15.416400451875202
-1587500.0,-1012500.0,1500,5.107250437722094,False,False,15.414279714242637
-1582500.0,-1012500.0,1500,1.5496723650781903,False,False,15.411291953403701
-1577500.0,-1012500.0,1500,-2.994771736217701,False,False,15.40732329543767
-1572500.0,-1012500.0,1500,-8.016498954811237,False,False,15.402492377898694
-1567500.0,-1012500.0,1500,-11.299667438348397,False,False,15.396985827588294
-1562500.0,-1012500.0,1500,-14.57053368630403,False,False,15.390852838962008
-1557500.0,-1012500.0,1500,-18.970326854267867,False,False,15.384114712596041
-1552500.0,-1012500.0,1500,-22.524326781896317,False,False,15.376465102803856
-1547500.0,-1012500.0,1500,-26.025075979169056,False,False,15.367519951337314
-1542500.0,-1012500.0,1500,-30.005058574904087,False,False,15.357247238216862
-1537500.0,-1012500.0,1500,-33.11120554657745,False,False,15.345530176806712
-1532500.0,-1012500.0,1500,-36.06951647599765,False,False,15.332499012787945
-1527500.0,-1012500.0,1500,-39.52862537649135,False,False,15.317836284335696
-1522500.0,-1012500.0,1500,-42.327470405558756,False,False,15.300754411473246
-1517500.0,-1012500.0,1500,-45.18596526647914,False,False,15.279602002923454
-1512500.0,-1012500.0,1500,-48.53082611295127,False,False,15.252173183914575
-1507500.0,-1012500.0,1500,-49.618994101971644,False,False,15.217013345968438
-1502500.0,-1012500.0,1500,-48.30356865336788,False,False,15.174941894194875
-1497500.0,-1012500.0,1500,-46.04657949048487,False,False,15.129259258023238
-1492500.0,-1012500.0,1500,-42.288791379147206,False,False,15.084922015462565
-1487500.0,-1012500.0,1500,-37.57666823130786,False,False,15.048533775382698
-1482500.0,-1012500.0,1500,-32.49082528938296,False,True,15.022262636824552
-1477500.0,-1012500.0,1500,-26.017705588606443,False,True,14.997499737351397
-1472500.0,-1012500.0,1500,-19.32918646814914,False,True,14.954395792443131
-1467500.0,-1012500.0,1500,-13.153465809928521,False,True,14.756234031447146
-1462500.0,-1012500.0,1500,-11.2193937817324,False,True,14.462082092319433
-1457500.0,-1012500.0,1500,-11.8310746587653,False,True,14.081010835958924
-1452500.0,-1012500.0,1500,-11.568442783766425,False,True,13.38996734148559
-1447500.0,-1012500.0,1500,-12.55924251067141,False,True,12.095084493712811
-1442500.0,-1012500.0,1500,-5.092651004107005,False,False,9.620973441155902
-1437500.0,-1012500.0,1500,8.034079531171612,False,True,8.331374185794138
-1432500.0,-1012500.0,1500,15.251460413767427,False,True,9.625784043887872
-1427500.0,-1012500.0,1500,12.737406614928787,False,True,10.991060068170265
-1422500.0,-1012500.0,1500,-5.271547146929767,False,True,11.337982449811335
-1417500.0,-1012500.0,1500,-27.069426258815014,True,True,10.777741546095777
-1412500.0,-1012500.0,1500,-40.228540139998756,True,True,9.43555216313923
-1407500.0,-1012500.0,1500,-48.68919650599867,True,True,7.435091864432854
-1402500.0,-1012500.0,1500,-52.99073479153124,True,True,5.93486232604996
-1397500.0,-1012500.0,1500,-52.91669280533168,True,True,5.411048816548583
-1392500.0,-1012500.0,1500,-50.8990633105907,True,True,4.8320861411537
-1387500.0,-1012500.0,1500,-48.455820079089335,True,True,4.883297116067551
-1382500.0,-1012500.0,1500,-47.55204495838169,True,True,6.83505966399656
-1377500.0,-1012500.0,1500,-49.58557615668988,True,True,8.182055570850379
-1372500.0,-1012500.0,1500,-55.02135788125931,True,True,6.39831547673409
-1367500.0,-1012500.0,1500,-60.02338834421369,True,True,5.327398349098008
-1362500.0,-1012500.0,1500,-61.69336487584069,True,True,6.062207083883673
-1357500.0,-1012500.0,1500,-64.00790697528917,True,True,5.413591170730415
-1352500.0,-1012500.0,1500,-66.4010691114391,True,True,5.5382810062791785
-1347500.0,-1012500.0,1500,-64.83522391025272,True,True,6.944182836315229
-1342500.0,-1012500.0,1500,-59.87626692106915,True,True,6.387419312267223
-1337500.0,-1012500.0,1500,-47.86139584659848,True,True,5.8609324890777295
-1332500.0,-1012500.0,1500,-34.96698003972719,True,True,5.542550367187793
-1327500.0,-1012500.0,1500,-31.579868303381872,False,True,4.97102107834518
-1322500.0,-1012500.0,1500,-31.349637358029998,False,True,4.85957173280166
-1317500.0,-1012500.0,1500,-28.4555119891212,False,True,3.7887775219433997
-1312500.0,-1012500.0,1500,-29.71440203944211,False,True,3.826740332794616
-1307500.0,-1012500.0,1500,-30.2058664357877,False,True,4.79040232225951
-1302500.0,-1012500.0,1500,-25.410303666585893,False,True,4.386600876775239
-1297500.0,-1012500.0,1500,-21.068225051285527,False,False,4.272032678915266
-1292500.0,-1012500.0,1500,-14.802102052417089,False,False,4.313251867142395
-1287500.0,-1012500.0,1500,-0.908479792001987,False,False,3.8573464596833476
-1282500.0,-1012500.0,1500,16.696313203464207,False,False,4.079240050692905
-1277500.0,-1012500.0,1500,16.395335777366356,False,False,3.9789800381312226
-1272500.0,-1012500.0,1500,7.490943115507093,False,False,3.774754214350023
-1267500.0,-1012500.0,1500,2.215168050676181,False,False,3.9789452975265913
-1262500.0,-1012500.0,1500,-9.37079923645384,False,False,3.7934214257134
-1257500.0,-1012500.0,1500,-19.96961146274928,False,False,3.938665012697265
-1252500.0,-1012500.0,1500,-16.588644460921167,False,False,4.46810992503209
-1247500.0,-1012500.0,1500,-1.4443396120276188,False,False,4.508902665952785
-1242500.0,-1012500.0,1500,1.7896521501752916,False,False,5.026226934838197
-1237500.0,-1012500.0,1500,-4.154526958376152,False,False,6.161471204122657
-1232500.0,-1012500.0,1500,5.444953131933174,False,False,5.917110576658022
-1227500.0,-1012500.0,1500,23.843059900529436,False,False,4.3340314457749125
-1222500.0,-1012500.0,1500,28.096377592218033,False,False,4.574125512833212
-1217500.0,-1012500.0,1500,19.93988066003755,False,False,6.272357482951109
-1212500.0,-1012500.0,1500,11.647272046688332,False,False,6.450332953493589
-1207500.0,-1012500.0,1500,4.774879235926873,False,False,4.807875818132118
-1202500.0,-1012500.0,1500,0.5063064736637031,False,False,3.6231646270372213
-1197500.0,-1012500.0,1500,2.960092373679259,False,False,3.589286254638491
-1192500.0,-1012500.0,1500,1.5075052101007913,False,False,3.1566095391607343
-1597500.0,-1007500.0,1500,10.931380560666314,False,False,15.416541151717434
-1592500.0,-1007500.0,1500,9.720271706925619,False,False,15.414778637443385
-1587500.0,-1007500.0,1500,6.080320508447012,False,False,15.412251871313128
-1582500.0,-1007500.0,1500,1.5348860452930357,False,False,15.408824386623092
-1577500.0,-1007500.0,1500,-3.270859282557201,False,False,15.404375868507032
-1572500.0,-1007500.0,1500,-7.604908934511292,False,False,15.399064505087141
-1567500.0,-1007500.0,1500,-11.241978553245927,False,False,15.393149778895959
-1562500.0,-1007500.0,1500,-14.451959029345433,False,False,15.386578108956972
-1557500.0,-1007500.0,1500,-17.859216074285655,False,False,15.37922671834755
-1552500.0,-1007500.0,1500,-21.562434108399717,False,False,15.37095007923531
-1547500.0,-1007500.0,1500,-25.016686102705272,False,False,15.361390536493863
-1542500.0,-1007500.0,1500,-28.49723828691522,False,False,15.35056438906515
-1537500.0,-1007500.0,1500,-31.978744286861872,False,False,15.338651569413047
-1532500.0,-1007500.0,1500,-35.18469507668985,False,False,15.3255599239844
-1527500.0,-1007500.0,1500,-38.51612829094467,False,False,15.310664947982078
-1522500.0,-1007500.0,1500,-41.976238980216245,False,False,15.29233022266357
-1517500.0,-1007500.0,1500,-45.34950827328686,False,False,15.26783127019751
-1512500.0,-1007500.0,1500,-48.993361453296494,False,False,15.233007993131007
-1507500.0,-1007500.0,1500,-51.46398012940319,False,False,15.185100216781947
-1502500.0,-1007500.0,1500,-50.80955190993807,False,False,15.123099687840757
-1497500.0,-1007500.0,1500,-48.510080869337976,False,False,15.05071841569873
-1492500.0,-1007500.0,1500,-45.10666896594377,False,False,14.980500334987692
-1487500.0,-1007500.0,1500,-39.805116262140245,False,False,14.927535916071239
-1482500.0,-1007500.0,1500,-33.76494985255741,False,True,14.898491578239632
-1477500.0,-1007500.0,1500,-27.19963449486262,False,True,14.881294891305632
-1472500.0,-1007500.0,1500,-20.150537063175268,False,True,14.845554390401064
-1467500.0,-1007500.0,1500,-12.9939316043866,False,True,14.674206619044478
-1462500.0,-1007500.0,1500,-8.778366267423543,False,True,14.264751322468358
-1457500.0,-1007500.0,1500,-7.6030082810653195,False,True,13.635167613289891
-1452500.0,-1007500.0,1500,-5.97753262398804,False,True,12.5380075647715
-1447500.0,-1007500.0,1500,-4.496010050197399,False,True,10.439014539541631
-1442500.0,-1007500.0,1500,1.922241020052257,False,False,6.780789348089531
-1437500.0,-1007500.0,1500,13.638774493274392,False,True,5.96410875858386
-1432500.0,-1007500.0,1500,22.19703001970499,False,True,8.81499657993349
-1427500.0,-1007500.0,1500,16.350375501518606,False,True,10.768521519570413
-1422500.0,-1007500.0,1500,-5.211807656546099,False,True,11.171598837036521
-1417500.0,-1007500.0,1500,-27.428554372567643,True,True,9.52785210316565
-1412500.0,-1007500.0,1500,-42.49741987222208,True,True,6.910341935827163
-1407500.0,-1007500.0,1500,-50.83886616694624,True,True,5.681438132709531
-1402500.0,-1007500.0,1500,-53.42179480746238,True,True,6.137996228901333
-1397500.0,-1007500.0,1500,-52.86505746896542,True,True,6.2456600081815825
-1392500.0,-1007500.0,1500,-50.5339987927421,True,True,5.3257282315127314
-1387500.0,-1007500.0,1500,-47.89284472020557,True,True,6.3898554885662655
-1382500.0,-1007500.0,1500,-47.254449108884145,True,True,8.223098412849122
-1377500.0,-1007500.0,1500,-49.38565228001059,True,True,6.965735158057003
-1372500.0,-1007500.0,1500,-56.18969653691327,True,True,5.254899280878367
-1367500.0,-1007500.0,1500,-62.83524550086862,True,True,5.909795474918862
-1362500.0,-1007500.0,1500,-64.27765973333453,True,True,5.634092382094509
-1357500.0,-1007500.0,1500,-65.62174689639131,True,True,5.298554122652248
-1352500.0,-1007500.0,1500,-66.76238006800094,True,True,5.8232355690052415
-1347500.0,-1007500.0,1500,-64.05019069428583,True,True,6.358129790414713
-1342500.0,-1007500.0,1500,-57.37516298600646,True,True,6.9579314103805245
-1337500.0,-1007500.0,1500,-45.38659983790569,True,True,5.77385630583492
-1332500.0,-1007500.0,1500,-33.799473135093365,False,True,5.130016633079574
-1327500.0,-1007500.0,1500,-29.55151314159545,False,True,6.091097618419093
-1322500.0,-1007500.0,1500,-28.459279232967024,False,True,5.198533745100357
-1317500.0,-1007500.0,1500,-24.809649299118647,False,True,3.8457546655524055
-1312500.0,-1007500.0,1500,-23.502951573226547,False,True,4.585345575127606
-1307500.0,-1007500.0,1500,-24.27590196882899,False,False,4.441991847281795
-1302500.0,-1007500.0,1500,-24.64973774775714,False,False,4.051142847197632
-1297500.0,-1007500.0,1500,-25.733183008250485,False,False,4.13846546221444
-1292500.0,-1007500.0,1500,-19.714298458889992,False,False,3.8489903611805234
-1287500.0,-1007500.0,1500,-3.272638967156352,False,False,4.202654219070542
-1282500.0,-1007500.0,1500,10.31356624715059,False,False,4.064997733058346
-1277500.0,-1007500.0,1500,13.109557274377076,False,False,3.7575881235891364
-1272500.0,-1007500.0,1500,8.805612863561901,False,False,4.031058077650157
-1267500.0,-1007500.0,1500,1.8717594717031043,False,False,3.788369254425869
-1262500.0,-1007500.0,1500,-6.165413076509762,False,False,3.899880797425612
-1257500.0,-1007500.0,1500,-14.63466179066954,False,False,4.577866028535088
-1252500.0,-1007500.0,1500,-16.238558186146072,False,False,4.989815161844071
-1247500.0,-1007500.0,1500,-8.588998043225594,False,False,5.730417331641014
-1242500.0,-1007500.0,1500,-4.6766927758026675,False,False,6.9186936398902485
-1237500.0,-1007500.0,1500,-7.251066622322051,False,False,7.746192665921811
-1232500.0,-1007500.0,1500,2.401880289607401,False,False,7.305258661844132
-1227500.0,-1007500.0,1500,21.142683777817822,False,False,5.2808405488706915
-1222500.0,-1007500.0,1500,27.707101072187594,False,False,4.068418024203387
-1217500.0,-1007500.0,1500,24.063174480546852,False,False,5.289354697358096
-1212500.0,-1007500.0,1500,20.587526057239902,False,False,6.491467875146442
-1207500.0,-1007500.0,1500,15.460530413003516,False,False,5.73104479460888
-1202500.0,-1007500.0,1500,9.324183070498602,False,False,4.0899692881741405
-1197500.0,-1007500.0,1500,5.43539510550049,False,False,3.5853624518631486
-1597500.0,-1002500.0,1500,14.015559284949363,False,False,15.415098967785639
-1592500.0,-1002500.0,1500,10.594893381973412,False,False,15.413065562429026
-1587500.0,-1002500.0,1500,6.01900899512524,False,False,15.41014397947514
-1582500.0,-1002500.0,1500,0.5971118511720477,False,False,15.40627956954773
-1577500.0,-1002500.0,1500,-4.158273284430917,False,False,15.401464604363326
-1572500.0,-1002500.0,1500,-8.01385810339976,False,False,15.395719379139013
-1567500.0,-1002500.0,1500,-12.097150918003816,False,False,15.38936918525858
-1562500.0,-1002500.0,1500,-15.20964989097619,False,False,15.382327056691048
-1557500.0,-1002500.0,1500,-17.722748353014385,False,False,15.374300954506019
-1552500.0,-1002500.0,1500,-20.941053761978683,False,False,15.365277419440595
-1547500.0,-1002500.0,1500,-23.830454696784056,False,False,15.355136837170775
-1542500.0,-1002500.0,1500,-26.67798811738946,False,False,15.343799690560502
-1537500.0,-1002500.0,1500,-30.130554201780956,False,False,15.331621387778426
-1532500.0,-1002500.0,1500,-33.2032331470237,False,False,15.318302483742276
-1527500.0,-1002500.0,1500,-36.25852313089734,False,False,15.302541744811123
-1522500.0,-1002500.0,1500,-40.20087840448318,False,False,15.281343960445605
-1517500.0,-1002500.0,1500,-44.12177856742342,False,False,15.250362001389048
-1512500.0,-1002500.0,1500,-48.1961795958104,False,False,15.20303549990125
-1507500.0,-1002500.0,1500,-51.55214992781583,False,False,15.132077749454035
-1502500.0,-1002500.0,1500,-51.780350100562,False,False,15.032721949489135
-1497500.0,-1002500.0,1500,-50.377109571370084,False,False,14.90294779678044
-1492500.0,-1002500.0,1500,-47.93412753033066,False,False,14.760611138436502
-1487500.0,-1002500.0,1500,-42.821676188753855,False,False,14.654260621468703
-1482500.0,-1002500.0,1500,-36.77832789168698,False,True,14.621181165853901
-1477500.0,-1002500.0,1500,-31.02311552576425,False,True,14.641855867608964
-1472500.0,-1002500.0,1500,-24.02893670101998,False,True,14.646212419496734
-1467500.0,-1002500.0,1500,-16.89003128726334,False,True,14.551765278004124
-1462500.0,-1002500.0,1500,-11.116858148829747,True,True,14.099318862900965
-1457500.0,-1002500.0,1500,-8.27282868963179,False,True,13.224463053278047
-1452500.0,-1002500.0,1500,-6.070684921613684,False,True,11.658123554829654
-1447500.0,-1002500.0,1500,-0.2883491680663431,False,True,8.54343305521624
-1442500.0,-1002500.0,1500,7.613908226415616,False,True,5.466769726849812
-1437500.0,-1002500.0,1500,18.47944650852692,False,True,6.396941943707019
-1432500.0,-1002500.0,1500,28.24092009256295,False,True,9.154633805054006
-1427500.0,-1002500.0,1500,19.72743431658367,False,True,10.270640363299378
-1422500.0,-1002500.0,1500,-1.8847572148660756,False,True,10.420617220365003
-1417500.0,-1002500.0,1500,-22.520214158123906,True,True,9.09050584975442
-1412500.0,-1002500.0,1500,-40.20911126949571,True,True,7.420325601987736
-1407500.0,-1002500.0,1500,-49.46059538245939,True,True,7.58329286649659
-1402500.0,-1002500.0,1500,-51.67714432967268,True,True,7.661053046072008
-1397500.0,-1002500.0,1500,-51.45025658877151,True,True,5.890687411408436
-1392500.0,-1002500.0,1500,-49.997452911857245,True,True,5.99000045064783
-1387500.0,-1002500.0,1500,-47.9773965676408,True,True,8.011709846462189
-1382500.0,-1002500.0,1500,-46.64688015695623,True,True,7.529063234483094
-1377500.0,-1002500.0,1500,-47.95903232566137,True,True,5.516572213176389
-1372500.0,-1002500.0,1500,-54.95012669295403,True,True,5.785432485388694
-1367500.0,-1002500.0,1500,-63.466703143282054,True,True,5.750665104034746
-1362500.0,-1002500.0,1500,-66.74387920244115,True,True,5.037700666607105
-1357500.0,-1002500.0,1500,-67.5851253461973,True,True,5.731978863520116
-1352500.0,-1002500.0,1500,-66.3225703617031,True,True,5.274348229569898
-1347500.0,-1002500.0,1500,-60.44243483881546,True,True,5.488578823658152
-1342500.0,-1002500.0,1500,-51.40332717066507,True,True,5.704830086872028
-1337500.0,-1002500.0,1500,-40.50962428731366,True,True,5.242292481123538
-1332500.0,-1002500.0,1500,-30.48629022442134,False,True,6.475795939265556
-1327500.0,-1002500.0,1500,-25.120609239982354,False,True,6.533582254068217
-1322500.0,-1002500.0,1500,-23.502368255205916,False,True,4.799270967542436
-1317500.0,-1002500.0,1500,-21.057943187436052,False,True,4.53315845672297
-1312500.0,-1002500.0,1500,-18.540639851854753,False,False,4.528032604621397
-1307500.0,-1002500.0,1500,-18.648583600179226,False,False,3.938238442893792
-1302500.0,-1002500.0,1500,-21.442973979088116,False,False,3.9520992387711957
-1297500.0,-1002500.0,1500,-24.867018824722642,False,False,3.935849708910612
-1292500.0,-1002500.0,1500,-18.19199659556015,False,False,4.382781943119945
-1287500.0,-1002500.0,1500,-3.5481778710912537,False,False,4.238318878450926
-1282500.0,-1002500.0,1500,2.535412669665442,False,False,3.7251366551689
-1277500.0,-1002500.0,1500,3.9014291121681346,False,False,3.9542058254266568
-1272500.0,-1002500.0,1500,2.6970312458039953,False,False,3.793576341698633
-1267500.0,-1002500.0,1500,-2.8841292403647936,False,False,3.8998885919307993
-1262500.0,-1002500.0,1500,-7.488914999465208,False,False,4.602116679037511
-1257500.0,-1002500.0,1500,-12.159878574891488,False,False,4.971055708767847
-1252500.0,-1002500.0,1500,-13.935474243841034,False,False,5.619154877095457
-1247500.0,-1002500.0,1500,-11.144530630024551,False,False,7.002846476802153
-1242500.0,-1002500.0,1500,-8.902059420548984,False,False,8.342674914939419
-1237500.0,-1002500.0,1500,-6.461651243799581,False,False,8.957721127377026
-1232500.0,-1002500.0,1500,0.9354796171716068,False,False,8.481138369983343
-1227500.0,-1002500.0,1500,12.152177373390016,False,False,6.625484350707705
-1222500.0,-1002500.0,1500,20.765222273491204,False,False,4.318158069590686
-1217500.0,-1002500.0,1500,26.53286281028357,False,False,4.270444046431238
-1212500.0,-1002500.0,1500,31.570612235766006,False,False,5.9217524017550405
-1207500.0,-1002500.0,1500,33.26200196334245,False,False,6.268257547638047
-1202500.0,-1002500.0,1500,29.254217364792957,False,False,4.8655588150352855
-1597500.0,-997500.0,1500,15.816757669726591,False,False,15.413583127462358
-1592500.0,-997500.0,1500,11.165610444154678,False,False,15.411263685711555
-1587500.0,-997500.0,1500,5.9232999395152515,False,False,15.408029315025772
-1582500.0,-997500.0,1500,0.04773297099819179,False,False,15.403754110207249
-1577500.0,-997500.0,1500,-4.945473333283069,False,False,15.398625468259407
-1572500.0,-997500.0,1500,-9.075032207573035,False,False,15.392555255202575
-1567500.0,-997500.0,1500,-13.376761202811707,False,False,15.38565301548854
-1562500.0,-997500.0,1500,-16.732331046984513,False,False,15.378035366165035
-1557500.0,-997500.0,1500,-18.946016690451785,False,False,15.36925861087592
-1552500.0,-997500.0,1500,-21.200464950530154,False,False,15.35931541580478
-1547500.0,-997500.0,1500,-23.05841117991615,False,False,15.348467321612713
-1542500.0,-997500.0,1500,-25.001550007323246,False,False,15.33660719896222
-1537500.0,-997500.0,1500,-27.804058068464332,False,False,15.323840728841798
-1532500.0,-997500.0,1500,-30.330338226346413,False,False,15.309635783108202
-1527500.0,-997500.0,1500,-32.846043350545386,False,False,15.291522447637444
-1522500.0,-997500.0,1500,-36.134909151441406,False,False,15.265116275346662
-1517500.0,-997500.0,1500,-39.75267860016337,False,False,15.22275902487863
-1512500.0,-997500.0,1500,-43.709811451632206,False,False,15.155734452887138
-1507500.0,-997500.0,1500,-47.06978314267641,False,False,15.04935217768814
-1502500.0,-997500.0,1500,-48.258729913723194,False,False,14.88292919680065
-1497500.0,-997500.0,1500,-48.25603951092906,False,False,14.634082875431885
-1492500.0,-997500.0,1500,-47.795732694380035,False,False,14.312121986287512
-1487500.0,-997500.0,1500,-45.62368101272336,False,False,14.042165843128503
-1482500.0,-997500.0,1500,-41.69308701816136,False,True,14.001821636448408
-1477500.0,-997500.0,1500,-37.130633312338915,False,True,14.1520585695239
-1472500.0,-997500.0,1500,-30.909986477893508,False,True,14.282016117836386
-1467500.0,-997500.0,1500,-20.649638400034473,False,True,14.241574857752989
-1462500.0,-997500.0,1500,-12.606507770469369,True,True,13.786181033457751
-1457500.0,-997500.0,1500,-11.327042869077442,False,True,12.706590576252111
-1452500.0,-997500.0,1500,-11.049542004494803,False,True,10.565260063971888
-1447500.0,-997500.0,1500,-2.8441115106290895,False,True,6.683875947272783
-1442500.0,-997500.0,1500,9.271695343870709,False,True,5.501041096211487
-1437500.0,-997500.0,1500,20.2579828632294,False,False,8.005076073557902
-1432500.0,-997500.0,1500,32.05898828555563,False,True,9.214332788274838
-1427500.0,-997500.0,1500,26.22530765834787,False,True,8.41459749323916
-1422500.0,-997500.0,1500,4.615907664216902,False,True,8.31586689916517
-1417500.0,-997500.0,1500,-17.018706669466354,False,True,9.420039914913414
-1412500.0,-997500.0,1500,-36.54994810005621,True,True,9.733119907985412
-1407500.0,-997500.0,1500,-47.96376858429676,True,True,8.9051712091682
-1402500.0,-997500.0,1500,-51.07388688956334,True,True,6.538718291781443
-1397500.0,-997500.0,1500,-50.91518100496465,True,True,5.643147099572529
-1392500.0,-997500.0,1500,-50.596593850161796,True,True,7.5991638582554994
-1387500.0,-997500.0,1500,-49.53028660375789,True,True,8.054189814316342
-1382500.0,-997500.0,1500,-47.9530880364472,True,True,5.948711371112576
-1377500.0,-997500.0,1500,-49.00824211191815,True,True,5.578257184960441
-1372500.0,-997500.0,1500,-54.825513888094115,True,True,6.014334111127125
-1367500.0,-997500.0,1500,-62.64762943024755,True,True,5.068641300307117
-1362500.0,-997500.0,1500,-66.67977316595845,True,True,5.595372853515079
-1357500.0,-997500.0,1500,-66.85058248954141,True,True,5.612398158785576
-1352500.0,-997500.0,1500,-63.11667147499249,True,True,5.447831343052238
-1347500.0,-997500.0,1500,-53.26771165393823,True,True,5.54244454492285
-1342500.0,-997500.0,1500,-42.427940678746644,True,True,5.012321117776892
-1337500.0,-997500.0,1500,-33.85642132748277,False,True,6.406879570746986
-1332500.0,-997500.0,1500,-26.00677621963119,False,True,7.175649910072907
-1327500.0,-997500.0,1500,-18.91284529043866,False,True,5.381447170820023
-1322500.0,-997500.0,1500,-16.639124743887272,False,True,4.570646060024474
-1317500.0,-997500.0,1500,-18.37882668897861,False,False,4.668138428790808
-1312500.0,-997500.0,1500,-20.414395111164584,False,False,3.973350182557147
-1307500.0,-997500.0,1500,-20.405458470236617,False,False,3.737676337952887
-1302500.0,-997500.0,1500,-15.543312123820318,False,False,3.95367996602711
-1297500.0,-997500.0,1500,-12.847997051170152,False,False,4.6104050116688855
-1292500.0,-997500.0,1500,-7.2146279186799305,False,False,4.595360513110968
-1287500.0,-997500.0,1500,3.005981777858763,False,False,3.753582181233389
-1282500.0,-997500.0,1500,4.9888847228396545,False,False,3.8178126052485943
-1277500.0,-997500.0,1500,1.887285536056723,False,False,3.7983926258591523
-1272500.0,-997500.0,1500,-0.7451143897669918,False,False,3.8440394960187296
-1267500.0,-997500.0,1500,-5.153919077876157,False,False,4.676549212523109
-1262500.0,-997500.0,1500,-8.96217407030783,False,False,5.0464914069698485
-1257500.0,-997500.0,1500,-10.506773031053733,False,False,5.4246667698890105
-1252500.0,-997500.0,1500,-10.774404001480637,False,False,6.687677649683131
-1247500.0,-997500.0,1500,-9.049108223840504,False,False,8.24239423290361
-1242500.0,-997500.0,1500,-6.780990172593368,False,False,9.360055488913963
-1237500.0,-997500.0,1500,-3.0166686129578606,False,False,9.778721875662306
-1232500.0,-997500.0,1500,2.828606470504012,False,False,9.355454674121795
-1227500.0,-997500.0,1500,11.129069427677189,False,False,7.857283401725781
-1222500.0,-997500.0,1500,21.537555300984327,False,False,5.342645869198294
-1597500.0,-992500.0,1500,16.930325009836373,False,False,15.41202427130204
-1592500.0,-992500.0,1500,11.559356960029417,False,False,15.409417440258348
-1587500.0,-992500.0,1500,5.756087148973499,False,False,15.40593125637362
-1582500.0,-992500.0,1500,-0.10604032420067593,False,False,15.401360355136527
-1577500.0,-992500.0,1500,-5.4833099276862916,False,False,15.39589271340419
-1572500.0,-992500.0,1500,-10.319327174240362,False,False,15.389525481243684
-1567500.0,-992500.0,1500,-14.872338081020828,False,False,15.382017137322226
-1562500.0,-992500.0,1500,-18.670791588068415,False,False,15.373561036379694
-1557500.0,-992500.0,1500,-21.047650064522674,False,False,15.363933140996949
-1552500.0,-992500.0,1500,-22.283037605214215,False,False,15.352912381873189
-1547500.0,-992500.0,1500,-23.012645580466906,False,False,15.341072948424353
-1542500.0,-992500.0,1500,-24.03362591385063,False,False,15.328452079998891
-1537500.0,-992500.0,1500,-25.67001750771257,False,False,15.314590427989746
-1532500.0,-992500.0,1500,-27.39983616438397,False,False,15.298207200375362
-1527500.0,-992500.0,1500,-28.96638115952017,False,False,15.27552961920956
-1522500.0,-992500.0,1500,-30.719104238029626,False,False,15.239975901763861
-1517500.0,-992500.0,1500,-33.105298107009844,False,False,15.18081322399117
-1512500.0,-992500.0,1500,-35.61504808153518,False,False,15.083960646779211
-1507500.0,-992500.0,1500,-37.44585080305472,False,False,14.928361707086532
-1502500.0,-992500.0,1500,-38.09141306272345,False,False,14.660958557012076
-1497500.0,-992500.0,1500,-38.411638246549046,False,True,14.18886034488406
-1492500.0,-992500.0,1500,-40.375355282752174,False,False,13.416482616815747
-1487500.0,-992500.0,1500,-43.186086802368806,False,False,12.660265005711938
-1482500.0,-992500.0,1500,-44.55738132916384,False,True,12.587814018133672
-1477500.0,-992500.0,1500,-44.06588226829913,False,True,13.120371583355517
-1472500.0,-992500.0,1500,-39.60167616994773,False,True,13.612731756998038
-1467500.0,-992500.0,1500,-26.66932716526863,False,True,13.741079781064657
-1462500.0,-992500.0,1500,-15.067757810587093,True,True,13.265238117289092
-1457500.0,-992500.0,1500,-12.49988148038196,True,True,11.889474412935845
-1452500.0,-992500.0,1500,-10.499460775593104,False,True,8.817668083847666
-1447500.0,-992500.0,1500,0.5211288302840855,False,True,5.653028517293635
-1442500.0,-992500.0,1500,15.479376595337808,False,True,6.5660895989458385
-1437500.0,-992500.0,1500,26.372759241278153,False,True,8.916644506297946
-1432500.0,-992500.0,1500,34.96241738134508,False,True,8.478320212939247
-1427500.0,-992500.0,1500,28.959862143878755,False,True,6.022165157347353
-1422500.0,-992500.0,1500,7.11870929836199,False,True,6.338027140184198
-1417500.0,-992500.0,1500,-17.522136925772987,False,True,9.244635746041396
-1412500.0,-992500.0,1500,-37.82751871599562,True,True,9.717560197235755
-1407500.0,-992500.0,1500,-49.974680935188545,True,True,7.366834335270045
-1402500.0,-992500.0,1500,-53.809266023575425,True,True,5.501787969359954
-1397500.0,-992500.0,1500,-53.444303106606846,True,True,7.045155139456821
-1392500.0,-992500.0,1500,-53.51052559675067,True,True,8.333669196765884
-1387500.0,-992500.0,1500,-52.88451403263431,True,True,6.443459663681364
-1382500.0,-992500.0,1500,-51.59296738576629,True,True,5.405622313415831
-1377500.0,-992500.0,1500,-51.56254604655045,True,True,6.024076252463477
-1372500.0,-992500.0,1500,-54.47556982161776,True,True,5.340093137606718
-1367500.0,-992500.0,1500,-58.983268709125845,True,True,5.58278608075314
-1362500.0,-992500.0,1500,-61.327396781416326,True,True,5.662801347247217
-1357500.0,-992500.0,1500,-61.09436201109454,True,True,5.25823535740239
-1352500.0,-992500.0,1500,-57.331352978784494,True,True,5.85317876875942
-1347500.0,-992500.0,1500,-46.8779453438036,True,True,5.2306433590985195
-1342500.0,-992500.0,1500,-36.075997707044515,True,True,5.920954580186761
-1337500.0,-992500.0,1500,-26.704587973491265,False,True,7.258630994693633
-1332500.0,-992500.0,1500,-18.180118481699093,False,True,5.823477987097799
-1327500.0,-992500.0,1500,-11.291026036398824,False,True,4.605021233567057
-1322500.0,-992500.0,1500,-12.787074192795101,False,True,4.767864054776432
-1317500.0,-992500.0,1500,-19.94082638509793,False,False,4.1974733205656385
-1312500.0,-992500.0,1500,-24.548344322958776,False,False,3.6099305619407605
-1307500.0,-992500.0,1500,-23.266111865665266,False,False,3.725374795859285
-1302500.0,-992500.0,1500,-11.952350116922524,False,False,4.566288716694756
-1297500.0,-992500.0,1500,-2.122051411799604,False,False,4.930462516990754
-1292500.0,-992500.0,1500,5.129153040983294,False,False,3.944338827818909
-1287500.0,-992500.0,1500,7.647117439418863,False,False,3.9037323054491457
-1282500.0,-992500.0,1500,2.3807249369819177,False,False,4.1236067152857
-1277500.0,-992500.0,1500,-1.851064461097721,False,False,4.005280552943578
-1272500.0,-992500.0,1500,-4.026088857489389,False,False,4.7029812148033345
-1267500.0,-992500.0,1500,-7.670974102903163,False,False,5.162833765928643
-1262500.0,-992500.0,1500,-11.060882231745719,False,False,5.40205985595534
-1257500.0,-992500.0,1500,-10.487277263798413,False,False,6.39179894705221
-1252500.0,-992500.0,1500,-7.874031667207986,False,False,7.910968156875985
-1247500.0,-992500.0,1500,-5.473122362519156,False,False,9.239662871685269
-1242500.0,-992500.0,1500,-2.115828606069198,False,False,10.062112386379328
-1237500.0,-992500.0,1500,5.6019326878702715,False,False,10.294561275314564
-1232500.0,-992500.0,1500,13.306300394735343,False,False,9.924011915086446
-1227500.0,-992500.0,1500,17.569620499633302,False,False,8.809627972864291
-1597500.0,-987500.0,1500,17.533151735929742,False,False,15.410439497546212
-1592500.0,-987500.0,1500,11.815219038043656,False,False,15.407605286729904
-1587500.0,-987500.0,1500,5.550114401693983,False,False,15.403904541363241
-1582500.0,-987500.0,1500,-0.39712218198551824,False,False,15.399148791763277
-1577500.0,-987500.0,1500,-6.24879285814601,False,False,15.393348322994731
-1572500.0,-987500.0,1500,-11.770634577567268,False,False,15.386547322733305
-1567500.0,-987500.0,1500,-16.54257284745518,False,False,15.378375766915731
-1562500.0,-987500.0,1500,-20.70396233263957,False,False,15.368839583096657
-1557500.0,-987500.0,1500,-23.39351710125002,False,False,15.358074905487475
-1552500.0,-987500.0,1500,-24.03433143314251,False,False,15.345847935401753
-1547500.0,-987500.0,1500,-23.909999347011524,False,False,15.332695996858051
-1542500.0,-987500.0,1500,-23.86220957371679,False,False,15.318798005353841
-1537500.0,-987500.0,1500,-24.071725408032695,False,False,15.30312044776517
-1532500.0,-987500.0,1500,-24.691523560785146,False,False,15.28296849032724
-1527500.0,-987500.0,1500,-25.011698600650135,False,False,15.252738024276326
-1522500.0,-987500.0,1500,-25.385209491458582,False,False,15.203175960991318
-1517500.0,-987500.0,1500,-26.634998266670035,False,False,15.118839899079697
-1512500.0,-987500.0,1500,-27.37600855960685,False,False,14.979043811230225
-1507500.0,-987500.0,1500,-26.959327266377713,False,True,14.756805102307965
-1502500.0,-987500.0,1500,-25.460695522584555,False,True,14.37514253124033
-1497500.0,-987500.0,1500,-23.940900254236066,False,True,13.6205960594068
-1492500.0,-987500.0,1500,-26.720774778383433,False,True,12.113435683309152
-1487500.0,-987500.0,1500,-33.976165701658964,False,True,9.711889311106619
-1482500.0,-987500.0,1500,-42.49030236866936,False,True,9.304392339558028
-1477500.0,-987500.0,1500,-49.30843933965475,False,True,11.107465999693305
-1472500.0,-987500.0,1500,-47.7433023065679,False,True,12.358463481530318
-1467500.0,-987500.0,1500,-34.628943298930075,False,True,12.849788641886967
-1462500.0,-987500.0,1500,-20.662602128512425,True,True,12.397174699110028
-1457500.0,-987500.0,1500,-12.95785083576138,False,True,10.613122137655429
-1452500.0,-987500.0,1500,-6.957012537740867,False,True,6.810726223261159
-1447500.0,-987500.0,1500,2.2911355757235468,False,True,5.746132126524676
-1442500.0,-987500.0,1500,14.5695389677183,False,True,8.332574242823101
-1437500.0,-987500.0,1500,27.01775295299113,False,True,9.12030449289777
-1432500.0,-987500.0,1500,31.848534094061716,False,True,7.152609565954469
-1427500.0,-987500.0,1500,22.28974743476605,False,True,5.0919609559324615
-1422500.0,-987500.0,1500,2.519056910670472,False,True,6.717401186986043
-1417500.0,-987500.0,1500,-22.73390371021547,False,True,9.180915082794067
-1412500.0,-987500.0,1500,-42.93755218788429,True,True,8.080910490291208
-1407500.0,-987500.0,1500,-53.45716507246086,True,True,5.735288734812121
-1402500.0,-987500.0,1500,-56.86016866555286,True,True,6.519090742971388
-1397500.0,-987500.0,1500,-55.86437289990146,True,True,8.3527623386041
-1392500.0,-987500.0,1500,-55.67978396008185,True,True,6.963622777151121
-1387500.0,-987500.0,1500,-55.4633226713874,True,True,5.3012112567234
-1382500.0,-987500.0,1500,-53.67845929213243,True,True,5.965657748678654
-1377500.0,-987500.0,1500,-52.31876219182889,True,True,5.604773689186948
-1372500.0,-987500.0,1500,-53.29567043219587,True,True,5.372271625606939
-1367500.0,-987500.0,1500,-54.9079501673324,True,True,5.756808985290445
-1362500.0,-987500.0,1500,-54.69581544476734,True,True,5.116450193253057
-1357500.0,-987500.0,1500,-53.47323863981561,True,True,5.682244703235058
-1352500.0,-987500.0,1500,-51.39758380501125,True,True,5.4245622601446195
-1347500.0,-987500.0,1500,-44.460059675295724,True,True,5.562883639516166
-1342500.0,-987500.0,1500,-34.33928959742726,True,True,7.164565384951985
-1337500.0,-987500.0,1500,-21.718991731817848,False,True,6.238832841875836
-1332500.0,-987500.0,1500,-10.404661440234632,False,True,4.599363292037307
-1327500.0,-987500.0,1500,-8.514037091646138,False,True,4.799664883457207
-1322500.0,-987500.0,1500,-15.600878871263395,False,True,4.448212620288441
-1317500.0,-987500.0,1500,-18.742285871224755,False,False,3.569470197494551
-1312500.0,-987500.0,1500,-18.430861412485143,False,False,3.635625032582781
-1307500.0,-987500.0,1500,-15.403366839820055,False,False,4.488313826988467
-1302500.0,-987500.0,1500,-6.346620674577712,False,False,5.072765461673771
-1297500.0,-987500.0,1500,-0.33340747299641843,False,False,4.208176360837987
-1292500.0,-987500.0,1500,4.710088874123114,False,False,3.576045704216697
-1287500.0,-987500.0,1500,5.210653894938419,False,False,4.189491437162964
-1282500.0,-987500.0,1500,-1.2645063044512668,False,False,4.611542175913309
-1277500.0,-987500.0,1500,-6.4229607803349635,False,False,4.916651707010757
-1272500.0,-987500.0,1500,-9.813990270079282,False,False,5.278544247751275
-1267500.0,-987500.0,1500,-12.908051580761347,False,False,5.393714720942295
-1262500.0,-987500.0,1500,-13.49725882711574,False,False,6.171692923522686
-1257500.0,-987500.0,1500,-10.38999007428797,False,False,7.58859411719078
-1252500.0,-987500.0,1500,-6.019972011112371,False,False,8.972219112852066
-1247500.0,-987500.0,1500,-1.8706139777547262,False,False,9.96771061605082
-1242500.0,-987500.0,1500,3.350331864753933,False,False,10.52337400737012
-1237500.0,-987500.0,1500,22.068171898140235,False,False,10.605905581033305
-1232500.0,-987500.0,1500,32.96929161216746,False,False,10.29865144397874
-1227500.0,-987500.0,1500,25.586137499410917,False,False,9.51869274048251
-1597500.0,-982500.0,1500,17.71094240115271,False,False,15.408864283674616
-1592500.0,-982500.0,1500,11.825665453972091,False,False,15.405874517439825
-1587500.0,-982500.0,1500,5.3412797362539,False,False,15.402029182292313
-1582500.0,-982500.0,1500,-0.7868172004405789,False,False,15.397140335275402
-1577500.0,-982500.0,1500,-7.1023922106248065,False,False,15.391033169870795
-1572500.0,-982500.0,1500,-13.21448267635678,False,False,15.383609633046184
-1567500.0,-982500.0,1500,-18.2908750185668,False,False,15.374570721081328
-1562500.0,-982500.0,1500,-22.49681745937321,False,False,15.363777294183691
-1557500.0,-982500.0,1500,-25.1587437438667,False,False,15.351528314257841
-1552500.0,-982500.0,1500,-25.75517435855698,False,False,15.337814610665596
-1547500.0,-982500.0,1500,-24.916749842946565,False,False,15.323084410978375
-1542500.0,-982500.0,1500,-23.528400967583455,False,False,15.307361320680945
-1537500.0,-982500.0,1500,-22.550485888530062,False,False,15.288811577416588
-1532500.0,-982500.0,1500,-21.909745573398222,False,False,15.263682782368157
-1527500.0,-982500.0,1500,-21.25205889422624,False,False,15.223028311285011
-1522500.0,-982500.0,1500,-20.785475307554684,False,False,15.153788982847434
-1517500.0,-982500.0,1500,-20.745764754349796,False,False,15.033177377123979
-1512500.0,-982500.0,1500,-20.584811787731798,False,True,14.824994996404534
-1507500.0,-982500.0,1500,-18.88030814187887,False,True,14.492916794372984
-1502500.0,-982500.0,1500,-15.60808507909315,False,True,13.982746681491548
-1497500.0,-982500.0,1500,-13.379738166444408,False,True,13.103748192768379
-1492500.0,-982500.0,1500,-16.449429538137903,False,True,11.406703099672445
-1487500.0,-982500.0,1500,-25.45455649739035,False,True,8.214353332215222
-1482500.0,-982500.0,1500,-38.918741540788446,False,True,6.124563437821282
-1477500.0,-982500.0,1500,-51.51461410018438,False,True,7.504216458410184
-1472500.0,-982500.0,1500,-52.67641493624563,False,True,9.95499239512798
-1467500.0,-982500.0,1500,-42.04519766680613,False,True,11.278428238963564
-1462500.0,-982500.0,1500,-29.52022701659884,True,True,11.076762723171584
-1457500.0,-982500.0,1500,-19.01390452531465,True,True,8.728838768051602
-1452500.0,-982500.0,1500,-10.805875741713631,True,True,5.975120150463055
-1447500.0,-982500.0,1500,-3.9962354397670583,False,True,7.162879734976791
-1442500.0,-982500.0,1500,3.1163838877545045,False,True,9.556009705681156
-1437500.0,-982500.0,1500,15.037252375048894,False,True,8.731701668059127
-1432500.0,-982500.0,1500,20.82595709785913,False,True,5.796341579596758
-1427500.0,-982500.0,1500,7.406977943904016,False,True,5.54288506147631
-1422500.0,-982500.0,1500,-12.63208328140589,False,True,8.103703768299518
-1417500.0,-982500.0,1500,-32.591682587622365,False,True,8.339703614466472
-1412500.0,-982500.0,1500,-47.81569704564585,True,True,6.146404605492509
-1407500.0,-982500.0,1500,-54.76524441194343,True,True,6.089577203359113
-1402500.0,-982500.0,1500,-56.89672622441944,True,True,8.116585996492041
-1397500.0,-982500.0,1500,-55.41225842337436,True,True,7.543399174517532
-1392500.0,-982500.0,1500,-54.608458276375146,True,True,5.514803575847774
-1387500.0,-982500.0,1500,-54.5396094861147,True,True,5.788095115589213
-1382500.0,-982500.0,1500,-51.93511137054741,True,True,5.834992803491733
-1377500.0,-982500.0,1500,-50.058797108503306,True,True,5.245938138299662
-1372500.0,-982500.0,1500,-51.46931676128213,True,True,5.759483051574657
-1367500.0,-982500.0,1500,-52.191836977123685,True,True,5.236213051859305
-1362500.0,-982500.0,1500,-49.87477245087255,True,True,5.57959910841686
-1357500.0,-982500.0,1500,-46.22022998949431,True,True,5.573642820290207
-1352500.0,-982500.0,1500,-43.85900852791091,True,True,5.1322325511078795
-1347500.0,-982500.0,1500,-40.026545130048795,True,True,6.411910138472091
-1342500.0,-982500.0,1500,-30.17498268838413,False,True,6.31902011186202
-1337500.0,-982500.0,1500,-15.705374659785456,False,True,4.7878668051297115
-1332500.0,-982500.0,1500,-2.4137736652516075,False,True,4.690727381266569
-1327500.0,-982500.0,1500,-0.18102425186738083,False,True,4.623576837409935
-1322500.0,-982500.0,1500,-3.7798471599736483,False,False,3.6579683519755717
-1317500.0,-982500.0,1500,1.5200030814183256,False,False,3.488926293436963
-1312500.0,-982500.0,1500,3.914722919933081,False,False,4.3361762533739014
-1307500.0,-982500.0,1500,0.6613345407411262,False,False,5.1477574425274035
-1302500.0,-982500.0,1500,-0.4384529291334943,False,False,4.450120680659175
-1297500.0,-982500.0,1500,-2.9157307432548234,False,False,3.519849121890841
-1292500.0,-982500.0,1500,-2.5064980747137766,False,False,3.404309917134846
-1287500.0,-982500.0,1500,-1.1447939189864322,False,False,4.107976031701589
-1282500.0,-982500.0,1500,-4.858584481751407,False,False,5.168256139440104
-1277500.0,-982500.0,1500,-10.383750386714254,False,False,5.503160578747885
-1272500.0,-982500.0,1500,-13.916344651222989,False,False,5.482351227097096
-1267500.0,-982500.0,1500,-15.207230678196419,False,False,6.007696424506958
-1262500.0,-982500.0,1500,-14.135177272885256,False,False,7.283502738912709
-1257500.0,-982500.0,1500,-10.162662407851858,False,False,8.685556525535397
-1252500.0,-982500.0,1500,-4.847147226959306,False,False,9.765069212333838
-1247500.0,-982500.0,1500,1.1932051178706247,False,False,10.463004954693897
-1242500.0,-982500.0,1500,7.956493864644222,False,False,10.819100847234804
-1237500.0,-982500.0,1500,29.112914138691462,False,False,10.831963066794497
-1597500.0,-977500.0,1500,17.405919010376262,False,False,15.407332983224821
-1592500.0,-977500.0,1500,11.528480074738756,False,False,15.404271566306383
-1587500.0,-977500.0,1500,5.076014562899307,False,False,15.400324634735767
-1582500.0,-977500.0,1500,-1.109841025473205,False,False,15.395320617399575
-1577500.0,-977500.0,1500,-7.267186004395723,False,False,15.388872831166957
-1572500.0,-977500.0,1500,-13.76836378320868,False,False,15.380648840796383
-1567500.0,-977500.0,1500,-19.492153696937464,False,False,15.3704680021462
-1562500.0,-977500.0,1500,-23.426153325263094,False,False,15.358235342344514
-1557500.0,-977500.0,1500,-26.048837010390336,False,False,15.344180316725643
-1552500.0,-977500.0,1500,-26.5678222580358,False,False,15.328632241936948
-1547500.0,-977500.0,1500,-24.626649423910017,False,False,15.312004209818928
-1542500.0,-977500.0,1500,-22.13622381634268,False,False,15.294010215966246
-1537500.0,-977500.0,1500,-20.490535062567712,False,False,15.271880498895646
-1532500.0,-977500.0,1500,-19.39151069300968,False,False,15.240773309780437
-1527500.0,-977500.0,1500,-18.679730816016274,False,False,15.189208079256336
-1522500.0,-977500.0,1500,-17.45324481049632,False,False,15.095803711753042
-1517500.0,-977500.0,1500,-15.71012049193308,False,False,14.926988223504122
-1512500.0,-977500.0,1500,-14.626940951806215,False,True,14.61154488105553
-1507500.0,-977500.0,1500,-12.302488008678896,False,True,14.050373576268726
-1502500.0,-977500.0,1500,-9.370276913392408,False,True,13.211590519073466
-1497500.0,-977500.0,1500,-8.85500384142502,False,True,12.304228198791906
-1492500.0,-977500.0,1500,-11.414106453945307,False,True,11.33322060335769
-1487500.0,-977500.0,1500,-17.92646309520495,False,True,9.729222496436526
-1482500.0,-977500.0,1500,-32.28153430332437,False,True,7.354508850339721
-1477500.0,-977500.0,1500,-48.06678105342478,False,True,5.931611108781504
-1472500.0,-977500.0,1500,-52.36165278682144,False,True,6.528526321080209
-1467500.0,-977500.0,1500,-46.98490404596051,True,True,8.287588862175372
-1462500.0,-977500.0,1500,-38.554575380878795,True,True,9.012438607768903
-1457500.0,-977500.0,1500,-29.024966368043412,True,True,6.618097410882762
-1452500.0,-977500.0,1500,-20.225487864897577,True,True,6.220651844315453
-1447500.0,-977500.0,1500,-12.7861822953196,False,True,9.030732524139157
-1442500.0,-977500.0,1500,-6.956052742022639,False,True,9.830253284046723
-1437500.0,-977500.0,1500,5.101766012622997,False,True,7.467781570185114
-1432500.0,-977500.0,1500,10.331285683862895,False,True,5.163192070949646
-1427500.0,-977500.0,1500,-8.312123676959324,False,True,6.741159631013341
-1422500.0,-977500.0,1500,-29.39856265376365,False,True,8.38819138935071
-1417500.0,-977500.0,1500,-42.08565723143638,True,True,6.509711508703182
-1412500.0,-977500.0,1500,-50.45551114101493,True,True,5.679410596306461
-1407500.0,-977500.0,1500,-54.93010095517445,True,True,7.6631279973256134
-1402500.0,-977500.0,1500,-56.353638364727715,True,True,8.013839639820208
-1397500.0,-977500.0,1500,-54.72967628824542,True,True,5.923157549111205
-1392500.0,-977500.0,1500,-53.77659543696336,True,True,5.618527852845469
-1387500.0,-977500.0,1500,-52.61787779377508,True,True,5.923306105975211
-1382500.0,-977500.0,1500,-47.990851626810375,True,True,5.146426148037057
-1377500.0,-977500.0,1500,-44.40878151379195,True,True,5.750654453828739
-1372500.0,-977500.0,1500,-45.64413432965439,True,True,5.463741477831486
-1367500.0,-977500.0,1500,-46.89065389418864,True,True,5.3690326034329034
-1362500.0,-977500.0,1500,-44.83474240205207,True,True,5.684746989625355
-1357500.0,-977500.0,1500,-40.00582041925854,True,True,5.004795809695335
-1352500.0,-977500.0,1500,-35.51839283646998,True,True,5.869023099258178
-1347500.0,-977500.0,1500,-30.435921512969887,False,True,5.928205877245971
-1342500.0,-977500.0,1500,-20.28706217830348,False,True,4.479168206859484
-1337500.0,-977500.0,1500,-6.99609523849832,False,True,4.587417961183546
-1332500.0,-977500.0,1500,3.30625066456779,False,True,4.7109853814638845
-1327500.0,-977500.0,1500,8.740913534563413,False,True,3.791479343929218
-1322500.0,-977500.0,1500,13.794408117656992,False,False,3.4469364194448224
-1317500.0,-977500.0,1500,20.954685580099,False,False,4.138953628407115
-1312500.0,-977500.0,1500,19.620051108109546,False,False,5.0531740694260305
-1307500.0,-977500.0,1500,9.345074596959313,False,False,4.618515223850652
-1302500.0,-977500.0,1500,-2.243293515703567,False,False,3.5657758914047655
-1297500.0,-977500.0,1500,-11.01780407317629,False,False,3.2682093011598234
-1292500.0,-977500.0,1500,-9.748223205090728,False,False,3.6510022185251305
-1287500.0,-977500.0,1500,-6.499476795858766,False,False,4.67526510320463
-1282500.0,-977500.0,1500,-8.066598633291145,False,False,5.484384923835524
-1277500.0,-977500.0,1500,-11.511932100267675,False,False,5.580823981094106
-1272500.0,-977500.0,1500,-14.20766187068419,False,False,5.9496743992037455
-1267500.0,-977500.0,1500,-14.827832363314347,False,False,7.043147079991195
-1262500.0,-977500.0,1500,-13.353865215086326,False,False,8.415154365014681
-1257500.0,-977500.0,1500,-8.781714482068313,False,False,9.550968313790992
-1252500.0,-977500.0,1500,-3.1668865402776087,False,False,10.321847576686487
-1247500.0,-977500.0,1500,3.1666843797949893,False,False,10.784249034605088
-1242500.0,-977500.0,1500,9.443003724822589,False,False,11.010949185576372
-1597500.0,-972500.0,1500,16.73824621537702,False,False,15.405880706836609
-1592500.0,-972500.0,1500,11.118569654855717,False,False,15.402838637182978
-1587500.0,-972500.0,1500,4.702079186229942,False,False,15.398841501249485
-1582500.0,-972500.0,1500,-1.4324715538333648,False,False,15.393660843302648
-1577500.0,-972500.0,1500,-6.914167421480526,False,False,15.386776743792606
-1572500.0,-972500.0,1500,-13.284403139895982,False,False,15.377574499460415
-1567500.0,-972500.0,1500,-19.279437337916857,False,False,15.365998806320627
-1562500.0,-972500.0,1500,-23.301691737330263,False,False,15.352083202545398
-1557500.0,-972500.0,1500,-26.563119140787695,False,False,15.335905503657386
-1552500.0,-972500.0,1500,-27.161732074392003,False,False,15.318165268044496
-1547500.0,-972500.0,1500,-24.23651832428281,False,False,15.299343564540756
-1542500.0,-972500.0,1500,-21.170997562740368,False,False,15.278642530597937
-1537500.0,-972500.0,1500,-19.37983408543501,False,False,15.2530197410861
-1532500.0,-972500.0,1500,-18.598185111485414,False,False,15.216216596723406
-1527500.0,-972500.0,1500,-18.683474681349864,False,False,15.15543222011029
-1522500.0,-972500.0,1500,-17.621001218447095,False,False,15.041563885196554
-1517500.0,-972500.0,1500,-14.909169251060797,False,True,14.821814119254899
-1512500.0,-972500.0,1500,-11.900028286713008,False,True,14.379405563271947
-1507500.0,-972500.0,1500,-8.704395027407378,False,True,13.436973588376636
-1502500.0,-972500.0,1500,-6.2521631747855935,False,True,11.731093922101188
-1497500.0,-972500.0,1500,-5.199757421449752,True,True,10.105204119312031
-1492500.0,-972500.0,1500,-6.415108294448631,False,True,9.939297953757045
-1487500.0,-972500.0,1500,-11.848999601752853,False,True,10.411309028590896
-1482500.0,-972500.0,1500,-23.13964059271885,False,True,10.056578903225896
-1477500.0,-972500.0,1500,-37.501279390777874,False,True,8.358186441540887
-1472500.0,-972500.0,1500,-47.43610276060427,True,True,6.341140605588638
-1467500.0,-972500.0,1500,-49.63467574521432,True,True,5.643772808241134
-1462500.0,-972500.0,1500,-45.68936856857659,True,True,5.727331672964317
-1457500.0,-972500.0,1500,-37.5911826203841,True,True,5.3642096786630935
-1452500.0,-972500.0,1500,-28.75696190800991,True,True,7.12580606646635
-1447500.0,-972500.0,1500,-21.514242226268845,False,True,9.771718312087042
-1442500.0,-972500.0,1500,-14.278486985754721,False,True,9.24393594473201
-1437500.0,-972500.0,1500,-2.429902953477921,False,True,6.081159622695302
-1432500.0,-972500.0,1500,-1.6466642438381767,False,True,5.488600250530455
-1427500.0,-972500.0,1500,-19.01721726829036,False,True,7.721779098526235
-1422500.0,-972500.0,1500,-35.45213469268887,True,True,6.883090626027439
-1417500.0,-972500.0,1500,-45.40334131320504,True,True,5.447956019933526
-1412500.0,-972500.0,1500,-51.35906729898114,True,True,7.076682525603658
-1407500.0,-972500.0,1500,-55.93971485888935,True,True,8.297025511343426
-1402500.0,-972500.0,1500,-58.54315944824423,True,True,6.347614052922476
-1397500.0,-972500.0,1500,-57.93422025604209,True,True,5.367504757562972
-1392500.0,-972500.0,1500,-56.92191400199969,True,True,6.000657876223388
-1387500.0,-972500.0,1500,-52.809530358129265,True,True,5.300795084393969
-1382500.0,-972500.0,1500,-43.69812007168433,True,True,5.600512601511967
-1377500.0,-972500.0,1500,-36.66266748072609,True,True,5.66192712395698
-1372500.0,-972500.0,1500,-35.99722633148791,True,True,5.22675716021399
-1367500.0,-972500.0,1500,-37.89359873892754,True,True,5.731477779282503
-1362500.0,-972500.0,1500,-38.36996113916478,True,True,5.153794512808861
-1357500.0,-972500.0,1500,-35.78731991600823,True,True,5.57428184693706
-1352500.0,-972500.0,1500,-29.8277982490778,False,True,5.738863079841168
-1347500.0,-972500.0,1500,-19.959910523355273,False,True,4.19715783236731
-1342500.0,-972500.0,1500,-10.02831309235119,False,True,4.1901670127267305
-1337500.0,-972500.0,1500,-2.581529615880151,False,True,4.773140538038957
-1332500.0,-972500.0,1500,1.7344061618742892,False,True,4.051914545005652
-1327500.0,-972500.0,1500,5.092756320203561,False,False,3.3781745090663113
-1322500.0,-972500.0,1500,9.453486566992911,False,False,3.9114141759520056
-1317500.0,-972500.0,1500,11.360634590769136,False,False,4.976557210020664
-1312500.0,-972500.0,1500,8.296118429220913,False,False,4.861171243801579
-1307500.0,-972500.0,1500,0.8286454341439832,False,False,3.7150862544339973
-1302500.0,-972500.0,1500,-9.696590019090403,False,False,3.1822750512530638
-1297500.0,-972500.0,1500,-16.165716413002702,False,False,3.563590687509853
-1292500.0,-972500.0,1500,-12.770764276096482,False,False,4.624252786804763
-1287500.0,-972500.0,1500,-8.302291682107793,False,False,5.505601205499195
-1282500.0,-972500.0,1500,-8.139421595569441,False,False,5.617607335497928
-1277500.0,-972500.0,1500,-10.34960668912221,False,False,5.833167088158435
-1272500.0,-972500.0,1500,-12.200280998496385,False,False,6.781503111011679
-1267500.0,-972500.0,1500,-13.36209085422185,False,False,8.14010241735264
-1262500.0,-972500.0,1500,-11.901855902076315,False,False,9.336265640290454
-1257500.0,-972500.0,1500,-7.6369994619720165,False,False,10.180426472292432
-1252500.0,-972500.0,1500,-3.425898699493296,False,False,10.70940309787222
-1247500.0,-972500.0,1500,3.205775430878151,False,False,10.996337869315738
-1242500.0,-972500.0,1500,8.678273614217545,False,False,11.126040383820364
-1597500.0,-967500.0,1500,15.752286455271681,False,False,15.404564812375105
-1592500.0,-967500.0,1500,10.567845660866462,False,False,15.401616811286347
-1587500.0,-967500.0,1500,4.06772772383762,False,False,15.397633344102793
-1582500.0,-967500.0,1500,-1.9773916977377,False,False,15.392211904838
-1577500.0,-967500.0,1500,-7.142238268755285,False,False,15.384682390684345
-1572500.0,-967500.0,1500,-13.21201959615356,False,False,15.374344315534595
-1567500.0,-967500.0,1500,-18.765888854085876,False,False,15.361160675557976
-1562500.0,-967500.0,1500,-23.038848004249672,False,False,15.345230947671753
-1557500.0,-967500.0,1500,-27.02767803483814,False,False,15.32667965190721
-1552500.0,-967500.0,1500,-28.192331070839273,False,False,15.306447675148636
-1547500.0,-967500.0,1500,-25.527741276560437,False,False,15.285043723262994
-1542500.0,-967500.0,1500,-22.360947156475916,False,False,15.261422507769815
-1537500.0,-967500.0,1500,-20.39524759167029,False,False,15.23286101785176
-1532500.0,-967500.0,1500,-20.07539708811103,False,False,15.19248127081176
-1527500.0,-967500.0,1500,-21.51730824525228,False,False,15.126897169183511
-1522500.0,-967500.0,1500,-22.544512331819313,False,True,15.004935491811771
-1517500.0,-967500.0,1500,-20.459309974260243,False,True,14.761091283103546
-1512500.0,-967500.0,1500,-15.678806448822803,False,True,14.252089134058442
-1507500.0,-967500.0,1500,-10.540033182901832,False,True,13.068418774080424
-1502500.0,-967500.0,1500,-5.712166369081461,False,True,10.541265431765346
-1497500.0,-967500.0,1500,1.676861448974611,False,True,7.254409864838641
-1492500.0,-967500.0,1500,7.733799994510578,False,True,6.406307371779299
-1487500.0,-967500.0,1500,-1.0440948119858238,False,True,8.284759965771057
-1482500.0,-967500.0,1500,-18.47267884043423,False,True,9.912207711099892
-1477500.0,-967500.0,1500,-33.67005538938944,True,True,10.172143234259392
-1472500.0,-967500.0,1500,-46.0053034826079,True,True,8.960108737274233
-1467500.0,-967500.0,1500,-52.272122141916064,True,True,6.501232336985891
-1462500.0,-967500.0,1500,-51.376750204293316,True,True,4.319197561127696
-1457500.0,-967500.0,1500,-43.45215055940616,True,True,4.4573611829405495
-1452500.0,-967500.0,1500,-34.64798288118273,True,True,7.0013972147071435
-1447500.0,-967500.0,1500,-28.307223870749862,True,True,9.041697063620813
-1442500.0,-967500.0,1500,-21.276026094062196,False,True,7.694108815786749
-1437500.0,-967500.0,1500,-12.857005203345006,False,True,5.5730277373518575
-1432500.0,-967500.0,1500,-13.878033288256754,False,True,6.597637713223994
-1427500.0,-967500.0,1500,-24.84769695384135,False,True,7.132892017007835
-1422500.0,-967500.0,1500,-35.75018696906764,True,True,5.549641682449121
-1417500.0,-967500.0,1500,-44.977953929066,True,True,6.541093391591934
-1412500.0,-967500.0,1500,-51.541146877862204,True,True,8.342811815340795
-1407500.0,-967500.0,1500,-57.17695630830397,True,True,6.86647834330672
-1402500.0,-967500.0,1500,-61.421605998922985,True,True,5.230444705201284
-1397500.0,-967500.0,1500,-62.29985446390606,True,True,5.860974280369398
-1392500.0,-967500.0,1500,-60.10555135370008,True,True,5.535841595631219
-1387500.0,-967500.0,1500,-52.1475393168617,True,True,5.460339778481632
-1382500.0,-967500.0,1500,-39.195302969916604,True,True,5.761271328049369
-1377500.0,-967500.0,1500,-30.09179970366608,True,True,5.147271940714076
-1372500.0,-967500.0,1500,-28.684824747204477,True,True,5.73106974645991
-1367500.0,-967500.0,1500,-30.52386399229154,True,True,5.380001726312209
-1362500.0,-967500.0,1500,-31.265515115782957,True,True,5.479342959444319
-1357500.0,-967500.0,1500,-28.694317296130148,False,True,5.9567502260640275
-1352500.0,-967500.0,1500,-23.196269793938633,False,True,4.272730384519997
-1347500.0,-967500.0,1500,-14.80623410607735,False,True,3.768432137286533
-1342500.0,-967500.0,1500,-8.922868452574749,False,True,4.651199760357183
-1337500.0,-967500.0,1500,-5.29605472086284,False,True,4.262989548433556
-1332500.0,-967500.0,1500,-0.1942215210960551,False,False,3.4544185762506525
-1327500.0,-967500.0,1500,3.2777401935828117,False,False,3.6267805582880115
-1322500.0,-967500.0,1500,-0.416604964364523,False,False,4.713783128505277
-1317500.0,-967500.0,1500,-9.321026086350436,False,False,5.122248072887871
-1312500.0,-967500.0,1500,-12.377329052770953,False,False,4.020950297733186
-1307500.0,-967500.0,1500,-9.418921664043104,False,False,3.226993932442771
-1302500.0,-967500.0,1500,-8.105598611468304,False,False,3.4573373662902616
-1297500.0,-967500.0,1500,-8.593176448090995,False,False,4.49488087121628
-1292500.0,-967500.0,1500,-7.044202220976089,False,False,5.486484719035922
-1287500.0,-967500.0,1500,-5.242981300006533,False,False,5.681124792023711
-1282500.0,-967500.0,1500,-6.253925501090389,False,False,5.77718554440242
-1277500.0,-967500.0,1500,-8.084884846612514,False,False,6.50785626076733
-1272500.0,-967500.0,1500,-8.686011652657095,False,False,7.781920616080489
-1267500.0,-967500.0,1500,-9.4371483665343,False,False,9.048526665370439
-1262500.0,-967500.0,1500,-8.607671740568355,False,False,9.99116210513397
-1257500.0,-967500.0,1500,-5.580410956203202,False,False,10.589985750348676
-1252500.0,-967500.0,1500,-0.38543647462126285,False,False,10.922461511280078
-1597500.0,-962500.0,1500,14.57373287745654,False,False,15.403386354518306
-1592500.0,-962500.0,1500,9.575118397325735,False,False,15.400575066322862
-1587500.0,-962500.0,1500,3.272929250889649,False,False,15.396586589577637
-1582500.0,-962500.0,1500,-2.643781585185677,False,False,15.390854227355751
-1577500.0,-962500.0,1500,-8.226963424623955,False,False,15.38249399088317
-1572500.0,-962500.0,1500,-14.354851709595449,False,False,15.37083107478426
-1567500.0,-962500.0,1500,-19.777577066306478,False,False,15.35591448832218
-1562500.0,-962500.0,1500,-24.21691376089479,False,False,15.337654162673328
-1557500.0,-962500.0,1500,-28.14067460174018,False,False,15.31649315900632
-1552500.0,-962500.0,1500,-29.925875147176964,False,False,15.29357629823816
-1547500.0,-962500.0,1500,-28.605804859773382,False,False,15.269059472236211
-1542500.0,-962500.0,1500,-25.92786145904258,False,False,15.242545014112796
-1537500.0,-962500.0,1500,-23.836730950397243,False,False,15.211781318365903
-1532500.0,-962500.0,1500,-23.669476593909035,False,False,15.170544272621395
-1527500.0,-962500.0,1500,-26.033271733809382,False,False,15.106924120889236
-1522500.0,-962500.0,1500,-29.014840519860353,False,True,14.992332169912192
-1517500.0,-962500.0,1500,-28.08604057357131,False,True,14.771559902169685
-1512500.0,-962500.0,1500,-21.619956752119588,False,True,14.321934550278769
-1507500.0,-962500.0,1500,-12.725398412797496,False,True,13.331821857249896
-1502500.0,-962500.0,1500,-4.645185264670248,True,True,11.166835666835642
-1497500.0,-962500.0,1500,8.4030652799338,False,True,7.899853246187237
-1492500.0,-962500.0,1500,20.78704497398682,False,True,5.644890241311863
-1487500.0,-962500.0,1500,9.868832288170678,False,True,5.453543731577853
-1482500.0,-962500.0,1500,-16.948613076693192,False,True,7.097477239112299
-1477500.0,-962500.0,1500,-37.17681543579367,True,True,9.14262074351804
-1472500.0,-962500.0,1500,-48.992141634885755,True,True,9.477007114243179
-1467500.0,-962500.0,1500,-55.01644989829264,True,True,7.349936562806372
-1462500.0,-962500.0,1500,-53.80428777040704,True,True,5.153328829442513
-1457500.0,-962500.0,1500,-46.38682444346186,True,True,5.053157398682318
-1452500.0,-962500.0,1500,-38.82988564966,True,True,5.484034977160104
-1447500.0,-962500.0,1500,-33.75474213697926,True,True,6.321692344572925
-1442500.0,-962500.0,1500,-28.261659081553933,True,True,5.680639309311499
-1437500.0,-962500.0,1500,-22.441910004914526,True,True,5.737881504051174
-1432500.0,-962500.0,1500,-22.125506424998203,False,True,7.038788704919396
-1427500.0,-962500.0,1500,-27.43971493539633,False,True,5.817655088180471
-1422500.0,-962500.0,1500,-35.25151845872529,True,True,6.093461800940972
-1417500.0,-962500.0,1500,-44.438546847220486,True,True,8.11986137576788
-1412500.0,-962500.0,1500,-51.92918235136344,True,True,7.47273271271278
-1407500.0,-962500.0,1500,-57.69631229028618,True,True,5.4521575090366134
-1402500.0,-962500.0,1500,-61.93063904632893,True,True,5.7352063271372815
-1397500.0,-962500.0,1500,-63.90470160191527,True,True,5.697694139173788
-1392500.0,-962500.0,1500,-61.00699227412565,True,True,5.209994966257415
-1387500.0,-962500.0,1500,-50.69787882965587,True,True,5.783057695690167
-1382500.0,-962500.0,1500,-37.790127896954566,True,True,5.218780066731575
-1377500.0,-962500.0,1500,-30.377729130953096,True,True,5.605792060762322
-1372500.0,-962500.0,1500,-29.82679558228302,False,True,5.555006451859477
-1367500.0,-962500.0,1500,-29.813449826924188,True,True,5.225920936000468
-1362500.0,-962500.0,1500,-25.615032913654154,False,True,6.60405484481051
-1357500.0,-962500.0,1500,-19.285262692174577,False,True,5.591259459877435
-1352500.0,-962500.0,1500,-15.80638553558934,False,True,3.9112697648099926
-1347500.0,-962500.0,1500,-14.574662465126739,False,True,4.531322416380897
-1342500.0,-962500.0,1500,-15.644025311875504,False,True,4.4352294287675385
-1337500.0,-962500.0,1500,-14.399559404397317,False,False,3.514754387656495
-1332500.0,-962500.0,1500,-7.345780648787346,False,False,3.485925536264413
-1327500.0,-962500.0,1500,-3.5071934895479693,False,False,4.486647974088447
-1322500.0,-962500.0,1500,-13.604891971723921,False,False,5.213426815272779
-1317500.0,-962500.0,1500,-28.761773218722016,False,False,4.337848748384808
-1312500.0,-962500.0,1500,-25.065978246774268,False,False,3.3410487818092154
-1307500.0,-962500.0,1500,-7.029872101899998,False,False,3.387385499488546
-1302500.0,-962500.0,1500,2.665705131028193,False,False,4.355670592242135
-1297500.0,-962500.0,1500,2.6725470720925317,False,False,5.416284195916321
-1292500.0,-962500.0,1500,1.1042284309172465,False,False,5.720692340537397
-1287500.0,-962500.0,1500,-1.5856745753679102,False,False,5.762168359729099
-1282500.0,-962500.0,1500,-4.09082588260196,False,False,6.305378621160097
-1277500.0,-962500.0,1500,-5.140693670045371,False,False,7.450602596642385
-1272500.0,-962500.0,1500,-4.954677521550054,False,False,8.714663034354755
-1267500.0,-962500.0,1500,-4.183784034385778,False,False,9.726697368345583
-1262500.0,-962500.0,1500,-2.746885795230371,False,False,10.409918431704508
-1257500.0,-962500.0,1500,0.06395938636579665,False,False,10.820956398975165
-1597500.0,-957500.0,1500,13.203432133278518,False,False,15.402354020815077
-1592500.0,-957500.0,1500,8.334919950820066,False,False,15.399670531149297
-1587500.0,-957500.0,1500,2.6219425302673907,False,False,15.395624078849941
-1582500.0,-957500.0,1500,-3.2382408119135997,False,False,15.389437530126822
-1577500.0,-957500.0,1500,-9.441268490768485,False,False,15.380120436719722
-1572500.0,-957500.0,1500,-15.8015064122638,False,False,15.367029362284491
-1567500.0,-957500.0,1500,-21.652947933240206,False,False,15.350179876099242
-1562500.0,-957500.0,1500,-26.523269820749746,False,False,15.329413713667975
-1557500.0,-957500.0,1500,-30.451155212110816,False,False,15.305452086872963
-1552500.0,-957500.0,1500,-33.09118226947393,False,False,15.279475849819958
-1547500.0,-957500.0,1500,-33.409835527106075,False,False,15.251502136069778
-1542500.0,-957500.0,1500,-31.66037035020559,False,False,15.222008391925018
-1537500.0,-957500.0,1500,-29.879045128188565,False,False,15.189610120998694
-1532500.0,-957500.0,1500,-29.936378925937415,False,False,15.149872977210476
-1527500.0,-957500.0,1500,-32.16543274978184,False,True,15.093385134477813
-1522500.0,-957500.0,1500,-34.68051614132617,False,True,14.998990652000758
-1517500.0,-957500.0,1500,-32.87582655978791,False,True,14.831788429802707
-1512500.0,-957500.0,1500,-23.778891485781767,False,True,14.516176187183612
-1507500.0,-957500.0,1500,-12.455588664463276,True,True,13.831343610222604
-1502500.0,-957500.0,1500,-0.9674340901406332,False,True,12.492165128397263
-1497500.0,-957500.0,1500,13.246193569036269,False,True,10.729381378374736
-1492500.0,-957500.0,1500,18.99845049035123,False,True,8.76763627783383
-1487500.0,-957500.0,1500,6.8770576936099035,False,True,6.607437803055188
-1482500.0,-957500.0,1500,-18.16417533392373,False,True,5.569657037111703
-1477500.0,-957500.0,1500,-40.28558222684919,True,True,6.278696446605835
-1472500.0,-957500.0,1500,-50.61684687788086,True,True,7.287296867370879
-1467500.0,-957500.0,1500,-52.73048491954526,True,True,5.862283295651172
-1462500.0,-957500.0,1500,-49.36929095227784,True,True,5.734035576588315
-1457500.0,-957500.0,1500,-44.10691410336668,True,True,7.590840378972802
-1452500.0,-957500.0,1500,-39.668540840927335,True,True,6.5967065228853325
-1447500.0,-957500.0,1500,-37.24036621052406,True,True,4.913061186684507
-1442500.0,-957500.0,1500,-33.78264190530868,True,True,4.27191775374698
-1437500.0,-957500.0,1500,-29.152221803407524,True,True,5.534722962695291
-1432500.0,-957500.0,1500,-28.580979546396822,True,True,5.864117403291924
-1427500.0,-957500.0,1500,-31.869472262330262,True,True,5.636812995198056
-1422500.0,-957500.0,1500,-37.587345283664405,True,True,7.634196750535505
-1417500.0,-957500.0,1500,-45.887329713928516,True,True,7.954189852205676
-1412500.0,-957500.0,1500,-52.66122395074758,True,True,5.880959896123124
-1407500.0,-957500.0,1500,-56.83233198488175,True,True,5.615258160613791
-1402500.0,-957500.0,1500,-60.79956456595978,True,True,5.8673076083928635
-1397500.0,-957500.0,1500,-64.830053305767,True,True,5.113570934849149
-1392500.0,-957500.0,1500,-64.2075674459469,True,True,5.719067549193257
-1387500.0,-957500.0,1500,-55.249134468043,True,True,5.460162679780494
-1382500.0,-957500.0,1500,-44.26508444304498,True,True,5.451983609305108
-1377500.0,-957500.0,1500,-37.75568482538928,True,True,5.672391831086087
-1372500.0,-957500.0,1500,-35.82788317443074,True,True,5.094673313584053
-1367500.0,-957500.0,1500,-32.63999035547814,False,True,6.1929975886240465
-1362500.0,-957500.0,1500,-24.48115089194739,False,True,6.383877221560719
-1357500.0,-957500.0,1500,-17.564248287716975,False,True,4.778347286247446
-1352500.0,-957500.0,1500,-15.675290833167484,False,True,4.578120570184301
-1347500.0,-957500.0,1500,-16.688034230676298,False,True,4.622490372446243
-1342500.0,-957500.0,1500,-21.707210667050724,False,False,3.780512757094799
-1337500.0,-957500.0,1500,-25.13574074298774,False,False,3.4491074933023262
-1332500.0,-957500.0,1500,-21.41000070611375,False,False,4.207694747529839
-1327500.0,-957500.0,1500,-21.34790456405837,False,False,5.195574365210218
-1322500.0,-957500.0,1500,-33.84265107517966,False,False,4.644546255327746
-1317500.0,-957500.0,1500,-42.839377394071256,False,False,3.534572448901569
-1312500.0,-957500.0,1500,-27.558671661497858,False,False,3.3177383820165933
-1307500.0,-957500.0,1500,-2.9777229603355275,False,False,4.172690548859911
-1302500.0,-957500.0,1500,6.960328111013639,False,False,5.349695900563756
-1297500.0,-957500.0,1500,6.456197752588888,False,False,5.79648602909297
-1292500.0,-957500.0,1500,3.05647273062781,False,False,5.7986256468000805
-1287500.0,-957500.0,1500,-1.0072541997232036,False,False,6.169480982920974
-1282500.0,-957500.0,1500,-1.7745661851430516,False,False,7.154584328072311
-1277500.0,-957500.0,1500,-1.1043707724434007,False,False,8.389899754739444
-1272500.0,-957500.0,1500,0.004612199980261467,False,False,9.456731249763246
-1267500.0,-957500.0,1500,1.594556785672301,False,False,10.209748631464874
-1597500.0,-952500.0,1500,11.473848613028148,False,False,15.401451603025162
-1592500.0,-952500.0,1500,7.100248605403452,False,False,15.398861348628694
-1587500.0,-952500.0,1500,1.9963340129609457,False,False,15.394667915320593
-1582500.0,-952500.0,1500,-3.800826324333194,False,False,15.387886464754283
-1577500.0,-952500.0,1500,-10.233357004608173,False,False,15.377457796544876
-1572500.0,-952500.0,1500,-16.745828785520644,False,False,15.362917689235465
-1567500.0,-952500.0,1500,-22.900463336204822,False,False,15.34393142945988
-1562500.0,-952500.0,1500,-28.236418481456194,False,False,15.32055796843827
-1557500.0,-952500.0,1500,-32.7589736183225,False,False,15.293748401286814
-1552500.0,-952500.0,1500,-36.50952268221048,False,False,15.264161492743447
-1547500.0,-952500.0,1500,-38.29964638585147,False,False,15.232577493184685
-1542500.0,-952500.0,1500,-37.47235982663302,False,False,15.199886043575745
-1537500.0,-952500.0,1500,-36.106323517309164,False,False,15.165943918812617
-1532500.0,-952500.0,1500,-36.74718203911444,False,False,15.12872113604125
-1527500.0,-952500.0,1500,-38.31594128040414,False,False,15.081331840005149
-1522500.0,-952500.0,1500,-38.20398907341622,False,True,15.011802977742125
-1517500.0,-952500.0,1500,-33.79558547332904,False,True,14.898401524238132
-1512500.0,-952500.0,1500,-23.325885086195125,False,True,14.70452907695956
-1507500.0,-952500.0,1500,-12.318807846056277,False,True,14.160594278594559
-1502500.0,-952500.0,1500,1.9281291962205316,False,True,13.200892068348674
-1497500.0,-952500.0,1500,15.171695507681255,False,True,12.197280926089576
-1492500.0,-952500.0,1500,13.728632354678455,False,True,11.24420025108029
-1487500.0,-952500.0,1500,-0.5540350133503497,False,True,10.054551929708868
-1482500.0,-952500.0,1500,-22.338785366928217,False,True,8.097819387326226
-1477500.0,-952500.0,1500,-40.5648059257766,True,True,6.12752301564675
-1472500.0,-952500.0,1500,-46.271143032451924,True,True,5.068078706502728
-1467500.0,-952500.0,1500,-42.517797151212385,True,True,4.5382932045067115
-1462500.0,-952500.0,1500,-37.506004896191186,True,True,6.422294379083892
-1457500.0,-952500.0,1500,-35.75572771966689,True,True,8.879661414875827
-1452500.0,-952500.0,1500,-35.9817970533851,True,True,8.245021631783887
-1447500.0,-952500.0,1500,-36.18364158763521,True,True,5.475013556003686
-1442500.0,-952500.0,1500,-34.74042242708715,True,True,4.326402142736428
-1437500.0,-952500.0,1500,-32.39298148234592,True,True,4.861743695592962
-1432500.0,-952500.0,1500,-32.665965003807905,True,True,4.736159700889339
-1427500.0,-952500.0,1500,-35.755454025294654,True,True,6.379095372748737
-1422500.0,-952500.0,1500,-40.14833707841088,True,True,7.94434165268203
-1417500.0,-952500.0,1500,-46.44993735018365,True,True,6.267191589932424
-1412500.0,-952500.0,1500,-51.24013584799761,True,True,5.396247037160902
-1407500.0,-952500.0,1500,-53.38695171369934,True,True,5.935595057055462
-1402500.0,-952500.0,1500,-57.104749846755084,True,True,5.241440200505119
-1397500.0,-952500.0,1500,-63.62067642001067,True,True,5.642197250700272
-1392500.0,-952500.0,1500,-67.99173452375896,True,True,5.6843121435879205
-1387500.0,-952500.0,1500,-64.00896880626017,True,True,5.327795599426471
-1382500.0,-952500.0,1500,-55.76704572394851,True,True,5.760828900881812
-1377500.0,-952500.0,1500,-48.464869306574,True,True,5.173426563303551
-1372500.0,-952500.0,1500,-42.7562228535793,True,True,6.061859655182445
-1367500.0,-952500.0,1500,-34.6347640637222,False,True,6.819885364789277
-1362500.0,-952500.0,1500,-22.92732624371866,False,True,5.01460726727615
-1357500.0,-952500.0,1500,-14.812528731477514,False,True,4.304027585146156
-1352500.0,-952500.0,1500,-17.836250965407995,False,True,4.617172522991088
-1347500.0,-952500.0,1500,-23.38245828760895,False,False,3.9758477433273445
-1342500.0,-952500.0,1500,-26.148289684684265,False,False,3.4841281075470323
-1337500.0,-952500.0,1500,-29.557703270915017,False,False,4.017359683355852
-1332500.0,-952500.0,1500,-30.56443000579901,False,False,5.071212899525117
-1327500.0,-952500.0,1500,-35.02321603788993,False,False,4.915409354993885
-1322500.0,-952500.0,1500,-45.212753886498994,False,False,3.7686771000058057
-1317500.0,-952500.0,1500,-45.212376821521055,False,False,3.281024875797696
-1312500.0,-952500.0,1500,-25.431554266720028,False,False,3.936382874933676
-1307500.0,-952500.0,1500,-4.9561656150454585,False,False,5.205361452930092
-1302500.0,-952500.0,1500,4.208805823694244,False,False,5.909034210753381
-1297500.0,-952500.0,1500,6.299800840065649,False,False,5.9029411623892925
-1292500.0,-952500.0,1500,2.91779786258581,False,False,6.0984842695454775
-1287500.0,-952500.0,1500,-0.19556023307208983,False,False,6.924875899585341
-1282500.0,-952500.0,1500,0.3808214854012887,False,False,8.104021310341855
-1277500.0,-952500.0,1500,1.4225294223082385,False,False,9.20939141771245
-1272500.0,-952500.0,1500,2.5664047149633986,False,False,10.035761249111207
-1597500.0,-947500.0,1500,9.708258000693807,False,False,15.400638816737116
-1592500.0,-947500.0,1500,5.767604733956493,False,False,15.39807756126123
-1587500.0,-947500.0,1500,1.0358256122312388,False,False,15.393620211859233
-1582500.0,-947500.0,1500,-4.670063053443054,False,False,15.38609761485382
-1577500.0,-947500.0,1500,-10.880830816742362,False,False,15.374505011450513
-1572500.0,-947500.0,1500,-17.369025698114235,False,False,15.358369803614881
-1567500.0,-947500.0,1500,-23.55388176373713,False,False,15.33721936719375
-1562500.0,-947500.0,1500,-29.144602286755827,False,False,15.31124886968482
-1557500.0,-947500.0,1500,-34.225605226588485,False,False,15.281370275910428
-1552500.0,-947500.0,1500,-38.83001089264795,False,False,15.248020762381417
-1547500.0,-947500.0,1500,-41.634804499010045,False,False,15.212521544962218
-1542500.0,-947500.0,1500,-41.37051935502892,False,False,15.176460638159465
-1537500.0,-947500.0,1500,-40.09531865242673,False,False,15.14072689963869
-1532500.0,-947500.0,1500,-40.70562381502297,False,False,15.105283700018028
-1527500.0,-947500.0,1500,-41.06229047991336,False,True,15.066780303818138
-1522500.0,-947500.0,1500,-37.62863071088391,False,True,15.017787720352647
-1517500.0,-947500.0,1500,-31.447008952294713,False,True,14.94484326262972
-1512500.0,-947500.0,1500,-22.990755319150644,False,True,14.829708047786518
-1507500.0,-947500.0,1500,-13.368369466719267,False,True,14.36434083765124
-1502500.0,-947500.0,1500,0.4181071553806068,False,True,13.614073860537612
-1497500.0,-947500.0,1500,10.49627768061806,False,True,12.986848340393035
-1492500.0,-947500.0,1500,7.913633170473706,False,True,12.431905606032062
-1487500.0,-947500.0,1500,-6.767345048817726,False,True,11.842977386003982
-1482500.0,-947500.0,1500,-24.515926778884758,True,True,10.66811771172273
-1477500.0,-947500.0,1500,-31.288725722884415,True,True,8.200661773532268
-1472500.0,-947500.0,1500,-29.12795701407942,True,True,5.012425964231684
-1467500.0,-947500.0,1500,-25.64426963840022,True,True,4.171461775171002
-1462500.0,-947500.0,1500,-23.1878712250638,True,True,5.603933880410016
-1457500.0,-947500.0,1500,-25.182512341863024,True,True,7.221995397168735
-1452500.0,-947500.0,1500,-30.813979982445574,True,True,6.855543421061585
-1447500.0,-947500.0,1500,-33.297529892524004,True,True,5.351930451818113
-1442500.0,-947500.0,1500,-33.600837093880784,True,True,5.08053563952922
-1437500.0,-947500.0,1500,-33.61196941406191,True,True,4.80179724594929
-1432500.0,-947500.0,1500,-34.910008045626874,True,True,4.793036377559497
-1427500.0,-947500.0,1500,-38.04699310876653,True,True,5.587016750951237
-1422500.0,-947500.0,1500,-41.2753180037093,True,True,5.652298763004506
-1417500.0,-947500.0,1500,-45.0787470698157,True,True,5.187249228216876
-1412500.0,-947500.0,1500,-47.60684206260504,True,True,5.825486534650066
-1407500.0,-947500.0,1500,-47.49781290774649,True,True,5.474111549381581
-1402500.0,-947500.0,1500,-49.261079086699006,True,True,5.482668963370905
-1397500.0,-947500.0,1500,-56.279104716976725,True,True,5.849990565404357
-1392500.0,-947500.0,1500,-64.32927619580916,True,True,5.326335331687764
-1387500.0,-947500.0,1500,-66.78940448971734,True,True,5.829293142150815
-1382500.0,-947500.0,1500,-64.03876564684838,True,True,5.398361697898075
-1377500.0,-947500.0,1500,-57.994407879988884,True,True,5.7326410851047305
-1372500.0,-947500.0,1500,-50.62433404929116,False,True,7.127451199429466
-1367500.0,-947500.0,1500,-39.31494973629618,False,True,5.825231509040533
-1362500.0,-947500.0,1500,-27.901592037889575,False,True,4.575123253983157
-1357500.0,-947500.0,1500,-20.56159887098249,False,True,4.780147051213296
-1352500.0,-947500.0,1500,-23.733765233470276,False,False,4.173001053174861
-1347500.0,-947500.0,1500,-30.14433746982838,False,False,3.505791768971019
-1342500.0,-947500.0,1500,-28.9616560656507,False,False,3.7931400901131447
-1337500.0,-947500.0,1500,-29.567387287685158,False,False,4.863190013832659
-1332500.0,-947500.0,1500,-32.99952798122815,False,False,5.150487548166145
-1327500.0,-947500.0,1500,-37.909658160841595,False,False,4.087601703086731
-1322500.0,-947500.0,1500,-43.772742433954235,False,False,3.292071085979035
-1317500.0,-947500.0,1500,-41.32196105956018,False,False,3.65116671182383
-1312500.0,-947500.0,1500,-25.110713726619625,False,False,4.969443508141019
-1307500.0,-947500.0,1500,-7.889448720754614,False,False,5.9521751803033345
-1302500.0,-947500.0,1500,1.8695816116135588,False,False,6.045963925452757
-1297500.0,-947500.0,1500,3.92161723353573,False,False,6.115084412735733
-1292500.0,-947500.0,1500,1.6709525509888796,False,False,6.7541010623311335
-1287500.0,-947500.0,1500,0.009210684773291816,False,False,7.856462104761977
-1282500.0,-947500.0,1500,-0.19862351616787707,False,False,8.98888793109068
-1277500.0,-947500.0,1500,0.20161518449170837,False,False,9.885905245556044
-1272500.0,-947500.0,1500,1.1366135438708909,False,False,10.491805212646012
-1597500.0,-942500.0,1500,7.987572568243592,False,False,15.399828039160552
-1592500.0,-942500.0,1500,3.927450048613809,False,False,15.397219726566869
-1587500.0,-942500.0,1500,-0.6401062862593586,False,False,15.3923567292872
-1582500.0,-942500.0,1500,-6.211474988927044,False,False,15.383970999347984
-1577500.0,-942500.0,1500,-12.124622151826074,False,False,15.371189742057766
-1572500.0,-942500.0,1500,-18.0516313645373,False,False,15.353328075112202
-1567500.0,-942500.0,1500,-24.077982372136308,False,False,15.330039372124064
-1562500.0,-942500.0,1500,-29.7793417692129,False,False,15.301600363336604
-1557500.0,-942500.0,1500,-35.14366474854551,False,False,15.268412084609684
-1552500.0,-942500.0,1500,-40.304389441741655,False,False,15.231365649989941
-1547500.0,-942500.0,1500,-43.92028474717107,False,False,15.19191777226101
-1542500.0,-942500.0,1500,-44.44389379121379,False,False,15.152192883289398
-1537500.0,-942500.0,1500,-42.908440657094644,False,False,15.114386297551873
-1532500.0,-942500.0,1500,-41.97736495681272,False,False,15.079607896221415
-1527500.0,-942500.0,1500,-40.33786237282568,False,True,15.047160758347477
-1522500.0,-942500.0,1500,-34.89577414067383,False,True,15.011863494037406
-1517500.0,-942500.0,1500,-28.574161101498355,False,True,14.964161026554235
-1512500.0,-942500.0,1500,-23.237525352933062,False,True,14.839862475950444
-1507500.0,-942500.0,1500,-14.534600650449873,False,True,14.402369591380346
-1502500.0,-942500.0,1500,-2.2361355199247432,False,True,13.800639137758587
-1497500.0,-942500.0,1500,4.421695170509718,False,True,13.319378533254417
-1492500.0,-942500.0,1500,0.7306047118985113,False,True,12.896869873909532
-1487500.0,-942500.0,1500,-12.352668597026739,False,True,12.338911318867073
-1482500.0,-942500.0,1500,-21.410842734692405,False,True,10.880267030818942
-1477500.0,-942500.0,1500,-16.709134099427978,False,True,7.669370639399904
-1472500.0,-942500.0,1500,-9.709393755135405,False,True,5.367476083504205
-1467500.0,-942500.0,1500,-10.71568116276464,False,True,5.896302151540482
-1462500.0,-942500.0,1500,-14.528687811438123,False,True,5.945537905439201
-1457500.0,-942500.0,1500,-20.453257875609054,True,True,5.273280579263845
-1452500.0,-942500.0,1500,-27.483546797161143,True,True,4.551083752596714
-1447500.0,-942500.0,1500,-28.627127291533117,True,True,4.7591424356631284
-1442500.0,-942500.0,1500,-29.35522960460004,True,True,5.161971477483592
-1437500.0,-942500.0,1500,-31.902196424438554,True,True,5.779679281713295
-1432500.0,-942500.0,1500,-34.80314889357469,True,True,6.504066168462803
-1427500.0,-942500.0,1500,-37.69713166012099,True,True,5.067758493015922
-1422500.0,-942500.0,1500,-41.44011951782144,True,True,3.7326112830542284
-1417500.0,-942500.0,1500,-45.3053336660744,True,True,4.6956830640494145
-1412500.0,-942500.0,1500,-45.550991692669484,True,True,5.292740443596441
-1407500.0,-942500.0,1500,-41.64961151353928,True,True,5.2465155258982525
-1402500.0,-942500.0,1500,-38.905439252729195,True,True,5.857582462233864
-1397500.0,-942500.0,1500,-43.54689140207879,True,True,5.3763886478296
-1392500.0,-942500.0,1500,-52.73501912344097,True,True,5.7722373466070245
-1387500.0,-942500.0,1500,-59.68365165692544,True,True,5.601352666152097
-1382500.0,-942500.0,1500,-62.286819370881176,True,True,5.4249577263124
-1377500.0,-942500.0,1500,-61.70806677893601,True,True,6.99396927876872
-1372500.0,-942500.0,1500,-59.58589702275861,False,True,6.378912710735823
-1367500.0,-942500.0,1500,-52.1794040347426,False,True,4.785917325346553
-1362500.0,-942500.0,1500,-41.506955836588546,False,True,5.03982232180145
-1357500.0,-942500.0,1500,-32.051766616849406,False,True,4.656182968443336
-1352500.0,-942500.0,1500,-27.65359319243718,False,False,3.6588344060381255
-1347500.0,-942500.0,1500,-27.230123515261802,False,False,3.7071985489400916
-1342500.0,-942500.0,1500,-26.04023440373527,False,False,4.666431415003278
-1337500.0,-942500.0,1500,-27.83123378218514,False,False,5.287108418783461
-1332500.0,-942500.0,1500,-33.74195464568475,False,False,4.351078384307353
-1327500.0,-942500.0,1500,-40.32665011077168,False,False,3.4294954621925116
-1322500.0,-942500.0,1500,-42.74320672783049,False,False,3.4633324516078243
-1317500.0,-942500.0,1500,-37.147668529149236,False,False,4.580647063215033
-1312500.0,-942500.0,1500,-23.821439200284352,False,False,5.836674865810657
-1307500.0,-942500.0,1500,-9.24798569951486,False,False,6.131559398686495
-1302500.0,-942500.0,1500,-1.935550776133073,False,False,6.163545474905718
-1297500.0,-942500.0,1500,-1.3020103365131772,False,False,6.65125786629232
-1292500.0,-942500.0,1500,-1.7216170955443872,False,False,7.649157330605789
-1287500.0,-942500.0,1500,-2.9475091830314453,False,False,8.782333095841697
-1282500.0,-942500.0,1500,-3.5368590838112737,False,False,9.732469870017335
-1277500.0,-942500.0,1500,-3.357438923594723,False,False,10.410810187803344
-1597500.0,-937500.0,1500,6.016007755738721,False,False,15.398950675038243
-1592500.0,-937500.0,1500,1.7016560472209075,False,False,15.396174592445695
-1587500.0,-937500.0,1500,-2.8841854086644774,False,False,15.390758728058348
-1582500.0,-937500.0,1500,-8.286965545764724,False,False,15.381442106671972
-1577500.0,-937500.0,1500,-13.980591064267768,False,False,15.367353056670261
-1572500.0,-937500.0,1500,-19.104218762551152,False,False,15.347767831253085
-1567500.0,-937500.0,1500,-24.687670866755152,False,False,15.322426207580369
-1562500.0,-937500.0,1500,-30.355763091748592,False,False,15.291505626459136
-1557500.0,-937500.0,1500,-35.62995555636784,False,False,15.255157608140932
-1552500.0,-937500.0,1500,-41.178060086575364,False,False,15.214506251981716
-1547500.0,-937500.0,1500,-45.72071466969006,False,False,15.171331182078493
-1542500.0,-937500.0,1500,-47.45719342491327,False,False,15.128084768466987
-1537500.0,-937500.0,1500,-46.065095120973844,False,False,15.087897048493176
-1532500.0,-937500.0,1500,-42.695624006138644,False,True,15.05291192757215
-1527500.0,-937500.0,1500,-38.23926191904956,False,True,15.023068543564706
-1522500.0,-937500.0,1500,-32.3466328828566,False,True,14.9948454612835
-1517500.0,-937500.0,1500,-27.101153641834287,False,True,14.958472678092697
-1512500.0,-937500.0,1500,-22.88248318417491,True,True,14.751090181658721
-1507500.0,-937500.0,1500,-13.047422757281174,False,True,14.272466706884325
-1502500.0,-937500.0,1500,-1.1255359104194984,False,True,13.731079965356333
-1497500.0,-937500.0,1500,3.4911764823216602,False,True,13.258679632365011
-1492500.0,-937500.0,1500,-0.7572574954812934,False,True,12.7543934115953
-1487500.0,-937500.0,1500,-9.716511987731703,False,True,11.781607649860707
-1482500.0,-937500.0,1500,-11.743499308861793,False,True,9.570195179443566
-1477500.0,-937500.0,1500,-7.155286971511935,False,True,6.1241034417465166
-1472500.0,-937500.0,1500,-2.1325045587641522,False,True,5.8406213496692905
-1467500.0,-937500.0,1500,-2.8637136251225193,False,True,8.203848290160865
-1462500.0,-937500.0,1500,-8.02705407954435,False,True,8.000186001814772
-1457500.0,-937500.0,1500,-14.50055686359397,False,True,5.308614106210904
-1452500.0,-937500.0,1500,-20.78683038428788,True,True,3.725354855359579
-1447500.0,-937500.0,1500,-19.183728768058625,True,True,4.030179298634119
-1442500.0,-937500.0,1500,-19.698570761057766,True,True,4.571192524942248
-1437500.0,-937500.0,1500,-27.07114661286285,True,True,6.417968559793519
-1432500.0,-937500.0,1500,-33.60877538848126,True,True,7.203831218755076
-1427500.0,-937500.0,1500,-37.853039400094,True,True,5.450464155320166
-1422500.0,-937500.0,1500,-43.4553591136553,True,True,4.609977185703054
-1417500.0,-937500.0,1500,-48.29949227518517,True,True,4.542575493065114
-1412500.0,-937500.0,1500,-44.92469991830171,True,True,4.035131206701193
-1407500.0,-937500.0,1500,-35.91475648971749,True,True,5.062527271820976
-1402500.0,-937500.0,1500,-29.74776329955341,True,True,5.517679274195318
-1397500.0,-937500.0,1500,-33.067132041929185,True,True,5.622786373189254
-1392500.0,-937500.0,1500,-42.520325922417605,True,True,5.666643674295885
-1387500.0,-937500.0,1500,-49.76237354426386,True,True,5.1396085792414326
-1382500.0,-937500.0,1500,-54.69259603741655,True,True,6.625671185372823
-1377500.0,-937500.0,1500,-61.57545138145479,True,True,6.926724838700061
-1372500.0,-937500.0,1500,-62.557644751458916,False,True,5.106604968463486
-1367500.0,-937500.0,1500,-54.18931134905427,False,True,5.009672331909469
-1362500.0,-937500.0,1500,-41.79777730366149,False,True,4.987054979009854
-1357500.0,-937500.0,1500,-29.802478053181986,False,True,3.8463918488691307
-1352500.0,-937500.0,1500,-24.553037629130266,False,False,3.5960413735078722
-1347500.0,-937500.0,1500,-22.941144021116756,False,False,4.473028023259641
-1342500.0,-937500.0,1500,-22.253737969407652,False,False,5.376820985147154
-1337500.0,-937500.0,1500,-24.86531003157779,False,False,4.610900927351764
-1332500.0,-937500.0,1500,-32.40524844350753,False,False,3.5031994161268516
-1327500.0,-937500.0,1500,-41.72065085773637,False,False,3.3398476542783486
-1322500.0,-937500.0,1500,-44.04346272872071,False,False,4.279827039801693
-1317500.0,-937500.0,1500,-36.42198326178247,False,False,5.613520284747698
-1312500.0,-937500.0,1500,-23.823185100117943,False,False,6.117547157976838
-1307500.0,-937500.0,1500,-12.450693274681734,False,False,6.151934571295631
-1302500.0,-937500.0,1500,-7.790450935525128,False,False,6.532648998516052
-1297500.0,-937500.0,1500,-6.710369450955376,False,False,7.453611706543633
-1292500.0,-937500.0,1500,-5.4082187347589805,False,False,8.56785436190744
-1287500.0,-937500.0,1500,-6.192541898456273,False,False,9.563251743366962
-1282500.0,-937500.0,1500,-7.33777549821791,False,False,10.309700352891324
-1277500.0,-937500.0,1500,-8.740812377905733,False,False,10.806090284636802
-1272500.0,-937500.0,1500,-8.910076566451247,False,False,11.079144802608358
-1597500.0,-932500.0,1500,3.681138948508822,False,False,15.397930672396532
-1592500.0,-932500.0,1500,-0.7164946070039853,False,False,15.394815209531137
-1587500.0,-932500.0,1500,-5.357198604175187,False,False,15.388698855449416
-1582500.0,-932500.0,1500,-10.622925364583004,False,False,15.378403655641705
-1577500.0,-932500.0,1500,-16.00215490333374,False,False,15.36288571636146
-1572500.0,-932500.0,1500,-20.6766917218528,False,False,15.341608987861385
-1567500.0,-932500.0,1500,-25.728918663422377,False,False,15.31434119869672
-1562500.0,-932500.0,1500,-31.318399532809767,False,False,15.280885465244776
-1557500.0,-932500.0,1500,-36.541923198978864,False,False,15.241731834252928
-1552500.0,-932500.0,1500,-41.84086360095099,False,False,15.197823195284148
-1547500.0,-932500.0,1500,-46.88567819477758,False,False,15.151282771180897
-1542500.0,-932500.0,1500,-49.569909563194514,False,False,15.105192453601763
-1537500.0,-932500.0,1500,-48.41637333155181,False,False,15.062775840422795
-1532500.0,-932500.0,1500,-43.679671511658356,False,False,15.02674093852411
-1527500.0,-932500.0,1500,-36.3064129760608,False,True,14.997337650744528
-1522500.0,-932500.0,1500,-29.392389271842283,False,True,14.969914270091724
-1517500.0,-932500.0,1500,-25.621360403489295,False,True,14.933993545093365
-1512500.0,-932500.0,1500,-20.186141343488455,False,True,14.618790630016623
-1507500.0,-932500.0,1500,-9.529155382184737,False,True,14.07259442251008
-1502500.0,-932500.0,1500,0.5133118997511975,False,True,13.541265837611565
-1497500.0,-932500.0,1500,5.567995539229247,False,True,12.945689232367393
-1492500.0,-932500.0,1500,3.0728725171534284,False,True,12.143836281085285
-1487500.0,-932500.0,1500,-2.269954043583616,False,True,10.600641482471898
-1482500.0,-932500.0,1500,-1.293326965810866,False,True,7.487296708066394
-1477500.0,-932500.0,1500,0.10197607736151854,False,True,5.433261323525602
-1472500.0,-932500.0,1500,1.249062203901223,False,True,7.150299807988397
-1467500.0,-932500.0,1500,0.8212821180856689,False,True,9.059375807369282
-1462500.0,-932500.0,1500,-4.328077733444459,False,True,8.126199976242217
-1457500.0,-932500.0,1500,-8.885906963194191,False,True,5.346388898306127
-1452500.0,-932500.0,1500,-7.914000582601273,False,True,3.7736056838029852
-1447500.0,-932500.0,1500,-2.9119897135300934,False,True,4.306254607602166
-1442500.0,-932500.0,1500,-8.975842292807007,False,True,5.027115228947226
-1437500.0,-932500.0,1500,-24.40654413143816,True,True,5.4555763115045455
-1432500.0,-932500.0,1500,-35.79183215231829,True,True,5.077751526178951
-1427500.0,-932500.0,1500,-42.10397622301711,True,True,5.192468040888929
-1422500.0,-932500.0,1500,-47.281071471607035,True,True,5.540077300230243
-1417500.0,-932500.0,1500,-49.25844310855396,True,True,4.861974792954936
-1412500.0,-932500.0,1500,-42.24068075361165,True,True,4.5562605725557805
-1407500.0,-932500.0,1500,-30.595057135216774,True,True,4.469965983505979
-1402500.0,-932500.0,1500,-25.07256667166584,True,True,4.806386184655321
-1397500.0,-932500.0,1500,-30.648029290469882,True,True,5.423033606342736
-1392500.0,-932500.0,1500,-39.89688522960178,True,True,5.162940147676285
-1387500.0,-932500.0,1500,-44.91321488872244,True,True,6.1851483041720385
-1382500.0,-932500.0,1500,-49.646735358548575,True,True,7.223945833082666
-1377500.0,-932500.0,1500,-57.367872144852726,True,True,5.646765108813577
-1372500.0,-932500.0,1500,-53.47125273137735,False,True,5.067290900832903
-1367500.0,-932500.0,1500,-40.56373040758393,False,True,5.187023817995494
-1362500.0,-932500.0,1500,-34.91081300263307,False,True,4.2059025127950775
-1357500.0,-932500.0,1500,-31.541633479276918,False,True,3.6076063088780312
-1352500.0,-932500.0,1500,-26.50309884117381,False,False,4.141250311115041
-1347500.0,-932500.0,1500,-23.420145681726495,False,False,5.2600103892685555
-1342500.0,-932500.0,1500,-21.74534860827961,False,False,4.944620799889852
-1337500.0,-932500.0,1500,-19.563821704404397,False,False,3.7111692184150007
-1332500.0,-932500.0,1500,-21.99071440783096,False,False,3.271456519596742
-1327500.0,-932500.0,1500,-30.972487808609838,False,False,3.966267277751414
-1322500.0,-932500.0,1500,-36.985626577489114,False,False,5.327332963839805
-1317500.0,-932500.0,1500,-33.93580378001475,False,False,6.112173915809929
-1312500.0,-932500.0,1500,-25.189445332328138,False,False,6.175336663107379
-1307500.0,-932500.0,1500,-17.143361018107253,False,False,6.404130711648832
-1302500.0,-932500.0,1500,-12.762171192688761,False,False,7.2154330006022676
-1297500.0,-932500.0,1500,-10.199793996265345,False,False,8.33266003993635
-1292500.0,-932500.0,1500,-8.8381073118704,False,False,9.372400966426813
-1287500.0,-932500.0,1500,-9.903143019709306,False,False,10.177616412916429
-1282500.0,-932500.0,1500,-12.687759706103574,False,False,10.736153967743377
-1277500.0,-932500.0,1500,-15.6204516978886,False,False,11.087934108611538
-1597500.0,-927500.0,1500,0.7977984807194605,False,False,15.39663402529523
-1592500.0,-927500.0,1500,-3.497870404841519,False,False,15.39301704242666
-1587500.0,-927500.0,1500,-8.048717807941035,False,False,15.386081385177773
-1582500.0,-927500.0,1500,-12.994602025228982,False,False,15.374650614188925
-1577500.0,-927500.0,1500,-18.08444280207366,False,False,15.357730992678036
-1572500.0,-927500.0,1500,-22.578726116641068,False,False,15.334778321854804
-1567500.0,-927500.0,1500,-27.26483645964793,False,False,15.30556071703542
-1562500.0,-927500.0,1500,-32.87513593104393,False,False,15.269821118443387
-1557500.0,-927500.0,1500,-38.13697716400798,False,False,15.228080380554474
-1552500.0,-927500.0,1500,-42.891891148458654,False,False,15.181550197313978
-1547500.0,-927500.0,1500,-48.04397585889219,False,False,15.13243795938154
-1542500.0,-927500.0,1500,-50.88801823561334,False,False,15.084267058388285
-1537500.0,-927500.0,1500,-50.04347254643086,False,False,15.040345204438726
-1532500.0,-927500.0,1500,-45.48662024417901,False,True,15.003161810269686
-1527500.0,-927500.0,1500,-36.37915045929078,False,True,14.972107007549651
-1522500.0,-927500.0,1500,-28.246294056733507,False,True,14.941221843424907
-1517500.0,-927500.0,1500,-25.134024147326095,False,True,14.851290348092753
-1512500.0,-927500.0,1500,-19.759069808177593,False,True,14.504900025047188
-1507500.0,-927500.0,1500,-8.659501319132817,False,True,13.93801412598338
-1502500.0,-927500.0,1500,1.8329018342278758,False,True,13.282740830179897
-1497500.0,-927500.0,1500,6.9856893861399065,False,True,12.479691222187423
-1492500.0,-927500.0,1500,4.784238813327882,False,False,11.275518930120354
-1487500.0,-927500.0,1500,-0.2484146949969626,False,False,8.985739140553408
-1482500.0,-927500.0,1500,0.5306423882299729,False,True,5.695968791406459
-1477500.0,-927500.0,1500,4.374386474422929,False,True,5.639846393115939
-1472500.0,-927500.0,1500,4.993719553904753,False,True,8.31714411391048
-1467500.0,-927500.0,1500,3.964659263195252,False,True,8.881876853813083
-1462500.0,-927500.0,1500,-2.4776532842988614,False,True,6.729674853575999
-1457500.0,-927500.0,1500,-6.496622150730378,False,True,4.33236791300815
-1452500.0,-927500.0,1500,3.1824205417081344,False,True,4.1035655811880165
-1447500.0,-927500.0,1500,9.627761235727712,False,True,5.862967323773049
-1442500.0,-927500.0,1500,-3.3998575656893135,False,True,6.792168939156888
-1437500.0,-927500.0,1500,-24.008467329496252,True,True,4.985204017319631
-1432500.0,-927500.0,1500,-37.328332504801175,True,True,3.8621289544932793
-1427500.0,-927500.0,1500,-43.643274626701704,True,True,4.6967670005082764
-1422500.0,-927500.0,1500,-46.153559054168085,True,True,4.732430825584675
-1417500.0,-927500.0,1500,-44.74734681788293,True,True,5.251067938271477
-1412500.0,-927500.0,1500,-37.9433853365007,True,True,5.3977260751224305
-1407500.0,-927500.0,1500,-29.56509019295609,True,True,4.633757553009796
-1402500.0,-927500.0,1500,-27.444784565774704,True,True,4.688921020251387
-1397500.0,-927500.0,1500,-34.628103053777615,True,True,4.199166464947298
-1392500.0,-927500.0,1500,-42.32636514715385,True,True,5.18520353226846
-1387500.0,-927500.0,1500,-44.69964563119348,True,True,6.953011398797737
-1382500.0,-927500.0,1500,-47.714769954676974,True,True,5.977755991459213
-1377500.0,-927500.0,1500,-48.79816354848854,True,True,5.0297332508926305
-1372500.0,-927500.0,1500,-38.55041118120529,False,True,5.343251283830565
-1367500.0,-927500.0,1500,-28.135349401449126,False,True,4.58853798362434
-1362500.0,-927500.0,1500,-29.419757458448988,False,True,3.779233675782457
-1357500.0,-927500.0,1500,-32.68306773895014,False,True,4.023781016553564
-1352500.0,-927500.0,1500,-30.01683882923925,False,False,5.083274776987288
-1347500.0,-927500.0,1500,-26.748427447040783,False,False,5.162710886429002
-1342500.0,-927500.0,1500,-22.915974254739556,False,False,3.9467850765485126
-1337500.0,-927500.0,1500,-12.661732814705532,False,False,3.293190111954028
-1332500.0,-927500.0,1500,-6.912915359085911,False,False,3.740366858633788
-1327500.0,-927500.0,1500,-15.150119404262362,False,False,5.029275963953863
-1322500.0,-927500.0,1500,-24.869363477506543,False,False,6.02976901874227
-1317500.0,-927500.0,1500,-27.98318814849857,False,False,6.220036893174295
-1312500.0,-927500.0,1500,-25.10897918923686,False,False,6.3816889149668725
-1307500.0,-927500.0,1500,-19.64430504236368,False,False,7.037055583839461
-1302500.0,-927500.0,1500,-15.604667976794206,False,False,8.099697461076808
-1297500.0,-927500.0,1500,-12.832424113496568,False,False,9.164537531165111
-1292500.0,-927500.0,1500,-12.813346914339522,False,False,10.028039109561567
-1287500.0,-927500.0,1500,-15.342348504157373,False,False,10.648026299616898
-1282500.0,-927500.0,1500,-19.230310504847,False,False,11.043023892348996
-1277500.0,-927500.0,1500,-22.621886675303223,False,False,11.264743937500217
-1597500.0,-922500.0,1500,-2.603697021411513,False,False,15.394960288989253
-1592500.0,-922500.0,1500,-6.668945144344102,False,False,15.39062817447101
-1587500.0,-922500.0,1500,-10.801665960886265,False,False,15.382762934668726
-1582500.0,-922500.0,1500,-15.347492595438137,False,False,15.370059189704152
-1577500.0,-922500.0,1500,-20.08481004561494,False,False,15.351732250449142
-1572500.0,-922500.0,1500,-24.348184694797546,False,False,15.327168245263724
-1567500.0,-922500.0,1500,-29.187856110146704,False,False,15.295946805357644
-1562500.0,-922500.0,1500,-34.75451366450193,False,False,15.25819385004154
-1557500.0,-922500.0,1500,-39.64504060656652,False,False,15.214240946603097
-1552500.0,-922500.0,1500,-44.4937798066082,False,False,15.165758830501108
-1547500.0,-922500.0,1500,-49.047816913788445,False,False,15.115211248078001
-1542500.0,-922500.0,1500,-51.47734540057543,False,False,15.065933035487838
-1537500.0,-922500.0,1500,-51.82692862011832,False,False,15.021462323116465
-1532500.0,-922500.0,1500,-47.58038067397227,False,True,14.983222111475182
-1527500.0,-922500.0,1500,-38.63140060174933,False,True,14.949098770951732
-1522500.0,-922500.0,1500,-29.047233312407595,False,True,14.910642063484518
-1517500.0,-922500.0,1500,-24.754629662089645,False,True,14.760244292238903
-1512500.0,-922500.0,1500,-21.853437445687458,False,True,14.437416680905896
-1507500.0,-922500.0,1500,-11.326476824894828,False,True,13.862280052440411
-1502500.0,-922500.0,1500,3.0948599406031247,False,True,12.972388486646228
-1497500.0,-922500.0,1500,9.667686472839149,False,False,11.856922758093571
-1492500.0,-922500.0,1500,6.466014837623844,False,False,10.125640893850989
-1487500.0,-922500.0,1500,0.834482398323987,False,False,6.944699026957826
-1482500.0,-922500.0,1500,-0.14651979655948724,False,False,4.97529077605328
-1477500.0,-922500.0,1500,4.781281734503315,False,False,6.784497792326226
-1472500.0,-922500.0,1500,6.146193725105811,False,False,8.744892641341043
-1467500.0,-922500.0,1500,6.176447396611831,False,False,7.838481793162653
-1462500.0,-922500.0,1500,3.6001122938242833,False,True,5.068000301816141
-1457500.0,-922500.0,1500,2.5823481467707827,False,True,3.688805898308946
-1452500.0,-922500.0,1500,10.358041286473933,False,True,5.277250615541937
-1447500.0,-922500.0,1500,11.441779306862351,False,True,7.271767051984699
-1442500.0,-922500.0,1500,-3.9480290110680505,False,True,6.827059021065995
-1437500.0,-922500.0,1500,-22.075668222878075,True,True,5.247613048520009
-1432500.0,-922500.0,1500,-31.844884822891768,True,True,5.082380372054067
-1427500.0,-922500.0,1500,-36.57966045616144,True,True,4.538860163940324
-1422500.0,-922500.0,1500,-38.284297231529706,True,True,3.9540360835899673
-1417500.0,-922500.0,1500,-38.56120754681195,True,True,4.7266965611049425
-1412500.0,-922500.0,1500,-36.738594266679584,True,True,4.8863471305901385
-1407500.0,-922500.0,1500,-34.871623380224214,True,True,5.3213432789919795
-1402500.0,-922500.0,1500,-36.37444966084856,True,True,4.896265222524959
-1397500.0,-922500.0,1500,-42.3816715533877,True,True,4.133320935936561
-1392500.0,-922500.0,1500,-46.76336452867259,True,True,4.856648162338027
-1387500.0,-922500.0,1500,-45.743303105861514,True,True,5.066876270849827
-1382500.0,-922500.0,1500,-45.297974916039855,True,True,4.918569081898782
-1377500.0,-922500.0,1500,-40.18515334837155,False,True,5.299071866251465
-1372500.0,-922500.0,1500,-29.844317776603205,False,True,4.87703296151359
-1367500.0,-922500.0,1500,-24.735473558021297,False,True,3.870226314757272
-1362500.0,-922500.0,1500,-24.113508796741424,False,True,3.897106256265462
-1357500.0,-922500.0,1500,-25.1144036865646,False,False,4.926731643239954
-1352500.0,-922500.0,1500,-26.9996860267177,False,False,5.4815890345088985
-1347500.0,-922500.0,1500,-27.540543530169707,False,False,4.314822184712963
-1342500.0,-922500.0,1500,-21.78147483764563,False,False,3.348997464059731
-1337500.0,-922500.0,1500,-8.756288676918457,False,False,3.543833614465405
-1332500.0,-922500.0,1500,-2.24212734772911,False,False,4.762896231558722
-1327500.0,-922500.0,1500,-7.807143155160634,False,False,5.945368335464631
-1322500.0,-922500.0,1500,-15.125363875911082,False,False,6.197660485028178
-1317500.0,-922500.0,1500,-20.52787878102172,False,False,6.315685710548235
-1312500.0,-922500.0,1500,-22.24135212836301,False,False,6.889027431725409
-1307500.0,-922500.0,1500,-20.1678673321221,False,False,7.907303069576809
-1302500.0,-922500.0,1500,-18.07965870825197,False,False,8.999118405267536
-1297500.0,-922500.0,1500,-16.02465834569087,False,False,9.883159144441201
-1292500.0,-922500.0,1500,-16.49421428948241,False,False,10.530666275285489
-1287500.0,-922500.0,1500,-19.92986339459194,False,False,10.973738127860099
-1282500.0,-922500.0,1500,-23.834263567149822,False,False,11.234480867121132
-1597500.0,-917500.0,1500,-6.18405459704771,False,False,15.392795340000305
-1592500.0,-917500.0,1500,-9.88384415727962,False,False,15.38756697116826
-1587500.0,-917500.0,1500,-13.33270197104769,False,False,15.378523083300582
-1582500.0,-917500.0,1500,-17.754673337910997,False,False,15.364560242276188
-1577500.0,-917500.0,1500,-21.976176781360536,False,False,15.344735318210102
-1572500.0,-917500.0,1500,-25.90281293367798,False,False,15.318533585552313
-1567500.0,-917500.0,1500,-31.377627728219196,False,False,15.285511997427976
-1562500.0,-917500.0,1500,-36.60659130314413,False,False,15.245748453747604
-1557500.0,-917500.0,1500,-41.14864050714355,False,False,15.200229265807444
-1552500.0,-917500.0,1500,-46.21571967651434,False,False,15.150503225820785
-1547500.0,-917500.0,1500,-49.290877108416055,False,False,15.099539121580545
-1542500.0,-917500.0,1500,-50.635932092264305,False,False,15.050516118056043
-1537500.0,-917500.0,1500,-51.16689563399287,False,True,15.006180184490134
-1532500.0,-917500.0,1500,-46.831475266284784,False,True,14.966895644713706
-1527500.0,-917500.0,1500,-38.60502351301158,False,True,14.92816055514732
-1522500.0,-917500.0,1500,-27.27354127409511,False,True,14.81950027511822
-1517500.0,-917500.0,1500,-21.05301458841005,True,True,14.584913277503063
-1512500.0,-917500.0,1500,-17.01867223345241,False,True,14.189523218952036
-1507500.0,-917500.0,1500,-5.768925179924903,False,True,13.533970723269997
-1502500.0,-917500.0,1500,6.822269137462848,False,True,12.540168503111538
-1497500.0,-917500.0,1500,13.994940853307721,False,True,11.071005128128494
-1492500.0,-917500.0,1500,11.691451070277033,False,False,8.606727213363964
-1487500.0,-917500.0,1500,5.571732255891466,False,False,5.35144143982707
-1482500.0,-917500.0,1500,4.454418470700664,False,False,5.394449011473714
-1477500.0,-917500.0,1500,7.683978867533637,False,False,8.021927299298433
-1472500.0,-917500.0,1500,7.258903929439764,False,False,8.496672503405348
-1467500.0,-917500.0,1500,7.011734455387437,False,False,6.270687316156833
-1462500.0,-917500.0,1500,10.147320923672778,False,False,3.8969983807082036
-1457500.0,-917500.0,1500,13.15559537021929,False,False,4.481923160552077
-1452500.0,-917500.0,1500,16.6028459206709,False,True,6.651658292356743
-1447500.0,-917500.0,1500,14.813325211603066,False,True,7.003319494446888
-1442500.0,-917500.0,1500,-2.0356720256682657,False,True,5.470729850571621
-1437500.0,-917500.0,1500,-18.9156819102894,False,True,5.550886372823033
-1432500.0,-917500.0,1500,-24.890178356381345,True,True,5.639948132811222
-1427500.0,-917500.0,1500,-29.590042349121617,True,True,5.003824843313043
-1422500.0,-917500.0,1500,-35.11094161821901,True,True,4.9365397146212295
-1417500.0,-917500.0,1500,-39.17332887938066,True,True,4.451628909643031
-1412500.0,-917500.0,1500,-40.29121019200329,True,True,4.565676788105903
-1407500.0,-917500.0,1500,-42.49382953925965,True,True,4.701368631505346
-1402500.0,-917500.0,1500,-48.429308457651835,True,True,4.158328566857252
-1397500.0,-917500.0,1500,-51.738430105108236,True,True,4.552493040780378
-1392500.0,-917500.0,1500,-48.913672553753344,True,True,4.497086223159982
-1387500.0,-917500.0,1500,-43.49073028555566,True,True,3.6457519502641595
-1382500.0,-917500.0,1500,-39.65536972420166,False,True,4.33533239897523
-1377500.0,-917500.0,1500,-35.31894357080531,False,True,4.594819162514929
-1372500.0,-917500.0,1500,-29.890589388411378,False,True,4.0264691701615485
-1367500.0,-917500.0,1500,-26.974401034739007,False,True,3.8536073770714845
-1362500.0,-917500.0,1500,-23.035117650534282,False,True,4.696812927494841
-1357500.0,-917500.0,1500,-20.00484031334749,False,False,5.5961943185779255
-1352500.0,-917500.0,1500,-19.810839340057974,False,False,4.695316894680126
-1347500.0,-917500.0,1500,-19.670196753752556,False,False,3.582903091987303
-1342500.0,-917500.0,1500,-15.256545576203946,False,False,3.484017278280618
-1337500.0,-917500.0,1500,-6.8952329480568,False,False,4.471578307963847
-1332500.0,-917500.0,1500,-2.3511952020026707,False,False,5.800217117600793
-1327500.0,-917500.0,1500,-4.089705576528184,False,False,6.232506382103902
-1322500.0,-917500.0,1500,-9.302049344515952,False,False,6.269319943734525
-1317500.0,-917500.0,1500,-13.9903169657498,False,False,6.694153976596677
-1312500.0,-917500.0,1500,-15.901072154753011,False,False,7.638847219539674
-1307500.0,-917500.0,1500,-16.80268444699305,False,False,8.769881791662097
-1302500.0,-917500.0,1500,-18.133266343754293,False,False,9.750732555028168
-1297500.0,-917500.0,1500,-17.807496113471593,False,False,10.437041722822475
-1292500.0,-917500.0,1500,-18.307050542672684,False,False,10.888363110832627
-1287500.0,-917500.0,1500,-22.314718137403492,False,False,11.18676776887962
-1282500.0,-917500.0,1500,-27.047346498384506,False,False,11.343499808430492
-1597500.0,-912500.0,1500,-9.448096647625315,False,False,15.390009390911985
-1592500.0,-912500.0,1500,-12.617412874274123,False,False,15.383682173794654
-1587500.0,-912500.0,1500,-15.774162350349073,False,False,15.373302231328534
-1582500.0,-912500.0,1500,-20.158894784228128,False,False,15.357913539165061
-1577500.0,-912500.0,1500,-23.718011893508066,False,False,15.336611407134852
-1572500.0,-912500.0,1500,-27.85516879006136,False,False,15.30868648177451
-1567500.0,-912500.0,1500,-33.581326154443126,False,False,15.273965201497427
-1562500.0,-912500.0,1500,-38.30754988326981,False,False,15.232548061358722
-1557500.0,-912500.0,1500,-43.02487158391962,False,False,15.185769339560965
-1552500.0,-912500.0,1500,-47.65450649873895,False,False,15.135795742070046
-1547500.0,-912500.0,1500,-49.36258835072086,False,False,15.085317796367537
-1542500.0,-912500.0,1500,-48.84417673828653,False,False,15.03755081699045
-1537500.0,-912500.0,1500,-47.6824480014259,False,False,14.993953523935422
-1532500.0,-912500.0,1500,-43.090613034984244,False,True,14.953027667150188
-1527500.0,-912500.0,1500,-34.74779999266524,False,True,14.907092982585715
-1522500.0,-912500.0,1500,-24.096846340683793,False,True,14.692011763417264
-1517500.0,-912500.0,1500,-15.166841514709649,False,True,14.268728860154319
-1512500.0,-912500.0,1500,-5.334889179653779,False,True,13.744654038402652
-1507500.0,-912500.0,1500,6.40457809524502,False,True,13.036099428183466
-1502500.0,-912500.0,1500,15.648392222711358,False,True,11.918637058019344
-1497500.0,-912500.0,1500,19.788316507711272,False,False,10.05954785918717
-1492500.0,-912500.0,1500,15.23709532985264,False,False,6.738838973600817
-1487500.0,-912500.0,1500,8.123462410009703,False,False,4.872546047953258
-1482500.0,-912500.0,1500,6.8156269466771375,False,False,6.834967695393565
-1477500.0,-912500.0,1500,8.799475473027117,False,False,8.68625206065344
-1472500.0,-912500.0,1500,8.16769042750378,False,False,7.686409978222742
-1467500.0,-912500.0,1500,8.96373122538815,False,False,4.837360797534339
-1462500.0,-912500.0,1500,14.772937290519163,False,False,3.961408154157813
-1457500.0,-912500.0,1500,20.012480539357483,False,True,6.054030070909048
-1452500.0,-912500.0,1500,20.206082774632527,False,True,7.143650614051307
-1447500.0,-912500.0,1500,14.083627953927815,False,True,5.639474048552695
-1442500.0,-912500.0,1500,-4.090081125479845,False,True,5.210239850105809
-1437500.0,-912500.0,1500,-19.96845866399325,True,True,5.749943729594097
-1432500.0,-912500.0,1500,-24.76845203439019,True,True,5.071909278411787
-1427500.0,-912500.0,1500,-30.606896929409544,True,True,5.644896327457847
-1422500.0,-912500.0,1500,-38.273874776551374,True,True,5.653186356578314
-1417500.0,-912500.0,1500,-42.135757342912676,True,True,5.372921301301316
-1412500.0,-912500.0,1500,-41.48399558597031,True,True,5.0954809248736135
-1407500.0,-912500.0,1500,-43.05593995623623,True,True,4.427186335523359
-1402500.0,-912500.0,1500,-50.286892907892664,True,True,4.997590929121113
-1397500.0,-912500.0,1500,-52.65863450839938,True,True,5.018441427989446
-1392500.0,-912500.0,1500,-46.61874706809497,True,True,4.513764885035194
-1387500.0,-912500.0,1500,-38.06862377813123,False,True,4.627017830338258
-1382500.0,-912500.0,1500,-31.752398635849588,False,True,4.282301530247028
-1377500.0,-912500.0,1500,-30.91022246920558,False,True,3.4518501046751524
-1372500.0,-912500.0,1500,-27.890337475900466,False,True,3.5453432915607275
-1367500.0,-912500.0,1500,-24.68018859980964,False,True,4.4612061454667495
-1362500.0,-912500.0,1500,-21.583212028463777,False,False,5.495163885505673
-1357500.0,-912500.0,1500,-16.234846546289035,False,False,5.0153420201292445
-1352500.0,-912500.0,1500,-12.0064440139109,False,False,3.7792224144872675
-1347500.0,-912500.0,1500,-8.522456495763517,False,False,3.427419349599874
-1342500.0,-912500.0,1500,-5.087131178093771,False,False,4.179366912016782
-1337500.0,-912500.0,1500,-1.0822147463748264,False,False,5.535470826071645
-1332500.0,-912500.0,1500,2.5738712175175977,False,False,6.200735695195289
-1327500.0,-912500.0,1500,1.213036440917313,False,False,6.250770692055429
-1322500.0,-912500.0,1500,-4.571287134608556,False,False,6.559828939575479
-1317500.0,-912500.0,1500,-9.083151293536298,False,False,7.407736806496796
-1312500.0,-912500.0,1500,-11.316918863498747,False,False,8.517370800328582
-1307500.0,-912500.0,1500,-11.836583507479718,False,False,9.519388799790173
-1302500.0,-912500.0,1500,-14.644726078155083,False,False,10.30402681215648
-1297500.0,-912500.0,1500,-17.32033792809166,False,False,10.828631783775196
-1292500.0,-912500.0,1500,-19.102566041532587,False,False,11.13675897657328
-1287500.0,-912500.0,1500,-23.562470572622345,False,False,11.322769972501991
-1282500.0,-912500.0,1500,-28.898806782364552,False,False,11.400468972611328
-1597500.0,-907500.0,1500,-12.089307053879798,False,False,15.386532905374189
-1592500.0,-907500.0,1500,-14.889488134102164,False,False,15.378820233977082
-1587500.0,-907500.0,1500,-18.21682109866994,False,False,15.36698635059716
-1582500.0,-907500.0,1500,-22.32082136267471,False,False,15.349979359738025
-1577500.0,-907500.0,1500,-25.868757662087713,False,False,15.327065264985194
-1572500.0,-907500.0,1500,-30.565762107809224,False,False,15.29749008469179
-1567500.0,-907500.0,1500,-35.988294553629636,False,False,15.261044759554922
-1562500.0,-907500.0,1500,-40.71932469211656,False,False,15.218431431990869
-1557500.0,-907500.0,1500,-45.37208481078755,False,False,15.170951847545881
-1552500.0,-907500.0,1500,-48.73469421617056,False,False,15.121361685336044
-1547500.0,-907500.0,1500,-48.97189567176116,False,False,15.072420206376313
-1542500.0,-907500.0,1500,-47.04570671677981,False,False,15.026304661714207
-1537500.0,-907500.0,1500,-44.77176999918512,False,False,14.98338472749263
-1532500.0,-907500.0,1500,-37.559048962052955,False,True,14.939255151457033
-1527500.0,-907500.0,1500,-26.40513164072439,False,True,14.785313084024443
-1522500.0,-907500.0,1500,-14.896815126411198,False,True,14.382295311540915
-1517500.0,-907500.0,1500,-2.245588881130312,False,True,13.857260183986947
-1512500.0,-907500.0,1500,8.074338547921366,False,True,13.322217180130624
-1507500.0,-907500.0,1500,14.996566261141513,False,True,12.55802748496105
-1502500.0,-907500.0,1500,22.623975077985534,False,True,11.166892631447801
-1497500.0,-907500.0,1500,25.022930886958758,False,False,8.685015935681939
-1492500.0,-907500.0,1500,16.514645760596764,False,False,5.4139226992815015
-1487500.0,-907500.0,1500,4.111135032056323,False,True,5.669235584574365
-1482500.0,-907500.0,1500,-0.5822812434007186,False,True,8.449036916336551
-1477500.0,-907500.0,1500,4.079331910947543,False,True,8.752608544469657
-1472500.0,-907500.0,1500,7.921163151505931,False,True,6.325936557193993
-1467500.0,-907500.0,1500,10.045150121102287,False,False,4.307673975308285
-1462500.0,-907500.0,1500,15.748255706746374,False,True,5.548226431605118
-1457500.0,-907500.0,1500,21.91794774668719,False,True,7.099317613062881
-1452500.0,-907500.0,1500,20.233892568752022,False,True,6.112410530290254
-1447500.0,-907500.0,1500,5.866198044304651,False,True,5.100536860020843
-1442500.0,-907500.0,1500,-15.604831618299018,False,True,5.706115204506171
-1437500.0,-907500.0,1500,-28.48375452177775,True,True,5.29729262278596
-1432500.0,-907500.0,1500,-32.11423530543076,True,True,5.465584765187115
-1427500.0,-907500.0,1500,-35.925720013211915,True,True,5.782833822436227
-1422500.0,-907500.0,1500,-40.889285446236975,True,True,5.363195687264215
-1417500.0,-907500.0,1500,-42.39430125247163,True,True,5.860279904586275
-1412500.0,-907500.0,1500,-39.403286984825826,True,True,5.32563980845181
-1407500.0,-907500.0,1500,-38.35896930790644,True,True,5.815954839196321
-1402500.0,-907500.0,1500,-41.07956716928223,True,True,6.82188406135041
-1397500.0,-907500.0,1500,-43.49707874228554,True,True,5.364361287100931
-1392500.0,-907500.0,1500,-40.300223300625056,True,True,4.717466432763121
-1387500.0,-907500.0,1500,-30.898690152407084,False,True,4.997267367733125
-1382500.0,-907500.0,1500,-25.270331681862295,False,True,4.274261500623036
-1377500.0,-907500.0,1500,-25.70500437420065,False,True,3.512266918461421
-1372500.0,-907500.0,1500,-23.737360585062852,False,True,3.436925248546073
-1367500.0,-907500.0,1500,-23.288605279346044,False,False,4.195442913864058
-1362500.0,-907500.0,1500,-21.332938050146247,False,False,4.62881412261042
-1357500.0,-907500.0,1500,-11.553578106762853,False,False,3.9843017299258348
-1352500.0,-907500.0,1500,-2.8155485011392676,False,False,3.4025173868609877
-1347500.0,-907500.0,1500,2.505614477466475,False,False,3.8851086565017585
-1342500.0,-907500.0,1500,4.393282082739276,False,False,5.155769237099609
-1337500.0,-907500.0,1500,5.157365454958151,False,False,6.074571841424261
-1332500.0,-907500.0,1500,6.012728692337488,False,False,6.204280146801365
-1327500.0,-907500.0,1500,3.3679568038466794,False,False,6.431751849722423
-1322500.0,-907500.0,1500,0.004078736528033616,False,False,7.170468978932659
-1317500.0,-907500.0,1500,-3.674836229772856,False,False,8.262933453954986
-1312500.0,-907500.0,1500,-8.238250555621034,False,False,9.337121403191766
-1307500.0,-907500.0,1500,-10.154950137102725,False,False,10.153318170967378
-1302500.0,-907500.0,1500,-12.721795710215432,False,False,10.73128793678293
-1297500.0,-907500.0,1500,-15.853131430547428,False,False,11.10047197371273
-1292500.0,-907500.0,1500,-19.153482060788107,False,False,11.302891468695865
-1287500.0,-907500.0,1500,-23.317107556842192,False,False,11.393398396513206
-1597500.0,-902500.0,1500,-14.16957345261841,False,False,15.382247090781298
-1592500.0,-902500.0,1500,-16.915136537621933,False,False,15.372931694375607
-1587500.0,-902500.0,1500,-20.32088869380989,False,False,15.359362524253891
-1582500.0,-902500.0,1500,-24.198228568298788,False,False,15.34064469664553
-1577500.0,-902500.0,1500,-28.592705364965564,False,False,15.315875951700669
-1572500.0,-902500.0,1500,-33.617945444016684,False,False,15.28461455166941
-1567500.0,-902500.0,1500,-38.82793871544284,False,False,15.24671939534961
-1562500.0,-902500.0,1500,-43.871540363153805,False,False,15.203126919457755
-1557500.0,-902500.0,1500,-47.85404769795173,False,False,15.155800286812886
-1552500.0,-902500.0,1500,-49.5710102711965,False,False,15.1072111201505
-1547500.0,-902500.0,1500,-47.914212340751746,False,False,15.060206178489551
-1542500.0,-902500.0,1500,-44.89180008036271,False,False,15.015945370675976
-1537500.0,-902500.0,1500,-42.11530285382894,False,True,14.972429413693495
-1532500.0,-902500.0,1500,-32.36451376473429,False,True,14.884737513430665
-1527500.0,-902500.0,1500,-18.727533425430977,False,True,14.577938334813584
-1522500.0,-902500.0,1500,-7.5611508201290745,False,True,14.122032907046949
-1517500.0,-902500.0,1500,1.2775620185111376,False,True,13.704040065605884
-1512500.0,-902500.0,1500,6.749757357969319,False,True,13.13288101509024
-1507500.0,-902500.0,1500,14.579406942405207,False,True,12.0843306896596
-1502500.0,-902500.0,1500,22.14341814034171,False,True,10.24042827236724
-1497500.0,-902500.0,1500,23.02191531072961,False,True,6.911805746705723
-1492500.0,-902500.0,1500,15.093325829398708,False,True,5.154922788448799
-1487500.0,-902500.0,1500,0.5043830043592965,False,True,7.28971486843882
-1482500.0,-902500.0,1500,-6.94647159755651,False,True,9.044793779354336
-1477500.0,-902500.0,1500,-1.4734007903281052,False,True,7.827312245890396
-1472500.0,-902500.0,1500,6.9233811556974825,False,True,5.229260009364704
-1467500.0,-902500.0,1500,11.696779647229636,False,True,5.207165445526412
-1462500.0,-902500.0,1500,15.505205378546883,False,True,7.091681175688552
-1457500.0,-902500.0,1500,16.992821011980148,False,True,6.547004144358049
-1452500.0,-902500.0,1500,10.080718385153341,False,True,5.132602200152322
-1447500.0,-902500.0,1500,-9.236742535560017,False,True,5.628998656561978
-1442500.0,-902500.0,1500,-31.09444814857433,True,True,5.486433788729082
-1437500.0,-902500.0,1500,-41.350622120024234,True,True,5.2978723859156505
-1432500.0,-902500.0,1500,-42.82560205503946,True,True,5.745419153023161
-1427500.0,-902500.0,1500,-43.54414140240142,True,True,5.230315879952446
-1422500.0,-902500.0,1500,-45.769015025798026,True,True,5.785077456892183
-1417500.0,-902500.0,1500,-45.31124127199986,True,True,5.553979357515057
-1412500.0,-902500.0,1500,-41.240092936421675,True,True,5.552727701972502
-1407500.0,-902500.0,1500,-37.72994267904535,True,True,7.056756992490743
-1402500.0,-902500.0,1500,-35.447806926198,True,True,6.2090483866223485
-1397500.0,-902500.0,1500,-35.314845708819824,False,True,4.996094645322833
-1392500.0,-902500.0,1500,-31.49838858299658,False,True,5.1565493209951345
-1387500.0,-902500.0,1500,-24.795683238457507,False,True,4.444538032745694
-1382500.0,-902500.0,1500,-26.110990349074218,False,True,3.7742648499691867
-1377500.0,-902500.0,1500,-28.845964520902456,False,True,4.008804073801367
-1372500.0,-902500.0,1500,-26.783502051440923,False,False,4.465584351798152
-1367500.0,-902500.0,1500,-28.459133854257505,False,False,4.180453729705491
-1362500.0,-902500.0,1500,-27.52415309577153,False,False,3.4293072216739184
-1357500.0,-902500.0,1500,-12.976050331044192,False,False,3.2720032532299186
-1352500.0,-902500.0,1500,1.9240048146987814,False,False,3.5695622287689055
-1347500.0,-902500.0,1500,7.63460720410275,False,False,4.703338428582405
-1342500.0,-902500.0,1500,7.020694430380057,False,False,5.864957859285523
-1337500.0,-902500.0,1500,6.596405217396351,False,False,6.107639444137011
-1332500.0,-902500.0,1500,6.897956396772588,False,False,6.249017376591779
-1327500.0,-902500.0,1500,4.596716768142725,False,False,6.919141115275082
-1322500.0,-902500.0,1500,2.1297066972950773,False,False,7.987180372070997
-1317500.0,-902500.0,1500,-1.1937946444892218,False,False,9.082939331808811
-1312500.0,-902500.0,1500,-5.492009370263845,False,False,9.979750407783055
-1307500.0,-902500.0,1500,-8.377061142571428,False,False,10.614003909591068
-1302500.0,-902500.0,1500,-10.759436255422207,False,False,11.02535405425207
-1297500.0,-902500.0,1500,-13.738330595048394,False,False,11.26479116987658
-1292500.0,-902500.0,1500,-17.80542249018176,False,False,11.387161332072019
-1597500.0,-897500.0,1500,-16.111489091527087,False,False,15.37702111981886
-1592500.0,-897500.0,1500,-18.78070675736343,False,False,15.365909336052784
-1587500.0,-897500.0,1500,-21.935958106753397,False,False,15.350356978292904
-1582500.0,-897500.0,1500,-26.02051408049407,False,False,15.329650211814986
-1577500.0,-897500.0,1500,-31.09302446747028,False,False,15.302944244345804
-1572500.0,-897500.0,1500,-36.33937253010977,False,False,15.26983735111816
-1567500.0,-897500.0,1500,-41.67225728722784,False,False,15.230735607015651
-1562500.0,-897500.0,1500,-46.72253156925389,False,False,15.186721954521085
-1557500.0,-897500.0,1500,-50.230269074464694,False,False,15.140033129954157
-1552500.0,-897500.0,1500,-50.84385108274941,False,False,15.093256247001307
-1547500.0,-897500.0,1500,-48.11811789698978,False,False,15.04822223546753
-1542500.0,-897500.0,1500,-44.33043564111292,False,False,15.004936957949939
-1537500.0,-897500.0,1500,-40.96949893278661,False,True,14.959082355310999
-1532500.0,-897500.0,1500,-32.177136720519556,False,True,14.861686777576296
-1527500.0,-897500.0,1500,-20.229221545030967,False,True,14.579375159999996
-1522500.0,-897500.0,1500,-14.250958002420608,False,True,14.246569869617131
-1517500.0,-897500.0,1500,-6.52426984140199,False,True,13.710548665524698
-1512500.0,-897500.0,1500,5.783967782295312,False,True,12.773189527621334
-1507500.0,-897500.0,1500,12.524979733587147,False,True,11.407802907479374
-1502500.0,-897500.0,1500,11.731849610417912,False,True,8.944071416693305
-1497500.0,-897500.0,1500,6.8096911500460475,False,True,5.651795176510285
-1492500.0,-897500.0,1500,-0.7453279969991995,False,True,5.956397735295129
-1487500.0,-897500.0,1500,-10.188711118911261,False,True,8.562720770765772
-1482500.0,-897500.0,1500,-12.993425553382458,False,True,8.27915183748473
-1477500.0,-897500.0,1500,-7.000896115683492,False,True,5.790626940133319
-1472500.0,-897500.0,1500,1.6072512477144085,False,True,4.959024801003094
-1467500.0,-897500.0,1500,8.738770319460993,False,True,6.744179627995839
-1462500.0,-897500.0,1500,10.975752787346867,False,True,7.069129907209479
-1457500.0,-897500.0,1500,4.369972738238585,False,True,5.4196277526984025
-1452500.0,-897500.0,1500,-11.714269902147063,False,True,5.423785211750769
-1447500.0,-897500.0,1500,-31.973893161321538,True,True,5.545360036466231
-1442500.0,-897500.0,1500,-47.26776658366367,True,True,5.064861184066813
-1437500.0,-897500.0,1500,-52.37461205088027,True,True,5.720893763817086
-1432500.0,-897500.0,1500,-52.4755995863232,True,True,5.325179986422853
-1427500.0,-897500.0,1500,-53.68764104045633,True,True,5.561271293027995
-1422500.0,-897500.0,1500,-54.669910067548095,True,True,5.57374617412772
-1417500.0,-897500.0,1500,-51.85882125268487,True,True,5.175282909527316
-1412500.0,-897500.0,1500,-47.39557943424939,True,True,6.739348145233853
-1407500.0,-897500.0,1500,-42.9497109919551,True,True,6.635762684964745
-1402500.0,-897500.0,1500,-37.80122304681366,True,True,5.115487882556059
-1397500.0,-897500.0,1500,-32.527852298966984,False,True,5.329125358247726
-1392500.0,-897500.0,1500,-26.548767163677173,False,True,4.967262617603697
-1387500.0,-897500.0,1500,-24.17607351358028,False,True,3.9490193175701886
-1382500.0,-897500.0,1500,-28.36894952934414,False,True,3.894396107596869
-1377500.0,-897500.0,1500,-30.166109973310228,False,True,4.811335219720826
-1372500.0,-897500.0,1500,-26.572170724029988,False,False,5.538000563608373
-1367500.0,-897500.0,1500,-27.566195004157947,False,False,4.357074623018487
-1362500.0,-897500.0,1500,-27.100591639117148,False,False,3.261678191995036
-1357500.0,-897500.0,1500,-14.402290626760836,False,False,3.146067557726537
-1352500.0,-897500.0,1500,-2.891545950843978,False,False,3.54619768542866
-1347500.0,-897500.0,1500,-0.3605225350983977,False,False,4.718970700172037
-1342500.0,-897500.0,1500,-0.26715201158444735,False,False,5.746755463042083
-1337500.0,-897500.0,1500,2.2187894709370695,False,False,6.123652186408087
-1332500.0,-897500.0,1500,5.320964680292619,False,False,6.640605899196094
-1327500.0,-897500.0,1500,5.8633354175262,False,False,7.610336157169753
-1322500.0,-897500.0,1500,4.360495024134522,False,False,8.718053206154131
-1317500.0,-897500.0,1500,2.1344855742826305,False,False,9.6595958935156
-1312500.0,-897500.0,1500,-1.1424240710907305,False,False,10.367503551237494
-1307500.0,-897500.0,1500,-4.9239386238125915,False,False,10.864765057735603
-1302500.0,-897500.0,1500,-8.227708067307258,False,False,11.170673132387385
-1297500.0,-897500.0,1500,-11.213536323070556,False,False,11.328848131929965
-1597500.0,-892500.0,1500,-18.252254552110774,False,False,15.370772842060507
-1592500.0,-892500.0,1500,-20.44904446134697,False,False,15.357598132198902
-1587500.0,-892500.0,1500,-23.460081560940917,False,False,15.339890912732141
-1582500.0,-892500.0,1500,-27.823660124889752,False,False,15.316860266139043
-1577500.0,-892500.0,1500,-33.015748993425326,False,False,15.288049120008399
-1572500.0,-892500.0,1500,-38.26540846936079,False,False,15.253172128327325
-1567500.0,-892500.0,1500,-43.436333143864935,False,False,15.212984910378296
-1562500.0,-892500.0,1500,-48.5472100496854,False,False,15.169115032263747
-1557500.0,-892500.0,1500,-51.96918590666378,False,False,15.123671016935543
-1552500.0,-892500.0,1500,-52.01166328486115,False,False,15.07893444787899
-1547500.0,-892500.0,1500,-49.439528506573744,False,False,15.035832724283162
-1542500.0,-892500.0,1500,-45.871087657482676,False,True,14.992066742658524
-1537500.0,-892500.0,1500,-41.844910332468196,False,True,14.940463159542038
-1532500.0,-892500.0,1500,-34.81564524130644,False,True,14.866583082262808
-1527500.0,-892500.0,1500,-26.214121965638665,False,True,14.651594349875639
-1522500.0,-892500.0,1500,-22.93306963153661,True,True,14.329085307725167
-1517500.0,-892500.0,1500,-12.960987274777695,True,True,13.589831029931986
-1512500.0,-892500.0,1500,5.524522074488924,False,True,12.286893953043588
-1507500.0,-892500.0,1500,7.198328277650027,False,True,10.528985416711278
-1502500.0,-892500.0,1500,-0.9801203581891185,False,True,7.142517051374542
-1497500.0,-892500.0,1500,-7.376097008967459,False,True,5.37496491264519
-1492500.0,-892500.0,1500,-16.110581091879354,False,True,7.4935540742160285
-1487500.0,-892500.0,1500,-23.80231655823662,False,True,8.700508127722676
-1482500.0,-892500.0,1500,-26.082421858312607,False,True,6.56688294744236
-1477500.0,-892500.0,1500,-19.761904568916066,False,True,4.28843860676921
-1472500.0,-892500.0,1500,-9.41825877028239,False,True,5.589978020591188
-1467500.0,-892500.0,1500,-3.1491033697651423,False,True,7.275257702527065
-1462500.0,-892500.0,1500,-4.815183133666423,False,True,5.855971053621705
-1457500.0,-892500.0,1500,-16.305907072050985,False,True,5.247426367303054
-1452500.0,-892500.0,1500,-33.81259151232218,True,True,5.644271645498936
-1447500.0,-892500.0,1500,-48.35650685285422,True,True,5.045550439349456
-1442500.0,-892500.0,1500,-55.503668099029575,True,True,5.596817022280656
-1437500.0,-892500.0,1500,-57.16968995731671,True,True,5.498886634263878
-1432500.0,-892500.0,1500,-58.36850847572779,True,True,5.3677540548896445
-1427500.0,-892500.0,1500,-61.79674489918877,True,True,5.677802200452376
-1422500.0,-892500.0,1500,-62.76405009060969,True,True,5.015256395741561
-1417500.0,-892500.0,1500,-58.45960038818315,True,True,6.234467844461489
-1412500.0,-892500.0,1500,-54.18787354357119,True,True,6.89409533786365
-1407500.0,-892500.0,1500,-51.687085925294504,True,True,5.369119958311846
-1402500.0,-892500.0,1500,-46.436257707563605,False,True,5.376305032161342
-1397500.0,-892500.0,1500,-36.98401061768609,False,True,5.258533257682232
-1392500.0,-892500.0,1500,-27.602276625524546,False,True,4.161602105854726
-1387500.0,-892500.0,1500,-23.130851887271348,False,True,3.8555064689700926
-1382500.0,-892500.0,1500,-23.053891847130277,False,True,4.491389037713613
-1377500.0,-892500.0,1500,-21.45403826270617,False,False,5.568072393234691
-1372500.0,-892500.0,1500,-17.60821480173251,False,False,4.976842542877194
-1367500.0,-892500.0,1500,-17.139551998253843,False,False,3.772037181258468
-1362500.0,-892500.0,1500,-14.284161182092662,False,False,3.468275199647556
-1357500.0,-892500.0,1500,-8.387857727701999,False,False,3.8807747092255886
-1352500.0,-892500.0,1500,-9.631580342732496,False,False,4.06801786056368
-1347500.0,-892500.0,1500,-13.72931082358352,False,False,3.9236770487609927
-1342500.0,-892500.0,1500,-12.099215492819972,False,False,4.533792895697555
-1337500.0,-892500.0,1500,-4.855715100415535,False,False,5.64854912492682
-1332500.0,-892500.0,1500,2.8092250690187,False,False,6.816962099417472
-1327500.0,-892500.0,1500,7.39844112385263,False,False,7.9701520360438
-1322500.0,-892500.0,1500,8.034924407197485,False,False,9.025042048097696
-1317500.0,-892500.0,1500,7.233212681218971,False,False,9.846826062027432
-1312500.0,-892500.0,1500,4.054187675002067,False,False,10.456299383060223
-1307500.0,-892500.0,1500,-2.2564398355703865,False,False,10.910951960446518
-1302500.0,-892500.0,1500,-7.403583136666449,False,False,11.186840193555073
-1597500.0,-887500.0,1500,-20.488772589441194,False,False,15.363404535015176
-1592500.0,-887500.0,1500,-22.30606085088408,False,False,15.347910237429371
-1587500.0,-887500.0,1500,-25.17662883216164,False,False,15.327764198797677
-1582500.0,-887500.0,1500,-29.313664299206895,False,False,15.302264289044178
-1577500.0,-887500.0,1500,-34.00776295807659,False,False,15.271060509840195
-1572500.0,-887500.0,1500,-38.47286238125213,False,False,15.23456196156976
-1567500.0,-887500.0,1500,-42.74745363968062,False,False,15.193621521326273
-1562500.0,-887500.0,1500,-47.2899897915952,False,False,15.150259708046763
-1557500.0,-887500.0,1500,-50.58578630611296,False,False,15.10652252095018
-1552500.0,-887500.0,1500,-50.49759794950723,False,False,15.063882738225947
-1547500.0,-887500.0,1500,-48.25334773728809,False,True,15.021695778071779
-1542500.0,-887500.0,1500,-45.46368646319833,False,True,14.975531661049807
-1537500.0,-887500.0,1500,-40.95086093084457,False,True,14.914153823152553
-1532500.0,-887500.0,1500,-35.030983596483594,False,True,14.818340191915148
-1527500.0,-887500.0,1500,-29.448610388680756,False,True,14.574660632907941
-1522500.0,-887500.0,1500,-26.83320157116548,True,True,14.186000589602559
-1517500.0,-887500.0,1500,-22.834366958386,True,True,13.44995677964597
-1512500.0,-887500.0,1500,-13.622351019684576,False,True,11.972476370587161
-1507500.0,-887500.0,1500,-11.874344871178868,False,True,9.395893073707995
-1502500.0,-887500.0,1500,-14.286221968354289,False,True,5.947677103413093
-1497500.0,-887500.0,1500,-16.384110408057357,False,True,6.108861616203639
-1492500.0,-887500.0,1500,-22.92559625924896,False,True,8.426012068174007
-1487500.0,-887500.0,1500,-29.011443971464626,True,True,7.4056262258813
-1482500.0,-887500.0,1500,-35.467059508116876,True,True,4.706754159965372
-1477500.0,-887500.0,1500,-35.605137269177575,True,True,4.615238060093704
-1472500.0,-887500.0,1500,-27.061743094850968,True,True,6.714619686035929
-1467500.0,-887500.0,1500,-22.20238989470455,False,True,6.316435668276856
-1462500.0,-887500.0,1500,-26.376448298724885,False,True,5.201843453600637
-1457500.0,-887500.0,1500,-37.30601113411577,True,True,5.607472570148738
-1452500.0,-887500.0,1500,-48.526831006135666,True,True,5.189482766297509
-1447500.0,-887500.0,1500,-53.64187522922961,True,True,5.482735404391791
-1442500.0,-887500.0,1500,-54.22525427746167,True,True,5.609210660796225
-1437500.0,-887500.0,1500,-55.79480862165469,True,True,5.156105393736642
-1432500.0,-887500.0,1500,-58.94744638334379,True,True,5.780378239720953
-1427500.0,-887500.0,1500,-62.709195016522486,True,True,5.240832224451901
-1422500.0,-887500.0,1500,-63.784725284028035,True,True,5.844553053303912
-1417500.0,-887500.0,1500,-59.883419947438554,True,True,7.083270125977321
-1412500.0,-887500.0,1500,-56.40391334298811,True,True,5.686319285039111
-1407500.0,-887500.0,1500,-54.21010896588694,False,True,5.133437873947171
-1402500.0,-887500.0,1500,-50.07962115004035,False,True,5.438134877524975
-1397500.0,-887500.0,1500,-41.97794442234991,False,True,4.483403230934037
-1392500.0,-887500.0,1500,-29.263075952372386,False,True,3.876827034976313
-1387500.0,-887500.0,1500,-20.28764939733363,False,True,4.292294858325633
-1382500.0,-887500.0,1500,-19.301265818659267,False,False,5.347809361010195
-1377500.0,-887500.0,1500,-18.053939073654803,False,False,5.196402000550594
-1372500.0,-887500.0,1500,-12.295448339874682,False,False,3.9759759550496527
-1367500.0,-887500.0,1500,-8.53520753564839,False,False,3.5044386133703735
-1362500.0,-887500.0,1500,-6.444725681453628,False,False,4.032273307685614
-1357500.0,-887500.0,1500,-3.5973376898136387,False,False,5.104884487020971
-1352500.0,-887500.0,1500,-8.232889046221445,False,False,5.396821296026097
-1347500.0,-887500.0,1500,-15.674070404313165,False,False,4.576148112543255
-1342500.0,-887500.0,1500,-14.204367915887868,False,False,3.922925355651297
-1337500.0,-887500.0,1500,-5.2230215585460105,False,False,4.250415030735105
-1332500.0,-887500.0,1500,4.684462628441412,False,False,5.556659236645773
-1327500.0,-887500.0,1500,11.160333396986225,False,False,7.178080772233063
-1322500.0,-887500.0,1500,12.19405907063819,False,False,8.497176219164725
-1317500.0,-887500.0,1500,10.36353347172588,False,False,9.473326052779594
-1312500.0,-887500.0,1500,7.436987929381796,False,False,10.174364621739725
-1307500.0,-887500.0,1500,0.48205221228274864,False,False,10.686747072462934
-1597500.0,-882500.0,1500,-22.738425996462823,False,False,15.354706608048048
-1592500.0,-882500.0,1500,-24.349000667079373,False,False,15.336795304529483
-1587500.0,-882500.0,1500,-26.974610081398396,False,False,15.31389074464014
-1582500.0,-882500.0,1500,-30.560125304629526,False,False,15.28574292897835
-1577500.0,-882500.0,1500,-34.08112288231568,False,False,15.252196854410224
-1572500.0,-882500.0,1500,-37.1516330661178,False,False,15.214060845244152
-1567500.0,-882500.0,1500,-39.920856271780224,False,False,15.172828005281144
-1562500.0,-882500.0,1500,-42.421577163059986,False,False,15.130323733594714
-1557500.0,-882500.0,1500,-44.3151401377942,False,False,15.088417221976478
-1552500.0,-882500.0,1500,-44.510877037910156,False,False,15.047444009572063
-1547500.0,-882500.0,1500,-43.222849965272445,False,True,15.004781333166559
-1542500.0,-882500.0,1500,-40.89240330278206,False,True,14.95269229533268
-1537500.0,-882500.0,1500,-34.60645470048485,False,True,14.87687532315191
-1532500.0,-882500.0,1500,-29.34563231918705,False,True,14.704382484700336
-1527500.0,-882500.0,1500,-28.596321234930002,True,True,14.392592089318022
-1522500.0,-882500.0,1500,-28.960419303464498,True,True,13.921738659165975
-1517500.0,-882500.0,1500,-30.274131325961516,True,True,13.024566647707518
-1512500.0,-882500.0,1500,-30.751231493036826,True,True,11.190750543058321
-1507500.0,-882500.0,1500,-31.62489431172113,True,True,7.498354963484639
-1502500.0,-882500.0,1500,-30.237748225087078,True,True,5.625123292490126
-1497500.0,-882500.0,1500,-28.40568669049377,True,True,7.4683928519870575
-1492500.0,-882500.0,1500,-30.123930529651997,True,True,7.832763377581898
-1487500.0,-882500.0,1500,-32.573096586441565,False,True,5.499878985746535
-1482500.0,-882500.0,1500,-39.45998911695461,True,True,4.059337560531391
-1477500.0,-882500.0,1500,-44.476093912583174,True,True,5.705862147138975
-1472500.0,-882500.0,1500,-41.606154367916226,True,True,6.54680136221285
-1467500.0,-882500.0,1500,-39.234208244510796,True,True,5.3032251447249905
-1462500.0,-882500.0,1500,-42.58330331832367,True,True,5.592545484534669
-1457500.0,-882500.0,1500,-49.741231753226664,True,True,5.328904583930534
-1452500.0,-882500.0,1500,-53.8123188642387,True,True,5.206404150365513
-1447500.0,-882500.0,1500,-51.39406230907881,True,True,5.664890765406878
-1442500.0,-882500.0,1500,-49.01100998256828,True,True,5.08598762431175
-1437500.0,-882500.0,1500,-52.364251286566954,True,True,5.685613604338493
-1432500.0,-882500.0,1500,-56.705283417557624,True,True,5.514495939197814
-1427500.0,-882500.0,1500,-58.908205930285405,True,True,5.5804166879440364
-1422500.0,-882500.0,1500,-59.09112163961932,True,True,6.963149678108342
-1417500.0,-882500.0,1500,-56.63015669331696,True,True,6.044416520195738
-1412500.0,-882500.0,1500,-53.06135203441599,True,True,5.056065842134176
-1407500.0,-882500.0,1500,-45.84019202022851,False,True,5.283384719880631
-1402500.0,-882500.0,1500,-41.630947397554145,False,True,4.593200585395244
-1397500.0,-882500.0,1500,-39.68670823507728,False,True,3.9746155932679095
-1392500.0,-882500.0,1500,-31.2693794275853,False,True,4.037127197587195
-1387500.0,-882500.0,1500,-23.388298744181554,False,False,4.980269854776952
-1382500.0,-882500.0,1500,-23.548305422671277,False,False,5.37608652029964
-1377500.0,-882500.0,1500,-23.835402153985278,False,False,4.229446727964993
-1372500.0,-882500.0,1500,-15.031835882858639,False,False,3.484659800254122
-1367500.0,-882500.0,1500,-3.9717149810761914,False,False,3.711870503437556
-1362500.0,-882500.0,1500,-0.6137773843505776,False,False,4.884267689610674
-1357500.0,-882500.0,1500,1.3828436328616867,False,False,5.8905902913446235
-1352500.0,-882500.0,1500,0.16819732488125075,False,False,5.996587720313971
-1347500.0,-882500.0,1500,-6.144102876977348,False,False,5.902433725857744
-1342500.0,-882500.0,1500,-5.20948974127278,False,False,5.307271859399441
-1337500.0,-882500.0,1500,3.3806526231023297,False,False,4.327035479801713
-1332500.0,-882500.0,1500,11.25054843305621,False,False,4.015018755248171
-1327500.0,-882500.0,1500,16.032740987158814,False,False,4.991208555504904
-1322500.0,-882500.0,1500,17.50181373368611,False,False,6.684346256101734
-1317500.0,-882500.0,1500,14.597121691498824,False,False,8.183022763418311
-1312500.0,-882500.0,1500,11.063259826552317,False,False,9.27794311035305
-1597500.0,-877500.0,1500,-25.669838631234636,False,False,15.34459342304552
-1592500.0,-877500.0,1500,-26.38608858594838,False,False,15.324009565872721
-1587500.0,-877500.0,1500,-28.493010760875986,False,False,15.29831639456419
-1582500.0,-877500.0,1500,-31.623474439732743,False,False,15.267301315414334
-1577500.0,-877500.0,1500,-33.863214584605984,False,False,15.231586840445626
-1572500.0,-877500.0,1500,-35.61370981282738,False,False,15.19210213631531
-1567500.0,-877500.0,1500,-37.184145371202916,False,False,15.150785581438736
-1562500.0,-877500.0,1500,-37.74145083578805,False,False,15.10949384008665
-1557500.0,-877500.0,1500,-37.03232608717462,False,False,15.069209158310958
-1552500.0,-877500.0,1500,-36.32167657225405,False,True,15.028853318594349
-1547500.0,-877500.0,1500,-35.06740635776062,False,True,14.983518378704435
-1542500.0,-877500.0,1500,-32.25339710508637,False,True,14.877568079193567
-1537500.0,-877500.0,1500,-26.104732716804243,False,True,14.685294002295112
-1532500.0,-877500.0,1500,-23.69978478625755,True,True,14.448310928761884
-1527500.0,-877500.0,1500,-27.23326463580814,True,True,14.127635502131854
-1522500.0,-877500.0,1500,-30.125452652505537,True,True,13.522978905535336
-1517500.0,-877500.0,1500,-33.25057659456395,True,True,12.242945077125466
-1512500.0,-877500.0,1500,-37.165169007489055,True,True,9.617041047543225
-1507500.0,-877500.0,1500,-40.83550191704468,True,True,6.01866265442487
-1502500.0,-877500.0,1500,-38.120058422525524,True,True,6.082029298173798
-1497500.0,-877500.0,1500,-32.21116680687016,True,True,7.845296236630622
-1492500.0,-877500.0,1500,-31.632311998824434,True,True,6.112362942536918
-1487500.0,-877500.0,1500,-34.03684522561102,True,True,4.0425160527564366
-1482500.0,-877500.0,1500,-40.65053310719665,True,True,4.730464609931642
-1477500.0,-877500.0,1500,-47.33106899654821,True,True,6.177757417111671
-1472500.0,-877500.0,1500,-48.261475656268125,True,True,5.493244742453321
-1467500.0,-877500.0,1500,-48.436180100696404,True,True,5.421267315790553
-1462500.0,-877500.0,1500,-51.40200767351367,True,True,5.419016977370061
-1457500.0,-877500.0,1500,-55.014845554494535,True,True,4.952816895447656
-1452500.0,-877500.0,1500,-53.642891399442355,True,True,5.655396282569875
-1447500.0,-877500.0,1500,-48.23232434483058,True,True,5.248050711675775
-1442500.0,-877500.0,1500,-46.31013388227966,True,True,5.549116148969381
-1437500.0,-877500.0,1500,-49.79261425606952,True,True,5.611213804208203
-1432500.0,-877500.0,1500,-52.76727610625155,True,True,5.24365908883099
-1427500.0,-877500.0,1500,-52.79797613330614,True,True,6.69934488782189
-1422500.0,-877500.0,1500,-52.18327964042227,True,True,6.423117299588236
-1417500.0,-877500.0,1500,-50.60204202605173,True,True,5.079269456949154
-1412500.0,-877500.0,1500,-44.865422372453274,True,True,5.426120501066424
-1407500.0,-877500.0,1500,-35.36735699978282,False,True,4.883524538871427
-1402500.0,-877500.0,1500,-32.08882425085196,False,True,3.896870139413224
-1397500.0,-877500.0,1500,-34.10337601797082,False,True,3.944998809560743
-1392500.0,-877500.0,1500,-34.010143377393696,False,True,4.114288700080298
-1387500.0,-877500.0,1500,-29.117172771133145,False,False,4.481416318078985
-1382500.0,-877500.0,1500,-26.032544261679345,False,False,4.141329122812713
-1377500.0,-877500.0,1500,-21.86599161680997,False,False,3.5762507057921695
-1372500.0,-877500.0,1500,-11.33331473552409,False,False,3.629756987580971
-1367500.0,-877500.0,1500,-4.985662689640283,False,False,4.576281265462812
-1362500.0,-877500.0,1500,-1.2174757766347717,False,False,5.733770541833582
-1357500.0,-877500.0,1500,2.994490590504818,False,False,5.992101154374348
-1352500.0,-877500.0,1500,3.7406140775744885,False,False,6.086187956815517
-1347500.0,-877500.0,1500,3.2043935486283877,False,False,6.596623631452715
-1342500.0,-877500.0,1500,6.591570382055576,False,False,6.971706192849755
-1337500.0,-877500.0,1500,13.043914953253273,False,False,6.380249388348437
-1332500.0,-877500.0,1500,16.999640639270755,False,False,4.970385496115643
-1327500.0,-877500.0,1500,20.20486663499285,False,False,3.9791516295095377
-1322500.0,-877500.0,1500,21.951738895547642,False,False,4.317409252933378
-1597500.0,-872500.0,1500,-29.63870183537042,False,False,15.332961304779191
-1592500.0,-872500.0,1500,-29.11310055407793,False,False,15.309458024617419
-1587500.0,-872500.0,1500,-29.896541618972243,False,False,15.280858243686316
-1582500.0,-872500.0,1500,-32.32017783150859,False,False,15.24719095059557
-1577500.0,-872500.0,1500,-33.808290277260085,False,False,15.209346913893283
-1572500.0,-872500.0,1500,-34.6894102578588,False,False,15.169020008937721
-1567500.0,-872500.0,1500,-35.42705987995087,False,False,15.127921431064937
-1562500.0,-872500.0,1500,-34.38675968924952,False,False,15.08784012465047
-1557500.0,-872500.0,1500,-31.98505801184609,False,False,15.048664830859437
-1552500.0,-872500.0,1500,-30.754274956042885,False,False,15.007394340045314
-1547500.0,-872500.0,1500,-27.4764755554009,False,True,14.955815591207177
-1542500.0,-872500.0,1500,-22.199808037331064,False,True,14.714574076573264
-1537500.0,-872500.0,1500,-17.35976925368624,False,True,14.324060483102226
-1532500.0,-872500.0,1500,-16.488961474230102,False,True,14.033853407913192
-1527500.0,-872500.0,1500,-21.83694216649396,False,True,13.703782635354305
-1522500.0,-872500.0,1500,-27.532120288469578,True,True,12.902827526543259
-1517500.0,-872500.0,1500,-31.142865976531226,True,True,11.102187635468026
-1512500.0,-872500.0,1500,-34.38851201025369,True,True,7.448203697215737
-1507500.0,-872500.0,1500,-36.98529173548961,True,True,5.583392863249143
-1502500.0,-872500.0,1500,-34.27806162083917,True,True,7.077173250708638
-1497500.0,-872500.0,1500,-28.927314792613775,True,True,6.541816435231802
-1492500.0,-872500.0,1500,-30.064941935812662,True,True,4.625711525946089
-1487500.0,-872500.0,1500,-35.4626667413207,True,True,4.203125576326158
-1482500.0,-872500.0,1500,-42.736362996269705,True,True,5.422156774336852
-1477500.0,-872500.0,1500,-51.129760734955234,True,True,5.587885243178316
-1472500.0,-872500.0,1500,-54.34092946130042,True,True,5.231608446020502
-1467500.0,-872500.0,1500,-53.715719599945075,True,True,5.509907814417404
-1462500.0,-872500.0,1500,-54.167272473687625,True,True,4.9089383598903025
-1457500.0,-872500.0,1500,-54.8879000923788,True,True,5.513777997603055
-1452500.0,-872500.0,1500,-52.47376582891102,True,True,5.402422030231631
-1447500.0,-872500.0,1500,-48.82587807458631,True,True,5.3492689650339065
-1442500.0,-872500.0,1500,-46.75496621285247,True,True,5.708451501261857
-1437500.0,-872500.0,1500,-46.73363638062011,True,True,5.1120232470882545
-1432500.0,-872500.0,1500,-47.20631160041648,True,True,6.283494413909323
-1427500.0,-872500.0,1500,-45.77178224248825,True,True,6.702935280756586
-1422500.0,-872500.0,1500,-45.2118320741648,True,True,5.258232536139168
-1417500.0,-872500.0,1500,-42.76717906659839,False,True,5.421186001241065
-1412500.0,-872500.0,1500,-33.38358225708619,False,True,5.250406047309685
-1407500.0,-872500.0,1500,-26.182661236978714,False,True,4.174586763591883
-1402500.0,-872500.0,1500,-27.093314655071964,False,True,3.9405337586618097
-1397500.0,-872500.0,1500,-28.9984077578367,False,True,4.566912390341032
-1392500.0,-872500.0,1500,-30.798318823639157,False,False,4.81915418348567
-1387500.0,-872500.0,1500,-29.87855076093285,False,False,3.78105673471173
-1382500.0,-872500.0,1500,-23.226257660248525,False,False,3.1712804730115582
-1377500.0,-872500.0,1500,-13.160592755942808,False,False,3.244793198000586
-1372500.0,-872500.0,1500,-3.711097228893008,False,False,4.100415969865876
-1367500.0,-872500.0,1500,-5.552237830582493,False,False,5.446376369013649
-1362500.0,-872500.0,1500,-7.030379715198612,False,False,6.0283166447127865
-1357500.0,-872500.0,1500,-1.6807690053320659,False,False,6.030156522986617
-1352500.0,-872500.0,1500,1.2533338379727434,False,False,6.443974074261604
-1347500.0,-872500.0,1500,6.0103524403759385,False,False,7.320634670269639
-1342500.0,-872500.0,1500,11.31122155968221,False,False,8.08908921765062
-1337500.0,-872500.0,1500,14.45568077480442,False,False,8.177381568816449
-1332500.0,-872500.0,1500,16.585944386045885,False,False,7.358893193986852
-1327500.0,-872500.0,1500,19.270575235527026,False,False,5.768311321484129
-1597500.0,-867500.0,1500,-33.29554958570979,False,False,15.319557973248811
-1592500.0,-867500.0,1500,-32.33261543830329,False,False,15.293148157020582
-1587500.0,-867500.0,1500,-32.12421909799277,False,False,15.261510878870563
-1582500.0,-867500.0,1500,-33.34244839785325,False,False,15.225409448711028
-1577500.0,-867500.0,1500,-34.240848191252425,False,False,15.18592621946494
-1572500.0,-867500.0,1500,-34.92711827972648,False,False,15.145000087909775
-1567500.0,-867500.0,1500,-35.01689305795347,False,False,15.10457230664947
-1562500.0,-867500.0,1500,-32.65269054010238,False,False,15.06543367878594
-1557500.0,-867500.0,1500,-29.188569964386055,False,False,15.026292923905032
-1552500.0,-867500.0,1500,-27.174891368145357,False,False,14.981752041008859
-1547500.0,-867500.0,1500,-21.210217830589897,False,True,14.779728382374879
-1542500.0,-867500.0,1500,-13.715075797231199,False,True,14.420996749469406
-1537500.0,-867500.0,1500,-11.769441184512766,False,True,14.089032126822014
-1532500.0,-867500.0,1500,-11.009565097898973,False,True,13.707159363714686
-1527500.0,-867500.0,1500,-13.413365906412848,False,True,13.130971633786373
-1522500.0,-867500.0,1500,-19.23817960324239,False,True,11.970533602563064
-1517500.0,-867500.0,1500,-20.255434639795627,True,True,9.328740326929264
-1512500.0,-867500.0,1500,-21.07229618032712,True,True,5.87343957393942
-1507500.0,-867500.0,1500,-25.319030459896478,False,True,5.905071966283081
-1502500.0,-867500.0,1500,-26.97017153053918,True,True,6.759200772062785
-1497500.0,-867500.0,1500,-26.488167026665998,False,True,5.188045581477539
-1492500.0,-867500.0,1500,-31.455599100590813,True,True,4.278373363097126
-1487500.0,-867500.0,1500,-39.906817621168436,True,True,4.910238153281353
-1482500.0,-867500.0,1500,-47.17063624352961,True,True,5.304549519462096
-1477500.0,-867500.0,1500,-54.52759785090081,True,True,5.068138657196319
-1472500.0,-867500.0,1500,-56.688598432812036,True,True,5.5286676733496005
-1467500.0,-867500.0,1500,-54.62466946854298,True,True,5.184226634755907
-1462500.0,-867500.0,1500,-54.21359609602817,True,True,5.4725808519860095
-1457500.0,-867500.0,1500,-54.63589839369484,True,True,5.525590336766806
-1452500.0,-867500.0,1500,-54.49947892229806,True,True,5.088261946166652
-1447500.0,-867500.0,1500,-54.02398504599492,True,True,5.660762389524571
-1442500.0,-867500.0,1500,-50.57250935998844,True,True,5.200084315986949
-1437500.0,-867500.0,1500,-46.410600296036044,True,True,5.93122427585281
-1432500.0,-867500.0,1500,-44.90878131694259,True,True,6.925372537867236
-1427500.0,-867500.0,1500,-43.52895083620958,True,True,5.546202151432288
-1422500.0,-867500.0,1500,-42.64546993440916,False,True,5.243103805336862
-1417500.0,-867500.0,1500,-37.874296253181875,False,True,5.365450318815511
-1412500.0,-867500.0,1500,-27.591603508714126,False,True,4.365351473997329
-1407500.0,-867500.0,1500,-23.544596831747107,False,True,3.9274142779342296
-1402500.0,-867500.0,1500,-26.660139000964225,False,True,4.410792793418371
-1397500.0,-867500.0,1500,-29.22390583011381,False,True,5.434614741395021
-1392500.0,-867500.0,1500,-31.704035285461583,False,False,4.966583575356099
-1387500.0,-867500.0,1500,-34.30920732929855,False,False,3.7498851056803186
-1382500.0,-867500.0,1500,-28.77721855769562,False,False,3.2675037862572314
-1377500.0,-867500.0,1500,-17.345876398623894,False,False,3.2897835440136385
-1372500.0,-867500.0,1500,-9.559782431142013,False,False,3.9839992211519126
-1367500.0,-867500.0,1500,-8.138077763083757,False,False,5.051072106845561
-1362500.0,-867500.0,1500,-9.211839942924954,False,False,5.815608681398325
-1357500.0,-867500.0,1500,-6.665053789782682,False,False,6.259616309422425
-1352500.0,-867500.0,1500,-2.144420992311097,False,False,7.03614248341864
-1347500.0,-867500.0,1500,3.6084933891400994,False,False,8.041239332327043
-1342500.0,-867500.0,1500,7.638959484046904,False,False,8.863109368920767
-1337500.0,-867500.0,1500,8.965934793251648,False,False,9.210087144406655
-1332500.0,-867500.0,1500,10.403865193880291,False,False,8.947725454840946
-1327500.0,-867500.0,1500,11.529011071835432,False,False,8.065310899534328
-1597500.0,-862500.0,1500,-35.18821982183495,False,False,15.304307835005968
-1592500.0,-862500.0,1500,-34.73779413496054,False,False,15.274887508351462
-1587500.0,-862500.0,1500,-34.6967558033112,False,False,15.24049870640894
-1582500.0,-862500.0,1500,-35.06170603594616,False,False,15.202134435451569
-1577500.0,-862500.0,1500,-35.59859966948449,False,False,15.161558290198922
-1572500.0,-862500.0,1500,-36.55017254583916,False,False,15.120578866685287
-1567500.0,-862500.0,1500,-36.499303283891905,False,False,15.080818403840274
-1562500.0,-862500.0,1500,-33.61208241520021,False,False,15.042325662355644
-1557500.0,-862500.0,1500,-28.84654732483556,False,False,15.001571635434898
-1552500.0,-862500.0,1500,-25.3449600401894,False,False,14.95025359051031
-1547500.0,-862500.0,1500,-16.56681609731409,False,True,14.550293206983154
-1542500.0,-862500.0,1500,-6.73178797415507,False,True,14.068381746176005
-1537500.0,-862500.0,1500,-9.83481961108204,False,True,13.897871890828284
-1532500.0,-862500.0,1500,-14.388221070601928,False,True,13.524092492627638
-1527500.0,-862500.0,1500,-12.85558168592587,False,True,12.562522747650316
-1522500.0,-862500.0,1500,-11.558538089193995,False,True,10.709533398962238
-1517500.0,-862500.0,1500,-9.24050644017052,False,True,7.103123006655863
-1512500.0,-862500.0,1500,-11.138511763241377,False,True,5.37075624838103
-1507500.0,-862500.0,1500,-19.280236556121498,False,True,6.338512081016885
-1502500.0,-862500.0,1500,-25.64500083564303,True,True,5.561510808964615
-1497500.0,-862500.0,1500,-30.132776868407984,True,True,4.928172567568321
-1492500.0,-862500.0,1500,-37.69269581028792,True,True,4.8035439105797835
-1487500.0,-862500.0,1500,-44.77297045260147,True,True,4.74208791172991
-1482500.0,-862500.0,1500,-49.51178358816306,True,True,4.988338151276956
-1477500.0,-862500.0,1500,-53.982034101816964,True,True,5.472769947627395
-1472500.0,-862500.0,1500,-54.82295344695957,True,True,5.352230080916302
-1467500.0,-862500.0,1500,-53.87613539160478,True,True,5.357579256321895
-1462500.0,-862500.0,1500,-54.939590590487825,True,True,5.667262561881634
-1457500.0,-862500.0,1500,-57.21036605796272,True,True,5.019279212778153
-1452500.0,-862500.0,1500,-59.90430165270987,True,True,5.646284756736221
-1447500.0,-862500.0,1500,-61.035098389550996,True,True,5.4001410805346355
-1442500.0,-862500.0,1500,-55.956748359682486,True,True,5.546218457942303
-1437500.0,-862500.0,1500,-48.96723104526261,True,True,6.887070489180836
-1432500.0,-862500.0,1500,-46.35758349410618,True,True,5.824280484564586
-1427500.0,-862500.0,1500,-43.54046204396854,True,True,5.027309923071842
-1422500.0,-862500.0,1500,-40.13275075090012,False,True,5.374079355550427
-1417500.0,-862500.0,1500,-37.28724846786781,False,True,4.6940746893956815
-1412500.0,-862500.0,1500,-31.431538525752234,False,True,4.100310128024332
-1407500.0,-862500.0,1500,-27.672752893316453,False,True,4.241136100429991
-1402500.0,-862500.0,1500,-28.60552583150526,False,True,5.246192960368738
-1397500.0,-862500.0,1500,-32.20940191578551,False,False,5.417140369906947
-1392500.0,-862500.0,1500,-33.99110521949255,False,False,4.120404195486351
-1387500.0,-862500.0,1500,-32.407848928927166,False,False,3.4717915621556026
-1382500.0,-862500.0,1500,-28.257287672732573,False,False,3.79460386692102
-1377500.0,-862500.0,1500,-20.087766195529344,False,False,4.352455798682852
-1372500.0,-862500.0,1500,-15.091525453728574,False,False,4.221932735895668
-1367500.0,-862500.0,1500,-14.750904868698791,False,False,3.9471740750647504
-1362500.0,-862500.0,1500,-15.26871926075857,False,False,4.7098045180235815
-1357500.0,-862500.0,1500,-13.074085142670068,False,False,5.953951906863569
-1352500.0,-862500.0,1500,-6.598752131143777,False,False,7.101591476583863
-1347500.0,-862500.0,1500,0.3843675071405243,False,False,8.154918473066726
-1342500.0,-862500.0,1500,3.926478612031901,False,False,9.004479695479251
-1337500.0,-862500.0,1500,4.086688730873054,False,False,9.522339777605682
-1332500.0,-862500.0,1500,3.031864289560816,False,False,9.667208820558189
-1327500.0,-862500.0,1500,2.5005878008461977,False,False,9.378976897892725
-1597500.0,-857500.0,1500,-34.705753154080476,False,False,15.287184519761517
-1592500.0,-857500.0,1500,-35.072803154743134,False,False,15.254648408911898
-1587500.0,-857500.0,1500,-35.601728498676394,False,False,15.217800532143714
-1582500.0,-857500.0,1500,-36.21504461228841,False,False,15.177786541335628
-1577500.0,-857500.0,1500,-37.25462657664135,False,False,15.136523908198498
-1572500.0,-857500.0,1500,-39.049702186019225,False,False,15.096002246367807
-1567500.0,-857500.0,1500,-39.31929395695095,False,False,15.057023168274778
-1562500.0,-857500.0,1500,-36.40504442815532,False,False,15.018001373829764
-1557500.0,-857500.0,1500,-31.247677828821974,False,False,14.973566577125126
-1552500.0,-857500.0,1500,-26.808327856521284,False,True,14.911306542178464
-1547500.0,-857500.0,1500,-17.513360423786228,False,True,14.513151759329958
-1542500.0,-857500.0,1500,-6.195883599265736,False,True,13.95346843532095
-1537500.0,-857500.0,1500,-9.923392288410724,False,True,13.682651411372568
-1532500.0,-857500.0,1500,-19.025423681603296,False,True,13.219386512922364
-1527500.0,-857500.0,1500,-19.87451653118605,False,True,11.882505328697354
-1522500.0,-857500.0,1500,-16.91985975677097,False,True,9.117318620287746
-1517500.0,-857500.0,1500,-15.119107251962559,False,True,5.7779654578839885
-1512500.0,-857500.0,1500,-18.634369199792843,False,True,5.5262680703979274
-1507500.0,-857500.0,1500,-25.0003262137423,True,True,5.688452044478932
-1502500.0,-857500.0,1500,-30.21442375945978,True,True,5.1415087900154886
-1497500.0,-857500.0,1500,-36.25754888320338,True,True,5.046159322803129
-1492500.0,-857500.0,1500,-43.004277231753825,True,True,4.661222201593702
-1487500.0,-857500.0,1500,-47.05486982472452,True,True,4.657822172169004
-1482500.0,-857500.0,1500,-50.18615861518189,True,True,5.284051412116996
-1477500.0,-857500.0,1500,-52.95928287866206,True,True,5.400147967521722
-1472500.0,-857500.0,1500,-54.445210681356926,True,True,5.091665963317068
-1467500.0,-857500.0,1500,-55.15099718111298,True,True,5.695234697277815
-1462500.0,-857500.0,1500,-56.568099690051895,True,True,5.194612362447064
-1457500.0,-857500.0,1500,-59.42142892517845,True,True,5.53288764316194
-1452500.0,-857500.0,1500,-62.296003268824094,True,True,5.582956558162299
-1447500.0,-857500.0,1500,-61.716353697736764,True,True,5.272150255661905
-1442500.0,-857500.0,1500,-54.81714832175668,True,True,6.64819322260662
-1437500.0,-857500.0,1500,-47.76879533762076,True,True,6.161270426828761
-1432500.0,-857500.0,1500,-44.35049320209842,True,True,4.8906860851664415
-1427500.0,-857500.0,1500,-38.516484649717086,False,True,4.974443130730642
-1422500.0,-857500.0,1500,-34.30293701910121,False,True,4.5676250869040445
-1417500.0,-857500.0,1500,-33.10350340584723,False,True,4.182648686716567
-1412500.0,-857500.0,1500,-28.59507913631933,False,True,4.221938903221927
-1407500.0,-857500.0,1500,-24.89204363050399,False,False,5.043412661870534
-1402500.0,-857500.0,1500,-26.00765586314842,False,False,5.637690847230542
-1397500.0,-857500.0,1500,-28.498086194277292,False,False,4.473437478289093
-1392500.0,-857500.0,1500,-25.097613232867186,False,False,3.6152419391052795
-1387500.0,-857500.0,1500,-17.108102318664287,False,False,3.690931496921066
-1382500.0,-857500.0,1500,-12.338471445072784,False,False,4.650725095457546
-1377500.0,-857500.0,1500,-11.507004738304868,False,False,5.715768643123576
-1372500.0,-857500.0,1500,-13.853554028386219,False,False,5.449078510040684
-1367500.0,-857500.0,1500,-17.94251763906918,False,False,4.434820674973234
-1362500.0,-857500.0,1500,-20.971566038851705,False,False,3.879011831663783
-1357500.0,-857500.0,1500,-19.14876770576277,False,False,4.355554951215257
-1352500.0,-857500.0,1500,-10.323104730887586,False,False,5.533541059011736
-1347500.0,-857500.0,1500,-1.9865684534567196,False,False,6.902012857118159
-1342500.0,-857500.0,1500,1.7932118467552045,False,False,8.072659008172682
-1337500.0,-857500.0,1500,0.9707939475955286,False,False,8.972122946649591
-1332500.0,-857500.0,1500,-2.0208716857084346,False,False,9.587236461935984
-1327500.0,-857500.0,1500,-2.0330621921361915,False,False,9.834011594445311
-1597500.0,-852500.0,1500,-32.48038983055736,False,False,15.268018729744673
-1592500.0,-852500.0,1500,-33.67316276187242,False,False,15.232695929727473
-1587500.0,-852500.0,1500,-34.89627211156465,False,False,15.193598352406061
-1582500.0,-852500.0,1500,-36.331697044501325,False,False,15.152551812824953
-1577500.0,-852500.0,1500,-38.140606415733636,False,False,15.111334862728366
-1572500.0,-852500.0,1500,-40.66557634241695,False,False,15.071430786837688
-1567500.0,-852500.0,1500,-41.613849605028605,False,False,15.032943024678934
-1562500.0,-852500.0,1500,-40.03646633953744,False,False,14.992143152895201
-1557500.0,-852500.0,1500,-36.67449015486929,False,False,14.940170942903704
-1552500.0,-852500.0,1500,-33.209540636933326,False,True,14.861886508299548
-1547500.0,-852500.0,1500,-27.61811953471342,False,True,14.612128983428168
-1542500.0,-852500.0,1500,-20.12167485903128,False,True,14.151130747391214
-1537500.0,-852500.0,1500,-21.524500444605703,False,True,13.641766523454065
-1532500.0,-852500.0,1500,-27.68019637922637,False,True,12.768497059994441
-1527500.0,-852500.0,1500,-30.94783480847354,False,True,10.86674634581306
-1522500.0,-852500.0,1500,-31.9815774174586,False,True,7.13939460743165
-1517500.0,-852500.0,1500,-31.436881233959216,True,True,5.258719434490931
-1512500.0,-852500.0,1500,-33.75783112410292,True,True,5.4056251752398
-1507500.0,-852500.0,1500,-36.38229860122296,True,True,5.074820069157155
-1502500.0,-852500.0,1500,-38.17729157807132,True,True,5.578920225060202
-1497500.0,-852500.0,1500,-42.41773150564493,True,True,4.934500195164727
-1492500.0,-852500.0,1500,-47.341727996222836,True,True,4.0311908629692494
-1487500.0,-852500.0,1500,-51.19451532478404,True,True,4.954775644093502
-1482500.0,-852500.0,1500,-54.50327608351984,True,True,5.366564405566522
-1477500.0,-852500.0,1500,-56.817246858866525,True,True,4.938461747742804
-1472500.0,-852500.0,1500,-58.447674583840076,True,True,5.587611546773774
-1467500.0,-852500.0,1500,-59.162340380492104,True,True,5.427733075584441
-1462500.0,-852500.0,1500,-59.75354904887187,True,True,5.407192495108557
-1457500.0,-852500.0,1500,-60.12480608418646,True,True,5.671205262755575
-1452500.0,-852500.0,1500,-58.90168969997222,True,True,5.106440591013539
-1447500.0,-852500.0,1500,-54.594016769748585,True,True,6.298415257037381
-1442500.0,-852500.0,1500,-46.72982417828511,True,True,6.511934823415932
-1437500.0,-852500.0,1500,-39.36323104613091,True,True,4.994834670480051
-1432500.0,-852500.0,1500,-34.07404479925989,False,True,4.807241613134972
-1427500.0,-852500.0,1500,-33.10750036671032,False,True,4.414065994602892
-1422500.0,-852500.0,1500,-34.503112721787694,False,True,3.967290784057391
-1417500.0,-852500.0,1500,-30.00097379040263,False,True,4.103647093595956
-1412500.0,-852500.0,1500,-22.56293006752516,False,True,4.750276405348983
-1407500.0,-852500.0,1500,-19.70096423091197,False,False,5.661828626150221
-1402500.0,-852500.0,1500,-21.94800601065062,False,False,4.796505330828606
-1397500.0,-852500.0,1500,-22.53905418953734,False,False,3.7368315923046658
-1392500.0,-852500.0,1500,-17.074425672917044,False,False,3.6154673318698336
-1387500.0,-852500.0,1500,-8.233095072448572,False,False,4.385307547151001
-1382500.0,-852500.0,1500,-3.9914031124408345,False,False,5.649177421788785
-1377500.0,-852500.0,1500,-7.690836798871137,False,False,6.164795297974584
-1372500.0,-852500.0,1500,-13.085225768172698,False,False,6.207430115281593
-1367500.0,-852500.0,1500,-16.860459157090407,False,False,6.033998075011844
-1362500.0,-852500.0,1500,-19.692579655902566,False,False,5.258712939685306
-1357500.0,-852500.0,1500,-18.42632938712958,False,False,4.377340972814656
-1352500.0,-852500.0,1500,-10.19377268863074,False,False,4.0752993580671575
-1347500.0,-852500.0,1500,-1.315862068888061,False,False,4.495239365098668
-1342500.0,-852500.0,1500,1.6698124351522983,False,False,5.714867233778886
-1337500.0,-852500.0,1500,-1.4399840935699249,False,False,7.278232213239118
-1332500.0,-852500.0,1500,-3.7573035813003917,False,False,8.666199061763658
-1597500.0,-847500.0,1500,-29.462510782837235,False,False,15.24680251915749
-1592500.0,-847500.0,1500,-31.467176466259456,False,False,15.209111400274747
-1587500.0,-847500.0,1500,-33.66598345438464,False,False,15.16843232484884
-1582500.0,-847500.0,1500,-35.694044709232486,False,False,15.1268625484456
-1577500.0,-847500.0,1500,-37.797664163504415,False,False,15.086216383196803
-1572500.0,-847500.0,1500,-40.850185638199854,False,False,15.047307813232491
-1567500.0,-847500.0,1500,-43.19642640827726,False,False,15.008168639603932
-1562500.0,-847500.0,1500,-44.25218395321694,False,False,14.963532193824445
-1557500.0,-847500.0,1500,-45.003112085058596,False,True,14.900171446043384
-1552500.0,-847500.0,1500,-45.6874486700412,False,True,14.79653127497573
-1547500.0,-847500.0,1500,-46.30977506291833,False,True,14.614818559566913
-1542500.0,-847500.0,1500,-45.17190272339912,False,True,14.187281930683874
-1537500.0,-847500.0,1500,-42.56723567289806,True,True,13.425170006367203
-1532500.0,-847500.0,1500,-41.22972301858555,True,True,12.024926856485862
-1527500.0,-847500.0,1500,-43.13171577787088,True,True,9.208167023069294
-1522500.0,-847500.0,1500,-45.41444865405593,True,True,5.732697044499821
-1517500.0,-847500.0,1500,-45.56844867350431,True,True,4.777423653444586
-1512500.0,-847500.0,1500,-46.17106948833415,True,True,5.042507362217281
-1507500.0,-847500.0,1500,-47.507436657396696,True,True,5.8080250388603885
-1502500.0,-847500.0,1500,-48.34039891541519,True,True,5.647301081781041
-1497500.0,-847500.0,1500,-51.03198973586127,True,True,4.083776932810341
-1492500.0,-847500.0,1500,-55.41023898327997,True,True,4.430716734460736
-1487500.0,-847500.0,1500,-59.075032923437945,True,True,5.3589531381068305
-1482500.0,-847500.0,1500,-61.734457736057934,True,True,5.088128581806674
-1477500.0,-847500.0,1500,-62.9831125523697,True,True,5.444922851477091
-1472500.0,-847500.0,1500,-64.00999784194488,True,True,5.551341720165934
-1467500.0,-847500.0,1500,-64.87595438336616,True,True,5.203763298950584
-1462500.0,-847500.0,1500,-64.78957002662113,True,True,5.699017858214752
-1457500.0,-847500.0,1500,-61.00401171783241,True,True,5.162081314891236
-1452500.0,-847500.0,1500,-53.46473564623453,True,True,5.921500119132155
-1447500.0,-847500.0,1500,-46.15256534510871,True,True,6.751433188653579
-1442500.0,-847500.0,1500,-39.467562439277444,False,True,5.331901346719985
-1437500.0,-847500.0,1500,-32.023615259724345,False,True,4.729364837535439
-1432500.0,-847500.0,1500,-28.431217591749604,False,True,4.412521933525843
-1427500.0,-847500.0,1500,-34.14195915908753,False,True,3.924592651966693
-1422500.0,-847500.0,1500,-38.208689920752335,False,True,4.072679204435684
-1417500.0,-847500.0,1500,-31.978301826719253,False,True,4.577322787204539
-1412500.0,-847500.0,1500,-25.076570863864255,False,False,5.557850083590196
-1407500.0,-847500.0,1500,-22.307999220357114,False,False,5.026692756337494
-1402500.0,-847500.0,1500,-20.546855325432777,False,False,3.8300263261843845
-1397500.0,-847500.0,1500,-17.76385629053956,False,False,3.5673699893858744
-1392500.0,-847500.0,1500,-13.717713009405305,False,False,4.161100643870514
-1387500.0,-847500.0,1500,-7.664839856639235,False,False,5.435768161419778
-1382500.0,-847500.0,1500,-4.568878759651234,False,False,6.156725518065819
-1377500.0,-847500.0,1500,-8.521890950905448,False,False,6.263355410666422
-1372500.0,-847500.0,1500,-12.073149690432263,False,False,6.601837058518036
-1367500.0,-847500.0,1500,-13.064430704800166,False,False,7.2142507515949905
-1362500.0,-847500.0,1500,-14.132773865137194,False,False,7.425047525378547
-1357500.0,-847500.0,1500,-12.800144670329153,False,False,6.804079511895054
-1352500.0,-847500.0,1500,-6.579074349974181,False,False,5.533629608302075
-1347500.0,-847500.0,1500,0.4346951899779077,False,False,4.351283913539669
-1342500.0,-847500.0,1500,0.7451872069879849,False,False,3.966781716673501
-1337500.0,-847500.0,1500,-3.3514448290563936,False,False,5.051947270842428
-1597500.0,-842500.0,1500,-26.69085903640073,False,False,15.22385277881532
-1592500.0,-842500.0,1500,-29.122546303347367,False,False,15.184074319049405
-1587500.0,-842500.0,1500,-31.888060079993032,False,False,15.1426516614462
-1582500.0,-842500.0,1500,-33.897704286520074,False,False,15.101296484588618
-1577500.0,-842500.0,1500,-36.30331435097651,False,False,15.061643340479066
-1572500.0,-842500.0,1500,-39.82259831887458,False,False,15.023260168880878
-1567500.0,-842500.0,1500,-43.5833885079316,False,False,14.982685230265195
-1562500.0,-842500.0,1500,-48.092689553046974,False,False,14.930092242255007
-1557500.0,-842500.0,1500,-53.96464365092035,False,True,14.85019599414677
-1552500.0,-842500.0,1500,-60.00951021438514,False,True,14.710924870912423
-1547500.0,-842500.0,1500,-65.82015380137241,False,True,14.458200890281752
-1542500.0,-842500.0,1500,-67.30924056009843,False,True,13.936052162751459
-1537500.0,-842500.0,1500,-61.09886054986604,True,True,12.851304536291696
-1532500.0,-842500.0,1500,-54.08860142116487,True,True,10.825195867661623
-1527500.0,-842500.0,1500,-52.529218359950626,True,True,7.054644678354867
-1522500.0,-842500.0,1500,-54.42338599502444,True,True,4.799653175358314
-1517500.0,-842500.0,1500,-55.60496887360709,True,True,4.734159408785094
-1512500.0,-842500.0,1500,-55.11793027300983,True,True,5.645870539652749
-1507500.0,-842500.0,1500,-55.53233314235874,True,True,6.528433679288647
-1502500.0,-842500.0,1500,-57.05212817540075,True,True,4.830598737737009
-1497500.0,-842500.0,1500,-58.96425981030417,True,True,3.984097537598454
-1492500.0,-842500.0,1500,-60.96392538286352,True,True,5.302722348193081
-1487500.0,-842500.0,1500,-62.73452579146438,True,True,5.255881301089122
-1482500.0,-842500.0,1500,-63.86494617551535,True,True,5.316735286473632
-1477500.0,-842500.0,1500,-64.06528412128745,True,True,5.645605140473406
-1472500.0,-842500.0,1500,-65.6393767051601,True,True,5.0862259331747754
-1467500.0,-842500.0,1500,-68.13693094803592,True,True,5.672545564603118
-1462500.0,-842500.0,1500,-67.47384447294999,True,True,5.3544131673256885
-1457500.0,-842500.0,1500,-59.28826253419256,True,True,5.576066522099882
-1452500.0,-842500.0,1500,-47.59878032392347,True,True,6.79869466342357
-1447500.0,-842500.0,1500,-39.58737278928102,True,True,5.6619529586419235
-1442500.0,-842500.0,1500,-33.14508275730276,False,True,4.520382856183537
-1437500.0,-842500.0,1500,-29.77718572044134,False,True,4.273764967625958
-1432500.0,-842500.0,1500,-33.62749960004325,False,True,4.006350814649142
-1427500.0,-842500.0,1500,-38.407351534588855,False,True,4.107494039250342
-1422500.0,-842500.0,1500,-37.28084291231537,False,True,4.363084931854831
-1417500.0,-842500.0,1500,-31.636652534475548,False,False,5.32342629265461
-1412500.0,-842500.0,1500,-28.77579721166545,False,False,5.3135870925002004
-1407500.0,-842500.0,1500,-26.49399218535683,False,False,4.027037891816576
-1402500.0,-842500.0,1500,-18.1239703278524,False,False,3.497954246596107
-1397500.0,-842500.0,1500,-10.033059198517892,False,False,3.8869773906653675
-1392500.0,-842500.0,1500,-7.13535102748635,False,False,5.143241251005542
-1387500.0,-842500.0,1500,-4.485032877688227,False,False,6.160343910408931
-1382500.0,-842500.0,1500,-3.7408329773642337,False,False,6.27600042651369
-1377500.0,-842500.0,1500,-7.709477614007075,False,False,6.49861733406565
-1372500.0,-842500.0,1500,-10.15395588534619,False,False,7.243179039234741
-1367500.0,-842500.0,1500,-9.607615538930826,False,False,8.192681970959347
-1362500.0,-842500.0,1500,-9.246014982528314,False,False,8.807104679755739
-1357500.0,-842500.0,1500,-7.372089763534963,False,False,8.779250924751011
-1352500.0,-842500.0,1500,-3.198813856157462,False,False,8.098799556511427
-1347500.0,-842500.0,1500,0.05838871358258774,False,False,6.856121203091893
-1342500.0,-842500.0,1500,-0.3748059075584891,False,False,5.347734094327057
-1337500.0,-842500.0,1500,-2.921621377236607,False,False,5.199913370089444
-1597500.0,-837500.0,1500,-25.426202066460043,False,False,15.199269795935393
-1592500.0,-837500.0,1500,-27.811680159604197,False,False,15.158215197905939
-1587500.0,-837500.0,1500,-30.310887988938934,False,False,15.11657506916688
-1582500.0,-837500.0,1500,-31.757295459782668,False,False,15.076141077429277
-1577500.0,-837500.0,1500,-34.05831330408256,False,False,15.037679248209294
-1572500.0,-837500.0,1500,-37.41111304404091,False,False,14.999051550794158
-1567500.0,-837500.0,1500,-42.454470864146735,False,False,14.954294022127952
-1562500.0,-837500.0,1500,-50.73612481865059,False,False,14.890597001457474
-1557500.0,-837500.0,1500,-60.162699573582465,False,True,14.78394620090611
-1552500.0,-837500.0,1500,-68.94424515375648,False,True,14.596636836365306
-1547500.0,-837500.0,1500,-75.59072292692203,False,True,14.238360592210526
-1542500.0,-837500.0,1500,-76.27741760330392,False,True,13.53810710930641
-1537500.0,-837500.0,1500,-69.82264400612851,True,True,12.021889467707014
-1532500.0,-837500.0,1500,-61.031766099724706,True,True,9.086558458980415
-1527500.0,-837500.0,1500,-58.12922145814956,True,True,5.552584104491087
-1522500.0,-837500.0,1500,-60.61710016678476,True,True,4.115047164424434
-1517500.0,-837500.0,1500,-61.96341629605285,True,True,5.233274486530107
-1512500.0,-837500.0,1500,-62.13600104117347,True,True,6.880778819579219
-1507500.0,-837500.0,1500,-61.51529696981811,True,True,5.927297012835011
-1502500.0,-837500.0,1500,-60.62244973061039,True,True,4.1196930968132985
-1497500.0,-837500.0,1500,-58.50264676121322,True,True,5.036557858647246
-1492500.0,-837500.0,1500,-56.63527251739915,True,True,5.299641299408773
-1487500.0,-837500.0,1500,-58.00831775624891,True,True,5.075483839221897
-1482500.0,-837500.0,1500,-59.59404698088862,True,True,5.661776109034942
-1477500.0,-837500.0,1500,-60.27301907230452,True,True,5.1780704740532295
-1472500.0,-837500.0,1500,-61.73214519128802,True,True,5.548432000360558
-1467500.0,-837500.0,1500,-64.025261356936,True,True,5.49424494601865
-1462500.0,-837500.0,1500,-61.580923901729626,True,True,5.247584357304308
-1457500.0,-837500.0,1500,-51.47009255539174,True,True,6.615687654884507
-1452500.0,-837500.0,1500,-40.77162036797396,True,True,6.0120359174472116
-1447500.0,-837500.0,1500,-32.85739553096557,True,True,4.530089685870831
-1442500.0,-837500.0,1500,-26.70402919195757,False,True,4.010335054983859
-1437500.0,-837500.0,1500,-31.48570349791938,False,True,3.6834802176144645
-1432500.0,-837500.0,1500,-40.610439530276146,False,True,3.9489709857087365
-1427500.0,-837500.0,1500,-40.08983758140334,False,True,4.395086553722759
-1422500.0,-837500.0,1500,-34.34725051065992,False,False,5.2310689477043475
-1417500.0,-837500.0,1500,-30.814118621367037,False,False,5.5247886919103415
-1412500.0,-837500.0,1500,-32.0484695568445,False,False,4.344963084450536
-1407500.0,-837500.0,1500,-28.95418428476376,False,False,3.631007279742137
-1402500.0,-837500.0,1500,-16.117864963928,False,False,3.76781855186944
-1397500.0,-837500.0,1500,-5.013770313718245,False,False,4.79154009101663
-1392500.0,-837500.0,1500,-2.079545290834601,False,False,6.075463530666595
-1387500.0,-837500.0,1500,-1.779874635736417,False,False,6.355952086278667
-1382500.0,-837500.0,1500,-3.2429460300936985,False,False,6.460249489826687
-1377500.0,-837500.0,1500,-6.121029304474918,False,False,7.065001556324317
-1372500.0,-837500.0,1500,-6.955003079831347,False,False,8.07445232153466
-1367500.0,-837500.0,1500,-5.929091658839705,False,False,9.046384425009702
-1362500.0,-837500.0,1500,-5.695543522822376,False,False,9.675497980387451
-1357500.0,-837500.0,1500,-3.2317113327759244,False,False,9.819855807253369
-1352500.0,-837500.0,1500,-0.3842586387905452,False,False,9.501125819235387
-1347500.0,-837500.0,1500,0.6677815058179661,False,False,8.785775741375264
-1597500.0,-832500.0,1500,-25.49212367740437,False,False,15.173283092841423
-1592500.0,-832500.0,1500,-27.71274664941518,False,False,15.13179829706744
-1587500.0,-832500.0,1500,-29.510084665074324,False,False,15.090740993378112
-1582500.0,-832500.0,1500,-30.588566175539686,False,False,15.051539534968102
-1577500.0,-832500.0,1500,-31.965298673924142,False,False,15.01368007363827
-1572500.0,-832500.0,1500,-35.211938821119304,False,False,14.97357542743235
-1567500.0,-832500.0,1500,-42.85030392276409,False,False,14.920857227222253
-1562500.0,-832500.0,1500,-53.59133604518561,False,False,14.839884778336586
-1557500.0,-832500.0,1500,-62.21916753563272,False,True,14.697984998334412
-1552500.0,-832500.0,1500,-67.64959563056628,False,True,14.435204658866821
-1547500.0,-832500.0,1500,-71.53143296657811,False,True,13.931577779865592
-1542500.0,-832500.0,1500,-72.68276198116497,False,True,12.860099019401632
-1537500.0,-832500.0,1500,-68.68528958861285,True,True,10.770055485589381
-1532500.0,-832500.0,1500,-61.97101562686599,True,True,7.014554378023942
-1527500.0,-832500.0,1500,-62.1069014806375,True,True,4.304233152222054
-1522500.0,-832500.0,1500,-65.13563594233014,True,True,4.6587502449895934
-1517500.0,-832500.0,1500,-63.17245603739316,True,True,6.712536400736175
-1512500.0,-832500.0,1500,-62.13776565279956,True,True,7.197765347612135
-1507500.0,-832500.0,1500,-60.18200776026077,True,True,4.871638194520671
-1502500.0,-832500.0,1500,-54.0955597850042,True,True,4.565186130785893
-1497500.0,-832500.0,1500,-47.45827277966053,True,True,5.341208961826623
-1492500.0,-832500.0,1500,-44.56402600689897,True,True,4.974660138983249
-1487500.0,-832500.0,1500,-46.844613025727604,True,True,5.592047865905376
-1482500.0,-832500.0,1500,-52.28561535141443,True,True,5.37300746684858
-1477500.0,-832500.0,1500,-56.40559663401828,True,True,5.398197070985221
-1472500.0,-832500.0,1500,-56.488051698330196,True,True,5.63454705485519
-1467500.0,-832500.0,1500,-55.33251005885476,True,True,5.04110212026036
-1462500.0,-832500.0,1500,-51.49901325491159,True,True,6.228557394783236
-1457500.0,-832500.0,1500,-43.893247493179295,True,True,6.251127536752601
-1452500.0,-832500.0,1500,-37.53068056640401,False,True,4.609866309061837
-1447500.0,-832500.0,1500,-33.69277056934528,False,True,4.0012413842217915
-1442500.0,-832500.0,1500,-34.536279511889,False,True,3.591975246252654
-1437500.0,-832500.0,1500,-39.27929772619352,False,True,3.7473692798524834
-1432500.0,-832500.0,1500,-39.46722102864065,False,True,4.123830410495723
-1427500.0,-832500.0,1500,-34.69977741458245,False,False,4.917329586950566
-1422500.0,-832500.0,1500,-30.477081701831786,False,False,5.701879401908096
-1417500.0,-832500.0,1500,-29.63551483991473,False,False,4.66952794078075
-1412500.0,-832500.0,1500,-32.493976343562515,False,False,3.7427942752737304
-1407500.0,-832500.0,1500,-31.170859001465978,False,False,3.7144600318612024
-1402500.0,-832500.0,1500,-20.673213578712073,False,False,4.544159694379564
-1397500.0,-832500.0,1500,-10.821631764658525,False,False,5.878358412949396
-1392500.0,-832500.0,1500,-5.8769764070594555,False,False,6.387192693374808
-1387500.0,-832500.0,1500,-3.915081854088853,False,False,6.479093407191005
-1382500.0,-832500.0,1500,-3.7887421713936074,False,False,6.941234950229806
-1377500.0,-832500.0,1500,-2.8697218248192526,False,False,7.8617178015269555
-1372500.0,-832500.0,1500,-1.6194357389357683,False,False,8.890896754105482
-1367500.0,-832500.0,1500,-1.8186100162417533,False,False,9.720089345639785
-1362500.0,-832500.0,1500,-1.8587044809497675,False,False,10.19404300369632
-1357500.0,-832500.0,1500,0.9011378134159437,False,False,10.281750766458295
-1352500.0,-832500.0,1500,3.469413803070581,False,False,10.030927258626994
-1347500.0,-832500.0,1500,4.309096960143728,False,False,9.509579269901963
-1597500.0,-827500.0,1500,-25.876247956782066,False,False,15.146478077744677
-1592500.0,-827500.0,1500,-28.11957329587661,False,False,15.105177044045545
-1587500.0,-827500.0,1500,-29.499137792939557,False,False,15.06527201824451
-1582500.0,-827500.0,1500,-30.704949432503547,False,False,15.027188158357506
-1577500.0,-827500.0,1500,-31.276684625257044,False,False,14.988669847181233
-1572500.0,-827500.0,1500,-35.04735815814621,False,False,14.943634170079159
-1567500.0,-827500.0,1500,-45.09151600632647,False,False,14.879256104457653
-1562500.0,-827500.0,1500,-56.26559865251786,False,False,14.771314096520179
-1557500.0,-827500.0,1500,-62.337436706544175,False,True,14.581406078783486
-1552500.0,-827500.0,1500,-63.62640727927513,False,True,14.213843340475334
-1547500.0,-827500.0,1500,-64.56298182279473,False,True,13.480103450806356
-1542500.0,-827500.0,1500,-65.00515525854777,False,True,11.925771235964636
-1537500.0,-827500.0,1500,-63.23429976867648,True,True,8.90919184453235
-1532500.0,-827500.0,1500,-61.73944327346348,True,True,5.228548342872526
-1527500.0,-827500.0,1500,-63.092164637012125,True,True,4.071409690931281
-1522500.0,-827500.0,1500,-61.639113315969226,True,True,6.277147631727538
-1517500.0,-827500.0,1500,-55.54636196875822,True,True,8.042053603653534
-1512500.0,-827500.0,1500,-51.78713675349276,True,True,6.191630091813337
-1507500.0,-827500.0,1500,-47.40943372824704,True,True,4.641007984318083
-1502500.0,-827500.0,1500,-38.61938530615038,True,True,5.391179030108185
-1497500.0,-827500.0,1500,-31.367900150599162,True,True,5.135711785596061
-1492500.0,-827500.0,1500,-28.645367799626086,True,True,5.510350672739271
-1487500.0,-827500.0,1500,-31.060509284577936,True,True,5.530955436889251
-1482500.0,-827500.0,1500,-42.28502242548042,True,True,5.175771564395924
-1477500.0,-827500.0,1500,-53.74346016339072,True,True,5.697690640724927
-1472500.0,-827500.0,1500,-54.2518061364484,True,True,5.15310487251708
-1467500.0,-827500.0,1500,-49.21190766385016,True,True,5.902246416764074
-1462500.0,-827500.0,1500,-45.849439859673495,True,True,6.530210956477812
-1457500.0,-827500.0,1500,-43.21611322196462,False,True,5.075216924852558
-1452500.0,-827500.0,1500,-43.35891469201056,False,True,4.354098095769024
-1447500.0,-827500.0,1500,-46.01833397991772,False,True,3.8245067089859353
-1442500.0,-827500.0,1500,-47.53000132810219,False,True,3.7370991802193254
-1437500.0,-827500.0,1500,-40.092233410805115,False,True,4.079578339445437
-1432500.0,-827500.0,1500,-29.85410165270567,False,True,4.531084779572794
-1427500.0,-827500.0,1500,-28.4185628444193,False,False,5.515405784633257
-1422500.0,-827500.0,1500,-29.03625088646565,False,False,4.916741566559137
-1417500.0,-827500.0,1500,-29.33115124107776,False,False,3.8200913631748605
-1412500.0,-827500.0,1500,-31.58436245770718,False,False,3.602354165810096
-1407500.0,-827500.0,1500,-31.85400816479132,False,False,4.247711826420435
-1402500.0,-827500.0,1500,-26.765429389745968,False,False,5.62068981939833
-1397500.0,-827500.0,1500,-19.28794017137006,False,False,6.3744036271959015
-1392500.0,-827500.0,1500,-12.113638440031716,False,False,6.471136975286127
-1387500.0,-827500.0,1500,-7.615516350290976,False,False,6.843505527595012
-1382500.0,-827500.0,1500,-4.569103818638495,False,False,7.697355634118951
-1377500.0,-827500.0,1500,-0.3831794423850928,False,False,8.704496892457557
-1372500.0,-827500.0,1500,2.3591685516601633,False,False,9.578382921934422
-1367500.0,-827500.0,1500,1.2713765280126619,False,False,10.198546728563741
-1362500.0,-827500.0,1500,2.7875817884214875,False,False,10.459199391248683
-1357500.0,-827500.0,1500,5.648551599338812,False,False,10.389747114616613
-1352500.0,-827500.0,1500,6.498226492712078,False,False,10.011468955240312
-1597500.0,-822500.0,1500,-25.654553186144973,False,False,15.119265399090839
-1592500.0,-822500.0,1500,-28.59394561570564,False,False,15.078731996589926
-1587500.0,-822500.0,1500,-30.588398241235637,False,False,15.03992449237376
-1582500.0,-822500.0,1500,-32.09871510332899,False,False,15.001752556765622
-1577500.0,-822500.0,1500,-33.305071625330385,False,False,14.96006385573919
-1572500.0,-822500.0,1500,-37.96216370951795,False,False,14.905121641370199
-1567500.0,-822500.0,1500,-47.97884800826554,False,False,14.821267183875031
-1562500.0,-822500.0,1500,-58.35962899632787,False,False,14.677397140390928
-1557500.0,-822500.0,1500,-62.8862843991026,False,True,14.414719001312946
-1552500.0,-822500.0,1500,-62.87957610019919,False,True,13.909908464686378
-1547500.0,-822500.0,1500,-61.780560648079096,False,True,12.842101679791066
-1542500.0,-822500.0,1500,-59.05793493630503,False,True,10.69255075008517
-1537500.0,-822500.0,1500,-57.31965645581278,True,True,6.830219007847599
-1532500.0,-822500.0,1500,-58.035821041576206,True,True,4.18768286226243
-1527500.0,-822500.0,1500,-55.46699842097707,True,True,5.560991695738325
-1522500.0,-822500.0,1500,-48.40621168847909,True,True,7.851711095465223
-1517500.0,-822500.0,1500,-40.84830787246762,True,True,7.3388286761115875
-1512500.0,-822500.0,1500,-35.241019986755575,True,True,5.242287980810984
-1507500.0,-822500.0,1500,-29.659498395403652,True,True,5.205753863160736
-1502500.0,-822500.0,1500,-22.16802801130984,True,True,5.308959544336776
-1497500.0,-822500.0,1500,-16.49338003714111,True,True,5.392274687255108
-1492500.0,-822500.0,1500,-14.07922589539576,True,True,5.601966112215377
-1487500.0,-822500.0,1500,-20.383531356983184,False,True,5.0446489806252846
-1482500.0,-822500.0,1500,-39.3254376376074,False,True,5.628177036285482
-1477500.0,-822500.0,1500,-54.89797374415665,True,True,5.326078633541252
-1472500.0,-822500.0,1500,-53.59694275140164,True,True,5.585761212065359
-1467500.0,-822500.0,1500,-45.129717861980936,True,True,6.593742343770724
-1462500.0,-822500.0,1500,-40.72236966717343,False,True,5.2249028538573645
-1457500.0,-822500.0,1500,-40.54301314133587,False,True,4.436451672075769
-1452500.0,-822500.0,1500,-44.811065535191766,False,True,4.366426285396993
-1447500.0,-822500.0,1500,-45.526776809830444,False,True,3.9368898269248143
-1442500.0,-822500.0,1500,-37.835484026122124,False,True,4.185779446852294
-1437500.0,-822500.0,1500,-26.55763497373378,False,True,4.47994530059536
-1432500.0,-822500.0,1500,-20.675720109972225,False,False,5.293441209794956
-1427500.0,-822500.0,1500,-25.435502636122752,False,False,5.16622069903308
-1422500.0,-822500.0,1500,-30.398070605570435,False,False,3.9808006239098006
-1417500.0,-822500.0,1500,-31.39623140481436,False,False,3.527311565562148
-1412500.0,-822500.0,1500,-32.574748586467294,False,False,3.9269528237755322
-1407500.0,-822500.0,1500,-33.071507961314616,False,False,5.247822415846492
-1402500.0,-822500.0,1500,-30.9971995847858,False,False,6.317162785164326
-1397500.0,-822500.0,1500,-24.876387236213276,False,False,6.4976602445931455
-1392500.0,-822500.0,1500,-17.345081325429685,False,False,6.756711894845025
-1387500.0,-822500.0,1500,-12.904349504636393,False,False,7.553086216170421
-1382500.0,-822500.0,1500,-7.823948176896163,False,False,8.57974549313392
-1377500.0,-822500.0,1500,-1.4981430613649471,False,False,9.465501770666734
-1372500.0,-822500.0,1500,2.5917629850658424,False,False,10.105621393247027
-1367500.0,-822500.0,1500,2.9021629109118736,False,False,10.492357679206943
-1362500.0,-822500.0,1500,4.956360672699786,False,False,10.567199947006642
-1357500.0,-822500.0,1500,6.881163109242663,False,False,10.315829607277035
-1352500.0,-822500.0,1500,6.7282326663806735,False,False,9.643257050906556
-1597500.0,-817500.0,1500,-23.871754513119022,False,False,15.09187851165389
-1592500.0,-817500.0,1500,-28.108224551840717,False,False,15.05242853789809
-1587500.0,-817500.0,1500,-30.9601068770551,False,False,15.013767570469904
-1582500.0,-817500.0,1500,-33.13137991264139,False,False,14.973265835907565
-1577500.0,-817500.0,1500,-36.59172747707769,False,False,14.923411194184052
-1572500.0,-817500.0,1500,-41.537623626002826,False,False,14.851743376764759
-1567500.0,-817500.0,1500,-49.2827556663597,False,False,14.735897744576075
-1562500.0,-817500.0,1500,-56.92206650819004,False,True,14.538313389570234
-1557500.0,-817500.0,1500,-59.0880486239313,False,True,14.172950372441807
-1552500.0,-817500.0,1500,-57.742851635498646,False,True,13.462393088521758
-1547500.0,-817500.0,1500,-54.35936387395918,False,True,12.006767328713032
-1542500.0,-817500.0,1500,-48.53867078521324,True,True,8.974407186788866
-1537500.0,-817500.0,1500,-45.032909456428776,True,True,5.182574349806192
-1532500.0,-817500.0,1500,-44.136162939103244,True,True,4.7773210148083844
-1527500.0,-817500.0,1500,-39.49478479973734,True,True,7.32230308302322
-1522500.0,-817500.0,1500,-31.04249400280192,True,True,7.731192330535105
-1517500.0,-817500.0,1500,-23.67177119879466,True,True,5.406295495707159
-1512500.0,-817500.0,1500,-18.487077777533226,True,True,4.860443823607424
-1507500.0,-817500.0,1500,-13.978803113143853,True,True,5.195825002320941
-1502500.0,-817500.0,1500,-10.709042620811964,False,True,5.103614009915791
-1497500.0,-817500.0,1500,-8.00546248207796,False,True,5.586220103139828
-1492500.0,-817500.0,1500,-8.083641321132074,False,True,5.004417354185504
-1487500.0,-817500.0,1500,-22.50212418045512,False,True,5.454396484813388
-1482500.0,-817500.0,1500,-46.055073021849346,True,True,5.462823626839383
-1477500.0,-817500.0,1500,-55.96486785207633,True,True,5.247331460493043
-1472500.0,-817500.0,1500,-49.1017182265162,True,True,6.471492833908244
-1467500.0,-817500.0,1500,-36.4930983092524,False,True,5.561582404716369
-1462500.0,-817500.0,1500,-27.19631884245419,False,True,3.9529378462686076
-1457500.0,-817500.0,1500,-27.602551172787535,False,True,4.074727536766125
-1452500.0,-817500.0,1500,-31.333802600816707,False,True,4.170432078460523
-1447500.0,-817500.0,1500,-27.61727769249443,False,True,4.217978930870473
-1442500.0,-817500.0,1500,-17.88148630439531,False,False,4.4620891714181585
-1437500.0,-817500.0,1500,-12.078082235379577,False,False,5.213555639659328
-1432500.0,-817500.0,1500,-15.142299114806127,False,False,5.429644048191276
-1427500.0,-817500.0,1500,-24.488427395038883,False,False,4.233802865743115
-1422500.0,-817500.0,1500,-33.401125940439314,False,False,3.6995754461204426
-1417500.0,-817500.0,1500,-36.71382955190853,False,False,3.8345001368408744
-1412500.0,-817500.0,1500,-36.32396608502944,False,False,4.85259725749718
-1407500.0,-817500.0,1500,-35.300458319581985,False,False,6.148029241995826
-1402500.0,-817500.0,1500,-33.774898249156394,False,False,6.49370144448476
-1397500.0,-817500.0,1500,-28.846015749420904,False,False,6.6971136735904215
-1392500.0,-817500.0,1500,-21.10813337445982,False,False,7.358476588527156
-1387500.0,-817500.0,1500,-15.22714360649081,False,False,8.395825883210144
-1382500.0,-817500.0,1500,-9.148275766598845,False,False,9.357723241173302
-1377500.0,-817500.0,1500,-2.3771553362528137,False,False,10.01840224519564
-1372500.0,-817500.0,1500,1.782787930194842,False,False,10.417974291456778
-1367500.0,-817500.0,1500,3.298534125118354,False,False,10.599922967236271
-1362500.0,-817500.0,1500,4.6905247620281605,False,False,10.532520815967802
-1357500.0,-817500.0,1500,4.662585855375947,False,False,10.12705979509984
-1352500.0,-817500.0,1500,4.816488592276295,False,False,9.1309732983396
-1597500.0,-812500.0,1500,-21.209671281249637,False,False,15.064635407388199
-1592500.0,-812500.0,1500,-25.697029311090844,False,False,15.02585001343273
-1587500.0,-812500.0,1500,-28.677492836032723,False,False,14.985566601126472
-1582500.0,-812500.0,1500,-32.04270771499796,False,False,14.938148560130719
-1577500.0,-812500.0,1500,-37.76250375268641,False,False,14.873596696073877
-1572500.0,-812500.0,1500,-43.3597125373909,False,False,14.772378879658678
-1567500.0,-812500.0,1500,-47.18862415372116,False,False,14.606194183849567
-1562500.0,-812500.0,1500,-48.69011040316719,False,True,14.31629087571491
-1557500.0,-812500.0,1500,-47.240344457938896,False,True,13.7894475343777
-1552500.0,-812500.0,1500,-43.824631195896714,False,True,12.761845674392845
-1547500.0,-812500.0,1500,-38.53681458679221,False,True,10.761863732801215
-1542500.0,-812500.0,1500,-30.559038746746474,True,True,6.877900775401978
-1537500.0,-812500.0,1500,-25.33404476716645,True,True,4.787523512054605
-1532500.0,-812500.0,1500,-24.897164296252306,True,True,6.788766757466484
-1527500.0,-812500.0,1500,-22.62249481381506,True,True,8.047647483716304
-1522500.0,-812500.0,1500,-16.4903056142363,True,True,6.0580111198325355
-1517500.0,-812500.0,1500,-10.557217382994901,True,True,4.258929227947122
-1512500.0,-812500.0,1500,-5.406961520410942,True,True,4.509828368281006
-1507500.0,-812500.0,1500,-0.5795872938991421,False,True,4.861745017114259
-1502500.0,-812500.0,1500,-0.49220394533694894,False,True,5.408514493299146
-1497500.0,-812500.0,1500,-3.0589085649944403,False,True,5.108302865410808
-1492500.0,-812500.0,1500,-8.10594636911116,False,True,5.114466291921152
-1487500.0,-812500.0,1500,-24.75864096882729,False,True,5.3946615581888535
-1482500.0,-812500.0,1500,-44.25635166942473,True,True,5.028010358919715
-1477500.0,-812500.0,1500,-48.93905127109132,True,True,6.190261822011956
-1472500.0,-812500.0,1500,-41.36416750218946,True,True,5.99999294382283
-1467500.0,-812500.0,1500,-27.382649413667806,False,True,4.396418437325696
-1462500.0,-812500.0,1500,-16.920477413627072,False,True,4.179869842293999
-1457500.0,-812500.0,1500,-19.558390323352516,False,True,4.197002268531281
-1452500.0,-812500.0,1500,-21.142340642287582,False,True,4.233986449616706
-1447500.0,-812500.0,1500,-15.551397681164365,False,False,4.446080460810167
-1442500.0,-812500.0,1500,-8.770769529897537,False,False,5.068893298214239
-1437500.0,-812500.0,1500,-7.002869858747417,False,False,5.546155447422333
-1432500.0,-812500.0,1500,-13.526628169442684,False,False,4.510136532830348
-1427500.0,-812500.0,1500,-23.886673774451655,False,False,3.807357794709171
-1422500.0,-812500.0,1500,-34.93317768848688,False,False,3.975712351544355
-1417500.0,-812500.0,1500,-40.37613767742841,False,False,4.74492855211284
-1412500.0,-812500.0,1500,-38.60700050342178,False,False,5.97802409332508
-1407500.0,-812500.0,1500,-35.66216650344422,False,False,6.460978674614427
-1402500.0,-812500.0,1500,-32.76889781947754,False,False,6.6104943987326905
-1397500.0,-812500.0,1500,-26.85551661060668,False,False,7.1642251267736645
-1392500.0,-812500.0,1500,-19.377528890713542,False,False,8.143203423231844
-1387500.0,-812500.0,1500,-13.125693209127835,False,False,9.160496479891696
-1382500.0,-812500.0,1500,-8.413984260727826,False,False,9.913111042390414
-1377500.0,-812500.0,1500,-3.128548497017316,False,False,10.305989845867732
-1372500.0,-812500.0,1500,0.9240295349317544,False,False,10.44433004585563
-1367500.0,-812500.0,1500,2.7100407232703314,False,False,10.438369544562645
-1362500.0,-812500.0,1500,3.5520478065958447,False,False,10.26697276500844
-1357500.0,-812500.0,1500,3.0976867972424214,False,False,9.796788457872765
-1352500.0,-812500.0,1500,3.6394167912439728,False,False,8.679112993671165
-1597500.0,-807500.0,1500,-19.325405222788756,False,False,15.037678243726313
-1592500.0,-807500.0,1500,-23.129400045659246,False,False,14.997885356698479
-1587500.0,-807500.0,1500,-26.9033803455668,False,False,14.952906317740823
-1582500.0,-807500.0,1500,-31.048275987208473,False,False,14.892484209426252
-1577500.0,-807500.0,1500,-36.897230782934805,False,False,14.80172871989656
-1572500.0,-807500.0,1500,-41.952154058150455,False,False,14.653842351557808
-1567500.0,-807500.0,1500,-41.07195677109176,False,False,14.39849305277579
-1562500.0,-807500.0,1500,-35.88842715400075,False,True,13.952387504858404
-1557500.0,-807500.0,1500,-30.04038549657116,False,True,13.11717079103266
-1552500.0,-807500.0,1500,-25.47154203685174,False,True,11.592913359705422
-1547500.0,-807500.0,1500,-22.4386140548457,False,True,8.64726397393228
-1542500.0,-807500.0,1500,-16.55488357544509,True,True,5.596225092021434
-1537500.0,-807500.0,1500,-11.709871438498787,True,True,6.216445177741983
-1532500.0,-807500.0,1500,-12.253835053293871,True,True,8.143984229675432
-1527500.0,-807500.0,1500,-12.624860344069436,True,True,6.819365194778936
-1522500.0,-807500.0,1500,-9.787141427276326,True,True,4.318089060608218
-1517500.0,-807500.0,1500,-4.018676076326901,True,True,3.962371728918498
-1512500.0,-807500.0,1500,1.4339710436137185,False,True,4.576352224399893
-1507500.0,-807500.0,1500,4.14254218985149,False,True,5.3902236770692715
-1502500.0,-807500.0,1500,2.9650316849732947,False,True,5.237383876861373
-1497500.0,-807500.0,1500,-1.0534611826368439,False,True,4.836507775592743
-1492500.0,-807500.0,1500,-9.330709591630615,False,True,5.283378372089993
-1487500.0,-807500.0,1500,-21.73235511906544,False,True,4.79957274504852
-1482500.0,-807500.0,1500,-30.404803412197975,False,True,5.659362272806337
-1477500.0,-807500.0,1500,-32.714054693688816,False,True,6.204500948869016
-1472500.0,-807500.0,1500,-29.663155280890933,False,True,4.902402710291749
-1467500.0,-807500.0,1500,-21.566837078150566,False,True,4.790770117301605
-1462500.0,-807500.0,1500,-15.930661001937995,False,True,4.648036794887442
-1457500.0,-807500.0,1500,-17.01318472758501,False,True,4.391089215656013
-1452500.0,-807500.0,1500,-15.859201296678437,False,False,4.462152249998839
-1447500.0,-807500.0,1500,-10.747539602945254,False,False,4.74746579008181
-1442500.0,-807500.0,1500,-7.6256885635187475,False,False,5.51428702913565
-1437500.0,-807500.0,1500,-9.77519854717992,False,False,4.790990062586437
-1432500.0,-807500.0,1500,-14.578842181369742,False,False,3.838323874169447
-1427500.0,-807500.0,1500,-21.053942028479693,False,False,3.7752222648328115
-1422500.0,-807500.0,1500,-29.00736105125572,False,False,4.485156621526351
-1417500.0,-807500.0,1500,-32.59201756636018,False,False,5.811455784206679
-1412500.0,-807500.0,1500,-31.89410292182698,False,False,6.4671744638914905
-1407500.0,-807500.0,1500,-30.78742454002886,False,False,6.579992066789968
-1402500.0,-807500.0,1500,-27.2840819981431,False,False,6.99951594979617
-1397500.0,-807500.0,1500,-21.364007653144416,False,False,7.90830506336895
-1392500.0,-807500.0,1500,-15.68518145388264,False,False,8.94263956344627
-1387500.0,-807500.0,1500,-11.51468500593476,False,False,9.756185690130767
-1382500.0,-807500.0,1500,-7.5378614190169095,False,False,10.179640877482909
-1377500.0,-807500.0,1500,-2.185545207150104,False,False,10.207612580338228
-1372500.0,-807500.0,1500,0.9788539281704576,False,False,10.02936910275039
-1367500.0,-807500.0,1500,2.598108506317453,False,False,9.792540224558339
-1362500.0,-807500.0,1500,3.5897856941486976,False,False,9.544888433880681
-1357500.0,-807500.0,1500,3.5784130456470566,False,False,9.161843352877124
-1352500.0,-807500.0,1500,3.175149584352852,False,False,8.247227386536473
-1597500.0,-802500.0,1500,-20.312156976852123,False,False,15.009938074901704
-1592500.0,-802500.0,1500,-24.162201256255205,False,False,14.967111059694869
-1587500.0,-802500.0,1500,-28.80181097388894,False,False,14.91162486383135
-1582500.0,-802500.0,1500,-32.122587250408145,False,False,14.83048240182756
-1577500.0,-802500.0,1500,-35.65488165025528,False,False,14.697466698854017
-1572500.0,-802500.0,1500,-35.66027882124026,False,False,14.4724554836138
-1567500.0,-802500.0,1500,-28.50323848475578,False,True,14.070679840633431
-1562500.0,-802500.0,1500,-18.661516057053092,False,True,13.331134206189695
-1557500.0,-802500.0,1500,-10.700037460032847,False,True,11.994266323132873
-1552500.0,-802500.0,1500,-7.235234363954899,False,True,9.551718388600662
-1547500.0,-802500.0,1500,-7.850121098992193,True,True,6.026450097257207
-1542500.0,-802500.0,1500,-7.546140749263417,True,True,5.534337121969025
-1537500.0,-802500.0,1500,-6.056212940607856,True,True,7.805267757470933
-1532500.0,-802500.0,1500,-7.324024522520592,True,True,7.430993193824364
-1527500.0,-802500.0,1500,-9.137117054067623,True,True,4.967318898668787
-1522500.0,-802500.0,1500,-7.71360362803037,True,True,3.790001082905132
-1517500.0,-802500.0,1500,-2.9242084858700554,True,True,4.162500441086405
-1512500.0,-802500.0,1500,-1.8345795838620074,False,True,5.377564884568544
-1507500.0,-802500.0,1500,-5.642529851829357,False,True,5.58117731838636
-1502500.0,-802500.0,1500,-5.798936999439665,False,True,4.854420629360317
-1497500.0,-802500.0,1500,-0.29591595188048675,False,True,5.172591208666627
-1492500.0,-802500.0,1500,-5.103649075531812,False,True,4.800953684834306
-1487500.0,-802500.0,1500,-15.117606067701315,False,True,5.119615216674122
-1482500.0,-802500.0,1500,-15.243540825969836,False,True,6.0041510539268605
-1477500.0,-802500.0,1500,-15.384951569413623,False,True,5.025778776328402
-1472500.0,-802500.0,1500,-18.440399235569345,False,True,4.898091109244007
-1467500.0,-802500.0,1500,-18.649461105390383,False,True,4.968779509974423
-1462500.0,-802500.0,1500,-14.901780929048359,False,True,4.389149201222089
-1457500.0,-802500.0,1500,-10.755351889496941,False,True,5.247395220371369
-1452500.0,-802500.0,1500,-7.647172250866218,False,False,5.550355525821721
-1447500.0,-802500.0,1500,-6.190514782012931,False,False,5.432898316124317
-1442500.0,-802500.0,1500,-8.540415602940099,False,False,4.995381756684571
-1437500.0,-802500.0,1500,-13.971947729751205,False,False,3.9405437875956038
-1432500.0,-802500.0,1500,-16.309369528596232,False,False,3.680960289654875
-1427500.0,-802500.0,1500,-16.394800685618677,False,False,4.112208244189199
-1422500.0,-802500.0,1500,-18.110340696108295,False,False,5.422640842143767
-1417500.0,-802500.0,1500,-19.61426805573503,False,False,6.427950811028477
-1412500.0,-802500.0,1500,-20.6775849280897,False,False,6.566125872115956
-1407500.0,-802500.0,1500,-21.421083657296627,False,False,6.880071837942673
-1402500.0,-802500.0,1500,-18.95145427928163,False,False,7.6938344176427576
-1397500.0,-802500.0,1500,-15.4751634020775,False,False,8.714480750371832
-1392500.0,-802500.0,1500,-11.869136404861441,False,False,9.554071265818608
-1387500.0,-802500.0,1500,-8.334738048208516,False,False,10.03182839734634
-1382500.0,-802500.0,1500,-3.549637026419813,False,False,10.036441740150288
-1377500.0,-802500.0,1500,1.9823730439100105,False,False,9.571629676571245
-1372500.0,-802500.0,1500,3.3671269606183345,False,False,8.890095846853004
-1367500.0,-802500.0,1500,4.248467203870582,False,False,8.304314048150957
-1362500.0,-802500.0,1500,5.663416345105724,False,False,7.988062582078344
-1357500.0,-802500.0,1500,4.373562395154081,False,False,7.831613343073975
-1352500.0,-802500.0,1500,2.9061990343326896,False,False,7.430239708254805
-1597500.0,-797500.0,1500,-24.997132643329266,False,False,14.980187014464926
-1592500.0,-797500.0,1500,-28.230992872779673,False,False,14.930212687587339
-1587500.0,-797500.0,1500,-32.09726292713426,False,False,14.858064260612721
-1582500.0,-797500.0,1500,-33.90661971559299,False,False,14.742293785305305
-1577500.0,-797500.0,1500,-32.87249040451707,False,False,14.547096581945317
-1572500.0,-797500.0,1500,-26.167171023157348,False,False,14.194336977988593
-1567500.0,-797500.0,1500,-12.175789275354523,False,True,13.549131813025362
-1562500.0,-797500.0,1500,2.741876567251973,False,True,12.330832881438953
-1557500.0,-797500.0,1500,11.379264478440271,False,True,10.115336994001803
-1552500.0,-797500.0,1500,14.50010342629624,False,True,6.680571605941375
-1547500.0,-797500.0,1500,10.424898415816974,False,True,4.5282726717967
-1542500.0,-797500.0,1500,1.9008987469116245,False,True,6.273239389097422
-1537500.0,-797500.0,1500,-2.7523045494936005,True,True,7.663892926000285
-1532500.0,-797500.0,1500,-5.644693818888004,True,True,5.759182185556729
-1527500.0,-797500.0,1500,-8.3397429110783,True,True,3.976072385564956
-1522500.0,-797500.0,1500,-8.400741642653683,True,True,3.7517491157327254
-1517500.0,-797500.0,1500,-5.962046462220549,True,True,4.900862868587511
-1512500.0,-797500.0,1500,-9.412828749038283,True,True,5.7610801571364485
-1507500.0,-797500.0,1500,-17.73550676399082,True,True,5.168443421900138
-1502500.0,-797500.0,1500,-17.228080559949575,False,True,5.451720462084834
-1497500.0,-797500.0,1500,-4.638829826327984,False,True,5.10236491656734
-1492500.0,-797500.0,1500,-2.492166590828866,False,True,4.788858764424129
-1487500.0,-797500.0,1500,-8.598609831560134,False,True,5.836375848537346
-1482500.0,-797500.0,1500,-8.258767834582171,False,True,5.116515040551807
-1477500.0,-797500.0,1500,-9.885180777648692,False,True,4.627349987650537
-1472500.0,-797500.0,1500,-15.971892699231367,False,True,5.020507261807487
-1467500.0,-797500.0,1500,-17.717957532119595,False,True,4.435296831845509
-1462500.0,-797500.0,1500,-11.13395710236473,False,True,4.985867955417962
-1457500.0,-797500.0,1500,-5.137618687748527,False,False,6.244063490637357
-1452500.0,-797500.0,1500,-3.0326664815270425,False,False,6.307839044895262
-1447500.0,-797500.0,1500,-5.258375670269787,False,False,5.354428289421445
-1442500.0,-797500.0,1500,-10.222169239312947,False,False,4.075779414660531
-1437500.0,-797500.0,1500,-15.102782720512902,False,False,3.6340281886432444
-1432500.0,-797500.0,1500,-13.975819649390576,False,False,3.8809823072063434
-1427500.0,-797500.0,1500,-8.684450957170146,False,False,5.05647881945745
-1422500.0,-797500.0,1500,-7.642162320974057,False,False,6.324784927142512
-1417500.0,-797500.0,1500,-9.46668181976729,False,False,6.574179154065995
-1412500.0,-797500.0,1500,-10.722322911564303,False,False,6.766920640211481
-1407500.0,-797500.0,1500,-11.585415002092931,False,False,7.481549770153274
-1402500.0,-797500.0,1500,-10.999041185089421,False,False,8.468180942149388
-1397500.0,-797500.0,1500,-9.00373540547162,False,False,9.293402993984419
-1392500.0,-797500.0,1500,-5.594530012249259,False,False,9.758418893398058
-1387500.0,-797500.0,1500,-1.1789753178570326,False,False,9.826580482045667
-1382500.0,-797500.0,1500,3.8257130261937147,False,False,9.426242823703394
-1377500.0,-797500.0,1500,7.20406485323076,False,False,8.39664940135191
-1372500.0,-797500.0,1500,6.374692611939114,False,False,6.933528056926853
-1367500.0,-797500.0,1500,6.239196905519434,False,False,5.855769416318457
-1362500.0,-797500.0,1500,7.656175878901189,False,False,5.471388142480327
-1357500.0,-797500.0,1500,6.127296092380162,False,False,5.548889486637908
-1352500.0,-797500.0,1500,5.04567365562883,False,False,5.749184337094494
-1597500.0,-792500.0,1500,-29.520069739527,False,False,14.946365289294304
-1592500.0,-792500.0,1500,-31.166393900721076,False,False,14.882893784690507
-1587500.0,-792500.0,1500,-33.02950714402968,False,False,14.784275250203997
-1582500.0,-792500.0,1500,-31.65024829290952,False,False,14.617984197694241
-1577500.0,-792500.0,1500,-24.235386137144257,False,True,14.322843299013577
-1572500.0,-792500.0,1500,-11.356752258090056,False,True,13.777237094475463
-1567500.0,-792500.0,1500,8.331498028583296,False,True,12.555652589917813
-1562500.0,-792500.0,1500,25.59239914534683,False,True,10.531693687071936
-1557500.0,-792500.0,1500,31.756262034904605,False,True,7.4092785398614485
-1552500.0,-792500.0,1500,31.909418587538497,False,True,4.360319409452795
-1547500.0,-792500.0,1500,22.78859596145083,False,True,4.812752633724684
-1542500.0,-792500.0,1500,9.507339691081947,False,True,6.863108910618154
-1537500.0,-792500.0,1500,-0.971302682239177,False,True,6.054962031628136
-1532500.0,-792500.0,1500,-7.92780644455865,True,True,4.4883010055013655
-1527500.0,-792500.0,1500,-10.102007856019483,True,True,3.8065899690130234
-1522500.0,-792500.0,1500,-11.34195669415678,True,True,4.218277510188674
-1517500.0,-792500.0,1500,-9.62193011393797,True,True,5.609437565633554
-1512500.0,-792500.0,1500,-13.69035242628824,True,True,5.342303585606076
-1507500.0,-792500.0,1500,-25.651099190449546,True,True,5.459088740979905
-1502500.0,-792500.0,1500,-31.12496377953206,True,True,5.589989618888851
-1497500.0,-792500.0,1500,-23.387242347855906,False,True,4.924565249306212
-1492500.0,-792500.0,1500,-16.572585453854153,False,True,5.834096059343777
-1487500.0,-792500.0,1500,-15.850017445741448,False,True,5.418244416890101
-1482500.0,-792500.0,1500,-14.89367241486301,False,True,4.429690679655733
-1477500.0,-792500.0,1500,-15.160310961570188,False,True,4.868871077495826
-1472500.0,-792500.0,1500,-18.244660589160915,False,True,4.555744922275012
-1467500.0,-792500.0,1500,-17.075521903934497,False,False,4.80029615793828
-1462500.0,-792500.0,1500,-9.025510873108274,False,False,6.006944981674443
-1457500.0,-792500.0,1500,-3.5413380767229934,False,False,6.355839393439422
-1452500.0,-792500.0,1500,-4.1654330829003685,False,False,5.700796688818614
-1447500.0,-792500.0,1500,-8.686917202020302,False,False,4.369697281124823
-1442500.0,-792500.0,1500,-12.391695594990809,False,False,4.031482526747363
-1437500.0,-792500.0,1500,-13.438117749319824,False,False,4.183106273355032
-1432500.0,-792500.0,1500,-8.17805304476573,False,False,4.727669345672968
-1427500.0,-792500.0,1500,-1.6882347280191308,False,False,6.0270396105687984
-1422500.0,-792500.0,1500,-0.8252883274145257,False,False,6.535506452060144
-1417500.0,-792500.0,1500,-2.27669758510769,False,False,6.684855557033267
-1412500.0,-792500.0,1500,-3.1700211975447004,False,False,7.267591788197514
-1407500.0,-792500.0,1500,-3.7954535972027017,False,False,8.213491316157974
-1402500.0,-792500.0,1500,-4.138402891545701,False,False,9.041499209903673
-1397500.0,-792500.0,1500,-2.409573442628005,False,False,9.432372476392128
-1392500.0,-792500.0,1500,0.6283397306892713,False,False,9.365461432146322
-1387500.0,-792500.0,1500,4.863358588950198,False,False,8.986615487334605
-1382500.0,-792500.0,1500,10.83056607743518,False,False,8.313061150646485
-1377500.0,-792500.0,1500,12.088786175404998,False,False,6.9721439851668086
-1372500.0,-792500.0,1500,7.436251412791359,False,False,4.995697923639028
-1367500.0,-792500.0,1500,5.738592239972629,False,False,3.7099393664295044
-1362500.0,-792500.0,1500,8.460501331412635,False,False,3.428503813430591
-1357500.0,-792500.0,1500,9.932750863189128,False,False,3.5042929598788835
-1352500.0,-792500.0,1500,7.5175962695047005,False,False,3.7381172946142738
-1597500.0,-787500.0,1500,-31.33252863310644,False,False,14.904028236433618
-1592500.0,-787500.0,1500,-30.40549603335306,False,False,14.819045825868454
-1587500.0,-787500.0,1500,-28.882520134783544,False,False,14.678354927038589
-1582500.0,-787500.0,1500,-19.001015700367024,False,True,14.3475893435483
-1577500.0,-787500.0,1500,-3.1273174102657495,False,True,13.767646113869109
-1572500.0,-787500.0,1500,11.866480239621275,False,True,12.759729260692158
-1567500.0,-787500.0,1500,31.119134209732305,False,True,10.831892377387753
-1562500.0,-787500.0,1500,40.90726898979177,False,True,7.948352810440124
-1557500.0,-787500.0,1500,38.1989176990559,False,True,5.020186727184116
-1552500.0,-787500.0,1500,31.50443712165242,False,True,4.053046483393547
-1547500.0,-787500.0,1500,18.230560123689575,False,True,5.802219147675
-1542500.0,-787500.0,1500,4.696893324501292,False,True,6.127333119726557
-1537500.0,-787500.0,1500,-6.938359405969413,False,True,4.836730846888544
-1532500.0,-787500.0,1500,-12.023450727603535,True,True,4.181675684851383
-1527500.0,-787500.0,1500,-11.170572342398339,True,True,4.072322941001717
-1522500.0,-787500.0,1500,-14.476074478062586,True,True,5.426431979933862
-1517500.0,-787500.0,1500,-16.582405235600408,True,True,5.464139186131911
-1512500.0,-787500.0,1500,-21.621119845643108,True,True,5.187934918802142
-1507500.0,-787500.0,1500,-34.813362435029525,True,True,5.6812988973592615
-1502500.0,-787500.0,1500,-41.604109617410224,True,True,5.094570242099325
-1497500.0,-787500.0,1500,-36.54939629746541,False,True,5.808943374323444
-1492500.0,-787500.0,1500,-30.646533368325294,False,True,5.990255920657286
-1487500.0,-787500.0,1500,-26.112301578801997,False,True,4.6501279206212605
-1482500.0,-787500.0,1500,-21.646587418295496,False,True,4.824683443953674
-1477500.0,-787500.0,1500,-19.255372876493094,False,False,4.644232565237745
-1472500.0,-787500.0,1500,-18.325486036364513,False,False,4.174551628561171
-1467500.0,-787500.0,1500,-15.886308501340517,False,False,5.254611641655167
-1462500.0,-787500.0,1500,-9.365181876690029,False,False,6.196150253185578
-1457500.0,-787500.0,1500,-4.835332145084141,False,False,5.931541529423038
-1452500.0,-787500.0,1500,-6.338738513721461,False,False,4.632875694914671
-1447500.0,-787500.0,1500,-9.273296195573854,False,False,3.8416551308719677
-1442500.0,-787500.0,1500,-10.524931907983648,False,False,4.159363583869497
-1437500.0,-787500.0,1500,-9.784877361836873,False,False,4.892242815259802
-1432500.0,-787500.0,1500,-4.613635620870554,False,False,5.837884784519319
-1427500.0,-787500.0,1500,0.9350767145833163,False,False,6.390220232241971
-1422500.0,-787500.0,1500,2.6876278289354825,False,False,6.584142164808789
-1417500.0,-787500.0,1500,1.7029329759028158,False,False,7.072623866808287
-1412500.0,-787500.0,1500,0.8357127594708582,False,False,7.943643429179019
-1407500.0,-787500.0,1500,1.2071001327039361,False,False,8.768322318425113
-1402500.0,-787500.0,1500,1.0737984829205556,False,False,9.195990646271442
-1397500.0,-787500.0,1500,2.278338889317269,False,False,9.000202470628832
-1392500.0,-787500.0,1500,4.427329988758529,False,False,8.182008013937077
-1387500.0,-787500.0,1500,7.495795387003291,False,False,7.211150773093555
-1382500.0,-787500.0,1500,13.893112234839922,False,False,6.4689513017000655
-1377500.0,-787500.0,1500,15.354582466366686,False,False,5.515048895535427
-1372500.0,-787500.0,1500,8.32684912396019,False,False,3.966247276831028
-1367500.0,-787500.0,1500,4.080275741309546,False,False,2.949667128396318
-1362500.0,-787500.0,1500,10.167995593703912,False,False,2.827247063492217
-1357500.0,-787500.0,1500,16.394061184677696,False,False,2.802042485279168
-1352500.0,-787500.0,1500,9.009985733520827,False,False,2.7568811445025996
-1597500.0,-782500.0,1500,-30.559048089092585,False,False,14.847674027366367
-1592500.0,-782500.0,1500,-25.723051729002172,False,False,14.727488328618188
-1587500.0,-782500.0,1500,-20.922506736196404,False,False,14.52217444263194
-1582500.0,-782500.0,1500,-7.509770399709665,False,True,14.029172727215649
-1577500.0,-782500.0,1500,7.702197225285475,False,True,13.12118597920991
-1572500.0,-782500.0,1500,15.164734910290937,False,True,11.570323616117665
-1567500.0,-782500.0,1500,24.81272804909207,False,True,8.936616639707687
-1562500.0,-782500.0,1500,27.531886898224215,False,True,5.8335714831790435
-1557500.0,-782500.0,1500,27.502665301638533,False,True,3.90815238925814
-1552500.0,-782500.0,1500,21.96475979081651,False,True,4.789726825660943
-1547500.0,-782500.0,1500,4.243098081573575,False,True,6.018649063605344
-1542500.0,-782500.0,1500,-10.572235275672197,False,True,5.217992970576699
-1537500.0,-782500.0,1500,-17.811040945503628,True,True,4.812128512614795
-1532500.0,-782500.0,1500,-15.837918756550478,True,True,4.4952563698114565
-1527500.0,-782500.0,1500,-15.245256764091632,False,True,5.031968602581424
-1522500.0,-782500.0,1500,-24.778893197399814,False,True,5.540535810854799
-1517500.0,-782500.0,1500,-32.47708418959242,True,True,5.040281803970725
-1512500.0,-782500.0,1500,-38.33883401990973,True,True,5.645769508554864
-1507500.0,-782500.0,1500,-45.52805142237563,True,True,5.289546030458904
-1502500.0,-782500.0,1500,-42.12058997958262,True,True,5.604335608108616
-1497500.0,-782500.0,1500,-32.97924143870353,False,True,6.324800841997578
-1492500.0,-782500.0,1500,-29.356938981299187,False,True,5.108110194009473
-1487500.0,-782500.0,1500,-25.436948815220592,False,True,4.933772067069529
-1482500.0,-782500.0,1500,-21.581349357342628,False,True,4.838377900317627
-1477500.0,-782500.0,1500,-19.03339549558844,False,False,4.150203230880383
-1472500.0,-782500.0,1500,-15.148720397870054,False,False,4.171722445168054
-1467500.0,-782500.0,1500,-11.845667840291233,False,False,4.9279562871841875
-1462500.0,-782500.0,1500,-7.399929835164994,False,False,5.762438143675214
-1457500.0,-782500.0,1500,-3.9300690936176523,False,False,4.856954788240759
-1452500.0,-782500.0,1500,-1.1695412724056375,False,False,3.9713242086548286
-1447500.0,-782500.0,1500,0.9099163504432395,False,False,4.1734576786341115
-1442500.0,-782500.0,1500,-1.4375967716319304,False,False,4.470682988927036
-1437500.0,-782500.0,1500,-4.341161733101044,False,False,5.450849105477405
-1432500.0,-782500.0,1500,-3.4238457707206127,False,False,6.332671998735508
-1427500.0,-782500.0,1500,0.1915102426527346,False,False,6.491547488947388
-1422500.0,-782500.0,1500,3.34799961920695,False,False,6.891709006139717
-1417500.0,-782500.0,1500,4.044507910859513,False,False,7.643397341765381
-1412500.0,-782500.0,1500,3.562679825307317,False,False,8.369698919196068
-1407500.0,-782500.0,1500,4.3726236051956135,False,False,8.772397684137072
-1402500.0,-782500.0,1500,4.972187673431632,False,False,8.733126550583274
-1397500.0,-782500.0,1500,5.059856278183432,False,False,7.9776442364849816
-1392500.0,-782500.0,1500,5.001230568341417,False,False,6.367779039438043
-1387500.0,-782500.0,1500,6.028441334149003,False,False,4.848856791484121
-1382500.0,-782500.0,1500,10.519231709508071,False,False,4.2094309674143275
-1377500.0,-782500.0,1500,12.43281407598934,False,False,3.981348371451564
-1372500.0,-782500.0,1500,8.151097269893455,False,False,3.4777129318045246
-1367500.0,-782500.0,1500,4.477135783270093,False,False,2.9215166831434236
-1362500.0,-782500.0,1500,11.373533097593745,False,False,2.772975749719911
-1357500.0,-782500.0,1500,17.663120625693274,False,False,2.7455978375903713
-1597500.0,-777500.0,1500,-28.36607705657451,False,False,14.768079234122172
-1592500.0,-777500.0,1500,-21.783539514858,False,False,14.592169734588913
-1587500.0,-777500.0,1500,-17.34704843398104,False,True,14.279562968660862
-1582500.0,-777500.0,1500,-8.284642034282411,False,True,13.66901566640977
-1577500.0,-777500.0,1500,-0.47454233396897694,False,True,12.4504346979983
-1572500.0,-777500.0,1500,-2.355294668522996,False,True,10.280180853862248
-1567500.0,-777500.0,1500,-4.551181430487707,True,True,6.880129443565016
-1562500.0,-777500.0,1500,-4.982189499001265,True,True,4.562298328251131
-1557500.0,-777500.0,1500,0.6764758750307287,False,True,4.382064615149018
-1552500.0,-777500.0,1500,-0.5794933529422709,False,True,5.4030332326547
-1547500.0,-777500.0,1500,-14.353913638159472,False,True,5.396853765576482
-1542500.0,-777500.0,1500,-25.670515482606476,True,True,5.140671474551308
-1537500.0,-777500.0,1500,-30.183191211924388,True,True,4.951079937582387
-1532500.0,-777500.0,1500,-28.1998687897075,True,True,4.9558756789313865
-1527500.0,-777500.0,1500,-31.40400424425553,True,True,5.666507282255218
-1522500.0,-777500.0,1500,-43.256842062966754,True,True,5.099029939095081
-1517500.0,-777500.0,1500,-50.79580119708129,True,True,5.56245063557422
-1512500.0,-777500.0,1500,-53.04021284621638,True,True,5.452096250260725
-1507500.0,-777500.0,1500,-49.41368626950813,True,True,5.307292284198909
-1502500.0,-777500.0,1500,-34.928810507693086,True,True,6.353210479233641
-1497500.0,-777500.0,1500,-22.802149410997092,False,True,5.472678137436791
-1492500.0,-777500.0,1500,-20.834977575632394,False,True,4.9514733851571275
-1487500.0,-777500.0,1500,-20.35260711211483,False,True,5.021091960601222
-1482500.0,-777500.0,1500,-19.639319164268002,False,True,4.2677733187434015
-1477500.0,-777500.0,1500,-17.56880915868294,False,False,4.0735351220943805
-1472500.0,-777500.0,1500,-11.482450588098812,False,False,4.228560140460273
-1467500.0,-777500.0,1500,-7.366698571900348,False,False,5.033722098711537
-1462500.0,-777500.0,1500,-6.577104647448251,False,False,5.052214886378313
-1457500.0,-777500.0,1500,-3.5029957728822128,False,False,3.979522991237549
-1452500.0,-777500.0,1500,6.28933147554519,False,False,3.8943082315305113
-1447500.0,-777500.0,1500,12.02273194525721,False,False,4.5705512407878786
-1442500.0,-777500.0,1500,5.9436066645266346,False,False,5.394708717917239
-1437500.0,-777500.0,1500,-1.056061311592727,False,False,6.10079132339143
-1432500.0,-777500.0,1500,-2.521891041148312,False,False,6.413457090214457
-1427500.0,-777500.0,1500,0.6632392255196115,False,False,6.7373907765500025
-1422500.0,-777500.0,1500,5.220237724680765,False,False,7.413844014668537
-1417500.0,-777500.0,1500,7.394002201877081,False,False,7.99677954518393
-1412500.0,-777500.0,1500,6.0317281046820765,False,False,8.076603740107066
-1407500.0,-777500.0,1500,7.1997384179985096,False,False,7.785603998211493
-1402500.0,-777500.0,1500,10.623318575255075,False,False,7.375236871734664
-1397500.0,-777500.0,1500,10.726456364592941,False,False,6.4763944528059625
-1392500.0,-777500.0,1500,7.380131731433429,False,False,4.730237081407369
-1387500.0,-777500.0,1500,6.051242056442961,False,False,3.3720292484005068
-1382500.0,-777500.0,1500,6.340710197507416,False,False,3.0155513642523535
-1377500.0,-777500.0,1500,4.920953005504275,False,False,3.0873933324313065
-1372500.0,-777500.0,1500,6.663175800433443,False,False,3.4382455251926114
-1367500.0,-777500.0,1500,9.293927428710003,False,False,3.4682469323335328
-1362500.0,-777500.0,1500,11.224616013011456,False,False,3.1533183608738735
-1597500.0,-772500.0,1500,-29.390440498502585,False,False,14.653356218865841
-1592500.0,-772500.0,1500,-24.999532655042668,False,False,14.384948671589846
-1587500.0,-772500.0,1500,-23.298888995683967,False,True,13.896960811373159
-1582500.0,-772500.0,1500,-19.376164839845547,False,True,12.958509000468307
-1577500.0,-772500.0,1500,-15.725509081204232,False,True,11.191129174769522
-1572500.0,-772500.0,1500,-17.875192530108105,False,True,7.931821640329274
-1567500.0,-772500.0,1500,-23.987160921847767,True,True,5.215903700332618
-1562500.0,-772500.0,1500,-28.064610998083072,True,True,4.343774359569732
-1557500.0,-772500.0,1500,-26.95489776587476,True,True,5.047698372491191
-1552500.0,-772500.0,1500,-28.634254711117762,True,True,5.323197779461577
-1547500.0,-772500.0,1500,-33.91813254950301,True,True,4.999415871825003
-1542500.0,-772500.0,1500,-40.89226615353121,True,True,5.051268078343369
-1537500.0,-772500.0,1500,-45.62054842112948,True,True,4.8440286531194285
-1532500.0,-772500.0,1500,-45.44128165659693,True,True,5.541342745951938
-1527500.0,-772500.0,1500,-49.318035350371844,True,True,5.319307503250349
-1522500.0,-772500.0,1500,-57.24169011310401,True,True,5.438671511930584
-1517500.0,-772500.0,1500,-60.78246486288957,True,True,5.574210133821635
-1512500.0,-772500.0,1500,-56.16170637881562,True,True,5.062856695614714
-1507500.0,-772500.0,1500,-43.018301065338655,True,True,6.186719658769611
-1502500.0,-772500.0,1500,-23.48577653866633,False,True,5.740204259544241
-1497500.0,-772500.0,1500,-10.678023894329737,False,True,4.786659074246052
-1492500.0,-772500.0,1500,-11.928170754680746,False,True,5.125451567886381
-1487500.0,-772500.0,1500,-15.374724528773438,False,True,4.493346299476551
-1482500.0,-772500.0,1500,-15.414824222675092,False,False,4.211711862413861
-1477500.0,-772500.0,1500,-13.375205802223851,False,False,4.298522193548034
-1472500.0,-772500.0,1500,-7.5078886861085214,False,False,4.789877280114082
-1467500.0,-772500.0,1500,-4.808914856708342,False,False,5.220630741298082
-1462500.0,-772500.0,1500,-6.5254766568094915,False,False,4.298288225578766
-1457500.0,-772500.0,1500,-1.916226446504429,False,False,4.389294671932003
-1452500.0,-772500.0,1500,9.352050683837183,False,False,4.7488828466783675
-1447500.0,-772500.0,1500,11.72674215287357,False,False,5.060528301076657
-1442500.0,-772500.0,1500,3.915827944000321,False,False,5.972684990357111
-1437500.0,-772500.0,1500,-1.1893368601413161,False,False,6.289268908924271
-1432500.0,-772500.0,1500,-0.6863624481695365,False,False,6.574942617340838
-1427500.0,-772500.0,1500,4.087736584545538,False,False,7.238725860882502
-1422500.0,-772500.0,1500,9.861665691032796,False,False,7.919769415245922
-1417500.0,-772500.0,1500,11.176323343710669,False,False,7.904973319409427
-1412500.0,-772500.0,1500,6.797733609820283,False,False,6.927522235348453
-1407500.0,-772500.0,1500,7.1987587837354505,False,False,5.730730173396504
-1402500.0,-772500.0,1500,15.039819355522143,False,False,5.114346333806999
-1397500.0,-772500.0,1500,16.86796892426018,False,False,4.676915320571084
-1392500.0,-772500.0,1500,10.645517205413281,False,False,3.714807549950542
-1387500.0,-772500.0,1500,5.561343190534734,False,False,2.991534372404163
-1382500.0,-772500.0,1500,1.5798574658835745,False,False,2.890376515299058
-1377500.0,-772500.0,1500,0.26470793845991125,False,False,3.001446659854874
-1372500.0,-772500.0,1500,8.675140166384177,False,False,3.7537513301954197
-1367500.0,-772500.0,1500,17.756348799788714,False,False,4.381577990708359
-1597500.0,-767500.0,1500,-33.925441234211185,False,False,14.48093353308465
-1592500.0,-767500.0,1500,-32.283084772058004,False,False,14.070435010856238
-1587500.0,-767500.0,1500,-32.73601216880045,False,True,13.274987965084666
-1582500.0,-767500.0,1500,-32.81609217383543,False,True,11.779525948022314
-1577500.0,-767500.0,1500,-31.73880148148816,False,True,8.962696819730557
-1572500.0,-767500.0,1500,-31.32785674623604,False,True,5.828665409051662
-1567500.0,-767500.0,1500,-34.900469994033735,True,True,4.863967109978512
-1562500.0,-767500.0,1500,-39.55367711044534,True,True,4.879433564018806
-1557500.0,-767500.0,1500,-41.51064979070367,True,True,4.79982481444629
-1552500.0,-767500.0,1500,-42.851657281731505,True,True,4.921625055158432
-1547500.0,-767500.0,1500,-45.00538316518377,True,True,4.970021791405285
-1542500.0,-767500.0,1500,-49.74408606852077,True,True,4.324425989029172
-1537500.0,-767500.0,1500,-53.20609484349212,True,True,4.813757540642837
-1532500.0,-767500.0,1500,-54.364835091471306,True,True,5.3384184010983375
-1527500.0,-767500.0,1500,-57.97594098595449,True,True,5.259992932234972
-1522500.0,-767500.0,1500,-62.758009914302136,True,True,5.686853034577173
-1517500.0,-767500.0,1500,-61.599827160669996,True,True,5.070692972430908
-1512500.0,-767500.0,1500,-50.117073844960416,True,True,5.907438127796184
-1507500.0,-767500.0,1500,-33.21145323706953,True,True,6.101699692783928
-1502500.0,-767500.0,1500,-17.48916239546746,False,True,4.9458267218253855
-1497500.0,-767500.0,1500,-8.358514658818487,False,True,5.231410401185113
-1492500.0,-767500.0,1500,-8.570697080595528,False,True,4.826965618894733
-1487500.0,-767500.0,1500,-9.994248365632199,False,True,4.334777702750706
-1482500.0,-767500.0,1500,-8.73784907545333,False,False,4.418759441455056
-1477500.0,-767500.0,1500,-6.490031832340136,False,False,4.683447998035488
-1472500.0,-767500.0,1500,-2.347016318431863,False,False,5.269626263799565
-1467500.0,-767500.0,1500,-2.009204802005512,False,False,4.493234034754683
-1462500.0,-767500.0,1500,-5.2031364222872085,False,False,4.272729467258541
-1457500.0,-767500.0,1500,-1.8790688269972522,False,False,5.452082436814344
-1452500.0,-767500.0,1500,7.134177821419405,False,False,5.853460403244624
-1447500.0,-767500.0,1500,6.735162456519121,False,False,5.869039023295365
-1442500.0,-767500.0,1500,-0.2480297498721492,False,False,6.1570574462781416
-1437500.0,-767500.0,1500,-0.3948338339380864,False,False,6.42028543265009
-1432500.0,-767500.0,1500,4.542366651277429,False,False,7.000576029429079
-1427500.0,-767500.0,1500,9.887785333202373,False,False,7.81844813600015
-1422500.0,-767500.0,1500,13.9973869532655,False,False,8.199869543703498
-1417500.0,-767500.0,1500,13.880773826808053,False,False,7.45882245745128
-1412500.0,-767500.0,1500,7.747681757203571,False,False,5.577520982514263
-1407500.0,-767500.0,1500,8.048672706715168,False,False,3.9583078286828948
-1402500.0,-767500.0,1500,16.303287536734775,False,False,3.423800965994472
-1397500.0,-767500.0,1500,14.556854323885881,False,False,3.324126986724754
-1392500.0,-767500.0,1500,11.03961750698871,False,False,3.0956099970794106
-1387500.0,-767500.0,1500,12.0689958399419,False,False,2.862137618064606
-1382500.0,-767500.0,1500,7.5575500348854785,False,False,2.8141810880406792
-1377500.0,-767500.0,1500,5.611921063798621,False,False,2.8892240358067354
-1372500.0,-767500.0,1500,12.895103237953643,False,False,3.50811347751632
-1367500.0,-767500.0,1500,20.450826770807815,False,False,4.213512330487081
-1597500.0,-762500.0,1500,-36.70352272021449,False,False,14.216302300472762
-1592500.0,-762500.0,1500,-36.31563609509186,False,False,13.572708220334878
-1587500.0,-762500.0,1500,-37.4089202284464,False,False,12.30748019974043
-1582500.0,-762500.0,1500,-38.0215545029298,False,True,9.913122486470456
-1577500.0,-762500.0,1500,-37.22077859700256,False,True,6.4058205598383005
-1572500.0,-762500.0,1500,-36.5804573476984,False,True,4.664086159842849
-1567500.0,-762500.0,1500,-38.65284058901259,False,True,4.481665881310485
-1562500.0,-762500.0,1500,-42.39196768230757,True,True,4.5286513279917955
-1557500.0,-762500.0,1500,-44.513996474845875,True,True,4.7626220996635515
-1552500.0,-762500.0,1500,-44.84797183389161,True,True,5.082389332823531
-1547500.0,-762500.0,1500,-45.89111549202585,True,True,4.599753110155531
-1542500.0,-762500.0,1500,-49.08013804443186,True,True,4.055758794502428
-1537500.0,-762500.0,1500,-51.33104209090689,True,True,4.626213236863487
-1532500.0,-762500.0,1500,-54.09511280269038,True,True,5.011407964574603
-1527500.0,-762500.0,1500,-58.97842306752478,True,True,5.687280972832151
-1522500.0,-762500.0,1500,-61.08237485095694,True,True,5.279385932111772
-1517500.0,-762500.0,1500,-53.91240294988679,True,True,5.593734760569664
-1512500.0,-762500.0,1500,-39.99232544373904,True,True,6.207937220696491
-1507500.0,-762500.0,1500,-24.761557646909697,True,True,5.097431844678596
-1502500.0,-762500.0,1500,-14.490350588033916,False,True,5.313531835385051
-1497500.0,-762500.0,1500,-10.176974402045497,False,True,5.1728704959381915
-1492500.0,-762500.0,1500,-8.123102790106252,False,True,4.363558363903568
-1487500.0,-762500.0,1500,-5.523327494890419,False,True,4.554261198513805
-1482500.0,-762500.0,1500,-3.174410874243574,False,False,4.422302001382284
-1477500.0,-762500.0,1500,-2.054087382352773,False,False,4.633554496494723
-1472500.0,-762500.0,1500,1.7355212586461957,False,False,4.418591883740791
-1467500.0,-762500.0,1500,2.5966180583461584,False,False,3.8975523912805237
-1462500.0,-762500.0,1500,-2.108219356596101,False,False,4.740402755627489
-1457500.0,-762500.0,1500,-4.062147478992711,False,False,5.691186819039288
-1452500.0,-762500.0,1500,0.5750641827537621,False,False,5.896107053485815
-1447500.0,-762500.0,1500,1.3889398510057966,False,False,5.9981843807446165
-1442500.0,-762500.0,1500,-1.246815029369839,False,False,6.196043662927035
-1437500.0,-762500.0,1500,4.647088248609701,False,False,6.5755227551437665
-1432500.0,-762500.0,1500,14.56751393791325,False,False,7.276867047775223
-1427500.0,-762500.0,1500,17.263905743528717,False,False,8.027318737887978
-1422500.0,-762500.0,1500,15.274425817352324,False,False,8.089911390958754
-1417500.0,-762500.0,1500,12.816831286747659,False,False,6.831332707601632
-1412500.0,-762500.0,1500,8.134946990912256,False,False,4.63140434967136
-1407500.0,-762500.0,1500,12.541317033323573,False,False,3.262038838126793
-1402500.0,-762500.0,1500,18.678080356701372,False,False,2.9807745311249523
-1397500.0,-762500.0,1500,12.185198449344153,False,False,2.8813515157786727
-1392500.0,-762500.0,1500,16.09751518677538,False,False,2.8604428667248705
-1387500.0,-762500.0,1500,30.95206071876482,False,False,2.8055203031705123
-1382500.0,-762500.0,1500,28.448198528526007,False,False,2.7506701600150594
-1377500.0,-762500.0,1500,13.871883160498395,False,False,2.750013626031328
-1372500.0,-762500.0,1500,9.56041226231203,False,False,2.9176595018578904
-1597500.0,-757500.0,1500,-36.796397816743664,False,False,13.802289479306252
-1592500.0,-757500.0,1500,-36.55954395891395,False,False,12.76524607623786
-1587500.0,-757500.0,1500,-36.011844667902196,False,False,10.780701159280783
-1582500.0,-757500.0,1500,-35.59248299144688,False,True,7.3495709943398095
-1577500.0,-757500.0,1500,-36.83703011437168,False,True,5.304815825321715
-1572500.0,-757500.0,1500,-37.22442669234282,False,True,4.857744733099371
-1567500.0,-757500.0,1500,-37.817677474643254,False,True,3.9260975958136073
-1562500.0,-757500.0,1500,-39.46590320071608,True,True,3.9080495150673107
-1557500.0,-757500.0,1500,-40.27704919244338,True,True,4.996090902450036
-1552500.0,-757500.0,1500,-40.44809053945221,True,True,4.982033869369072
-1547500.0,-757500.0,1500,-41.226632445659895,True,True,3.8648291636865806
-1542500.0,-757500.0,1500,-42.509770172486164,True,True,4.069810944708365
-1537500.0,-757500.0,1500,-43.75532578710327,True,True,4.680249267511777
-1532500.0,-757500.0,1500,-47.523668486783436,True,True,5.560189525826364
-1527500.0,-757500.0,1500,-52.582400361092674,True,True,5.410059207792207
-1522500.0,-757500.0,1500,-50.38104676070108,True,True,5.22952591752524
-1517500.0,-757500.0,1500,-39.14994248088047,True,True,6.17110061790947
-1512500.0,-757500.0,1500,-27.725509738429892,True,True,5.114167408656075
-1507500.0,-757500.0,1500,-17.103233296697862,False,True,4.528968348972118
-1502500.0,-757500.0,1500,-10.072763189881512,False,True,4.89184981183678
-1497500.0,-757500.0,1500,-7.272555484906245,False,True,4.447510596357686
-1492500.0,-757500.0,1500,-4.373826637060249,False,True,4.2312467007471
-1487500.0,-757500.0,1500,-2.7844034120947136,False,False,4.13872711125745
-1482500.0,-757500.0,1500,-4.216553420529294,False,False,4.083858838691814
-1477500.0,-757500.0,1500,-3.8879561731828094,False,False,3.8459104157077104
-1472500.0,-757500.0,1500,0.07577133983073504,False,False,3.41157148654075
-1467500.0,-757500.0,1500,0.8990149707785994,False,False,3.6354038729213896
-1462500.0,-757500.0,1500,-2.74871774094374,False,False,4.25251129673725
-1457500.0,-757500.0,1500,-6.874098033811829,False,False,4.6033041205508125
-1452500.0,-757500.0,1500,-6.886960089553021,False,False,4.890981578767195
-1447500.0,-757500.0,1500,-5.625427262740603,False,False,5.246388946505161
-1442500.0,-757500.0,1500,-2.1794846263161864,False,False,5.620738426431976
-1437500.0,-757500.0,1500,11.223099268170252,False,False,5.820837868188281
-1432500.0,-757500.0,1500,24.448342791387844,False,False,6.357796212203048
-1427500.0,-757500.0,1500,21.672474869931513,False,False,7.277152196179031
-1422500.0,-757500.0,1500,13.442845559617057,False,False,7.400231054903097
-1417500.0,-757500.0,1500,9.023019819963237,False,False,6.089689552362514
-1412500.0,-757500.0,1500,4.98477732255341,False,False,4.06532638155195
-1407500.0,-757500.0,1500,7.740645138312905,False,False,3.0083243480089634
-1402500.0,-757500.0,1500,12.03313421182538,False,False,2.8568139557658
-1397500.0,-757500.0,1500,11.314764387194646,False,False,2.824612363896468
-1392500.0,-757500.0,1500,18.132453395153494,False,False,2.8307624802888225
-1387500.0,-757500.0,1500,33.29670516566041,False,False,2.7623796522865627
-1382500.0,-757500.0,1500,33.373804434194035,False,False,2.736617181684335
-1377500.0,-757500.0,1500,13.583666297912094,False,False,2.7177468010246244
-1372500.0,-757500.0,1500,4.5794766114534085,False,False,2.665332292332924
-1597500.0,-752500.0,1500,-35.30494444462209,False,False,13.126957891427482
-1592500.0,-752500.0,1500,-34.82311536089456,False,False,11.482003842096281
-1587500.0,-752500.0,1500,-33.76184708450907,False,False,8.305416113096431
-1582500.0,-752500.0,1500,-33.88957291526848,False,True,5.677357858864534
-1577500.0,-752500.0,1500,-38.0845358200444,False,True,6.152221934325551
-1572500.0,-752500.0,1500,-40.84108644230983,False,True,5.477018448342344
-1567500.0,-752500.0,1500,-39.338613538373956,False,True,3.643305129072741
-1562500.0,-752500.0,1500,-37.891422649183575,True,True,3.6849682549455998
-1557500.0,-752500.0,1500,-37.46299362674734,True,True,4.327237599664215
-1552500.0,-752500.0,1500,-36.60903017325146,True,True,4.228258500858393
-1547500.0,-752500.0,1500,-36.072815791354685,True,True,3.8302709453669355
-1542500.0,-752500.0,1500,-34.891002535217375,True,True,4.230034273761849
-1537500.0,-752500.0,1500,-32.73887747245402,True,True,5.42646422680671
-1532500.0,-752500.0,1500,-33.89520111052403,True,True,5.600869895936802
-1527500.0,-752500.0,1500,-37.63229639787442,True,True,5.0415349991829475
-1522500.0,-752500.0,1500,-35.3404819729095,True,True,5.953152142688173
-1517500.0,-752500.0,1500,-25.855157997759175,False,True,5.466501530262089
-1512500.0,-752500.0,1500,-20.62567415351236,False,True,3.842708246468054
-1507500.0,-752500.0,1500,-17.261130885156255,False,True,3.852486074499033
-1502500.0,-752500.0,1500,-11.443346851379335,False,True,4.191751492151456
-1497500.0,-752500.0,1500,-6.088083264780728,False,True,4.358245280939143
-1492500.0,-752500.0,1500,-0.8897585515335767,False,True,4.265834123460631
-1487500.0,-752500.0,1500,-2.4153387902586445,False,False,3.9617413109484363
-1482500.0,-752500.0,1500,-8.302789432581909,False,False,3.7195738551159283
-1477500.0,-752500.0,1500,-7.112463577576763,False,False,3.246787916038588
-1472500.0,-752500.0,1500,-1.0899200044816797,False,False,3.1975614178293865
-1467500.0,-752500.0,1500,-1.1314229079132399,False,False,3.3324267752529866
-1462500.0,-752500.0,1500,-10.736754213075864,False,False,3.4186730468814313
-1457500.0,-752500.0,1500,-18.475291724958996,False,False,3.5357972826323447
-1452500.0,-752500.0,1500,-16.60249623494635,False,False,3.699649769816709
-1447500.0,-752500.0,1500,-12.688989513995104,False,False,3.9592950864182583
-1442500.0,-752500.0,1500,-7.2795880160998205,False,False,4.262189513773351
-1437500.0,-752500.0,1500,6.455628333348266,False,False,4.1414087989789525
-1432500.0,-752500.0,1500,18.77650721935809,False,False,4.358424662672537
-1427500.0,-752500.0,1500,16.033851393440646,False,False,5.409713338992752
-1422500.0,-752500.0,1500,9.647152505562877,False,False,5.934132223031128
-1417500.0,-752500.0,1500,6.440769978334674,False,False,5.101002006648606
-1412500.0,-752500.0,1500,3.1906451848495716,False,False,3.6303790709963866
-1407500.0,-752500.0,1500,0.7768850930997635,False,False,2.8989927946591365
-1402500.0,-752500.0,1500,2.2328535037480104,False,False,2.8022691293931348
-1397500.0,-752500.0,1500,7.28820342248978,False,False,2.7868835696476886
-1392500.0,-752500.0,1500,7.691962428295548,False,False,2.7825390847937634
-1387500.0,-752500.0,1500,11.622711355963302,False,False,2.7650571939389046
-1382500.0,-752500.0,1500,17.922656493050855,False,False,2.735145884177552
-1377500.0,-752500.0,1500,11.728592341505738,False,False,2.6690382181407886
-1372500.0,-752500.0,1500,8.010264290342281,False,False,2.62991060131164
-1597500.0,-747500.0,1500,-30.524256747889147,False,False,12.129666587854162
-1592500.0,-747500.0,1500,-29.218207210466375,False,False,9.355805021217341
-1587500.0,-747500.0,1500,-29.304367507987898,False,False,6.1337105380058885
-1582500.0,-747500.0,1500,-30.553747081706412,False,True,6.124507971419701
-1577500.0,-747500.0,1500,-35.34645933399719,False,True,6.683762134051046
-1572500.0,-747500.0,1500,-39.959122802565254,False,True,4.715580265672466
-1567500.0,-747500.0,1500,-39.10647370882266,False,True,4.181859521682317
-1562500.0,-747500.0,1500,-38.25334677794559,True,True,4.566098461285986
-1557500.0,-747500.0,1500,-38.42232524014448,True,True,3.851882847894525
-1552500.0,-747500.0,1500,-36.528337888563854,True,True,3.59529090476325
-1547500.0,-747500.0,1500,-33.680791028994456,True,True,3.892418649543819
-1542500.0,-747500.0,1500,-30.441037540055913,True,True,5.017641111870157
-1537500.0,-747500.0,1500,-24.67266538592656,True,True,5.704045366604035
-1532500.0,-747500.0,1500,-20.58898908303824,False,True,5.126996906492858
-1527500.0,-747500.0,1500,-22.98169979236307,False,True,5.8424611450957835
-1522500.0,-747500.0,1500,-24.5419886937485,True,True,5.871624579091757
-1517500.0,-747500.0,1500,-20.602798549516724,False,True,4.424066076649927
-1512500.0,-747500.0,1500,-19.035084145545476,False,True,3.6870163709284887
-1507500.0,-747500.0,1500,-17.288671070030293,False,True,3.6925340393210524
-1502500.0,-747500.0,1500,-11.077244472991376,False,True,4.4108749787452615
-1497500.0,-747500.0,1500,-3.7794965303501407,False,True,4.356801378482123
-1492500.0,-747500.0,1500,3.9082792644749067,False,False,4.483807808812827
-1487500.0,-747500.0,1500,3.082318972462428,False,False,4.583282760705917
-1482500.0,-747500.0,1500,-4.6046563618634835,False,False,3.599931865630473
-1477500.0,-747500.0,1500,-6.810547598791082,False,False,3.2306315346456693
-1472500.0,-747500.0,1500,-1.1982054481938356,False,False,3.3068008811565224
-1467500.0,-747500.0,1500,-2.492381803334831,False,False,3.295983351857191
-1462500.0,-747500.0,1500,-17.51404914117513,False,False,3.295641492906683
-1457500.0,-747500.0,1500,-26.024969236994245,False,False,3.264756886931133
-1452500.0,-747500.0,1500,-22.4685859677447,False,False,3.2364249733351746
-1447500.0,-747500.0,1500,-15.56220817006421,False,False,3.243697569128754
-1442500.0,-747500.0,1500,-9.669013671834056,False,False,3.338619301258081
-1437500.0,-747500.0,1500,-3.8804503678665845,False,False,3.2383812787480712
-1432500.0,-747500.0,1500,4.265791914366587,False,False,3.0742109735415735
-1427500.0,-747500.0,1500,7.059487775697629,False,False,3.5189736232559894
-1422500.0,-747500.0,1500,7.698393248844836,False,False,4.105312736099758
-1417500.0,-747500.0,1500,7.807201772608885,False,False,3.8966909111806576
-1412500.0,-747500.0,1500,4.441225778105863,False,False,3.2018688759810554
-1407500.0,-747500.0,1500,-0.7782804090855074,False,False,2.8453209874919647
-1402500.0,-747500.0,1500,-1.030386619041116,False,False,2.795882621556559
-1397500.0,-747500.0,1500,2.3489929803416465,False,False,2.7771744696114977
-1392500.0,-747500.0,1500,-4.824098142519701,False,False,2.7924011463029683
-1387500.0,-747500.0,1500,-4.747780431401622,False,False,2.767702466444854
-1382500.0,-747500.0,1500,9.869616673929979,False,False,2.691448123153479
-1377500.0,-747500.0,1500,13.85958254525634,False,False,2.6400546269433613
-1372500.0,-747500.0,1500,9.30480190500643,False,False,2.6227184783472266
-1597500.0,-742500.0,1500,-22.84295190909494,False,False,10.774265897505433
-1592500.0,-742500.0,1500,-18.77513863267839,False,False,8.100410002960999
-1587500.0,-742500.0,1500,-16.593347427736653,False,True,6.655947202205821
-1582500.0,-742500.0,1500,-14.812121642544168,False,True,7.28796993426357
-1577500.0,-742500.0,1500,-17.693126262453884,False,True,5.804869568805367
-1572500.0,-742500.0,1500,-25.489246601459485,False,True,4.190742882537691
-1567500.0,-742500.0,1500,-29.84575790044602,True,True,5.973784550742293
-1562500.0,-742500.0,1500,-33.98428633807976,True,True,6.9929272199344155
-1557500.0,-742500.0,1500,-39.490935718595445,True,True,5.098991763800104
-1552500.0,-742500.0,1500,-40.13056849528125,True,True,3.5797659290902244
-1547500.0,-742500.0,1500,-35.17480944761839,True,True,4.062163858339073
-1542500.0,-742500.0,1500,-30.695451314169652,True,True,5.3932685358459835
-1537500.0,-742500.0,1500,-24.62283604243987,True,True,5.359838798256611
-1532500.0,-742500.0,1500,-17.608676028355646,True,True,5.705001733034212
-1527500.0,-742500.0,1500,-17.072749548169895,False,True,6.087665505302152
-1522500.0,-742500.0,1500,-18.47530090113594,False,True,4.933463648679546
-1517500.0,-742500.0,1500,-16.52784944944108,False,True,4.272157333995472
-1512500.0,-742500.0,1500,-12.15864791921452,False,True,3.8369038747275717
-1507500.0,-742500.0,1500,-7.60771816965632,False,True,4.169973983736709
-1502500.0,-742500.0,1500,-5.553956248634699,False,True,4.414529307353899
-1497500.0,-742500.0,1500,-1.0404155660316656,False,False,4.392925660254377
-1492500.0,-742500.0,1500,11.231436359915351,False,False,5.049884263628474
-1487500.0,-742500.0,1500,20.309173815186863,False,False,4.459524771226406
-1482500.0,-742500.0,1500,12.564885194765136,False,False,3.6185495335546785
-1477500.0,-742500.0,1500,-0.2621920203394289,False,False,3.42001086016528
-1472500.0,-742500.0,1500,-4.533577222042417,False,False,3.3078757523786906
-1467500.0,-742500.0,1500,-9.211466468877186,False,False,3.4227759137251343
-1462500.0,-742500.0,1500,-16.64633582861179,False,False,3.315561512418681
-1457500.0,-742500.0,1500,-18.680504856471725,False,False,3.2348109871520685
-1452500.0,-742500.0,1500,-16.73367401578207,False,False,3.1943095061768725
-1447500.0,-742500.0,1500,-10.433477701814937,False,False,3.2035599813158844
-1442500.0,-742500.0,1500,-2.773761043085074,False,False,3.206415971766076
-1437500.0,-742500.0,1500,1.2834073197546338,False,False,3.1903616390672536
-1432500.0,-742500.0,1500,5.338500763480796,False,False,2.9656811769009797
-1427500.0,-742500.0,1500,7.769237366666836,False,False,2.7863606969398593
-1422500.0,-742500.0,1500,13.85387041113708,False,False,2.991038336466013
-1417500.0,-742500.0,1500,17.285150257080332,False,False,3.087487071191406
-1412500.0,-742500.0,1500,6.925686555083176,False,False,2.9307098412884924
-1407500.0,-742500.0,1500,-5.048108633525961,False,False,2.8181508861736906
-1402500.0,-742500.0,1500,-5.798196155118904,False,False,2.807096480418945
-1397500.0,-742500.0,1500,-2.571095051689127,False,False,2.8211782226966298
-1392500.0,-742500.0,1500,-6.467734609280755,False,False,2.7999325049012787
-1387500.0,-742500.0,1500,-3.404789163362756,False,False,2.7236642626417575
-1382500.0,-742500.0,1500,7.976518385414252,False,False,2.6615960377332852
-1377500.0,-742500.0,1500,7.350895854114517,False,False,2.633595096071145
-1372500.0,-742500.0,1500,-0.7780574206070812,False,False,2.6172097323909855
-1597500.0,-737500.0,1500,-11.76696852354269,False,False,8.120784252029656
-1592500.0,-737500.0,1500,1.6657429844120264,False,False,7.116554059523057
-1587500.0,-737500.0,1500,8.578561351091881,False,True,7.705032514270902
-1582500.0,-737500.0,1500,10.600411253922463,False,True,6.948166622850833
-1577500.0,-737500.0,1500,9.023438975988299,False,True,4.731789577618999
-1572500.0,-737500.0,1500,-2.703156350356938,False,True,5.19366086220652
-1567500.0,-737500.0,1500,-14.639637158822442,True,True,7.900787540539724
-1562500.0,-737500.0,1500,-24.76130175650092,True,True,8.300546357614927
-1557500.0,-737500.0,1500,-36.362361428281915,True,True,5.588850215633193
-1552500.0,-737500.0,1500,-42.26113757116304,True,True,3.9852415391007407
-1547500.0,-737500.0,1500,-38.655012061791886,True,True,4.468469407802891
-1542500.0,-737500.0,1500,-34.477642368693324,True,True,4.464548102120378
-1537500.0,-737500.0,1500,-28.50344664426512,True,True,5.2990640559845525
-1532500.0,-737500.0,1500,-19.149756578894323,True,True,6.179332887501914
-1527500.0,-737500.0,1500,-14.427171824412696,True,True,5.30416155935923
-1522500.0,-737500.0,1500,-12.291353261574791,False,True,4.893569273736126
-1517500.0,-737500.0,1500,-8.241621638577575,False,True,4.282646494317292
-1512500.0,-737500.0,1500,-4.60257222301756,False,True,3.824062004260402
-1507500.0,-737500.0,1500,-0.9586064841728836,False,True,4.42651342280705
-1502500.0,-737500.0,1500,-0.7621546586770787,False,False,4.18073528248485
-1497500.0,-737500.0,1500,0.09482094469736033,False,False,4.566270928952639
-1492500.0,-737500.0,1500,12.614880790541822,False,False,4.674986588420361
-1487500.0,-737500.0,1500,24.566443618737036,False,False,3.907586348058845
-1482500.0,-737500.0,1500,17.603443428612717,False,False,3.6734699687284316
-1477500.0,-737500.0,1500,1.5357656494477547,False,False,3.4563307210971295
-1472500.0,-737500.0,1500,-9.135398194661693,False,False,3.369562475886276
-1467500.0,-737500.0,1500,-15.551134393979734,False,False,3.4168439817910796
-1462500.0,-737500.0,1500,-16.60753059891489,False,False,3.350919342524537
-1457500.0,-737500.0,1500,-11.732640739417345,False,False,3.2785984745348653
-1452500.0,-737500.0,1500,-6.939036976965992,False,False,3.226924757176251
-1447500.0,-737500.0,1500,-0.8724129822059029,False,False,3.220362218606528
-1442500.0,-737500.0,1500,8.72682423769463,False,False,3.1451573487048146
-1437500.0,-737500.0,1500,16.03929890122975,False,False,3.141461689900578
-1432500.0,-737500.0,1500,16.584322802489666,False,False,3.071219919406588
-1427500.0,-737500.0,1500,14.704242935625201,False,False,2.7930027526198153
-1422500.0,-737500.0,1500,22.748569614437727,False,False,2.726892299864391
-1417500.0,-737500.0,1500,26.119535173209126,False,False,2.840103275624088
-1412500.0,-737500.0,1500,11.381787435956147,False,False,2.8504522926824576
-1407500.0,-737500.0,1500,-2.557630143756632,False,False,2.8396560734183045
-1402500.0,-737500.0,1500,-7.944135475461215,False,False,2.860646287365639
-1397500.0,-737500.0,1500,-7.089206427539098,False,False,2.8445955426153366
-1392500.0,-737500.0,1500,-3.503353239664784,False,False,2.7675728840931346
-1387500.0,-737500.0,1500,-1.147668995283215,False,False,2.702524349998151
-1382500.0,-737500.0,1500,0.75404494325059,False,False,2.6630368820582
-1377500.0,-737500.0,1500,-1.5961528314536575,False,False,2.637299289017772
-1372500.0,-737500.0,1500,-7.035939804476629,False,False,2.6223413748608175
-1597500.0,-732500.0,1500,2.971306385895679,False,True,5.7538754609630836
-1592500.0,-732500.0,1500,20.976492768512234,False,True,6.164856948073767
-1587500.0,-732500.0,1500,34.37574973662922,False,False,6.702703439583682
-1582500.0,-732500.0,1500,36.629384635466835,False,True,5.089476298619539
-1577500.0,-732500.0,1500,32.54077788999484,False,True,4.606323026220958
-1572500.0,-732500.0,1500,19.40783536026454,False,True,6.973305219817902
-1567500.0,-732500.0,1500,5.351934196884772,False,True,8.820869361427224
-1562500.0,-732500.0,1500,-7.396190832701722,True,True,7.340882660633218
-1557500.0,-732500.0,1500,-22.736700795079724,True,True,4.79323930898987
-1552500.0,-732500.0,1500,-35.30108051309296,True,True,5.031946319138814
-1547500.0,-732500.0,1500,-39.22735864552174,True,True,4.766948242496516
-1542500.0,-732500.0,1500,-36.818969646129545,True,True,3.5714040746965554
-1537500.0,-732500.0,1500,-29.335819794316453,True,True,4.770349986339844
-1532500.0,-732500.0,1500,-19.341876405789318,True,True,5.150323317763983
-1527500.0,-732500.0,1500,-12.389797218956906,True,True,5.169113018545998
-1522500.0,-732500.0,1500,-5.098023861684558,False,True,5.169413763708703
-1517500.0,-732500.0,1500,-2.1959255303413032,False,True,4.249583705882209
-1512500.0,-732500.0,1500,-6.305837677456446,False,True,4.3503033416920225
-1507500.0,-732500.0,1500,-1.4167954618883514,False,True,4.180528910352969
-1502500.0,-732500.0,1500,4.513230445639573,False,False,3.987479305100185
-1497500.0,-732500.0,1500,-0.895473082856314,False,False,4.092919099343286
-1492500.0,-732500.0,1500,-1.7622911375691255,False,False,3.624795080978283
-1487500.0,-732500.0,1500,1.6798326355691346,False,False,3.5509646832259487
-1482500.0,-732500.0,1500,0.6720973793491514,False,False,3.497473247634818
-1477500.0,-732500.0,1500,-0.9342498857609743,False,False,3.3821211997835063
-1472500.0,-732500.0,1500,-6.009302287519385,False,False,3.500082442166187
-1467500.0,-732500.0,1500,-14.74942508622552,False,False,3.419988032769555
-1462500.0,-732500.0,1500,-17.37977308217932,False,False,3.3548408546690025
-1457500.0,-732500.0,1500,-9.465833618347677,False,False,3.3177171094790188
-1452500.0,-732500.0,1500,-0.37169304205323506,False,False,3.2652911255399335
-1447500.0,-732500.0,1500,10.47493565700389,False,False,3.178661284005096
-1442500.0,-732500.0,1500,23.32057300950671,False,False,3.10567899482401
-1437500.0,-732500.0,1500,28.67517394204883,False,False,3.1395551545221716
-1432500.0,-732500.0,1500,25.494684151284808,False,False,3.077114876567891
-1427500.0,-732500.0,1500,21.08882698749412,False,False,2.8866159021115574
-1422500.0,-732500.0,1500,25.216357842351012,False,False,2.726866311275569
-1417500.0,-732500.0,1500,21.083379133407462,False,False,2.749857849399361
-1412500.0,-732500.0,1500,6.6367543829549405,False,False,2.8570951820580848
-1407500.0,-732500.0,1500,2.1350741872965364,False,False,2.8944441954432785
-1402500.0,-732500.0,1500,-3.6048613327091568,False,False,2.909884197414792
-1397500.0,-732500.0,1500,-6.148307651087856,False,False,2.8561302550525625
-1392500.0,-732500.0,1500,1.6918867119542145,False,False,2.796953301425388
-1387500.0,-732500.0,1500,2.282516771885691,False,False,2.7338901744611017
-1382500.0,-732500.0,1500,-2.081846174424342,False,False,2.690339808233287
-1377500.0,-732500.0,1500,-3.7001295409079797,False,False,2.6946181050743157
-1372500.0,-732500.0,1500,-6.359428743117794,False,False,2.694759613890663
-1597500.0,-727500.0,1500,27.327718397924073,False,True,5.522127645374958
-1592500.0,-727500.0,1500,33.6969000481102,False,True,5.911738924306379
-1587500.0,-727500.0,1500,39.18842134209454,False,True,4.944611103259658
-1582500.0,-727500.0,1500,42.610528581567905,False,True,4.237561116106474
-1577500.0,-727500.0,1500,44.75056934776933,False,True,5.91672550271248
-1572500.0,-727500.0,1500,38.37160928165902,False,True,8.063867307946802
-1567500.0,-727500.0,1500,28.119940047540464,False,True,8.134665968168235
-1562500.0,-727500.0,1500,17.66727954566581,False,True,5.826620525721377
-1557500.0,-727500.0,1500,0.46658597927953394,False,True,4.992913683678275
-1552500.0,-727500.0,1500,-20.097126027914626,True,True,5.658405468252477
-1547500.0,-727500.0,1500,-32.14464149453897,True,True,5.048688176822376
-1542500.0,-727500.0,1500,-33.9949231550649,True,True,4.918021135611416
-1537500.0,-727500.0,1500,-28.077489294938864,True,True,4.459346719089076
-1532500.0,-727500.0,1500,-18.137688390590082,True,True,4.080495804880865
-1527500.0,-727500.0,1500,-11.049991179453865,False,True,5.0109574366790195
-1522500.0,-727500.0,1500,-4.930260048123194,False,True,4.955420916293701
-1517500.0,-727500.0,1500,-5.224775739372031,False,True,4.623110438043626
-1512500.0,-727500.0,1500,-9.55247073313631,False,True,4.4647723075112005
-1507500.0,-727500.0,1500,1.4301585458123114,False,False,3.975133120598624
-1502500.0,-727500.0,1500,8.34177111299895,False,False,3.876390421064963
-1497500.0,-727500.0,1500,-4.419141322453834,False,False,3.4288697852823073
-1492500.0,-727500.0,1500,-16.116737116795395,False,False,3.3501894710222255
-1487500.0,-727500.0,1500,-18.705162579981973,False,False,3.3841704660358753
-1482500.0,-727500.0,1500,-10.067628412067858,False,False,3.3179575920619597
-1477500.0,-727500.0,1500,5.016173333320563,False,False,3.466538238707167
-1472500.0,-727500.0,1500,6.892471787123741,False,False,3.5226386099652993
-1467500.0,-727500.0,1500,-3.698048417402638,False,False,3.4542440744542224
-1462500.0,-727500.0,1500,-7.365599908593837,False,False,3.360678966576576
-1457500.0,-727500.0,1500,-0.10782970547818785,False,False,3.31118828539059
-1452500.0,-727500.0,1500,9.611531846361201,False,False,3.215422497724571
-1447500.0,-727500.0,1500,28.155085311492474,False,False,3.1348076896760695
-1442500.0,-727500.0,1500,44.204684439241404,False,False,3.132386295905604
-1437500.0,-727500.0,1500,41.93109592093403,False,False,3.1426758316708607
-1432500.0,-727500.0,1500,36.49304096728237,False,False,3.063260533838828
-1427500.0,-727500.0,1500,32.79059985150599,False,False,2.981317823683551
-1422500.0,-727500.0,1500,25.841160472974288,False,False,2.875142839608767
-1417500.0,-727500.0,1500,8.048762486318209,False,False,2.7342123637085525
-1412500.0,-727500.0,1500,-12.180518527179785,False,False,2.800610689319755
-1407500.0,-727500.0,1500,-9.43771422853621,False,False,2.9444116190351695
-1402500.0,-727500.0,1500,-0.27907987426549186,False,False,2.965880001541118
-1397500.0,-727500.0,1500,4.583558789990583,False,False,2.9095526865318306
-1392500.0,-727500.0,1500,10.782047676733526,False,False,2.859087238291085
-1387500.0,-727500.0,1500,6.616249483445339,False,False,2.799760689362297
-1382500.0,-727500.0,1500,-6.4446423006003215,False,False,2.7775114624339263
-1377500.0,-727500.0,1500,-17.451569265645514,False,False,2.790114920061746
-1372500.0,-727500.0,1500,-17.120966329202076,False,False,2.765831911999855
-1367500.0,-727500.0,1500,-6.841410279649733,False,False,2.728323366813939
-1597500.0,-722500.0,1500,25.387616426677898,False,True,5.954647141748006
-1592500.0,-722500.0,1500,30.10761558088022,False,True,5.235389265419782
-1587500.0,-722500.0,1500,30.620597116101983,False,True,4.040876577818531
-1582500.0,-722500.0,1500,32.49911928166182,False,True,5.039193798801622
-1577500.0,-722500.0,1500,40.84397922460105,False,True,7.502422469465259
-1572500.0,-722500.0,1500,46.08286671690006,False,True,7.945499190585055
-1567500.0,-722500.0,1500,45.2073443115,False,True,6.214630451071396
-1562500.0,-722500.0,1500,39.898002812126435,False,True,4.757972512961443
-1557500.0,-722500.0,1500,24.613321721469894,False,True,5.254547580057351
-1552500.0,-722500.0,1500,0.5455610247849229,False,True,5.190574237026558
-1547500.0,-722500.0,1500,-17.876033951545118,True,True,5.572850084780927
-1542500.0,-722500.0,1500,-25.951011307131825,True,True,5.822490782835132
-1537500.0,-722500.0,1500,-25.67930796425117,True,True,4.8053029347005065
-1532500.0,-722500.0,1500,-17.94486224252148,True,True,4.656784010172153
-1527500.0,-722500.0,1500,-11.515655754791197,False,True,4.340832019863212
-1522500.0,-722500.0,1500,-10.674969633547954,False,True,4.537700022636255
-1517500.0,-722500.0,1500,-11.62338957560184,False,True,4.5833249939077465
-1512500.0,-722500.0,1500,-8.535811423169672,False,True,4.410192484658059
-1507500.0,-722500.0,1500,2.4064574416250917,False,False,4.527653969504724
-1502500.0,-722500.0,1500,3.5768452362889827,False,False,3.780226908170823
-1497500.0,-722500.0,1500,-5.643611594664186,False,False,3.342024302737733
-1492500.0,-722500.0,1500,-16.460313828739743,False,False,3.3783285958179854
-1487500.0,-722500.0,1500,-23.92464537407079,False,False,3.4058614478263043
-1482500.0,-722500.0,1500,-13.826306447365033,False,False,3.517952251150125
-1477500.0,-722500.0,1500,3.4376276630816993,False,False,3.53900280956759
-1472500.0,-722500.0,1500,7.789780851359705,False,False,3.5163797437868007
-1467500.0,-722500.0,1500,2.474440865806475,False,False,3.4679084500209365
-1462500.0,-722500.0,1500,6.671530925894559,False,False,3.3764110857499614
-1457500.0,-722500.0,1500,17.14392130708955,False,False,3.253937504599236
-1452500.0,-722500.0,1500,21.61608358897974,False,False,3.165275367602411
-1447500.0,-722500.0,1500,32.80915965008657,False,False,3.147290904212015
-1442500.0,-722500.0,1500,45.40382474524891,False,False,3.13389540817053
-1437500.0,-722500.0,1500,43.074772708743694,False,False,3.0967295216210484
-1432500.0,-722500.0,1500,41.76265228875657,False,False,3.0294708455432287
-1427500.0,-722500.0,1500,40.74534712304289,False,False,2.994389905407849
-1422500.0,-722500.0,1500,23.30026904739447,False,False,3.002900077804716
-1417500.0,-722500.0,1500,-5.938758827563438,False,False,2.8150418081604602
-1412500.0,-722500.0,1500,-27.402703878175537,False,False,2.7464571223208334
-1407500.0,-722500.0,1500,-20.90585633843366,False,False,2.9195271740489606
-1402500.0,-722500.0,1500,-1.1053026803083361,False,False,2.9966420201100994
-1397500.0,-722500.0,1500,10.484404278591617,False,False,2.9561257720961986
-1392500.0,-722500.0,1500,10.460684500888364,False,False,2.88784998098414
-1387500.0,-722500.0,1500,1.9283380717405,False,False,2.8739431871989463
-1382500.0,-722500.0,1500,-11.638053638654865,False,False,2.8469851153050034
-1377500.0,-722500.0,1500,-25.67854847598963,False,False,2.7879583777480237
-1372500.0,-722500.0,1500,-23.2490726572609,False,False,2.7648520054920827
-1367500.0,-722500.0,1500,-7.710173412196957,False,False,2.766005166506851
-1597500.0,-717500.0,1500,-3.2335635762801767,False,True,5.970176477715178
-1592500.0,-717500.0,1500,2.4620788294535565,False,True,4.945663300014028
-1587500.0,-717500.0,1500,6.280558449794571,False,True,4.458066886372808
-1582500.0,-717500.0,1500,11.685319546425912,False,True,6.22799470732334
-1577500.0,-717500.0,1500,21.751997277087636,False,True,8.029570206366696
-1572500.0,-717500.0,1500,34.50184193140355,False,True,6.7484529107996165
-1567500.0,-717500.0,1500,45.16368744550306,False,True,4.375748860766361
-1562500.0,-717500.0,1500,46.957673844737755,False,True,4.247834422538851
-1557500.0,-717500.0,1500,40.24232159318742,False,True,4.607657928924101
-1552500.0,-717500.0,1500,22.357071567161633,False,True,4.9898580689135095
-1547500.0,-717500.0,1500,0.12427042102742536,False,True,5.843647724129257
-1542500.0,-717500.0,1500,-12.985244789262874,True,True,5.1626204499662975
-1537500.0,-717500.0,1500,-19.31828641310824,True,True,5.32648700292356
-1532500.0,-717500.0,1500,-19.31830207434665,False,True,5.0470941731507795
-1527500.0,-717500.0,1500,-16.42818074718522,False,True,3.863868581510626
-1522500.0,-717500.0,1500,-15.247073536976707,False,True,3.9816964362774234
-1517500.0,-717500.0,1500,-11.645423302221019,False,True,4.175223657682491
-1512500.0,-717500.0,1500,-5.898806944700887,False,False,4.912356744688057
-1507500.0,-717500.0,1500,-2.1588552786032644,False,False,4.719249361948768
-1502500.0,-717500.0,1500,-1.482623398097045,False,False,3.8084308993509124
-1497500.0,-717500.0,1500,-2.2527162341738363,False,False,3.583842557433052
-1492500.0,-717500.0,1500,-9.786115941525926,False,False,3.368878277348787
-1487500.0,-717500.0,1500,-17.844310197354826,False,False,3.5459552433386103
-1482500.0,-717500.0,1500,-11.912089969222269,False,False,3.63560009144532
-1477500.0,-717500.0,1500,-1.8882470433055778,False,False,3.5194284061669694
-1472500.0,-717500.0,1500,0.9919168383567369,False,False,3.462377985014555
-1467500.0,-717500.0,1500,3.3319754593132886,False,False,3.4464320755697866
-1462500.0,-717500.0,1500,16.645085383725206,False,False,3.3310296942638193
-1457500.0,-717500.0,1500,27.112119539810724,False,False,3.2161154427510206
-1452500.0,-717500.0,1500,24.339639067933017,False,False,3.1936673780283042
-1447500.0,-717500.0,1500,25.94389072718282,False,False,3.142334104783441
-1442500.0,-717500.0,1500,33.543155104094716,False,False,3.0396278360132194
-1437500.0,-717500.0,1500,34.166097905321074,False,False,3.0203226783472554
-1432500.0,-717500.0,1500,33.182112580524695,False,False,3.0169730206003504
-1427500.0,-717500.0,1500,28.176075902025325,False,False,2.995353920259267
-1422500.0,-717500.0,1500,7.208736678033498,False,False,3.021996301226218
-1417500.0,-717500.0,1500,-24.24242241556085,False,False,2.9768279917912044
-1412500.0,-717500.0,1500,-35.15557564291505,False,False,2.800575168022378
-1407500.0,-717500.0,1500,-18.39456680932972,False,False,2.830713841303106
-1402500.0,-717500.0,1500,-3.674955571390472,False,False,3.0232408626698595
-1397500.0,-717500.0,1500,2.0670328430253324,False,False,3.028965256572093
-1392500.0,-717500.0,1500,-4.555510344252577,False,False,2.975346793693576
-1387500.0,-717500.0,1500,-12.985055104060322,False,False,2.941394159011498
-1382500.0,-717500.0,1500,-11.615376874970659,False,False,2.847463876705574
-1377500.0,-717500.0,1500,-13.504190618671933,False,False,2.735796074658453
-1372500.0,-717500.0,1500,-12.983724645880672,False,False,2.7616120398218253
-1367500.0,-717500.0,1500,-6.099869397177534,False,False,2.7566583502790762
-1362500.0,-717500.0,1500,-9.329057251823187,False,False,2.7200173755054617
-1597500.0,-712500.0,1500,-12.684990136200684,True,True,6.037358890394003
-1592500.0,-712500.0,1500,-7.510909697772152,True,True,4.984339742955585
-1587500.0,-712500.0,1500,-1.393658752233327,False,True,4.334399580314431
-1582500.0,-712500.0,1500,8.515644428501625,False,True,6.007501510609676
-1577500.0,-712500.0,1500,21.375951016760247,False,True,6.838638496575211
-1572500.0,-712500.0,1500,33.78857626232003,False,True,4.8605794069275
-1567500.0,-712500.0,1500,41.87273405967634,False,False,3.700684649467052
-1562500.0,-712500.0,1500,41.793568321070474,False,True,4.008950664375458
-1557500.0,-712500.0,1500,39.27805696559084,False,True,4.331362507067553
-1552500.0,-712500.0,1500,33.492426513234044,False,True,5.181649146023562
-1547500.0,-712500.0,1500,17.779740853598494,False,True,5.036273206126326
-1542500.0,-712500.0,1500,3.750867312664703,False,True,5.105725049779139
-1537500.0,-712500.0,1500,-7.231982785097816,False,True,5.367596400072505
-1532500.0,-712500.0,1500,-14.972337789527284,False,True,4.329368560214538
-1527500.0,-712500.0,1500,-16.865531176958402,False,True,3.9499021238595224
-1522500.0,-712500.0,1500,-14.391645585470526,False,True,3.741987128383739
-1517500.0,-712500.0,1500,-3.5557526121207212,False,True,3.807339332576075
-1512500.0,-712500.0,1500,2.5887871033606022,False,False,4.312131973269266
-1507500.0,-712500.0,1500,4.277897178115917,False,False,3.912231987704044
-1502500.0,-712500.0,1500,10.225649869201709,False,False,3.72731583488343
-1497500.0,-712500.0,1500,10.757790186848885,False,False,3.694604524272708
-1492500.0,-712500.0,1500,2.578989263180678,False,False,3.6529125282731836
-1487500.0,-712500.0,1500,-5.096619884634061,False,False,3.82030025963521
-1482500.0,-712500.0,1500,-3.2356565932579935,False,False,3.6001142687960153
-1477500.0,-712500.0,1500,0.6880435950486583,False,False,3.4698560656665696
-1472500.0,-712500.0,1500,3.136594020861916,False,False,3.475006623843656
-1467500.0,-712500.0,1500,9.620845014072314,False,False,3.437186414054879
-1462500.0,-712500.0,1500,19.79890208131485,False,False,3.2456939560502374
-1457500.0,-712500.0,1500,24.89560862309757,False,False,3.190995341892651
-1452500.0,-712500.0,1500,29.262078349927076,False,False,3.2030657154815803
-1447500.0,-712500.0,1500,38.88876746073816,False,False,3.1020982910739594
-1442500.0,-712500.0,1500,37.79022734268973,False,False,2.9070370570310553
-1437500.0,-712500.0,1500,28.030658330347986,False,False,2.9283817871143807
-1432500.0,-712500.0,1500,22.5286537538126,False,False,3.056639132044528
-1427500.0,-712500.0,1500,11.541989382348117,False,False,3.035890984716236
-1422500.0,-712500.0,1500,-11.659688704299048,False,False,3.0887792543842574
-1417500.0,-712500.0,1500,-38.71612180607399,False,False,3.124716604805296
-1412500.0,-712500.0,1500,-39.795438984607415,False,False,2.9645930358916064
-1407500.0,-712500.0,1500,-19.446133508651204,False,False,2.8319765037906213
-1402500.0,-712500.0,1500,-17.69053098816258,False,False,2.9796922842366054
-1397500.0,-712500.0,1500,-19.630839942003053,False,False,3.082391582474297
-1392500.0,-712500.0,1500,-21.254762498995596,False,False,3.0469027287167574
-1387500.0,-712500.0,1500,-24.405120373311778,False,False,2.9573015068366826
-1382500.0,-712500.0,1500,-9.05476321230347,False,False,2.8162427396309884
-1377500.0,-712500.0,1500,2.154625822167073,False,False,2.7212509602467962
-1372500.0,-712500.0,1500,-2.735391141686181,False,False,2.7422919300828323
-1367500.0,-712500.0,1500,-7.363909372870185,False,False,2.753059539554763
-1362500.0,-712500.0,1500,-8.581537456670217,False,False,2.7370658414325626
-1597500.0,-707500.0,1500,-4.035052066432858,True,True,5.8444161620403134
-1592500.0,-707500.0,1500,11.585953330261177,False,True,4.469576040620122
-1587500.0,-707500.0,1500,22.68254591174182,False,True,4.171986882194974
-1582500.0,-707500.0,1500,28.30425669936,False,True,5.53126007514051
-1577500.0,-707500.0,1500,36.70494789906984,False,True,5.262345897034437
-1572500.0,-707500.0,1500,41.47740161785765,False,True,3.6264784206044682
-1567500.0,-707500.0,1500,34.72408520924286,False,True,3.5433240987345296
-1562500.0,-707500.0,1500,31.02701874809791,False,True,4.012951585623599
-1557500.0,-707500.0,1500,32.919350504729856,False,True,4.787184275934975
-1552500.0,-707500.0,1500,33.54098523096512,False,True,4.772584269093009
-1547500.0,-707500.0,1500,29.380930429275626,False,True,4.519409944210755
-1542500.0,-707500.0,1500,22.987121801975174,False,True,5.086743157573481
-1537500.0,-707500.0,1500,12.238154907030557,False,True,4.334285540423216
-1532500.0,-707500.0,1500,1.6664764520021764,False,True,4.07470058096539
-1527500.0,-707500.0,1500,-3.79750180560823,False,True,4.353366481272878
-1522500.0,-707500.0,1500,-6.452486918610175,False,True,3.740986136092931
-1517500.0,-707500.0,1500,2.076613878842298,False,False,3.4743149115369274
-1512500.0,-707500.0,1500,7.096281867751532,False,False,3.27919553562757
-1507500.0,-707500.0,1500,12.9611182882524,False,False,3.3269039061447896
-1502500.0,-707500.0,1500,24.42154316851927,False,False,3.5241975952933675
-1497500.0,-707500.0,1500,27.09925739813026,False,False,3.298332431091659
-1492500.0,-707500.0,1500,15.515238555146631,False,False,3.448421139603006
-1487500.0,-707500.0,1500,0.5869658507176306,False,False,3.5727925779894
-1482500.0,-707500.0,1500,-0.5625504185748876,False,False,3.4122692944448163
-1477500.0,-707500.0,1500,1.7474939444554662,False,False,3.42564906587989
-1472500.0,-707500.0,1500,4.983775808379999,False,False,3.713546559762787
-1467500.0,-707500.0,1500,11.217297636353031,False,False,3.9812305901796865
-1462500.0,-707500.0,1500,13.712134976412898,False,False,3.422591223273612
-1457500.0,-707500.0,1500,20.16738893790448,False,False,3.0776793856794775
-1452500.0,-707500.0,1500,34.84427828127403,False,False,3.113641967043833
-1447500.0,-707500.0,1500,44.18894534586428,False,False,3.06122168910601
-1442500.0,-707500.0,1500,28.22806535573014,False,False,2.8837272457941316
-1437500.0,-707500.0,1500,13.787747763010021,False,False,2.8815321037806756
-1432500.0,-707500.0,1500,16.314960168046934,False,False,3.097312320751862
-1427500.0,-707500.0,1500,2.644754435558924,False,False,3.1382533397458845
-1422500.0,-707500.0,1500,-23.924852831099603,False,False,3.200331653742537
-1417500.0,-707500.0,1500,-39.879998785704785,False,False,3.200136099961125
-1412500.0,-707500.0,1500,-34.04938742644084,False,False,3.1751501323645144
-1407500.0,-707500.0,1500,-28.064754200423433,False,False,2.957257984279118
-1402500.0,-707500.0,1500,-40.40939423218364,False,False,2.877700729885671
-1397500.0,-707500.0,1500,-34.88065479342481,False,False,3.020153278055097
-1392500.0,-707500.0,1500,-13.929952309362475,False,False,3.0455612085767783
-1387500.0,-707500.0,1500,-9.000046354864459,False,False,2.939072679044219
-1382500.0,-707500.0,1500,3.209880208419121,False,False,2.77297907871711
-1377500.0,-707500.0,1500,13.750013439564578,False,False,2.6964188011711014
-1372500.0,-707500.0,1500,1.4203933470857895,False,False,2.7172080602604964
-1367500.0,-707500.0,1500,-10.337572646267143,False,False,2.731086641122749
-1597500.0,-702500.0,1500,11.872915426830524,False,True,4.4436261982722804
-1592500.0,-702500.0,1500,28.3633511666708,False,True,3.48346491274434
-1587500.0,-702500.0,1500,35.131500052336285,False,True,3.8461589986526086
-1582500.0,-702500.0,1500,35.89289968212488,False,True,4.695382544448621
-1577500.0,-702500.0,1500,31.635210677808463,False,True,4.227109459556894
-1572500.0,-702500.0,1500,25.365462326880873,False,True,3.4928277567534094
-1567500.0,-702500.0,1500,20.946492012419576,False,True,3.6729121667106694
-1562500.0,-702500.0,1500,23.407196186705058,False,True,4.5309719080411845
-1557500.0,-702500.0,1500,29.10733863693694,False,True,4.754408352480434
-1552500.0,-702500.0,1500,32.90775535721213,False,True,4.218618204408507
-1547500.0,-702500.0,1500,36.041330975254276,False,True,4.639489823029797
-1542500.0,-702500.0,1500,34.39258508017334,False,True,4.440841791602481
-1537500.0,-702500.0,1500,29.080066957405002,False,True,3.913740530613727
-1532500.0,-702500.0,1500,23.25195045767216,False,True,4.02657482845194
-1527500.0,-702500.0,1500,16.095546034530074,False,True,4.296772246366469
-1522500.0,-702500.0,1500,9.341103443337579,False,False,3.8529866660719727
-1517500.0,-702500.0,1500,10.564088556189626,False,False,3.3938264503996383
-1512500.0,-702500.0,1500,8.00087840695422,False,False,3.7033412997529727
-1507500.0,-702500.0,1500,9.511335847405753,False,False,3.550350766779344
-1502500.0,-702500.0,1500,17.949176074852915,False,False,3.6651199152530882
-1497500.0,-702500.0,1500,20.302248769318595,False,False,3.349819096179949
-1492500.0,-702500.0,1500,11.718639208418884,False,False,3.021018735135756
-1487500.0,-702500.0,1500,0.22254557375986328,False,False,3.089491979860043
-1482500.0,-702500.0,1500,1.624187902236092,False,False,3.1260489607552944
-1477500.0,-702500.0,1500,3.583623305786004,False,False,3.4209578754131127
-1472500.0,-702500.0,1500,2.5781592265294977,False,False,4.228744652108895
-1467500.0,-702500.0,1500,5.431372479414473,False,False,5.0232502386948354
-1462500.0,-702500.0,1500,8.999577771037359,False,False,3.905417751347243
-1457500.0,-702500.0,1500,18.770304131253297,False,False,2.9985581287675322
-1452500.0,-702500.0,1500,28.505677977211327,False,False,3.0243391415940346
-1447500.0,-702500.0,1500,29.6693950206652,False,False,3.0565594939032157
-1442500.0,-702500.0,1500,9.373620625544673,False,False,2.9978981621000074
-1437500.0,-702500.0,1500,-1.5440199773529237,False,False,3.004371151294504
-1432500.0,-702500.0,1500,5.3499434488872195,False,False,3.260099199457361
-1427500.0,-702500.0,1500,-12.958320893481753,False,False,3.281753934012207
-1422500.0,-702500.0,1500,-40.4854756013001,False,False,3.289095319576739
-1417500.0,-702500.0,1500,-44.226976383519975,False,False,3.2979167672114076
-1412500.0,-702500.0,1500,-32.50490097393319,False,False,3.2714268911632916
-1407500.0,-702500.0,1500,-39.057792128000635,False,False,3.11444795378305
-1402500.0,-702500.0,1500,-53.05743373400849,False,False,2.917971055369547
-1397500.0,-702500.0,1500,-31.364311385624376,False,False,2.944230693244795
-1392500.0,-702500.0,1500,11.862687463091595,False,False,3.017629034839776
-1387500.0,-702500.0,1500,34.339201958399414,False,False,2.853446820052052
-1382500.0,-702500.0,1500,35.50480825052488,False,False,2.6956248411129153
-1377500.0,-702500.0,1500,25.289545524831258,False,False,2.6847934686510455
-1372500.0,-702500.0,1500,7.409809534001723,False,False,2.705028157599199
-1367500.0,-702500.0,1500,-6.266845087095426,False,False,2.67685134690119
-1597500.0,-697500.0,1500,13.525284229446529,False,True,3.6865085402541906
-1592500.0,-697500.0,1500,22.233101466398804,False,True,4.147831102585141
-1587500.0,-697500.0,1500,23.975882287812823,False,True,4.940646969524693
-1582500.0,-697500.0,1500,20.66763585373004,False,True,4.619338765239654
-1577500.0,-697500.0,1500,8.660999852448318,False,True,3.8952211620890616
-1572500.0,-697500.0,1500,6.024529565506578,False,True,3.5350167765208558
-1567500.0,-697500.0,1500,14.770556639997713,False,True,3.780949099433213
-1562500.0,-697500.0,1500,20.68615107872862,False,True,4.161358732891887
-1557500.0,-697500.0,1500,27.964668230816457,False,True,3.778888959030241
-1552500.0,-697500.0,1500,36.52311462403397,False,True,3.8209904337837517
-1547500.0,-697500.0,1500,39.67539079867911,False,True,4.1213878419695495
-1542500.0,-697500.0,1500,35.55346219765002,False,True,3.950002179642528
-1537500.0,-697500.0,1500,32.88176403163973,False,True,4.00680639272142
-1532500.0,-697500.0,1500,30.535510790971713,False,True,3.9736068320490485
-1527500.0,-697500.0,1500,27.09421101459215,False,True,4.209732824421108
-1522500.0,-697500.0,1500,21.95629373630725,False,True,3.8170546398379726
-1517500.0,-697500.0,1500,22.976298381115605,False,True,3.515740419805714
-1512500.0,-697500.0,1500,18.165322443688556,False,False,3.9183496304336796
-1507500.0,-697500.0,1500,7.773309310986651,False,False,3.6637142574252826
-1502500.0,-697500.0,1500,4.077618350081605,False,False,3.9862912350756226
-1497500.0,-697500.0,1500,-2.788605400094206,False,False,3.881745870278893
-1492500.0,-697500.0,1500,-5.742142113403913,False,False,3.145739042777766
-1487500.0,-697500.0,1500,-0.47047704664063333,False,False,2.9745214435500005
-1482500.0,-697500.0,1500,5.898775731836642,False,False,2.9665113325912422
-1477500.0,-697500.0,1500,9.060187436986318,False,False,3.3247519442861386
-1472500.0,-697500.0,1500,9.378033959363748,False,False,4.4558788131277565
-1467500.0,-697500.0,1500,8.96783931141207,False,False,5.419883896700389
-1462500.0,-697500.0,1500,11.233898836389534,False,False,4.063246382656112
-1457500.0,-697500.0,1500,17.839595091651518,False,False,2.966062194311262
-1452500.0,-697500.0,1500,23.94212420831617,False,False,2.9884297139218328
-1447500.0,-697500.0,1500,24.317253337239887,False,False,3.0921303233317716
-1442500.0,-697500.0,1500,1.2086226312598543,False,False,3.151326819114387
-1437500.0,-697500.0,1500,-15.14335439530301,False,False,3.48149168189343
-1432500.0,-697500.0,1500,-14.814599708266664,False,False,3.8632956479923157
-1427500.0,-697500.0,1500,-34.86814602826605,False,False,3.5188989471638488
-1422500.0,-697500.0,1500,-61.94954707719713,False,False,3.390481590624772
-1417500.0,-697500.0,1500,-65.46462685321197,False,False,3.3801292513552155
-1412500.0,-697500.0,1500,-51.55660203285398,False,False,3.288030697588608
-1407500.0,-697500.0,1500,-53.03339426064574,False,False,3.2033514806474725
-1402500.0,-697500.0,1500,-53.214412981499464,False,False,3.0388008089140266
-1397500.0,-697500.0,1500,-15.01990597467638,False,False,2.8656371591599274
-1392500.0,-697500.0,1500,42.10067887236887,False,False,2.8131699719336445
-1597500.0,-692500.0,1500,2.2834731109204025,False,True,4.5832835715158975
-1592500.0,-692500.0,1500,6.074589059436027,False,True,6.538223297447432
-1587500.0,-692500.0,1500,4.183991713785965,False,True,7.542882629876178
-1582500.0,-692500.0,1500,-5.298174347872649,False,True,5.8437813174252655
-1577500.0,-692500.0,1500,-9.949786168957253,True,True,3.845466044567239
-1572500.0,-692500.0,1500,-1.7502392744744857,False,True,4.223917932583674
-1567500.0,-692500.0,1500,3.4866643800200134,False,True,4.718897225171776
-1562500.0,-692500.0,1500,6.538576067697032,False,True,4.042333446904846
-1557500.0,-692500.0,1500,20.785388200783597,False,True,3.8312065091366163
-1552500.0,-692500.0,1500,30.74400276237636,False,True,3.6864676463202355
-1547500.0,-692500.0,1500,30.88697786918869,False,True,3.6472402161709283
-1542500.0,-692500.0,1500,29.837819390100762,False,True,3.8886046437881
-1537500.0,-692500.0,1500,26.169207679362685,False,True,3.6434228165802107
-1532500.0,-692500.0,1500,19.972819405489055,False,True,3.708170536851549
-1527500.0,-692500.0,1500,13.415758534031571,False,True,3.8498887823280583
-1522500.0,-692500.0,1500,10.858791169659165,False,True,3.4208454641550876
-1517500.0,-692500.0,1500,21.68398478872827,False,True,3.630761288222627
-1512500.0,-692500.0,1500,26.753830481171587,False,True,3.6878006467952624
-1507500.0,-692500.0,1500,16.361480473864304,False,False,3.3531790218674544
-1502500.0,-692500.0,1500,5.438111695661898,False,False,4.125915869722857
-1497500.0,-692500.0,1500,-8.560679038746763,False,False,4.046068845344557
-1492500.0,-692500.0,1500,-7.172656483748141,False,False,3.2957118973356527
-1487500.0,-692500.0,1500,10.999867897987523,False,False,3.118534306073448
-1482500.0,-692500.0,1500,13.021097459028303,False,False,3.0643338506784206
-1477500.0,-692500.0,1500,8.042562271163577,False,False,3.339575098312714
-1472500.0,-692500.0,1500,22.711314353747277,False,False,3.851137022341529
-1467500.0,-692500.0,1500,31.743679683672124,False,False,4.521539121930986
-1462500.0,-692500.0,1500,19.793940752897466,False,False,3.748588569121935
-1457500.0,-692500.0,1500,12.912020938695555,False,False,2.9959975812263746
-1452500.0,-692500.0,1500,18.642050859748288,False,False,3.034138926382227
-1447500.0,-692500.0,1500,22.474878823938493,False,False,3.1947539060248085
-1442500.0,-692500.0,1500,-7.190769671412933,False,False,3.2988120150313396
-1437500.0,-692500.0,1500,-35.0380123185736,False,False,3.9377140391368926
-1432500.0,-692500.0,1500,-34.428218976755076,False,False,4.405573140956498
-1427500.0,-692500.0,1500,-50.94631539891245,False,False,3.702474937741259
-1422500.0,-692500.0,1500,-80.1124078276731,False,False,3.4305672927825688
-1417500.0,-692500.0,1500,-84.69559493486489,False,False,3.374590851896503
-1412500.0,-692500.0,1500,-65.58496113967087,False,False,3.297090197442727
-1407500.0,-692500.0,1500,-52.88269266356424,False,False,3.224133179899542
-1402500.0,-692500.0,1500,-44.33285843221774,False,False,3.1378144683921514
-1397500.0,-692500.0,1500,-2.05872011910051,False,False,2.8573567933534982
-1392500.0,-692500.0,1500,64.89724793315736,False,False,2.6084787634877538
-1597500.0,-687500.0,1500,-6.684282852870294,False,True,4.539842519782496
-1592500.0,-687500.0,1500,-7.260281483988187,False,True,6.264192430750254
-1587500.0,-687500.0,1500,-9.154153273608484,True,True,6.834604335213749
-1582500.0,-687500.0,1500,-14.758331771820856,True,True,5.096755388460179
-1577500.0,-687500.0,1500,-13.413479911133647,True,True,3.9062417898589628
-1572500.0,-687500.0,1500,-8.00695298998353,True,True,5.264103684706301
-1567500.0,-687500.0,1500,-9.61156787503304,True,True,5.2678206530589975
-1562500.0,-687500.0,1500,-7.936407102617373,True,True,4.683300918444772
-1557500.0,-687500.0,1500,2.5289403126884658,False,True,4.701956181947266
-1552500.0,-687500.0,1500,10.067589434777046,False,True,4.27330770933513
-1547500.0,-687500.0,1500,16.144005934103173,False,True,4.4728220824568545
-1542500.0,-687500.0,1500,18.645898548593202,False,True,4.200021233645728
-1537500.0,-687500.0,1500,7.388933611123153,False,True,3.6602423591682864
-1532500.0,-687500.0,1500,-6.159527769149023,False,True,3.581663877211005
-1527500.0,-687500.0,1500,-10.224789336169689,False,True,3.901230689962075
-1522500.0,-687500.0,1500,5.001155767891724,False,True,3.6671279199780025
-1517500.0,-687500.0,1500,27.29737931210033,False,True,3.4665765442715384
-1512500.0,-687500.0,1500,35.45246804006984,False,True,3.7377507217419934
-1507500.0,-687500.0,1500,27.043247921559672,False,False,3.3621437195321136
-1502500.0,-687500.0,1500,9.351625841036169,False,False,3.8378175371509773
-1497500.0,-687500.0,1500,-6.440236680606103,False,False,3.8745600616507576
-1492500.0,-687500.0,1500,-4.476763090684009,False,False,3.530679156061362
-1487500.0,-687500.0,1500,8.783935968620773,False,False,3.3210069189719196
-1482500.0,-687500.0,1500,-2.7956390276950627,False,False,3.1969400335459652
-1477500.0,-687500.0,1500,-7.887539323091808,False,False,3.7288051235932054
-1472500.0,-687500.0,1500,33.903443094858616,False,False,3.80457066186964
-1467500.0,-687500.0,1500,54.46527853032331,False,False,3.6650758943289334
-1462500.0,-687500.0,1500,28.351355617108148,False,False,3.1412220864380256
-1457500.0,-687500.0,1500,3.0300977723592024,False,False,3.043181264143045
-1452500.0,-687500.0,1500,-4.000652860878539,False,False,3.1511718937073465
-1447500.0,-687500.0,1500,5.046110744931867,False,False,3.4034883276268717
-1442500.0,-687500.0,1500,-25.743175189679476,False,False,3.478341840925216
-1437500.0,-687500.0,1500,-57.37747960616221,False,False,3.9659391946007183
-1432500.0,-687500.0,1500,-43.54694726264735,False,False,4.311034359143421
-1427500.0,-687500.0,1500,-54.365103403807346,False,False,3.6059621723151114
-1422500.0,-687500.0,1500,-84.6962702553485,False,False,3.41626869118192
-1417500.0,-687500.0,1500,-81.89313780042804,False,False,3.343801413657545
-1412500.0,-687500.0,1500,-51.906915294993894,False,False,3.287303411892222
-1407500.0,-687500.0,1500,-36.37525126997519,False,False,3.235414640229625
-1402500.0,-687500.0,1500,-40.103106731728424,False,False,3.1370076590051976
-1397500.0,-687500.0,1500,-2.9649967691575245,False,False,2.999612920989782
-1372500.0,-687500.0,1500,16.78273133977715,False,False,2.7416757933455504
-1332500.0,-687500.0,1500,12.223062876448177,False,False,2.7381039091719415
-1327500.0,-687500.0,1500,6.710401212189106,False,False,2.7092592119572205
-1597500.0,-682500.0,1500,-9.858376669070111,False,True,5.105881720530361
-1592500.0,-682500.0,1500,-14.03830154938398,False,True,5.510781760419184
-1587500.0,-682500.0,1500,-15.718447545322956,False,True,5.1738895214621365
-1582500.0,-682500.0,1500,-14.505477722135337,True,True,3.9234095195062437
-1577500.0,-682500.0,1500,-11.740439886020356,True,True,3.958262502123791
-1572500.0,-682500.0,1500,-11.259026815827134,True,True,4.766745122168325
-1567500.0,-682500.0,1500,-14.177108900367505,True,True,4.234596185762609
-1562500.0,-682500.0,1500,-10.898520969153605,True,True,4.119986265804774
-1557500.0,-682500.0,1500,-3.483152962398347,True,True,4.265081535515081
-1552500.0,-682500.0,1500,3.2599817015066357,False,True,4.430257115536552
-1547500.0,-682500.0,1500,10.036926497146561,False,True,4.5868536830770426
-1542500.0,-682500.0,1500,4.188068337095719,False,True,4.144712059817147
-1537500.0,-682500.0,1500,-15.714434552969468,False,True,4.138928231568833
-1532500.0,-682500.0,1500,-29.481176918221067,True,True,4.243167310977315
-1527500.0,-682500.0,1500,-21.60284756818544,True,True,4.477784250876109
-1522500.0,-682500.0,1500,8.445828946906225,False,True,3.7627821555039658
-1517500.0,-682500.0,1500,36.94059522258733,False,True,3.307911770283078
-1512500.0,-682500.0,1500,45.07380335940586,False,True,4.1402282784109
-1507500.0,-682500.0,1500,26.47501294489491,False,True,3.9567435578080987
-1502500.0,-682500.0,1500,-3.708876287267512,False,False,3.79225123371283
-1497500.0,-682500.0,1500,-19.29708968563529,False,False,3.8529998581715597
-1492500.0,-682500.0,1500,-18.262441397053458,False,False,3.8539005209221298
-1487500.0,-682500.0,1500,-20.004218736455687,False,False,3.5807630110486235
-1482500.0,-682500.0,1500,-24.821686546278485,False,False,3.144498937749314
-1477500.0,-682500.0,1500,6.488600815896267,False,False,3.8407049097575836
-1472500.0,-682500.0,1500,40.909855543422594,False,False,4.579893002189399
-1467500.0,-682500.0,1500,20.893176192893062,False,False,4.098938727277087
-1462500.0,-682500.0,1500,-5.967924211134408,False,False,2.993738959032747
-1457500.0,-682500.0,1500,-24.89331876357772,False,False,2.916724461504379
-1452500.0,-682500.0,1500,-39.52259353886429,False,False,3.104379785810754
-1447500.0,-682500.0,1500,-32.89010751936294,False,False,3.4074926540968957
-1442500.0,-682500.0,1500,-57.95744773322191,False,False,3.4194688249754166
-1437500.0,-682500.0,1500,-69.86147441039552,False,False,3.8117797641259177
-1432500.0,-682500.0,1500,-37.74230994921385,False,False,4.03326925709008
-1427500.0,-682500.0,1500,-38.76243420830921,False,False,3.448806114024988
-1422500.0,-682500.0,1500,-62.40870011830776,False,False,3.39167153980595
-1417500.0,-682500.0,1500,-55.79450451541789,False,False,3.3169900105898824
-1412500.0,-682500.0,1500,-22.402337523980012,False,False,3.2681540194608125
-1407500.0,-682500.0,1500,-15.448930330948375,False,False,3.1938420649003025
-1402500.0,-682500.0,1500,-34.84471102031495,False,False,3.0971593858931894
-1382500.0,-682500.0,1500,52.63459593411526,False,False,3.002301535002563
-1377500.0,-682500.0,1500,19.67672454245184,False,False,3.285219076809147
-1372500.0,-682500.0,1500,10.849459493114633,False,False,3.1356905962304626
-1367500.0,-682500.0,1500,-2.8194309371444812,False,False,2.8451989951994117
-1362500.0,-682500.0,1500,-10.23191577830481,False,False,2.736693535303463
-1357500.0,-682500.0,1500,-11.017719992619485,False,False,2.732405529064578
-1352500.0,-682500.0,1500,-10.40121994439921,False,False,2.6616831550083777
-1347500.0,-682500.0,1500,9.984315239501315,False,False,2.667136953132198
-1342500.0,-682500.0,1500,25.230497463533474,False,False,2.738397111256487
-1337500.0,-682500.0,1500,1.3712310026681942,False,False,2.7558163453052145
-1332500.0,-682500.0,1500,-21.317263445638847,False,False,2.7159264158985525
-1327500.0,-682500.0,1500,-23.338243076973434,False,False,2.742579729618869
-1322500.0,-682500.0,1500,-34.015703607972235,False,False,2.7526232417514516
-1317500.0,-682500.0,1500,-64.34442599121644,False,False,2.7102425440271407
-1312500.0,-682500.0,1500,-97.58284960841156,False,False,2.6786481411430283
-1297500.0,-682500.0,1500,-22.684672856631728,False,False,2.575801307535146
