x,y,height,faa,inv_msk,inv_pad,stdev
2052500.0,-1447500.0,1500,6.228908060774578,False,False,4.380050533202532
2057500.0,-1447500.0,1500,5.1062117965629135,False,False,6.839919837684983
2062500.0,-1447500.0,1500,6.076558018731764,False,False,9.458390616930851
2067500.0,-1447500.0,1500,8.038828015589843,False,False,11.03814147644562
2072500.0,-1447500.0,1500,9.337953898170124,False,False,11.917042724639785
2077500.0,-1447500.0,1500,7.148427099229308,False,False,12.426574112838168
2082500.0,-1447500.0,1500,5.707993063355084,False,False,12.603113459074795
2087500.0,-1447500.0,1500,7.920345687815845,False,False,12.390451188639839
2092500.0,-1447500.0,1500,8.532031251256823,False,False,11.778203379092185
2097500.0,-1447500.0,1500,7.12765288088481,False,True,10.497935817178528
2102500.0,-1447500.0,1500,1.6758165559065574,False,True,8.091536260766672
2107500.0,-1447500.0,1500,-7.0894442063286185,False,True,5.852308639430068
2112500.0,-1447500.0,1500,-16.19145093333979,False,True,7.066863157172653
2117500.0,-1447500.0,1500,-22.679538272665006,True,True,10.347058014760384
2122500.0,-1447500.0,1500,-22.493303836257297,False,True,12.455017400937145
2127500.0,-1447500.0,1500,-18.171247645094443,False,True,13.565387250581438
2132500.0,-1447500.0,1500,-17.505553588801558,False,True,14.215949413859425
2137500.0,-1447500.0,1500,-20.582004111757605,True,True,14.628168789390557
2142500.0,-1447500.0,1500,-23.725588348803544,False,True,14.806167809222028
2147500.0,-1447500.0,1500,-27.66274872285891,False,True,14.851870148578428
2152500.0,-1447500.0,1500,-30.56735228807996,False,True,14.831409488081999
2157500.0,-1447500.0,1500,-33.13019594772466,False,True,14.732832855901147
2162500.0,-1447500.0,1500,-35.58560872649491,False,False,14.505508466801814
2167500.0,-1447500.0,1500,-36.74225190253354,False,False,14.020595093581894
2172500.0,-1447500.0,1500,-37.044178223886554,False,False,12.940319393608146
2177500.0,-1447500.0,1500,-36.45076600229209,False,False,10.623237645544142
2182500.0,-1447500.0,1500,-31.234592570382823,False,False,6.38999861437875
2187500.0,-1447500.0,1500,-19.33096689779072,False,False,6.52284770235379
2192500.0,-1447500.0,1500,-10.53755618411333,False,False,10.692558727778168
2197500.0,-1447500.0,1500,-9.458733589231969,False,False,12.478448537807648
2202500.0,-1447500.0,1500,-7.438293432082336,False,False,12.508064290953142
2207500.0,-1447500.0,1500,-2.9322903538630505,False,False,10.785279439616835
2212500.0,-1447500.0,1500,2.7390265094515254,False,False,6.559970004962107
2217500.0,-1447500.0,1500,2.3079046922088087,False,False,6.379051541852514
2222500.0,-1447500.0,1500,-2.9210005339699863,False,False,10.677699403342784
2227500.0,-1447500.0,1500,-1.1438600535019952,False,False,13.042022641438919
2232500.0,-1447500.0,1500,4.009258899222645,False,False,14.166566694006354
2237500.0,-1447500.0,1500,4.886077912741278,False,False,14.689078497459464
2242500.0,-1447500.0,1500,6.264638057700337,False,False,14.944714117524988
2247500.0,-1447500.0,1500,12.615242692844431,False,False,15.066415551746728
2252500.0,-1447500.0,1500,19.03773272388101,False,False,15.11681341556502
2257500.0,-1447500.0,1500,26.22605387199697,False,False,15.134586845916996
2262500.0,-1447500.0,1500,30.2040367505841,False,False,15.143149179312429
2267500.0,-1447500.0,1500,24.155263388166183,False,False,15.155022969291583
2272500.0,-1447500.0,1500,13.784133009907896,False,False,15.174353239588346
2277500.0,-1447500.0,1500,-0.9651160860221661,False,False,15.200813523963092
2282500.0,-1447500.0,1500,-21.164102773054566,False,False,15.231312115268562
2287500.0,-1447500.0,1500,-37.95139968564846,False,False,15.261876222877703
2292500.0,-1447500.0,1500,-45.981259931162704,False,False,15.290241351836947
2297500.0,-1447500.0,1500,-46.08821151692905,False,False,15.31501310388054
2302500.0,-1447500.0,1500,-47.57944918728926,False,False,15.335220516270288
2307500.0,-1447500.0,1500,-56.035471089868174,False,False,15.350622806272408
2312500.0,-1447500.0,1500,-64.71471141257335,False,False,15.360836058567937
2317500.0,-1447500.0,1500,-69.56527389582347,False,False,15.365640893045086
2322500.0,-1447500.0,1500,-71.79763859166175,False,False,15.365679091319326
2327500.0,-1447500.0,1500,-71.67754256278153,False,False,15.362050891811247
2332500.0,-1447500.0,1500,-70.1118539160352,False,False,15.356108416140248
2337500.0,-1447500.0,1500,-68.19891649124263,False,False,15.349194013742327
2342500.0,-1447500.0,1500,-66.00610412312754,False,False,15.34225062985437
2347500.0,-1447500.0,1500,-63.01232904877553,False,False,15.335770342643698
2352500.0,-1447500.0,1500,-58.72199420309561,False,False,15.329766514057626
2357500.0,-1447500.0,1500,-53.26148959615209,False,False,15.324133702279841
2362500.0,-1447500.0,1500,-47.08015326780562,False,False,15.318776042029208
2367500.0,-1447500.0,1500,-41.73460716034962,False,False,15.313569976421093
2372500.0,-1447500.0,1500,-37.82053381038722,False,False,15.30822679600766
2377500.0,-1447500.0,1500,-33.781403400457116,False,False,15.302302674110255
2052500.0,-1442500.0,1500,6.7478732565874004,False,False,4.3140812265402895
2057500.0,-1442500.0,1500,5.555026118760439,False,False,5.114717939910247
2062500.0,-1442500.0,1500,6.6117491429281685,False,False,8.07655021221015
2067500.0,-1442500.0,1500,9.006511737062633,False,False,10.23491118716922
2072500.0,-1442500.0,1500,10.587855121033929,False,False,11.47569032734452
2077500.0,-1442500.0,1500,10.232174942603143,False,False,12.170429520015329
2082500.0,-1442500.0,1500,9.901148792899898,False,False,12.494176139078592
2087500.0,-1442500.0,1500,11.55221667336458,False,False,12.478028759915292
2092500.0,-1442500.0,1500,11.6708982938153,False,False,12.135855884100671
2097500.0,-1442500.0,1500,12.824995669153088,False,False,11.24456191900368
2102500.0,-1442500.0,1500,11.69307846367571,False,True,9.467265313996291
2107500.0,-1442500.0,1500,3.5509052288353122,False,True,6.660416233965107
2112500.0,-1442500.0,1500,-8.22561149234813,False,True,5.664581606614857
2117500.0,-1442500.0,1500,-16.335809072504034,False,True,8.129667538181842
2122500.0,-1442500.0,1500,-16.498037035887762,False,True,11.008363541448833
2127500.0,-1442500.0,1500,-13.30057931832163,False,True,12.687185609597655
2132500.0,-1442500.0,1500,-14.791767455880965,False,True,13.74397570453582
2137500.0,-1442500.0,1500,-19.94958196520765,True,True,14.4374029203886
2142500.0,-1442500.0,1500,-23.446931718965285,False,True,14.733215053156288
2147500.0,-1442500.0,1500,-27.424258764882733,False,True,14.813107607822388
2152500.0,-1442500.0,1500,-30.657377734939722,False,True,14.800995032883888
2157500.0,-1442500.0,1500,-33.7558783669204,False,True,14.688369224218567
2162500.0,-1442500.0,1500,-36.87846339645873,False,False,14.414954241111266
2167500.0,-1442500.0,1500,-38.61931135878448,False,False,13.831248093021244
2172500.0,-1442500.0,1500,-39.150173754086396,False,False,12.529103661625864
2177500.0,-1442500.0,1500,-38.14762920140771,False,False,9.660653888246578
2182500.0,-1442500.0,1500,-33.36509165200621,False,False,6.201855079849963
2187500.0,-1442500.0,1500,-22.824048111931774,False,False,7.496450480968105
2192500.0,-1442500.0,1500,-12.683481980346784,False,False,11.418895371882627
2197500.0,-1442500.0,1500,-11.422666498834602,False,False,12.863694197597564
2202500.0,-1442500.0,1500,-13.313971095195926,False,False,12.842256765271351
2207500.0,-1442500.0,1500,-12.434669612955055,False,False,11.33245538326945
2212500.0,-1442500.0,1500,-8.817523713807399,False,False,7.25329980573607
2217500.0,-1442500.0,1500,-5.224256202651281,False,False,6.239490147843536
2222500.0,-1442500.0,1500,-1.752038532648698,False,False,9.994315766412027
2227500.0,-1442500.0,1500,4.034686922563648,False,False,12.743995979099136
2232500.0,-1442500.0,1500,9.02262576966595,False,False,14.02570062528506
2237500.0,-1442500.0,1500,8.4907231452687,False,False,14.616250524881693
2242500.0,-1442500.0,1500,6.298385053987328,False,False,14.906246421173645
2247500.0,-1442500.0,1500,6.041423118856262,False,False,15.043849393802445
2252500.0,-1442500.0,1500,5.465306714472441,False,False,15.102158308755463
2257500.0,-1442500.0,1500,10.193342863803872,False,False,15.12344274049411
2262500.0,-1442500.0,1500,18.27991063847669,False,False,15.132703619273528
2267500.0,-1442500.0,1500,19.909184310866216,False,False,15.144430560287084
2272500.0,-1442500.0,1500,18.390394723516287,False,False,15.163567622669689
2277500.0,-1442500.0,1500,11.089186554585535,False,False,15.1903359625022
2282500.0,-1442500.0,1500,-9.021179567482488,False,False,15.221411667842098
2287500.0,-1442500.0,1500,-31.042202560259433,False,False,15.252725658102642
2292500.0,-1442500.0,1500,-44.23603452078376,False,False,15.28202434449873
2297500.0,-1442500.0,1500,-46.70566311212378,False,False,15.307531276876356
2302500.0,-1442500.0,1500,-47.46648889879165,False,False,15.328387435616712
2307500.0,-1442500.0,1500,-54.84660151403391,False,False,15.344380341823674
2312500.0,-1442500.0,1500,-63.817998145160644,False,False,15.354973157183213
2317500.0,-1442500.0,1500,-70.07846013256265,False,False,15.360059924360437
2322500.0,-1442500.0,1500,-74.14419484018791,False,False,15.360155120854213
2327500.0,-1442500.0,1500,-75.74446004135605,False,False,15.356307702344198
2332500.0,-1442500.0,1500,-74.59218234458608,False,False,15.3499887936049
2337500.0,-1442500.0,1500,-72.18133864587838,False,False,15.342665178087678
2342500.0,-1442500.0,1500,-69.68227601259915,False,False,15.335501465677956
2347500.0,-1442500.0,1500,-66.82325964219147,False,False,15.329054263164759
2352500.0,-1442500.0,1500,-62.87804195017779,False,False,15.323334981792259
2357500.0,-1442500.0,1500,-57.30768550636253,False,False,15.318083939394864
2362500.0,-1442500.0,1500,-50.43097733724839,False,False,15.312951763963884
2367500.0,-1442500.0,1500,-43.85347045273155,False,False,15.307585296723504
2372500.0,-1442500.0,1500,-37.9566527110562,False,False,15.301498881328918
2377500.0,-1442500.0,1500,-31.978312934006613,False,False,15.2942495910298
2052500.0,-1437500.0,1500,10.42313489010759,False,False,5.401667801335706
2057500.0,-1437500.0,1500,9.972048097581618,False,False,4.2025374158662725
2062500.0,-1437500.0,1500,10.496009786560212,False,False,6.332402982586258
2067500.0,-1437500.0,1500,11.9599348872628,False,False,9.140158963790718
2072500.0,-1437500.0,1500,13.255409568835342,False,False,10.85349419440075
2077500.0,-1437500.0,1500,14.17223817810652,False,False,11.8084556275202
2082500.0,-1437500.0,1500,14.531719885474672,False,False,12.299562580825768
2087500.0,-1437500.0,1500,15.23188718560805,False,False,12.449497667611725
2092500.0,-1437500.0,1500,15.680995182534424,False,False,12.30552682673325
2097500.0,-1437500.0,1500,17.649964920963058,False,False,11.738472908903894
2102500.0,-1437500.0,1500,16.928684485650848,False,True,10.523410080796369
2107500.0,-1437500.0,1500,12.525128062527646,False,True,8.23402583335822
2112500.0,-1437500.0,1500,4.540984444051337,False,True,5.593826920220086
2117500.0,-1437500.0,1500,-3.471715934092302,False,True,6.034933472279287
2122500.0,-1437500.0,1500,-6.209513989303428,False,True,9.164078279303666
2127500.0,-1437500.0,1500,-7.834680043172931,False,True,11.628571039975709
2132500.0,-1437500.0,1500,-12.91901155615098,False,True,13.165304540916358
2137500.0,-1437500.0,1500,-19.667581962019472,False,True,14.153600885610462
2142500.0,-1437500.0,1500,-22.780619070089067,False,True,14.622201600305267
2147500.0,-1437500.0,1500,-25.92864635210767,False,True,14.75040466826832
2152500.0,-1437500.0,1500,-29.58767402040018,False,True,14.754039061114426
2157500.0,-1437500.0,1500,-33.20360895947605,False,False,14.629522161280697
2162500.0,-1437500.0,1500,-37.019499184955436,False,False,14.305676846560075
2167500.0,-1437500.0,1500,-39.24186510301011,False,False,13.59780952465475
2172500.0,-1437500.0,1500,-39.041954451948754,False,False,12.040219819657029
2177500.0,-1437500.0,1500,-34.06050299418475,False,False,8.49885853395275
2182500.0,-1437500.0,1500,-29.562387484259933,False,False,6.216117939503212
2187500.0,-1437500.0,1500,-26.69544879370932,False,False,8.727113389576113
2192500.0,-1437500.0,1500,-21.117095128299365,False,False,12.007254142626632
2197500.0,-1437500.0,1500,-17.99236404877486,False,False,13.19508518496981
2202500.0,-1437500.0,1500,-18.049164060251734,False,False,13.137838154867296
2207500.0,-1437500.0,1500,-19.08617686739128,False,False,11.800789973354117
2212500.0,-1437500.0,1500,-19.10549665077163,False,False,8.154076721852336
2217500.0,-1437500.0,1500,-15.462663391707226,False,False,6.269398555136377
2222500.0,-1437500.0,1500,-8.814944354510867,False,False,9.195396515318198
2227500.0,-1437500.0,1500,-2.544594548649664,False,False,12.408005497583781
2232500.0,-1437500.0,1500,2.153038542299977,False,False,13.862665544908092
2237500.0,-1437500.0,1500,4.85012900950891,False,False,14.534009137260313
2242500.0,-1437500.0,1500,3.735719037788759,False,False,14.862260729798129
2247500.0,-1437500.0,1500,-1.9964416400260228,False,False,15.017233326598685
2252500.0,-1437500.0,1500,-7.023661797763412,False,False,15.084471409554364
2257500.0,-1437500.0,1500,-3.2449313463729372,False,False,15.109833878520607
2262500.0,-1437500.0,1500,6.980630473736901,False,False,15.12009850169631
2267500.0,-1437500.0,1500,15.825384402871304,False,False,15.131655332632711
2272500.0,-1437500.0,1500,23.5221144809347,False,False,15.150745755804017
2277500.0,-1437500.0,1500,24.019953514858535,False,False,15.177813293937499
2282500.0,-1437500.0,1500,5.382292536015916,False,False,15.209467345238819
2287500.0,-1437500.0,1500,-21.73108817713497,False,False,15.241794190659249
2292500.0,-1437500.0,1500,-40.55711759875382,False,False,15.272217738660377
2297500.0,-1437500.0,1500,-48.10007963661527,False,False,15.298605350173586
2302500.0,-1437500.0,1500,-50.56617332278636,False,False,15.320261616923124
2307500.0,-1437500.0,1500,-55.84950540065389,False,False,15.337001259604495
2312500.0,-1437500.0,1500,-63.74788554588792,False,False,15.348192689241927
2317500.0,-1437500.0,1500,-70.42557768694847,False,False,15.35376129833323
2322500.0,-1437500.0,1500,-75.19609443578292,False,False,15.354119884412416
2327500.0,-1437500.0,1500,-77.62763690225756,False,False,15.35027952955052
2332500.0,-1437500.0,1500,-76.66802641978916,False,False,15.34383531040615
2337500.0,-1437500.0,1500,-74.22530691409263,False,False,15.336362216425986
2342500.0,-1437500.0,1500,-71.6780688633742,False,False,15.329187096200418
2347500.0,-1437500.0,1500,-68.6242574152741,False,False,15.32295174403193
2352500.0,-1437500.0,1500,-64.99702084760483,False,False,15.317585814288515
2357500.0,-1437500.0,1500,-59.887626216559916,False,False,15.312609702946773
2362500.0,-1437500.0,1500,-52.96777122769895,False,False,15.307188779371167
2367500.0,-1437500.0,1500,-45.45745665404248,False,False,15.300489703663391
2372500.0,-1437500.0,1500,-37.69474026704256,False,False,15.291555724352175
2377500.0,-1437500.0,1500,-30.45168355779972,False,False,15.27992109750003
2052500.0,-1432500.0,1500,14.805508457458638,False,False,7.034096658940628
2057500.0,-1432500.0,1500,15.263004672076017,False,False,4.479040110537447
2062500.0,-1432500.0,1500,16.17915910651393,False,False,4.784039439709013
2067500.0,-1432500.0,1500,17.255998691377748,False,False,7.686699778235753
2072500.0,-1432500.0,1500,17.867281819051065,False,False,9.990229779313253
2077500.0,-1432500.0,1500,18.2383424787019,False,False,11.306639788585759
2082500.0,-1432500.0,1500,18.60577924931754,False,False,12.00743397320472
2087500.0,-1432500.0,1500,19.909779370318613,False,False,12.310255682588362
2092500.0,-1432500.0,1500,23.567145016389013,False,False,12.29112894327568
2097500.0,-1432500.0,1500,25.707652687731386,False,False,11.975725616166002
2102500.0,-1432500.0,1500,21.667062284151253,False,False,11.22792871743268
2107500.0,-1432500.0,1500,19.195557507629978,False,True,9.580253708797013
2112500.0,-1432500.0,1500,16.176446984033458,False,True,6.706446089521982
2117500.0,-1432500.0,1500,8.01466185994756,False,True,5.112018661357254
2122500.0,-1432500.0,1500,-0.11442543306745859,False,True,7.20629647220316
2127500.0,-1432500.0,1500,-5.98460583653385,False,True,10.412105322265663
2132500.0,-1432500.0,1500,-10.76284894697778,False,True,12.433752270709363
2137500.0,-1432500.0,1500,-16.68532693879072,False,True,13.749417887825935
2142500.0,-1432500.0,1500,-20.626946309181385,False,True,14.454489746402132
2147500.0,-1432500.0,1500,-23.595012852176538,False,True,14.653171207324421
2152500.0,-1432500.0,1500,-27.640866367973352,False,True,14.68307947784448
2157500.0,-1432500.0,1500,-32.05100307099447,False,False,14.549239972197768
2162500.0,-1432500.0,1500,-36.80342986133813,False,False,14.171552766430928
2167500.0,-1432500.0,1500,-41.80291404425199,False,False,13.31015645721742
2172500.0,-1432500.0,1500,-43.26732581911943,False,False,11.443341939938183
2177500.0,-1432500.0,1500,-35.530003323428694,False,False,7.291242469769777
2182500.0,-1432500.0,1500,-29.75918209795393,False,False,6.208006316954016
2187500.0,-1432500.0,1500,-30.445140522514983,False,False,9.853358301495565
2192500.0,-1432500.0,1500,-28.925576631210284,False,False,12.497700299080353
2197500.0,-1432500.0,1500,-25.99061095726847,False,False,13.475507880714733
2202500.0,-1432500.0,1500,-23.71042019875653,False,False,13.397020634256812
2207500.0,-1432500.0,1500,-23.364548456831614,False,False,12.207436034335007
2212500.0,-1432500.0,1500,-23.251886264093812,False,False,9.058146339163464
2217500.0,-1432500.0,1500,-19.607105748545383,False,False,6.274427687647655
2222500.0,-1432500.0,1500,-14.0238701735097,False,False,8.3035967655081
2227500.0,-1432500.0,1500,-9.947049790376598,False,False,12.02624685743781
2232500.0,-1432500.0,1500,-6.54981196159508,False,False,13.67367036976971
2237500.0,-1432500.0,1500,-3.043258643042503,False,False,14.441302857229697
2242500.0,-1432500.0,1500,-4.213699519790949,False,False,14.811339014583478
2247500.0,-1432500.0,1500,-12.246346083895402,False,False,14.98603575592576
2252500.0,-1432500.0,1500,-16.815926868592296,False,False,15.06361401979497
2257500.0,-1432500.0,1500,-9.905845794339877,False,False,15.093582935233256
2262500.0,-1432500.0,1500,3.5292537067841567,False,False,15.105386615116542
2267500.0,-1432500.0,1500,15.40315069265164,False,False,15.116921820970644
2272500.0,-1432500.0,1500,26.302512451968965,False,False,15.136133631992431
2277500.0,-1432500.0,1500,32.65689553499849,False,False,15.163517105454376
2282500.0,-1432500.0,1500,18.47849724135123,False,False,15.195718809733355
2287500.0,-1432500.0,1500,-10.838386603998831,False,False,15.22916605969591
2292500.0,-1432500.0,1500,-35.78177375669842,False,False,15.260684250213588
2297500.0,-1432500.0,1500,-49.54935635876937,False,False,15.28806946653275
2302500.0,-1432500.0,1500,-54.83083742325474,False,False,15.31079530747973
2307500.0,-1432500.0,1500,-58.94921814042754,False,False,15.328464330312208
2312500.0,-1432500.0,1500,-64.65482835223631,False,False,15.340438439974067
2317500.0,-1432500.0,1500,-70.21849017111668,False,False,15.346666061524438
2322500.0,-1432500.0,1500,-74.6341805527593,False,False,15.347516555903747
2327500.0,-1432500.0,1500,-76.88342981879543,False,False,15.343945026029191
2332500.0,-1432500.0,1500,-75.85789368996876,False,False,15.33762976977854
2337500.0,-1432500.0,1500,-73.58396649013535,False,False,15.330319644068284
2342500.0,-1432500.0,1500,-71.48342926304467,False,False,15.323379281506066
2347500.0,-1432500.0,1500,-68.55134363490119,False,False,15.317493919577148
2352500.0,-1432500.0,1500,-65.12274650777016,False,False,15.312438652653112
2357500.0,-1432500.0,1500,-60.209621262441615,False,False,15.307194497293358
2362500.0,-1432500.0,1500,-52.71439699979753,False,False,15.300129232572733
2367500.0,-1432500.0,1500,-44.05946292007669,False,False,15.289388302195118
2372500.0,-1432500.0,1500,-35.1284138929372,False,False,15.273492746148166
2377500.0,-1432500.0,1500,-28.467637969467596,False,False,15.251776207296395
2052500.0,-1427500.0,1500,17.83351566864571,False,False,8.37595114229855
2057500.0,-1427500.0,1500,20.01346009533458,False,False,5.714281546814572
2062500.0,-1427500.0,1500,22.95098161195433,False,False,4.142305457932145
2067500.0,-1427500.0,1500,24.94804173291444,False,False,5.933885486867509
2072500.0,-1427500.0,1500,24.14211450712784,False,False,8.806800471459482
2077500.0,-1427500.0,1500,22.843264014098487,False,False,10.601776962829838
2082500.0,-1427500.0,1500,23.0457564976382,False,False,11.59009032425301
2087500.0,-1427500.0,1500,24.258388819539356,False,False,12.083279790022672
2092500.0,-1427500.0,1500,26.54180972303266,False,False,12.24389400032311
2097500.0,-1427500.0,1500,27.39054579699095,False,False,12.140608571629047
2102500.0,-1427500.0,1500,24.950363185838583,False,False,11.677024354135012
2107500.0,-1427500.0,1500,23.589461002421,False,False,10.531235626000349
2112500.0,-1427500.0,1500,21.311257166177395,False,False,8.327928644579131
2117500.0,-1427500.0,1500,12.73857991427822,False,True,5.53570140529422
2122500.0,-1427500.0,1500,2.043106612586235,False,False,5.651046811855988
2127500.0,-1427500.0,1500,-3.8937601982507255,False,True,8.809559137014533
2132500.0,-1427500.0,1500,-8.264594548293143,False,True,11.533315788986314
2137500.0,-1427500.0,1500,-14.37006578617977,False,True,13.290748660779641
2142500.0,-1427500.0,1500,-17.788952833650157,False,True,14.204062092591219
2147500.0,-1427500.0,1500,-20.19004859220385,False,True,14.507239594220053
2152500.0,-1427500.0,1500,-25.029081164466017,False,False,14.579175532760772
2157500.0,-1427500.0,1500,-30.580179862060138,False,False,14.440355255897616
2162500.0,-1427500.0,1500,-37.239878070354436,False,False,14.003496613888156
2167500.0,-1427500.0,1500,-46.48855691310134,False,False,12.960585040536085
2172500.0,-1427500.0,1500,-49.89769341713976,False,False,10.689515967910786
2177500.0,-1427500.0,1500,-43.8531493515466,False,False,6.4442018870278845
2182500.0,-1427500.0,1500,-38.73904346643692,False,False,6.516904055133125
2187500.0,-1427500.0,1500,-36.86838738781197,False,False,10.778621551537173
2192500.0,-1427500.0,1500,-35.06061543671471,False,False,12.912302646574918
2197500.0,-1427500.0,1500,-32.61232457248398,False,False,13.708203915512765
2202500.0,-1427500.0,1500,-29.869401512777344,False,False,13.618867139743124
2207500.0,-1427500.0,1500,-27.6180875240539,False,False,12.563704035574867
2212500.0,-1427500.0,1500,-24.937814708835372,False,False,9.871594891478749
2217500.0,-1427500.0,1500,-20.735171230468115,False,False,6.2338202974776635
2222500.0,-1427500.0,1500,-17.29531154401517,False,False,7.39065796591977
2227500.0,-1427500.0,1500,-15.542713171392117,False,False,11.58482586333384
2232500.0,-1427500.0,1500,-14.39360004386643,False,False,13.45583302932316
2237500.0,-1427500.0,1500,-13.604235639877114,False,False,14.336815348066065
2242500.0,-1427500.0,1500,-15.350922640384663,False,False,14.752469420825125
2247500.0,-1427500.0,1500,-22.408809204763546,False,False,14.949538928606986
2252500.0,-1427500.0,1500,-26.1916683100807,False,False,15.03906704119924
2257500.0,-1427500.0,1500,-16.873516298547024,False,False,15.074349874912963
2262500.0,-1427500.0,1500,-0.1540650992553391,False,False,15.088343936266146
2267500.0,-1427500.0,1500,13.206878489115043,False,False,15.100351632509282
2272500.0,-1427500.0,1500,25.46712956964775,False,False,15.119734018973638
2277500.0,-1427500.0,1500,36.737835430626745,False,False,15.147402377015473
2282500.0,-1427500.0,1500,29.57855523411253,False,False,15.180125920354993
2287500.0,-1427500.0,1500,1.6922211878304445,False,False,15.214690548651621
2292500.0,-1427500.0,1500,-28.276042833268725,False,False,15.247419311518769
2297500.0,-1427500.0,1500,-47.436440482080606,False,False,15.27610370971235
2302500.0,-1427500.0,1500,-55.72953382207107,False,False,15.300127293271755
2307500.0,-1427500.0,1500,-60.2371095064664,False,False,15.318769352751435
2312500.0,-1427500.0,1500,-64.64799299855147,False,False,15.331688542205548
2317500.0,-1427500.0,1500,-69.17165628916952,False,False,15.338811740168092
2322500.0,-1427500.0,1500,-72.99885153989243,False,False,15.340306638801087
2327500.0,-1427500.0,1500,-74.87902679960334,False,False,15.337260472892092
2332500.0,-1427500.0,1500,-74.14813738666095,False,False,15.331363835508911
2337500.0,-1427500.0,1500,-72.13790566775027,False,False,15.324479203781982
2342500.0,-1427500.0,1500,-70.39302345505364,False,False,15.318040672808863
2347500.0,-1427500.0,1500,-67.77598720343796,False,False,15.312609609180276
2352500.0,-1427500.0,1500,-64.10512074017394,False,False,15.30757697505893
2357500.0,-1427500.0,1500,-58.30564388268091,False,False,15.301026778846108
2362500.0,-1427500.0,1500,-49.57499420664052,False,False,15.28996562873144
2367500.0,-1427500.0,1500,-40.70638871613247,False,False,15.270827718089643
2372500.0,-1427500.0,1500,-32.98327765805687,False,False,15.240360936412346
2377500.0,-1427500.0,1500,-28.555299185569122,False,False,15.197659350567012
2052500.0,-1422500.0,1500,20.17425065268438,False,False,9.271006838989988
2057500.0,-1422500.0,1500,23.686356214296815,False,False,7.268818504261061
2062500.0,-1422500.0,1500,27.71703135131108,False,False,4.637019181550176
2067500.0,-1422500.0,1500,29.98010352549915,False,False,4.524162503839864
2072500.0,-1422500.0,1500,28.5527073023394,False,False,7.230870051749255
2077500.0,-1422500.0,1500,26.54653973072515,False,False,9.637204679441435
2082500.0,-1422500.0,1500,26.595202294097838,False,False,11.021857443992543
2087500.0,-1422500.0,1500,27.51420264845562,False,False,11.767184457766154
2092500.0,-1422500.0,1500,27.965818638221553,False,False,12.13056594702915
2097500.0,-1422500.0,1500,27.568689704235457,False,False,12.214549229518141
2102500.0,-1422500.0,1500,26.40337847784302,False,False,11.97394377231406
2107500.0,-1422500.0,1500,24.182919604698384,False,False,11.247434945054092
2112500.0,-1422500.0,1500,20.187225080669947,False,False,9.71502624371122
2117500.0,-1422500.0,1500,12.130290374861914,False,False,7.006605750478657
2122500.0,-1422500.0,1500,3.2927098344514185,False,False,5.14013750459753
2127500.0,-1422500.0,1500,-0.8197859415395905,False,False,6.926774107881612
2132500.0,-1422500.0,1500,-6.4877667951903115,False,False,10.448377603493675
2137500.0,-1422500.0,1500,-13.504394563876117,False,True,12.756291752267968
2142500.0,-1422500.0,1500,-14.165281510878254,False,True,13.834267170186031
2147500.0,-1422500.0,1500,-15.40843933051008,False,False,14.292353734664069
2152500.0,-1422500.0,1500,-21.706084099919142,False,False,14.431173797806533
2157500.0,-1422500.0,1500,-28.33900038206906,False,False,14.29441454940045
2162500.0,-1422500.0,1500,-37.14136097033351,False,False,13.789365176125965
2167500.0,-1422500.0,1500,-47.71097287932144,False,False,12.542249821640356
2172500.0,-1422500.0,1500,-50.08111825837288,False,False,9.736513666051398
2177500.0,-1422500.0,1500,-46.1546406176168,False,False,6.201454081030874
2182500.0,-1422500.0,1500,-43.8629633053677,False,False,7.4361142093084
2187500.0,-1422500.0,1500,-41.31815784022087,False,False,11.508976293534822
2192500.0,-1422500.0,1500,-38.390889075311925,False,False,13.255785631494653
2197500.0,-1422500.0,1500,-34.834576587997766,False,False,13.893040471196906
2202500.0,-1422500.0,1500,-31.043406647528307,False,False,13.79820034119527
2207500.0,-1422500.0,1500,-27.74399985332239,False,False,12.871832455054955
2212500.0,-1422500.0,1500,-24.73769140183936,False,False,10.566303691026086
2217500.0,-1422500.0,1500,-21.58932252981683,False,False,6.329479434395552
2222500.0,-1422500.0,1500,-20.55436565649873,False,False,6.652569520660861
2227500.0,-1422500.0,1500,-21.47558334502684,False,False,11.066632288527199
2232500.0,-1422500.0,1500,-22.59319876105093,False,False,13.207249447837746
2237500.0,-1422500.0,1500,-23.908258735835734,False,False,14.218406328087763
2242500.0,-1422500.0,1500,-24.62082900073686,False,False,14.685133973637726
2247500.0,-1422500.0,1500,-29.066553063352977,False,False,14.907840661129097
2252500.0,-1422500.0,1500,-33.62880186163654,False,False,15.010579745181552
2257500.0,-1422500.0,1500,-26.53257711928325,False,False,15.05189246140922
2262500.0,-1422500.0,1500,-10.18822196632386,False,False,15.068648458550486
2267500.0,-1422500.0,1500,6.0456313753697755,False,False,15.081672480598886
2272500.0,-1422500.0,1500,23.458788411736617,False,False,15.101386331570108
2277500.0,-1422500.0,1500,39.336915879923964,False,False,15.129365290691101
2282500.0,-1422500.0,1500,38.62688927389642,False,False,15.162895007148672
2287500.0,-1422500.0,1500,14.662695417925317,False,False,15.198694972036774
2292500.0,-1422500.0,1500,-17.302313894349197,False,False,15.232766342396335
2297500.0,-1422500.0,1500,-39.98284745084219,False,False,15.262886900849331
2302500.0,-1422500.0,1500,-51.23070780041935,False,False,15.288252055800745
2307500.0,-1422500.0,1500,-57.19791515131318,False,False,15.308047387178847
2312500.0,-1422500.0,1500,-63.18972802457846,False,False,15.322100776675711
2317500.0,-1422500.0,1500,-68.09124242469301,False,False,15.33021849126203
2322500.0,-1422500.0,1500,-71.09906392894543,False,False,15.332520594003649
2327500.0,-1422500.0,1500,-73.07030421497754,False,False,15.330211804585156
2332500.0,-1422500.0,1500,-73.08946379049556,False,False,15.32500079254873
2337500.0,-1422500.0,1500,-71.5471877709318,False,False,15.31877850499742
2342500.0,-1422500.0,1500,-70.16614614286955,False,False,15.313028287758902
2347500.0,-1422500.0,1500,-67.94083904814961,False,False,15.30805223884726
2352500.0,-1422500.0,1500,-63.403741366024235,False,False,15.302529581459792
2357500.0,-1422500.0,1500,-55.664846807293586,False,False,15.293173879733452
2362500.0,-1422500.0,1500,-45.85539887141393,False,False,15.274949758991749
2367500.0,-1422500.0,1500,-38.15231174567577,False,False,15.241112599908321
2372500.0,-1422500.0,1500,-33.288407098393016,False,False,15.18457691018305
2377500.0,-1422500.0,1500,-30.6748518467328,False,False,15.1000188499008
2052500.0,-1417500.0,1500,20.04501142489302,False,False,9.814639404407778
2057500.0,-1417500.0,1500,23.782244070116118,False,False,8.526208638864455
2062500.0,-1417500.0,1500,26.942274829090405,False,False,6.080114605194877
2067500.0,-1417500.0,1500,28.928154598746545,False,False,4.259447137777175
2072500.0,-1417500.0,1500,29.24309445268334,False,False,5.571908583109483
2077500.0,-1417500.0,1500,27.90468789066094,False,False,8.372731175474435
2082500.0,-1417500.0,1500,27.701691202147256,False,False,10.267157428490059
2087500.0,-1417500.0,1500,28.725414934179177,False,False,11.34843562428088
2092500.0,-1417500.0,1500,29.324379081692364,False,False,11.926267199782968
2097500.0,-1417500.0,1500,29.04274294003812,False,False,12.17851994741196
2102500.0,-1417500.0,1500,27.970790928747583,False,False,12.13763633241603
2107500.0,-1417500.0,1500,24.65242059036743,False,False,11.740705180414515
2112500.0,-1417500.0,1500,20.35297929824514,False,False,10.748485489251081
2117500.0,-1417500.0,1500,15.758530445918636,False,False,8.789209868245829
2122500.0,-1417500.0,1500,10.117688148909727,False,False,6.072374716680701
2127500.0,-1417500.0,1500,5.007041292708854,False,False,5.75046932531291
2132500.0,-1417500.0,1500,-2.599556025693568,False,True,8.881889487791007
2137500.0,-1417500.0,1500,-9.467313981695776,False,True,11.844549134911826
2142500.0,-1417500.0,1500,-9.149598873111684,False,True,13.2896916635528
2147500.0,-1417500.0,1500,-10.647083475360718,False,True,13.98202679837782
2152500.0,-1417500.0,1500,-17.837741394602904,False,True,14.221761204951784
2157500.0,-1417500.0,1500,-25.09683391892413,False,False,14.10123655284766
2162500.0,-1417500.0,1500,-33.889908862412945,False,False,13.51587171521612
2167500.0,-1417500.0,1500,-42.41837361125636,False,False,12.039634693704071
2172500.0,-1417500.0,1500,-43.93163891272611,False,False,8.57953187008286
2177500.0,-1417500.0,1500,-42.31144200772668,False,False,6.218748561697124
2182500.0,-1417500.0,1500,-43.06870463342245,False,False,8.662244022977383
2187500.0,-1417500.0,1500,-42.05449764950173,False,False,12.077698418863438
2192500.0,-1417500.0,1500,-38.58031968634867,False,False,13.51874410674865
2197500.0,-1417500.0,1500,-34.01111929921425,False,False,14.021508335748223
2202500.0,-1417500.0,1500,-28.957353942849714,False,False,13.923913837334183
2207500.0,-1417500.0,1500,-25.00976770546382,False,False,13.124860073750463
2212500.0,-1417500.0,1500,-23.5856416727304,False,False,11.141851407049622
2217500.0,-1417500.0,1500,-23.312643105550983,False,False,6.789239188487611
2222500.0,-1417500.0,1500,-23.88630303675263,False,False,6.294757927847721
2227500.0,-1417500.0,1500,-25.11947807720769,False,False,10.452679874140932
2232500.0,-1417500.0,1500,-26.202945565956558,False,False,12.926560846576711
2237500.0,-1417500.0,1500,-27.212547760084906,False,False,14.083168271990582
2242500.0,-1417500.0,1500,-27.601795643100353,False,False,14.608692951300997
2247500.0,-1417500.0,1500,-31.332489950646867,False,False,14.861059906503971
2252500.0,-1417500.0,1500,-36.39532250761951,False,False,14.97846278547243
2257500.0,-1417500.0,1500,-32.663475124627034,False,False,15.026915938269262
2262500.0,-1417500.0,1500,-18.502356098954092,False,False,15.047067902076057
2267500.0,-1417500.0,1500,0.4085679546476775,False,False,15.061600395177669
2272500.0,-1417500.0,1500,22.61332308123724,False,False,15.081809896959294
2277500.0,-1417500.0,1500,41.43824879491035,False,False,15.11011205449308
2282500.0,-1417500.0,1500,45.91502620504287,False,False,15.144547091667576
2287500.0,-1417500.0,1500,28.018783869191587,False,False,15.181394657607163
2292500.0,-1417500.0,1500,-2.4284628438498954,False,False,15.216705698570523
2297500.0,-1417500.0,1500,-26.85009691821572,False,False,15.248457199240393
2302500.0,-1417500.0,1500,-41.641504081815086,False,False,15.27537466708743
2307500.0,-1417500.0,1500,-50.67033704977028,False,False,15.296490895070216
2312500.0,-1417500.0,1500,-59.02316663221922,False,False,15.311735233073147
2317500.0,-1417500.0,1500,-65.29529780086763,False,False,15.320953240848892
2322500.0,-1417500.0,1500,-69.08785638118975,False,False,15.324223594047957
2327500.0,-1417500.0,1500,-71.43923877953037,False,False,15.322812913147189
2332500.0,-1417500.0,1500,-71.29106262820304,False,False,15.31848143331829
2337500.0,-1417500.0,1500,-70.29207308819237,False,False,15.313127370681698
2342500.0,-1417500.0,1500,-69.92100472870433,False,False,15.308163087131454
2347500.0,-1417500.0,1500,-68.55087907205898,False,False,15.303512401584648
2352500.0,-1417500.0,1500,-63.46229925830006,False,False,15.296931319557709
2357500.0,-1417500.0,1500,-54.45112611004166,False,False,15.283164861149293
2362500.0,-1417500.0,1500,-44.35361354277481,False,False,15.254234674260157
2367500.0,-1417500.0,1500,-37.23768202893669,False,False,15.198342994071549
2372500.0,-1417500.0,1500,-33.51710302940107,False,False,15.098826382416895
2377500.0,-1417500.0,1500,-31.41180038047863,False,False,14.936739527756002
2052500.0,-1412500.0,1500,18.049643461413055,False,False,10.057481728961571
2057500.0,-1412500.0,1500,21.944115837956403,False,False,9.376797237920117
2062500.0,-1412500.0,1500,24.40392880186463,False,False,7.664949550750119
2067500.0,-1412500.0,1500,26.48952575524545,False,False,5.158875907470448
2072500.0,-1412500.0,1500,27.673655427069388,False,False,4.5296562896709895
2077500.0,-1412500.0,1500,26.403111095361865,False,False,6.773798792501726
2082500.0,-1412500.0,1500,26.62620305367134,False,False,9.255935284049105
2087500.0,-1412500.0,1500,28.080680520266412,False,False,10.784782345201046
2092500.0,-1412500.0,1500,29.228752905147584,False,False,11.637173835614128
2097500.0,-1412500.0,1500,29.918520088603884,False,False,12.069395048219782
2102500.0,-1412500.0,1500,29.8870204855133,False,False,12.193901685792053
2107500.0,-1412500.0,1500,28.109937981715152,False,False,12.017297626855129
2112500.0,-1412500.0,1500,26.113870887983524,False,False,11.409301414832905
2117500.0,-1412500.0,1500,24.590555825119473,False,False,10.135975492505166
2122500.0,-1412500.0,1500,21.05156408424373,False,False,7.896295094281269
2127500.0,-1412500.0,1500,15.120020358698365,False,True,5.760629975866653
2132500.0,-1412500.0,1500,5.899091201118652,False,True,6.927883697171398
2137500.0,-1412500.0,1500,-3.4154388115130687,False,True,10.301903460763622
2142500.0,-1412500.0,1500,-6.383387033154983,False,True,12.500167457733502
2147500.0,-1412500.0,1500,-7.879934825670357,False,True,13.531597194685894
2152500.0,-1412500.0,1500,-13.82745368583706,False,True,13.920259637163284
2157500.0,-1412500.0,1500,-21.236571414767326,False,True,13.841082771915772
2162500.0,-1412500.0,1500,-28.573808241772007,False,False,13.167573771180072
2167500.0,-1412500.0,1500,-34.56928971203798,False,False,11.425334023164048
2172500.0,-1412500.0,1500,-36.702522712684726,False,False,7.355053958007366
2177500.0,-1412500.0,1500,-37.80433975166545,False,False,6.203639258871741
2182500.0,-1412500.0,1500,-40.5972677872954,False,False,9.778560385928621
2187500.0,-1412500.0,1500,-40.93077006455728,False,False,12.505704074993325
2192500.0,-1412500.0,1500,-37.79011783452253,False,False,13.676521669147657
2197500.0,-1412500.0,1500,-32.64268153708627,False,False,14.064155280683682
2202500.0,-1412500.0,1500,-26.387515824292564,False,False,13.96657140266993
2207500.0,-1412500.0,1500,-21.107991814409473,False,False,13.296456782266004
2212500.0,-1412500.0,1500,-20.71223179169641,False,False,11.59808465115853
2217500.0,-1412500.0,1500,-24.555155624959255,False,False,7.571475485052851
2222500.0,-1412500.0,1500,-27.559429447324955,False,False,6.248087751391904
2227500.0,-1412500.0,1500,-26.970405185882885,False,False,9.728164781287608
2232500.0,-1412500.0,1500,-21.863978276329384,False,False,12.610714914629149
2237500.0,-1412500.0,1500,-17.566902613678984,False,False,13.927691587726223
2242500.0,-1412500.0,1500,-19.94301689270625,False,False,14.523282089973849
2247500.0,-1412500.0,1500,-26.370031204794685,False,False,14.809349661891144
2252500.0,-1412500.0,1500,-31.276892156622562,False,False,14.942755626212818
2257500.0,-1412500.0,1500,-28.779172176526515,False,False,14.99990231203289
2262500.0,-1412500.0,1500,-16.79369500672945,False,False,15.02433288989562
2267500.0,-1412500.0,1500,0.26782978686143283,False,False,15.040810397516964
2272500.0,-1412500.0,1500,21.56856381304811,False,False,15.061570906652827
2277500.0,-1412500.0,1500,41.21689109218236,False,False,15.090094435775281
2282500.0,-1412500.0,1500,48.37592586442113,False,False,15.125204414866062
2287500.0,-1412500.0,1500,37.29352566763804,False,False,15.162919573219583
2292500.0,-1412500.0,1500,14.077737672565311,False,False,15.199637099779983
2297500.0,-1412500.0,1500,-9.32696559828283,False,False,15.233147342798187
2302500.0,-1412500.0,1500,-27.99214605796235,False,False,15.261556222598873
2307500.0,-1412500.0,1500,-41.22067034260475,False,False,15.284078341517183
2312500.0,-1412500.0,1500,-52.308954594154685,False,False,15.300678733070509
2317500.0,-1412500.0,1500,-61.68406794370509,False,False,15.311088079051645
2322500.0,-1412500.0,1500,-67.59365081361922,False,False,15.315478895799748
2327500.0,-1412500.0,1500,-68.97133611370701,False,False,15.315096243203387
2332500.0,-1412500.0,1500,-67.56372074528124,False,False,15.311770254451881
2337500.0,-1412500.0,1500,-67.28290835003621,False,False,15.307406598159094
2342500.0,-1412500.0,1500,-68.5839099939979,False,False,15.303284034868662
2347500.0,-1412500.0,1500,-68.33649066177209,False,False,15.298806720097955
2352500.0,-1412500.0,1500,-63.59236060233772,False,False,15.290684010336307
2357500.0,-1412500.0,1500,-55.07520196623536,False,False,15.271522618513487
2362500.0,-1412500.0,1500,-45.693953756559914,False,False,15.22903074565635
2367500.0,-1412500.0,1500,-38.60370305411872,False,False,15.144779179919023
2372500.0,-1412500.0,1500,-34.10019180203663,False,False,14.984213249868558
2377500.0,-1412500.0,1500,-31.696801130309673,False,False,14.689766235785712
2052500.0,-1407500.0,1500,15.772408236247532,False,False,10.015467962514823
2057500.0,-1407500.0,1500,20.576562525340584,False,False,9.858802344608288
2062500.0,-1407500.0,1500,24.054165290360597,False,False,8.800421176763505
2067500.0,-1407500.0,1500,26.252052301055784,False,False,6.638434458767998
2072500.0,-1407500.0,1500,26.110320756086118,False,False,4.517006107546393
2077500.0,-1407500.0,1500,24.658043818525886,False,False,5.197775599753403
2082500.0,-1407500.0,1500,25.557557109266575,False,False,7.9223964404696146
2087500.0,-1407500.0,1500,27.33854329407408,False,False,10.011775759331183
2092500.0,-1407500.0,1500,29.899848543053288,False,False,11.21660197605512
2097500.0,-1407500.0,1500,32.16426758567074,False,False,11.862177026623105
2102500.0,-1407500.0,1500,33.423430412160265,False,False,12.146489095896271
2107500.0,-1407500.0,1500,32.86860761228807,False,False,12.140656249662767
2112500.0,-1407500.0,1500,32.59160990509348,False,False,11.785893589571465
2117500.0,-1407500.0,1500,33.440052584047365,False,False,10.954264205145387
2122500.0,-1407500.0,1500,30.45924846429298,False,False,9.405906724976
2127500.0,-1407500.0,1500,23.303447749565343,False,True,6.769556292701512
2132500.0,-1407500.0,1500,15.28804235692232,False,True,5.613705922951948
2137500.0,-1407500.0,1500,4.554916193180892,False,True,8.221781369310452
2142500.0,-1407500.0,1500,-4.561110634931809,False,True,11.367819466741247
2147500.0,-1407500.0,1500,-7.050536944606276,False,True,12.847911427837559
2152500.0,-1407500.0,1500,-10.047718730754216,False,True,13.451764245873619
2157500.0,-1407500.0,1500,-16.888821367507695,False,True,13.454409755876142
2162500.0,-1407500.0,1500,-24.29480894585181,False,False,12.718449410597744
2167500.0,-1407500.0,1500,-29.9182121413491,False,False,10.689186667428993
2172500.0,-1407500.0,1500,-33.417801184709695,False,False,6.634463877271623
2177500.0,-1407500.0,1500,-36.231456671247905,False,False,6.596270736464664
2182500.0,-1407500.0,1500,-39.76501153704417,False,False,10.65123981654774
2187500.0,-1407500.0,1500,-40.83657750048807,False,False,12.778392680739152
2192500.0,-1407500.0,1500,-37.4013960418687,False,False,13.67771355756668
2197500.0,-1407500.0,1500,-30.57762145885951,False,False,13.95160484055941
2202500.0,-1407500.0,1500,-21.99519567293476,False,False,13.854188497660543
2207500.0,-1407500.0,1500,-12.175924607538457,False,False,13.323741368445328
2212500.0,-1407500.0,1500,-11.370749974896084,False,False,11.913658688309514
2217500.0,-1407500.0,1500,-21.30285282290381,False,False,8.445995869279876
2222500.0,-1407500.0,1500,-28.879387384429254,False,False,6.2741019221661976
2227500.0,-1407500.0,1500,-27.894817629262334,False,False,8.887954573545901
2232500.0,-1407500.0,1500,-14.002738281166803,False,False,12.252965156954593
2237500.0,-1407500.0,1500,0.6884027860361124,False,False,13.748223818003899
2242500.0,-1407500.0,1500,0.29221433864045543,False,False,14.428935486994389
2247500.0,-1407500.0,1500,-6.932922016137025,False,False,14.753516390530176
2252500.0,-1407500.0,1500,-10.960235693550626,False,False,14.904630975388997
2257500.0,-1407500.0,1500,-9.475275823613673,False,False,14.971861138802723
2262500.0,-1407500.0,1500,-2.8661584491575502,False,False,15.001448221971732
2267500.0,-1407500.0,1500,6.370063145863399,False,False,15.020067925973652
2272500.0,-1407500.0,1500,21.19822361273974,False,False,15.041502266293897
2277500.0,-1407500.0,1500,38.269987555714934,False,False,15.0702820477394
2282500.0,-1407500.0,1500,44.80507315286075,False,False,15.105895786812559
2287500.0,-1407500.0,1500,39.76769069613533,False,False,15.144381904369013
2292500.0,-1407500.0,1500,28.49184999523189,False,False,15.182272181572735
2297500.0,-1407500.0,1500,11.301112627745407,False,False,15.217114919760771
2302500.0,-1407500.0,1500,-9.27188751736622,False,False,15.246890552682691
2307500.0,-1407500.0,1500,-28.575584896364596,False,False,15.27096846501329
2312500.0,-1407500.0,1500,-45.18117911995838,False,False,15.288997550360376
2317500.0,-1407500.0,1500,-58.56815382406933,False,False,15.300656373191611
2322500.0,-1407500.0,1500,-65.75173572467997,False,False,15.306336036883168
2327500.0,-1407500.0,1500,-66.10022134747261,False,False,15.3070756227787
2332500.0,-1407500.0,1500,-64.33564727680144,False,False,15.304813196899447
2337500.0,-1407500.0,1500,-64.82090155951548,False,False,15.301515993342962
2342500.0,-1407500.0,1500,-67.19288023746147,False,False,15.298224750173377
2347500.0,-1407500.0,1500,-67.70424988482239,False,False,15.293857798277166
2352500.0,-1407500.0,1500,-63.70317332375746,False,False,15.284018731817469
2357500.0,-1407500.0,1500,-56.52124246077923,False,False,15.259371313070755
2362500.0,-1407500.0,1500,-49.03180344089134,False,False,15.202848671856065
2367500.0,-1407500.0,1500,-43.160784973486074,False,False,15.087808227537575
2372500.0,-1407500.0,1500,-38.41434126495402,False,False,14.858822608350092
2377500.0,-1407500.0,1500,-35.493624346908376,False,False,14.39187713094925
2052500.0,-1402500.0,1500,13.381925010785622,False,False,9.695696067781245
2057500.0,-1402500.0,1500,19.842380759220394,False,False,10.031559680014356
2062500.0,-1402500.0,1500,25.561356629252536,False,False,9.530062193808067
2067500.0,-1402500.0,1500,28.9368671480073,False,False,8.03617742793153
2072500.0,-1402500.0,1500,29.053950162574488,False,False,5.546272374993917
2077500.0,-1402500.0,1500,28.254209889786,False,False,4.410457731766405
2082500.0,-1402500.0,1500,27.986091197036775,False,False,6.311329315886858
2087500.0,-1402500.0,1500,28.40850344573117,False,False,8.950309661490454
2092500.0,-1402500.0,1500,31.691048761960054,False,False,10.612152116815896
2097500.0,-1402500.0,1500,35.73471717912698,False,False,11.530007156945784
2102500.0,-1402500.0,1500,38.1472533608946,False,False,11.9904605485895
2107500.0,-1402500.0,1500,37.24131804080714,False,False,12.14000138226681
2112500.0,-1402500.0,1500,36.0410147954907,False,False,11.973058470203627
2117500.0,-1402500.0,1500,36.73302583640694,False,False,11.42517793165742
2122500.0,-1402500.0,1500,34.19570155997605,False,True,10.332877482136583
2127500.0,-1402500.0,1500,26.871296273704953,False,True,8.254341516665235
2132500.0,-1402500.0,1500,20.585010706191103,False,True,5.678256268568569
2137500.0,-1402500.0,1500,13.480052068510497,False,True,6.209755480207955
2142500.0,-1402500.0,1500,2.0547115961398017,True,True,9.558382535217492
2147500.0,-1402500.0,1500,-4.881818479328055,False,True,11.775265358248504
2152500.0,-1402500.0,1500,-6.4635042445160265,False,True,12.623196012433292
2157500.0,-1402500.0,1500,-12.42988030642405,False,True,12.803257384507694
2162500.0,-1402500.0,1500,-21.697297488939064,False,True,12.10839374680516
2167500.0,-1402500.0,1500,-28.96851262290725,False,False,9.761447213585122
2172500.0,-1402500.0,1500,-34.23174097265982,False,False,6.475466110272371
2177500.0,-1402500.0,1500,-37.70248437264052,False,False,7.490223788429022
2182500.0,-1402500.0,1500,-41.11420139425133,False,False,11.21654255075897
2187500.0,-1402500.0,1500,-41.70693986860591,False,False,12.796803065534167
2192500.0,-1402500.0,1500,-36.094630573123816,False,False,13.389328804876957
2197500.0,-1402500.0,1500,-27.053370881718156,False,False,13.51804240342707
2202500.0,-1402500.0,1500,-16.721252540239334,False,False,13.411947090328933
2207500.0,-1402500.0,1500,-3.6733819301380035,False,False,13.057024242760653
2212500.0,-1402500.0,1500,-2.2463092732156573,False,False,12.008305750518053
2217500.0,-1402500.0,1500,-16.082199640871988,False,False,9.215343170775695
2222500.0,-1402500.0,1500,-27.247187735439336,False,False,6.2337689668723275
2227500.0,-1402500.0,1500,-26.189470860518202,False,False,7.965315460437321
2232500.0,-1402500.0,1500,-8.894548246511416,False,False,11.842269865895496
2237500.0,-1402500.0,1500,10.217043726354717,False,False,13.541483604921822
2242500.0,-1402500.0,1500,15.327379667056713,False,False,14.32544480112302
2247500.0,-1402500.0,1500,13.714929025666766,False,False,14.693641571572233
2252500.0,-1402500.0,1500,13.259441029381929,False,False,14.86542882780058
2257500.0,-1402500.0,1500,13.23782483184117,False,False,14.944742192587299
2262500.0,-1402500.0,1500,12.007719936611192,False,False,14.980394334475774
2267500.0,-1402500.0,1500,12.82989766488316,False,False,15.001411588086029
2272500.0,-1402500.0,1500,19.654042099898838,False,False,15.023625396323176
2277500.0,-1402500.0,1500,29.705661980861013,False,False,15.052500112175114
2282500.0,-1402500.0,1500,35.34111428447754,False,False,15.088011847163937
2287500.0,-1402500.0,1500,36.062529547938254,False,False,15.126650917396514
2292500.0,-1402500.0,1500,34.84798734404384,False,False,15.16521174409842
2297500.0,-1402500.0,1500,27.481429334306373,False,False,15.201055411017016
2302500.0,-1402500.0,1500,9.606871256848255,False,False,15.232052529121129
2307500.0,-1402500.0,1500,-15.365804940963303,False,False,15.25748384011223
2312500.0,-1402500.0,1500,-38.35653991666163,False,False,15.276828364051585
2317500.0,-1402500.0,1500,-54.7907647544655,False,False,15.289815424289557
2322500.0,-1402500.0,1500,-63.32894500913821,False,False,15.296792171953754
2327500.0,-1402500.0,1500,-65.31987057229492,False,False,15.298741886030749
2332500.0,-1402500.0,1500,-64.93748748342455,False,False,15.297581973183089
2337500.0,-1402500.0,1500,-65.19472057349172,False,False,15.295343773549918
2342500.0,-1402500.0,1500,-67.02628775232255,False,False,15.292859349192112
2347500.0,-1402500.0,1500,-67.95088418157621,False,False,15.28861448910033
2352500.0,-1402500.0,1500,-64.73677001602734,False,False,15.27734554892325
2357500.0,-1402500.0,1500,-58.64043035892407,False,False,15.248023779626685
2362500.0,-1402500.0,1500,-53.00383756113806,False,False,15.179587505989176
2367500.0,-1402500.0,1500,-48.384576361370144,False,False,15.038481848773978
2372500.0,-1402500.0,1500,-44.41897953761888,False,False,14.752206572232067
2377500.0,-1402500.0,1500,-41.76430415451006,False,False,14.141070673792782
2052500.0,-1397500.0,1500,12.371561986586837,False,False,9.062656355690427
2057500.0,-1397500.0,1500,20.20169655216788,False,False,9.917341109946129
2062500.0,-1397500.0,1500,29.04631329290239,False,False,9.920275077136893
2067500.0,-1397500.0,1500,34.41180708663327,False,False,9.035509675375186
2072500.0,-1397500.0,1500,35.62950798549881,False,False,7.048769193550607
2077500.0,-1397500.0,1500,35.1611064542097,False,False,4.676228521139705
2082500.0,-1397500.0,1500,31.741695903652143,False,False,4.864514383385973
2087500.0,-1397500.0,1500,29.40405384403423,False,False,7.529813064296231
2092500.0,-1397500.0,1500,33.449749228908246,False,False,9.764403829793832
2097500.0,-1397500.0,1500,40.47136895128725,False,False,11.042596451269482
2102500.0,-1397500.0,1500,44.46463357874575,False,False,11.713064860994777
2107500.0,-1397500.0,1500,42.667965646158954,False,False,11.992843321285044
2112500.0,-1397500.0,1500,38.71150733196445,False,False,11.948087825887912
2117500.0,-1397500.0,1500,37.09578013814469,False,False,11.551995689125647
2122500.0,-1397500.0,1500,35.38458719952468,False,False,10.710595325155875
2127500.0,-1397500.0,1500,28.97903770969777,False,True,9.223237442715
2132500.0,-1397500.0,1500,22.89693613489428,False,True,6.740270716638891
2137500.0,-1397500.0,1500,18.286337595261205,False,True,5.454087010463216
2142500.0,-1397500.0,1500,8.527425402155457,False,True,7.632138179364555
2147500.0,-1397500.0,1500,-0.1538198935263062,False,True,10.095306274959711
2152500.0,-1397500.0,1500,-2.3855555549089877,False,True,11.006876790530214
2157500.0,-1397500.0,1500,-8.977695852248761,False,True,11.576800848344154
2162500.0,-1397500.0,1500,-20.582468578192096,False,False,11.210230897982816
2167500.0,-1397500.0,1500,-30.37101884820159,False,False,8.595399861696146
2172500.0,-1397500.0,1500,-37.82651549646184,False,False,6.4117292296548865
2177500.0,-1397500.0,1500,-41.58618245630472,False,False,8.39824119065895
2182500.0,-1397500.0,1500,-43.39864453008758,False,False,11.297691520181148
2187500.0,-1397500.0,1500,-41.43608587363637,False,False,12.28245717010912
2192500.0,-1397500.0,1500,-32.893753787888556,False,False,12.475804742801959
2197500.0,-1397500.0,1500,-22.37168069331264,False,False,12.351048527888775
2202500.0,-1397500.0,1500,-12.917498567799136,False,False,12.182326671717924
2207500.0,-1397500.0,1500,-3.7065283197446472,False,False,12.103228008892057
2212500.0,-1397500.0,1500,-2.9103251762197315,False,False,11.663937657215232
2217500.0,-1397500.0,1500,-13.254945944733718,False,False,9.721966007581846
2222500.0,-1397500.0,1500,-23.17342406402564,False,False,6.098716904063383
2227500.0,-1397500.0,1500,-22.06873238295929,False,False,7.018755479767636
2232500.0,-1397500.0,1500,-7.974820779462792,False,False,11.36268707608451
2237500.0,-1397500.0,1500,7.805263403298631,False,False,13.306098653220548
2242500.0,-1397500.0,1500,15.599523322919323,False,False,14.212809314276242
2247500.0,-1397500.0,1500,18.651540559913474,False,False,14.629923361406185
2252500.0,-1397500.0,1500,21.375540005721803,False,False,14.826049151969132
2257500.0,-1397500.0,1500,21.06756520082044,False,False,14.91913079143088
2262500.0,-1397500.0,1500,16.206260001667506,False,False,14.961761087325486
2267500.0,-1397500.0,1500,13.65625101131459,False,False,14.985785918534322
2272500.0,-1397500.0,1500,14.84132766857011,False,False,15.008748105555606
2277500.0,-1397500.0,1500,18.053752747618507,False,False,15.037386294437665
2282500.0,-1397500.0,1500,23.943749753265852,False,False,15.072220905310733
2287500.0,-1397500.0,1500,29.547741836967187,False,False,15.110618770551167
2292500.0,-1397500.0,1500,33.74586590857226,False,False,15.14957578283877
2297500.0,-1397500.0,1500,33.50344167977394,False,False,15.18588133716731
2302500.0,-1397500.0,1500,19.64849225116095,False,False,15.217620154211032
2307500.0,-1397500.0,1500,-7.091118181508004,False,False,15.244102807370233
2312500.0,-1397500.0,1500,-32.55398820115601,False,False,15.264507236827635
2317500.0,-1397500.0,1500,-50.595584145433435,False,False,15.278699880823304
2322500.0,-1397500.0,1500,-61.77459764756303,False,False,15.286917179088384
2327500.0,-1397500.0,1500,-66.72689101499914,False,False,15.29002294402984
2332500.0,-1397500.0,1500,-67.77155711893586,False,False,15.290042419858933
2337500.0,-1397500.0,1500,-67.14589670513885,False,False,15.288768278403548
2342500.0,-1397500.0,1500,-67.66526091824542,False,False,15.28706014595256
2347500.0,-1397500.0,1500,-68.61262828502174,False,False,15.283042270025174
2352500.0,-1397500.0,1500,-65.79908671011134,False,False,15.27091373297623
2357500.0,-1397500.0,1500,-59.9662499057867,False,False,15.238451385009467
2362500.0,-1397500.0,1500,-54.746544674478315,False,False,15.161946116476894
2367500.0,-1397500.0,1500,-50.20940669791101,False,False,15.00445068611879
2372500.0,-1397500.0,1500,-46.71615164823693,False,False,14.683701618409998
2377500.0,-1397500.0,1500,-44.40345427643204,False,False,14.00223307081974
2052500.0,-1392500.0,1500,16.451963816804536,False,False,8.06499509169099
2057500.0,-1392500.0,1500,23.03919895861085,False,False,9.504965904208575
2062500.0,-1392500.0,1500,32.3773205646021,False,False,10.006688250621698
2067500.0,-1392500.0,1500,38.40496349378374,False,False,9.65590255468378
2072500.0,-1392500.0,1500,39.82237059993222,False,False,8.324866381529693
2077500.0,-1392500.0,1500,39.259844630088175,False,False,5.879610024086278
2082500.0,-1392500.0,1500,35.73683182636637,False,False,4.33845915780253
2087500.0,-1392500.0,1500,32.996462359737464,False,False,5.89217005786199
2092500.0,-1392500.0,1500,37.012343566934,False,False,8.600554208258028
2097500.0,-1392500.0,1500,45.90906322702506,False,False,10.357457956390649
2102500.0,-1392500.0,1500,50.6577653797186,False,False,11.310425335215065
2107500.0,-1392500.0,1500,47.221274644217424,False,False,11.724570258717995
2112500.0,-1392500.0,1500,41.803933497816246,False,False,11.724991206967996
2117500.0,-1392500.0,1500,40.03571830142644,False,False,11.26357855481384
2122500.0,-1392500.0,1500,37.701099346012306,False,False,10.32026730326583
2127500.0,-1392500.0,1500,33.14077124865705,False,True,8.909528441915906
2132500.0,-1392500.0,1500,29.14277171706015,False,True,7.050493539010989
2137500.0,-1392500.0,1500,22.51056960071565,False,True,5.676704501487539
2142500.0,-1392500.0,1500,12.937683541338629,False,True,6.181065475571259
2147500.0,-1392500.0,1500,5.8254554287863956,False,True,7.150299999142158
2152500.0,-1392500.0,1500,1.546605031750827,False,True,7.900812613254848
2157500.0,-1392500.0,1500,-7.156388434625163,False,True,9.403367909446224
2162500.0,-1392500.0,1500,-20.245754494252456,False,False,9.92868770591673
2167500.0,-1392500.0,1500,-33.022846098430364,False,False,7.30727431401642
2172500.0,-1392500.0,1500,-42.137550059737976,False,False,6.234561474203527
2177500.0,-1392500.0,1500,-45.966365252677626,False,False,8.762151275937095
2182500.0,-1392500.0,1500,-45.67965855497312,False,False,10.416387308059528
2187500.0,-1392500.0,1500,-39.44104034041144,False,False,10.658605508765099
2192500.0,-1392500.0,1500,-27.561961323156325,False,False,10.321037065692702
2197500.0,-1392500.0,1500,-16.13413474660803,False,False,9.746038813909546
2202500.0,-1392500.0,1500,-8.740442423025426,False,False,9.356307000485398
2207500.0,-1392500.0,1500,-5.1694641457880905,False,False,9.824062752392916
2212500.0,-1392500.0,1500,-5.8809957998787645,False,False,10.577440775630714
2217500.0,-1392500.0,1500,-10.778460663610636,False,False,9.849249814529857
2222500.0,-1392500.0,1500,-15.756389900839963,False,False,6.201229913818381
2227500.0,-1392500.0,1500,-14.444646146878174,False,False,6.395421643808588
2232500.0,-1392500.0,1500,-5.4076740879523975,False,False,10.804696890184022
2237500.0,-1392500.0,1500,5.102352315179707,False,False,13.042745367213838
2242500.0,-1392500.0,1500,12.067508026742294,False,False,14.089372721663995
2247500.0,-1392500.0,1500,16.210803111413217,False,False,14.562268786890362
2252500.0,-1392500.0,1500,18.85080826128721,False,False,14.78726163244048
2257500.0,-1392500.0,1500,18.380428416260333,False,False,14.895156633002859
2262500.0,-1392500.0,1500,14.80520220641197,False,False,14.945333537465908
2267500.0,-1392500.0,1500,12.571679783689246,False,False,14.97290701683251
2272500.0,-1392500.0,1500,11.65095104613324,False,False,14.99663007641926
2277500.0,-1392500.0,1500,12.62064828511456,False,False,15.024995862567767
2282500.0,-1392500.0,1500,18.303882019492434,False,False,15.059085644724238
2287500.0,-1392500.0,1500,25.183490617752728,False,False,15.097040109512808
2292500.0,-1392500.0,1500,30.676974699264044,False,False,15.13589466324941
2297500.0,-1392500.0,1500,32.853787913439,False,False,15.172091520136801
2302500.0,-1392500.0,1500,21.666113955243503,False,False,15.204185911214488
2307500.0,-1392500.0,1500,-2.770459700762907,False,False,15.231292014978845
2312500.0,-1392500.0,1500,-26.554167795772475,False,False,15.252314155399057
2317500.0,-1392500.0,1500,-45.231552389880086,False,False,15.26746010124563
2322500.0,-1392500.0,1500,-58.88227916883538,False,False,15.276770155467517
2327500.0,-1392500.0,1500,-66.09289700263503,False,False,15.28094304220836
2332500.0,-1392500.0,1500,-68.51823824664314,False,False,15.282095073416478
2337500.0,-1392500.0,1500,-67.59425441724433,False,False,15.281760635078985
2342500.0,-1392500.0,1500,-66.68997370940086,False,False,15.280698173340024
2347500.0,-1392500.0,1500,-67.0325906806741,False,False,15.277070845426689
2352500.0,-1392500.0,1500,-64.43323987702229,False,False,15.264798808292579
2357500.0,-1392500.0,1500,-58.605806077615625,False,False,15.230921172585187
2362500.0,-1392500.0,1500,-52.987880693058386,False,False,15.15093689460115
2367500.0,-1392500.0,1500,-48.17014654716898,False,False,14.986280897712344
2372500.0,-1392500.0,1500,-44.26914551455627,False,False,14.651960925856162
2377500.0,-1392500.0,1500,-41.539614364633096,False,False,13.951257201596476
2052500.0,-1387500.0,1500,24.50178655868681,False,False,6.666092066188517
2057500.0,-1387500.0,1500,27.990305763904598,False,False,8.759651111880668
2062500.0,-1387500.0,1500,33.80387609296527,False,False,9.805054371293581
2067500.0,-1387500.0,1500,38.4981284669414,False,False,9.959363132687042
2072500.0,-1387500.0,1500,40.24143125870731,False,False,9.227360666419058
2077500.0,-1387500.0,1500,40.31264330980445,False,False,7.432425591872558
2082500.0,-1387500.0,1500,38.9097149972927,False,False,5.000106205682239
2087500.0,-1387500.0,1500,37.249112274625055,False,False,4.683039943809328
2092500.0,-1387500.0,1500,38.81340105899594,False,False,7.060757743862803
2097500.0,-1387500.0,1500,45.69554947322757,False,False,9.407993231725946
2102500.0,-1387500.0,1500,49.49024166150192,False,False,10.753727173099698
2107500.0,-1387500.0,1500,45.59489877906751,False,False,11.356712650804763
2112500.0,-1387500.0,1500,41.768302633879856,False,False,11.366082419783066
2117500.0,-1387500.0,1500,39.717414922725425,False,False,10.681542861107129
2122500.0,-1387500.0,1500,36.23083084539126,False,False,9.134340861564901
2127500.0,-1387500.0,1500,36.85592196751726,False,False,6.999293029693714
2132500.0,-1387500.0,1500,37.55438830741567,False,True,5.354319749696384
2137500.0,-1387500.0,1500,27.983928421387194,False,True,5.104175953702114
2142500.0,-1387500.0,1500,17.84305511098702,False,True,5.516643962668989
2147500.0,-1387500.0,1500,11.967571924067697,False,True,5.770277201652558
2152500.0,-1387500.0,1500,2.5564732935882537,False,True,5.6761440654883435
2157500.0,-1387500.0,1500,-9.850520917503664,False,True,6.968210169006895
2162500.0,-1387500.0,1500,-23.921122811237446,False,True,8.274654288936308
2167500.0,-1387500.0,1500,-38.307299547215685,False,True,6.126059303155917
2172500.0,-1387500.0,1500,-47.689779941456266,False,True,5.627159480241717
2177500.0,-1387500.0,1500,-51.50496929040412,False,True,7.393011019798349
2182500.0,-1387500.0,1500,-49.59244685992876,False,False,7.524150970408615
2187500.0,-1387500.0,1500,-38.04855832884378,False,True,7.093854360490163
2192500.0,-1387500.0,1500,-20.76560961635644,False,False,6.654990446518701
2197500.0,-1387500.0,1500,-7.866495519883962,False,False,6.413739815950756
2202500.0,-1387500.0,1500,-2.123941065189895,False,False,6.29350798081744
2207500.0,-1387500.0,1500,-1.8150332474695414,False,False,6.829599344607987
2212500.0,-1387500.0,1500,-4.857259772680584,False,False,8.664588835246745
2217500.0,-1387500.0,1500,-8.890869096210428,False,False,9.604874002163953
2222500.0,-1387500.0,1500,-11.529814047175725,False,False,6.659205536492126
2227500.0,-1387500.0,1500,-9.886055837129012,False,False,6.203793341219563
2232500.0,-1387500.0,1500,-3.5718305581451046,False,False,10.1537099297857
2237500.0,-1387500.0,1500,3.28513255764864,False,False,12.75096847232468
2242500.0,-1387500.0,1500,8.440036286398648,False,False,13.95215678057048
2247500.0,-1387500.0,1500,12.43979643833999,False,False,14.48962070299168
2252500.0,-1387500.0,1500,14.500552354001423,False,False,14.747218144819133
2257500.0,-1387500.0,1500,14.340818566244582,False,False,14.870504179991089
2262500.0,-1387500.0,1500,12.688697932426658,False,False,14.928599837027006
2267500.0,-1387500.0,1500,11.346572870339742,False,False,14.959956784055787
2272500.0,-1387500.0,1500,10.541304826795141,False,False,14.98473193192693
2277500.0,-1387500.0,1500,11.335427290088722,False,False,15.013206009463374
2282500.0,-1387500.0,1500,15.656116408363962,False,False,15.047141460271366
2287500.0,-1387500.0,1500,21.257365670335737,False,False,15.085074878462821
2292500.0,-1387500.0,1500,26.942753376044095,False,False,15.12381453491688
2297500.0,-1387500.0,1500,30.539095196757646,False,False,15.159940007107346
2302500.0,-1387500.0,1500,22.22891473490909,False,False,15.192144040450271
2307500.0,-1387500.0,1500,2.215432684011491,False,False,15.21924673100853
2312500.0,-1387500.0,1500,-18.692756874283738,False,False,15.240515568490588
2317500.0,-1387500.0,1500,-37.94707099428445,False,False,15.256253342833201
2322500.0,-1387500.0,1500,-54.298909966014484,False,False,15.266410160259497
2327500.0,-1387500.0,1500,-64.28770333451584,False,False,15.271613489697037
2332500.0,-1387500.0,1500,-67.83411539433658,False,False,15.273727274605754
2337500.0,-1387500.0,1500,-66.07883973514402,False,False,15.27423958311756
2342500.0,-1387500.0,1500,-63.847704805479566,False,False,15.273765547719714
2347500.0,-1387500.0,1500,-63.678220950334605,False,False,15.270623536513575
2352500.0,-1387500.0,1500,-61.90929781604412,False,False,15.258847741113055
2357500.0,-1387500.0,1500,-56.83111597560511,False,False,15.225486936625233
2362500.0,-1387500.0,1500,-51.18828524816783,False,False,15.146016498530479
2367500.0,-1387500.0,1500,-46.171507612917864,False,False,14.981768658675943
2372500.0,-1387500.0,1500,-41.576867429982926,False,False,14.64764505671009
2377500.0,-1387500.0,1500,-38.43237263791217,False,False,13.947497611748092
2052500.0,-1382500.0,1500,29.73804585808515,False,False,5.055312183576773
2057500.0,-1382500.0,1500,31.808960024697058,False,False,7.639206836140872
2062500.0,-1382500.0,1500,34.4760682092491,False,False,9.30392318289346
2067500.0,-1382500.0,1500,37.42769070959199,False,False,9.973452251570539
2072500.0,-1382500.0,1500,39.182145456721216,False,False,9.778695657837101
2077500.0,-1382500.0,1500,40.14874435085298,False,False,8.649540847587502
2082500.0,-1382500.0,1500,39.62101227453117,False,False,6.431728930075256
2087500.0,-1382500.0,1500,38.50213111381426,False,False,4.49297064870442
2092500.0,-1382500.0,1500,38.240509800802705,False,False,5.416312366975283
2097500.0,-1382500.0,1500,40.79377746061477,False,False,8.101126481553106
2102500.0,-1382500.0,1500,40.536336035513095,False,False,9.992691158583115
2107500.0,-1382500.0,1500,36.118774083744,False,False,10.89872357179534
2112500.0,-1382500.0,1500,35.07088571735723,False,False,10.978754689395446
2117500.0,-1382500.0,1500,35.20892080730713,False,False,10.085708892306378
2122500.0,-1382500.0,1500,34.289123241896405,False,False,7.767011741167813
2127500.0,-1382500.0,1500,37.00459367649083,False,False,5.130215676280291
2132500.0,-1382500.0,1500,39.642207040278244,False,False,4.385915322616776
2137500.0,-1382500.0,1500,30.260352039435475,False,False,5.132086574932475
2142500.0,-1382500.0,1500,20.97438707354402,False,True,5.679416667316819
2147500.0,-1382500.0,1500,14.379052103022886,False,True,5.85586593060031
2152500.0,-1382500.0,1500,-0.4098051984005648,False,True,5.262879280066739
2157500.0,-1382500.0,1500,-15.693772934933953,False,True,5.296838022740058
2162500.0,-1382500.0,1500,-31.369079475642543,False,True,5.862007165025914
2167500.0,-1382500.0,1500,-45.70334133636665,False,True,4.976259612943073
2172500.0,-1382500.0,1500,-53.1744534207248,False,True,5.047515628185548
2177500.0,-1382500.0,1500,-55.05935397192857,False,True,6.026929032633016
2182500.0,-1382500.0,1500,-50.741245637525886,False,True,6.226090166509165
2187500.0,-1382500.0,1500,-35.531454700489945,False,True,6.344161285844543
2192500.0,-1382500.0,1500,-15.15469774927891,False,True,6.587867544897158
2197500.0,-1382500.0,1500,-1.4901706600242521,False,True,6.997716863537602
2202500.0,-1382500.0,1500,2.98910736749329,False,False,6.931139793645498
2207500.0,-1382500.0,1500,1.0329537481922904,False,False,5.826871171058863
2212500.0,-1382500.0,1500,-3.7112594236175593,False,False,6.929782591680734
2217500.0,-1382500.0,1500,-8.614638189812204,False,False,9.143550209833297
2222500.0,-1382500.0,1500,-12.23944844174386,False,False,7.241688137528614
2227500.0,-1382500.0,1500,-11.255660991696999,False,False,6.172851282347226
2232500.0,-1382500.0,1500,-5.231079875298553,False,False,9.393469439189811
2237500.0,-1382500.0,1500,1.1635822316562834,False,False,12.427872474699978
2242500.0,-1382500.0,1500,5.78180619522182,False,False,13.7968639516295
2247500.0,-1382500.0,1500,8.561801812084557,False,False,14.409700754106094
2252500.0,-1382500.0,1500,9.616836149800545,False,False,14.701983880638466
2257500.0,-1382500.0,1500,9.872557361277634,False,False,14.839499639252814
2262500.0,-1382500.0,1500,9.060817998197336,False,False,14.904251246113665
2267500.0,-1382500.0,1500,8.285528359447575,False,False,14.938910400988544
2272500.0,-1382500.0,1500,7.916698932460127,False,False,14.965795641954845
2277500.0,-1382500.0,1500,8.652482653663943,False,False,14.99627049041483
2282500.0,-1382500.0,1500,11.998029192416691,False,False,15.032217562118259
2287500.0,-1382500.0,1500,17.09938915161317,False,False,15.071906934991864
2292500.0,-1382500.0,1500,24.662894548405237,False,False,15.111937989465233
2297500.0,-1382500.0,1500,30.429294208666803,False,False,15.148847820357478
2302500.0,-1382500.0,1500,24.47905835941679,False,False,15.181260812413672
2307500.0,-1382500.0,1500,8.871245603222967,False,False,15.208192410205998
2312500.0,-1382500.0,1500,-8.657081245152478,False,False,15.229390770588017
2317500.0,-1382500.0,1500,-28.621677808336074,False,False,15.245385688037715
2322500.0,-1382500.0,1500,-49.00455044594159,False,False,15.256082339574895
2327500.0,-1382500.0,1500,-62.957409425179904,False,False,15.262155861618178
2332500.0,-1382500.0,1500,-67.72609148856809,False,False,15.265079752931502
2337500.0,-1382500.0,1500,-66.58289369134366,False,False,15.266194340422675
2342500.0,-1382500.0,1500,-64.67840449032154,False,False,15.266329116918563
2347500.0,-1382500.0,1500,-63.65216955135207,False,False,15.263730306850862
2352500.0,-1382500.0,1500,-61.62316996641594,False,False,15.252970866593802
2357500.0,-1382500.0,1500,-57.01879605905244,False,False,15.221993548346056
2362500.0,-1382500.0,1500,-51.56395500072636,False,False,15.146750427752607
2367500.0,-1382500.0,1500,-45.822128163012316,False,False,14.989760744986079
2372500.0,-1382500.0,1500,-40.13379786091862,False,False,14.668370295547021
2377500.0,-1382500.0,1500,-36.53310581698538,False,False,13.985547237188165
2052500.0,-1377500.0,1500,31.349265484852168,False,False,3.952075606802894
2057500.0,-1377500.0,1500,33.12808397166803,False,False,6.149543865266619
2062500.0,-1377500.0,1500,34.00110766946876,False,False,8.468872447035487
2067500.0,-1377500.0,1500,35.80085525461227,False,False,9.704199596103606
2072500.0,-1377500.0,1500,37.797940266612024,False,False,10.01413867224222
2077500.0,-1377500.0,1500,39.49872644257189,False,False,9.466467899340913
2082500.0,-1377500.0,1500,40.114733693573406,False,False,7.914515545163547
2087500.0,-1377500.0,1500,41.94693867490028,False,False,5.405844352436528
2092500.0,-1377500.0,1500,42.31513753885186,False,False,4.406645027196805
2097500.0,-1377500.0,1500,39.177584306028955,False,False,6.444812656211541
2102500.0,-1377500.0,1500,33.5373354600359,False,False,8.988412140503968
2107500.0,-1377500.0,1500,28.169080658568816,False,False,10.342655852889997
2112500.0,-1377500.0,1500,28.071551300138076,False,False,10.66552483217004
2117500.0,-1377500.0,1500,30.435154418883286,False,False,9.879549509783319
2122500.0,-1377500.0,1500,32.886801304624875,False,False,7.554276889701061
2127500.0,-1377500.0,1500,35.73524204865615,False,False,4.809605089379276
2132500.0,-1377500.0,1500,37.426175020602784,False,False,4.130824980220886
2137500.0,-1377500.0,1500,30.556929686260492,False,True,4.730257132225968
2142500.0,-1377500.0,1500,23.33373391537322,False,True,5.0554279537514475
2147500.0,-1377500.0,1500,15.157000002541357,False,True,5.046155914880201
2152500.0,-1377500.0,1500,-2.880317754327357,False,True,4.834094121504484
2157500.0,-1377500.0,1500,-20.44959839267498,False,True,4.991027054916593
2162500.0,-1377500.0,1500,-37.20134228391427,False,True,4.993367979426038
2167500.0,-1377500.0,1500,-50.785029816954946,False,True,5.1422328738865115
2172500.0,-1377500.0,1500,-56.10512183227707,False,True,6.330824507024588
2177500.0,-1377500.0,1500,-54.83606091480626,False,True,7.688161376644741
2182500.0,-1377500.0,1500,-46.25335208173629,False,True,8.509383311447976
2187500.0,-1377500.0,1500,-29.002882329810056,False,True,9.062839932218203
2192500.0,-1377500.0,1500,-9.707093676264078,False,True,9.44157557576639
2197500.0,-1377500.0,1500,2.9050346512426377,False,True,9.573839078600704
2202500.0,-1377500.0,1500,5.877302263619875,False,True,8.986416376396328
2207500.0,-1377500.0,1500,2.1302272899501133,False,False,6.605216060656885
2212500.0,-1377500.0,1500,-2.5861990384684455,False,False,6.315933489245532
2217500.0,-1377500.0,1500,-6.553745154977876,False,False,8.673922406879361
2222500.0,-1377500.0,1500,-9.900185624144914,False,False,7.874013380376682
2227500.0,-1377500.0,1500,-9.948604372182464,False,False,6.164420885099068
2232500.0,-1377500.0,1500,-5.8574530629227715,False,False,8.541855787624716
2237500.0,-1377500.0,1500,-0.8948709578804692,False,False,12.067522386706564
2242500.0,-1377500.0,1500,2.8779422558462397,False,False,13.618710575440224
2247500.0,-1377500.0,1500,4.540523896791476,False,False,14.317304342299131
2252500.0,-1377500.0,1500,4.1239744436329095,False,False,14.642457285282195
2257500.0,-1377500.0,1500,3.25279077249952,False,False,14.7913741476916
2262500.0,-1377500.0,1500,2.480109984018375,False,False,14.860140103955015
2267500.0,-1377500.0,1500,2.068050007229288,False,False,14.896648150006971
2272500.0,-1377500.0,1500,2.3473460830493695,False,False,14.927057608641718
2277500.0,-1377500.0,1500,4.028797746634226,False,False,14.962947412477757
2282500.0,-1377500.0,1500,8.18054580827139,False,False,15.005712915171927
2287500.0,-1377500.0,1500,15.725765160242654,False,False,15.05235854243162
2292500.0,-1377500.0,1500,27.365520711326017,False,False,15.097233141410864
2297500.0,-1377500.0,1500,34.9963589742695,False,False,15.13708217549612
2302500.0,-1377500.0,1500,29.183947194198637,False,False,15.170877332041321
2307500.0,-1377500.0,1500,16.758049864239524,False,False,15.197918351073024
2312500.0,-1377500.0,1500,3.3382794024579048,False,False,15.219053640594893
2317500.0,-1377500.0,1500,-16.478046677676826,False,False,15.23503857589608
2322500.0,-1377500.0,1500,-39.712144101938165,False,False,15.246015427416953
2327500.0,-1377500.0,1500,-57.40206763976854,False,False,15.252736179363225
2332500.0,-1377500.0,1500,-66.50964150682826,False,False,15.256274372943068
2337500.0,-1377500.0,1500,-69.36708948896992,False,False,15.257857351522391
2342500.0,-1377500.0,1500,-68.54314632222757,False,False,15.258434496393328
2347500.0,-1377500.0,1500,-66.11808946775317,False,False,15.25649446711088
2352500.0,-1377500.0,1500,-62.6738962005291,False,False,15.247322970458061
2357500.0,-1377500.0,1500,-57.62641732549549,False,False,15.220040329278886
2362500.0,-1377500.0,1500,-51.75124159532409,False,False,15.152987288873824
2367500.0,-1377500.0,1500,-44.58519967702593,False,False,15.010848243385583
2372500.0,-1377500.0,1500,-37.579441798830764,False,False,14.719126310349498
2377500.0,-1377500.0,1500,-33.64912121823082,False,False,14.095094475143334
2052500.0,-1372500.0,1500,29.18485541580803,False,False,3.776672968071523
2057500.0,-1372500.0,1500,30.73733242169184,False,False,4.643229118695982
2062500.0,-1372500.0,1500,31.4405641802003,False,False,7.250862446651244
2067500.0,-1372500.0,1500,33.30797590112312,False,False,9.126870122648642
2072500.0,-1372500.0,1500,35.607971437059014,False,False,9.963076892193776
2077500.0,-1372500.0,1500,37.46228879339564,False,False,9.927773712293885
2082500.0,-1372500.0,1500,38.988886266130166,False,False,8.994318236740186
2087500.0,-1372500.0,1500,42.63294224200791,False,False,6.930059769943087
2092500.0,-1372500.0,1500,44.687414143288215,False,False,4.615934590550431
2097500.0,-1372500.0,1500,40.42979727508488,False,False,5.023532470744751
2102500.0,-1372500.0,1500,33.047747122821804,False,False,7.685907643111763
2107500.0,-1372500.0,1500,26.76587050288229,False,False,9.629193676517591
2112500.0,-1372500.0,1500,25.223715614356493,False,False,10.392673250963707
2117500.0,-1372500.0,1500,27.14775962581642,False,False,10.077671855253865
2122500.0,-1372500.0,1500,30.34277405001829,False,False,8.633573543246246
2127500.0,-1372500.0,1500,33.13835229886792,False,False,6.537907402652209
2132500.0,-1372500.0,1500,33.691651303535906,False,False,5.3982585732551875
2137500.0,-1372500.0,1500,29.681197265117422,False,True,5.4867940523742185
2142500.0,-1372500.0,1500,24.53831337255632,False,True,5.931334025808999
2147500.0,-1372500.0,1500,14.68144252146518,False,True,5.7393347958907315
2152500.0,-1372500.0,1500,-4.68521145769742,False,True,4.927294900114716
2157500.0,-1372500.0,1500,-23.77526570803697,False,True,5.125714099233073
2162500.0,-1372500.0,1500,-39.79380092855956,False,True,5.176753647849843
2167500.0,-1372500.0,1500,-53.01142511687497,False,True,5.841466719293727
2172500.0,-1372500.0,1500,-58.794704215047,False,True,8.02233474796401
2177500.0,-1372500.0,1500,-55.29269048766229,False,True,9.326891612789536
2182500.0,-1372500.0,1500,-42.24053735234559,False,True,9.53841529961142
2187500.0,-1372500.0,1500,-21.718406005324674,False,True,9.383776057182168
2192500.0,-1372500.0,1500,-2.5486339401136333,False,True,9.120712218279039
2197500.0,-1372500.0,1500,7.41516243994927,False,True,8.667314218487384
2202500.0,-1372500.0,1500,7.5128886935722,False,True,7.8437507556164245
2207500.0,-1372500.0,1500,2.8703035575455833,False,False,6.1576263624950505
2212500.0,-1372500.0,1500,-1.3080276155475248,False,False,6.323874570888163
2217500.0,-1372500.0,1500,-3.677704161138828,False,False,8.700133891120489
2222500.0,-1372500.0,1500,-5.329136945353107,False,False,8.558507524863629
2227500.0,-1372500.0,1500,-6.0080723333192205,False,False,6.108540883199477
2232500.0,-1372500.0,1500,-4.956980233038645,False,False,7.652447793970644
2237500.0,-1372500.0,1500,-2.835219901552888,False,False,11.659950010233567
2242500.0,-1372500.0,1500,-1.3840389698440614,False,False,13.411889305602257
2247500.0,-1372500.0,1500,-1.8470551153258254,False,False,14.204971868832494
2252500.0,-1372500.0,1500,-3.976559681719875,False,False,14.555476528507564
2257500.0,-1372500.0,1500,-6.016650424030092,False,False,14.703267087185512
2262500.0,-1372500.0,1500,-6.768451490673185,False,False,14.765993891772538
2267500.0,-1372500.0,1500,-6.457183575885624,False,False,14.80090276688886
2272500.0,-1372500.0,1500,-4.696953131121921,False,False,14.839275184688361
2277500.0,-1372500.0,1500,-0.4384323230881423,False,False,14.89202454269273
2282500.0,-1372500.0,1500,6.090875827863435,False,False,14.955144920613543
2287500.0,-1372500.0,1500,15.894526821393454,False,False,15.01850426825949
2292500.0,-1372500.0,1500,29.49572223804287,False,False,15.075026420336808
2297500.0,-1372500.0,1500,36.806829816726875,False,False,15.122307952331159
2302500.0,-1372500.0,1500,31.361353335819366,False,False,15.159609298982112
2307500.0,-1372500.0,1500,25.064012418193187,False,False,15.187881433835994
2312500.0,-1372500.0,1500,19.111154418383368,False,False,15.209222397902431
2317500.0,-1372500.0,1500,1.4875841299415384,False,False,15.225126277710551
2322500.0,-1372500.0,1500,-23.035549430566697,False,False,15.236245853744656
2327500.0,-1372500.0,1500,-44.34699302833238,False,False,15.243445091617726
2332500.0,-1372500.0,1500,-59.95034693021358,False,False,15.247448689112847
2337500.0,-1372500.0,1500,-68.50907110300942,False,False,15.249466164164863
2342500.0,-1372500.0,1500,-70.17751155071787,False,False,15.250272458496463
2347500.0,-1372500.0,1500,-67.6747636690999,False,False,15.249088836265571
2352500.0,-1372500.0,1500,-62.79971532139323,False,False,15.2419369997104
2357500.0,-1372500.0,1500,-56.85783542754787,False,False,15.219342691769505
2362500.0,-1372500.0,1500,-50.37449391868316,False,False,15.16355835842473
2367500.0,-1372500.0,1500,-42.54329622003392,False,False,15.044290181408545
2372500.0,-1372500.0,1500,-35.50941504303687,False,False,14.800143748931067
2377500.0,-1372500.0,1500,-31.663339268147894,False,False,14.295659040933888
2052500.0,-1367500.0,1500,23.928372618691043,False,False,4.359043790028216
2057500.0,-1367500.0,1500,25.678617812222722,False,False,3.813384155877503
2062500.0,-1367500.0,1500,28.170205537281944,False,False,5.704604447418999
2067500.0,-1367500.0,1500,30.77561407503213,False,False,8.195460097333427
2072500.0,-1367500.0,1500,32.22204212957754,False,False,9.62252221347724
2077500.0,-1367500.0,1500,33.75546357137903,False,False,10.078902986912876
2082500.0,-1367500.0,1500,33.002774308407716,False,False,9.676936638285287
2087500.0,-1367500.0,1500,32.75698691238824,False,False,8.30385440524705
2092500.0,-1367500.0,1500,37.615015058576276,False,False,5.858290618287432
2097500.0,-1367500.0,1500,40.25847377288084,False,False,4.482125556257758
2102500.0,-1367500.0,1500,33.35347069106928,False,False,6.122058213255054
2107500.0,-1367500.0,1500,23.558314746750288,False,False,8.623270593742006
2112500.0,-1367500.0,1500,21.243416417716606,False,False,9.961084017279907
2117500.0,-1367500.0,1500,24.229956799330328,False,False,10.205319539765812
2122500.0,-1367500.0,1500,28.080676028201392,False,False,9.593918090994919
2127500.0,-1367500.0,1500,31.13142632122432,False,False,8.602800753924534
2132500.0,-1367500.0,1500,31.575662956564862,False,True,7.94626159710391
2137500.0,-1367500.0,1500,28.935155177345617,False,True,7.8849735947550235
2142500.0,-1367500.0,1500,24.584298655522844,False,True,7.918144431045501
2147500.0,-1367500.0,1500,14.104754998390453,False,True,7.21120412958626
2152500.0,-1367500.0,1500,-5.41523386026602,True,True,5.6435051495383535
2157500.0,-1367500.0,1500,-26.493376546739956,True,True,4.871945224958367
2162500.0,-1367500.0,1500,-43.093850386651006,True,True,4.613204024097196
2167500.0,-1367500.0,1500,-57.28525887412086,True,True,5.574126318011063
2172500.0,-1367500.0,1500,-65.05097012952942,True,True,7.265002535762591
2177500.0,-1367500.0,1500,-60.943078171440945,True,True,7.51666932115959
2182500.0,-1367500.0,1500,-44.48841658564347,False,True,7.046854340409007
2187500.0,-1367500.0,1500,-18.671115210548653,True,True,6.490679224302406
2192500.0,-1367500.0,1500,2.7393002655270413,False,True,6.493398030839631
2197500.0,-1367500.0,1500,9.938488316872132,False,True,6.6227693057697845
2202500.0,-1367500.0,1500,7.606182302670047,False,True,6.569729033934266
2207500.0,-1367500.0,1500,3.1892986167151496,False,True,6.621124833101568
2212500.0,-1367500.0,1500,-0.3329763420485923,False,False,7.886851313661808
2217500.0,-1367500.0,1500,-1.4297739407565881,False,False,9.74554873174817
2222500.0,-1367500.0,1500,-2.5910600680040297,False,False,9.391664866967322
2227500.0,-1367500.0,1500,-4.743201310685362,False,False,6.12900328541811
2232500.0,-1367500.0,1500,-5.8889723616148295,False,False,6.858473676562125
2237500.0,-1367500.0,1500,-6.488892619818779,False,False,11.18764855296889
2242500.0,-1367500.0,1500,-7.665382753406024,False,False,13.170440574410396
2247500.0,-1367500.0,1500,-9.928285211392845,False,False,14.059618889205192
2252500.0,-1367500.0,1500,-12.873028587725875,False,False,14.419202177701862
2257500.0,-1367500.0,1500,-14.704352581659593,False,False,14.541385069780345
2262500.0,-1367500.0,1500,-14.70601110995265,False,False,14.56880889287389
2267500.0,-1367500.0,1500,-13.320651229758871,False,False,14.589945664889598
2272500.0,-1367500.0,1500,-10.039754302030302,False,False,14.651972788577307
2277500.0,-1367500.0,1500,-2.961727842491968,False,False,14.75095865048003
2282500.0,-1367500.0,1500,4.719396310945026,False,False,14.859863076334474
2287500.0,-1367500.0,1500,12.336934008017153,False,False,14.95933545426509
2292500.0,-1367500.0,1500,23.066352796882807,False,False,15.040366669995192
2297500.0,-1367500.0,1500,28.182041414244893,False,False,15.101660701981945
2302500.0,-1367500.0,1500,26.177187475195108,False,False,15.146102155907487
2307500.0,-1367500.0,1500,31.295291611431978,False,False,15.177199225009165
2312500.0,-1367500.0,1500,35.99009029488288,False,False,15.199417152564347
2317500.0,-1367500.0,1500,23.663160635071762,False,False,15.215348047656908
2322500.0,-1367500.0,1500,0.08594186363318285,False,False,15.226607652451182
2327500.0,-1367500.0,1500,-24.61746820162913,False,False,15.234204330974901
2332500.0,-1367500.0,1500,-45.741161412734094,False,False,15.238729879126815
2337500.0,-1367500.0,1500,-60.145429032141756,False,False,15.241099726730196
2342500.0,-1367500.0,1500,-67.05432241935067,False,False,15.242154451966375
2347500.0,-1367500.0,1500,-67.09578035138549,False,False,15.241705237972614
2352500.0,-1367500.0,1500,-61.80745384801248,False,False,15.2366251831666
2357500.0,-1367500.0,1500,-55.29264559802634,False,False,15.219419435722001
2362500.0,-1367500.0,1500,-48.96327377828959,False,False,15.176327435315946
2367500.0,-1367500.0,1500,-41.875681006738766,False,False,15.083894914002185
2372500.0,-1367500.0,1500,-36.19358644795176,False,False,14.897530126700227
2377500.0,-1367500.0,1500,-32.55820132208856,False,False,14.536927566201536
2052500.0,-1362500.0,1500,18.129568906792407,False,False,5.039689532178623
2057500.0,-1362500.0,1500,20.29953538855421,False,False,3.9104932864538977
2062500.0,-1362500.0,1500,25.052906069284322,False,False,4.324310843810691
2067500.0,-1362500.0,1500,28.08817374804196,False,False,6.855988534233605
2072500.0,-1362500.0,1500,29.131364169414002,False,False,8.945450026128729
2077500.0,-1362500.0,1500,30.488305335475026,False,False,9.936874946398882
2082500.0,-1362500.0,1500,26.682729179768295,False,False,10.02925025803686
2087500.0,-1362500.0,1500,22.898469145832166,False,False,9.248664368426818
2092500.0,-1362500.0,1500,29.19001581345317,False,False,7.371618603390928
2097500.0,-1362500.0,1500,36.2070745432522,False,False,4.892276796951331
2102500.0,-1362500.0,1500,30.370099105425773,False,False,4.72978375033623
2107500.0,-1362500.0,1500,19.055761206987736,False,False,7.163712781141258
2112500.0,-1362500.0,1500,17.048438148251325,False,False,9.173773595994893
2117500.0,-1362500.0,1500,21.590606683963422,False,False,9.827610058423321
2122500.0,-1362500.0,1500,26.48109521233404,False,False,9.415987752356385
2127500.0,-1362500.0,1500,30.389346884020235,False,False,8.518972554730302
2132500.0,-1362500.0,1500,31.10734951619943,False,True,7.729144329635243
2137500.0,-1362500.0,1500,28.521283498200184,False,True,7.249173559723853
2142500.0,-1362500.0,1500,25.028888606235444,False,True,6.8543556622803425
2147500.0,-1362500.0,1500,17.41777470008822,False,True,6.282102987107111
2152500.0,-1362500.0,1500,-1.1370578054584006,True,True,5.279309502840008
2157500.0,-1362500.0,1500,-27.280049838759627,True,True,4.396568116636229
2162500.0,-1362500.0,1500,-48.74572004496658,True,True,4.278997918823574
2167500.0,-1362500.0,1500,-64.45696835151907,True,True,5.191341502329074
2172500.0,-1362500.0,1500,-71.6742149226294,True,True,6.118301839984144
2177500.0,-1362500.0,1500,-66.37170702107305,True,True,6.374382695012898
2182500.0,-1362500.0,1500,-48.76385253059172,True,True,6.446159776126896
2187500.0,-1362500.0,1500,-21.617192503687463,True,True,6.541003757596799
2192500.0,-1362500.0,1500,-0.2050565415188729,False,True,7.194928469668005
2197500.0,-1362500.0,1500,7.166352802056798,False,True,7.995980938323303
2202500.0,-1362500.0,1500,6.640589904427444,False,True,8.637388468155534
2207500.0,-1362500.0,1500,3.7619019007004386,False,True,9.469970307289582
2212500.0,-1362500.0,1500,0.8555744687999723,False,False,10.528006193638019
2217500.0,-1362500.0,1500,0.2819374246137315,False,False,11.193182238606258
2222500.0,-1362500.0,1500,-1.5607305131449989,False,False,10.272520785766519
2227500.0,-1362500.0,1500,-5.38109078670267,False,False,6.4517682123005535
2232500.0,-1362500.0,1500,-8.32694893709351,False,False,6.365286655437565
2237500.0,-1362500.0,1500,-11.676676987697052,False,False,10.625332114095432
2242500.0,-1362500.0,1500,-15.124340431198922,False,False,12.886901678765657
2247500.0,-1362500.0,1500,-17.591427027817044,False,False,13.866034839165174
2252500.0,-1362500.0,1500,-19.696074130242312,False,False,14.193228657778754
2257500.0,-1362500.0,1500,-20.785186272039336,False,False,14.220518813139968
2262500.0,-1362500.0,1500,-19.397565368808635,False,False,14.145737591684384
2267500.0,-1362500.0,1500,-16.385831816316855,False,False,14.127302242857668
2272500.0,-1362500.0,1500,-12.237598270811324,False,False,14.249130260120591
2277500.0,-1362500.0,1500,-5.004784073143825,False,False,14.465595473953767
2282500.0,-1362500.0,1500,1.2750584225594561,False,False,14.687511572459961
2287500.0,-1362500.0,1500,6.164050480449866,False,False,14.864035792632484
2292500.0,-1362500.0,1500,13.387979777619309,False,False,14.988425170740365
2297500.0,-1362500.0,1500,16.437568161974355,False,False,15.073517781882826
2302500.0,-1362500.0,1500,18.94942763188737,False,False,15.129170173156922
2307500.0,-1362500.0,1500,32.43419577105431,False,False,15.165075835014921
2312500.0,-1362500.0,1500,43.60885841518359,False,False,15.189089530123674
2317500.0,-1362500.0,1500,39.89169788119382,False,False,15.20521594285961
2322500.0,-1362500.0,1500,24.068784599554967,False,False,15.216799431038543
2327500.0,-1362500.0,1500,0.22146988925028022,False,False,15.224887068945442
2332500.0,-1362500.0,1500,-23.43365242981953,False,False,15.230039375646703
2337500.0,-1362500.0,1500,-42.111279262671644,False,False,15.23283184697808
2342500.0,-1362500.0,1500,-55.322842539978126,False,False,15.234317172643893
2347500.0,-1362500.0,1500,-61.015317736656804,False,False,15.234477562215808
2352500.0,-1362500.0,1500,-58.64074342489953,False,False,15.231267913925018
2357500.0,-1362500.0,1500,-53.915506660943464,False,False,15.21942557574495
2362500.0,-1362500.0,1500,-48.91986540857302,False,False,15.188573470721767
2367500.0,-1362500.0,1500,-42.753240888088314,False,False,15.121439338760963
2372500.0,-1362500.0,1500,-38.40636202497323,False,False,14.989405129806617
2377500.0,-1362500.0,1500,-35.12408382795372,False,False,14.744852986228963
2052500.0,-1357500.0,1500,8.840736876784193,False,False,5.0437051021393575
2057500.0,-1357500.0,1500,12.458682223825463,False,False,4.635071786872212
2062500.0,-1357500.0,1500,19.85373026131724,False,False,3.7590060302776815
2067500.0,-1357500.0,1500,22.61388739261534,False,False,5.26463007131564
2072500.0,-1357500.0,1500,23.099316082412194,False,False,7.885940985195134
2077500.0,-1357500.0,1500,25.404251635956285,False,False,9.491457004444605
2082500.0,-1357500.0,1500,23.8370305320124,False,False,10.090371949211804
2087500.0,-1357500.0,1500,21.506741815041334,False,False,9.835028454793218
2092500.0,-1357500.0,1500,25.584149867966115,False,False,8.611855900050074
2097500.0,-1357500.0,1500,30.62369584911225,False,False,6.180105913771861
2102500.0,-1357500.0,1500,25.82887100727387,False,False,4.243243834111594
2107500.0,-1357500.0,1500,15.932133384583153,False,False,5.445232908819269
2112500.0,-1357500.0,1500,14.841068864826035,False,False,7.965100823408577
2117500.0,-1357500.0,1500,20.88353357618413,False,False,8.850344794655687
2122500.0,-1357500.0,1500,27.191576157924803,False,False,7.971232634273753
2127500.0,-1357500.0,1500,31.56524201105872,False,False,6.289105794437258
2132500.0,-1357500.0,1500,32.33488097576732,False,False,5.205439765801951
2137500.0,-1357500.0,1500,29.399611509023263,False,True,4.940409977994545
2142500.0,-1357500.0,1500,24.18525373629326,False,True,5.049990496698555
2147500.0,-1357500.0,1500,15.890001572723001,False,True,5.3272813640162315
2152500.0,-1357500.0,1500,-3.4528739293809783,False,True,5.482267699072988
2157500.0,-1357500.0,1500,-32.554473220719764,True,True,4.723494334673031
2162500.0,-1357500.0,1500,-54.20105749842425,True,True,4.486458112425742
2167500.0,-1357500.0,1500,-67.41427697978024,True,True,5.9457094229122065
2172500.0,-1357500.0,1500,-72.47679188551841,True,True,7.451876054798797
2177500.0,-1357500.0,1500,-66.38253387651604,True,True,8.508410621576944
2182500.0,-1357500.0,1500,-50.78574242998677,True,True,9.32478252862975
2187500.0,-1357500.0,1500,-27.467258440516208,False,True,9.931954082989337
2192500.0,-1357500.0,1500,-8.309575575737313,False,True,10.468643140004627
2197500.0,-1357500.0,1500,0.6210099730933683,False,True,10.890942951961925
2202500.0,-1357500.0,1500,3.5656314995850074,False,True,11.187605078886074
2207500.0,-1357500.0,1500,2.8553469350081553,False,False,11.555840114718464
2212500.0,-1357500.0,1500,0.7020496735041193,False,False,11.990746123409254
2217500.0,-1357500.0,1500,0.08006222268619845,False,False,12.071850816518298
2222500.0,-1357500.0,1500,-2.4058378116247434,False,False,10.950487498703067
2227500.0,-1357500.0,1500,-7.234425367807221,False,False,7.133445788751985
2232500.0,-1357500.0,1500,-11.50429043033822,False,False,6.22400780721678
2237500.0,-1357500.0,1500,-16.44439984734631,False,False,9.95205940663271
2242500.0,-1357500.0,1500,-21.050366514232003,False,False,12.557174635409416
2247500.0,-1357500.0,1500,-23.105521320881632,False,False,13.607032431136744
2252500.0,-1357500.0,1500,-24.198148206510936,False,False,13.830994888416207
2257500.0,-1357500.0,1500,-23.96344223802204,False,False,13.579780822025143
2262500.0,-1357500.0,1500,-20.32876413070188,False,False,13.149837562081142
2267500.0,-1357500.0,1500,-15.907274168772801,False,False,12.990753053801136
2272500.0,-1357500.0,1500,-11.75836222534829,False,False,13.327484767147503
2277500.0,-1357500.0,1500,-6.343027146156598,False,False,13.910040409529666
2282500.0,-1357500.0,1500,-2.0098769603062996,False,False,14.403599194789514
2287500.0,-1357500.0,1500,3.385291033847305,False,False,14.722687340692632
2292500.0,-1357500.0,1500,10.273055944344156,False,False,14.91871249723849
2297500.0,-1357500.0,1500,12.841951272920392,False,False,15.038074650377517
2302500.0,-1357500.0,1500,17.784941045927393,False,False,15.108338224504205
2307500.0,-1357500.0,1500,32.60513294284846,False,False,15.151510842186116
2312500.0,-1357500.0,1500,43.895640972569716,False,False,15.177470584720258
2317500.0,-1357500.0,1500,46.30075528046828,False,False,15.194226595503878
2322500.0,-1357500.0,1500,42.18184451676333,False,False,15.206372322805201
2327500.0,-1357500.0,1500,27.558818749295966,False,False,15.215164994278936
2332500.0,-1357500.0,1500,6.792453908611953,False,False,15.221114194061222
2337500.0,-1357500.0,1500,-14.515611405379609,False,False,15.224674520702603
2342500.0,-1357500.0,1500,-34.15984138398264,False,False,15.226772792004628
2347500.0,-1357500.0,1500,-47.53641177109123,False,False,15.227479469079942
2352500.0,-1357500.0,1500,-51.730215776237785,False,False,15.22588425474893
2357500.0,-1357500.0,1500,-51.58672064593976,False,False,15.218575784457324
2362500.0,-1357500.0,1500,-48.78221261035497,False,False,15.19793143024645
2367500.0,-1357500.0,1500,-43.83726267358258,False,False,15.15196124663688
2372500.0,-1357500.0,1500,-40.73799829896256,False,False,15.061497885914187
2377500.0,-1357500.0,1500,-37.970487047606014,False,False,14.896256578066659
2052500.0,-1352500.0,1500,-7.073659748769712,False,False,4.403534077338469
2057500.0,-1352500.0,1500,-0.8845530860562408,False,False,5.249361323580892
2062500.0,-1352500.0,1500,10.629642266227927,False,False,4.16869334512497
2067500.0,-1352500.0,1500,14.82538159788603,False,False,4.105804320554702
2072500.0,-1352500.0,1500,15.523467032604003,False,False,6.417973135357267
2077500.0,-1352500.0,1500,19.481766093347243,False,False,8.696606935337824
2082500.0,-1352500.0,1500,21.998534972670562,False,False,9.863662966329999
2087500.0,-1352500.0,1500,22.157686373948586,False,False,10.111260131945045
2092500.0,-1352500.0,1500,23.33630395426027,False,False,9.478701369648181
2097500.0,-1352500.0,1500,25.132889088323743,False,False,7.747634526483171
2102500.0,-1352500.0,1500,20.796447948451398,False,False,5.058276003102107
2107500.0,-1352500.0,1500,13.434465776202961,False,False,4.341839984793638
2112500.0,-1352500.0,1500,14.551263188814874,False,False,6.383500944781252
2117500.0,-1352500.0,1500,22.405371251349557,False,False,7.525767527598584
2122500.0,-1352500.0,1500,30.05116749087961,False,False,6.023114283015667
2127500.0,-1352500.0,1500,34.34086710076585,False,False,4.359741764924893
2132500.0,-1352500.0,1500,33.6864042181094,False,False,4.4293929234657154
2137500.0,-1352500.0,1500,26.838159194292896,False,True,5.012464521873227
2142500.0,-1352500.0,1500,18.09081569985114,False,True,5.755510190578815
2147500.0,-1352500.0,1500,6.856056472828143,False,True,6.808701527603759
2152500.0,-1352500.0,1500,-15.377620476954888,False,True,7.3947489662188755
2157500.0,-1352500.0,1500,-42.30907864668973,True,True,5.697326440780682
2162500.0,-1352500.0,1500,-59.4484109264357,True,True,4.529377412434518
2167500.0,-1352500.0,1500,-68.60708418980776,True,True,6.430136539931432
2172500.0,-1352500.0,1500,-70.95427663315427,True,True,8.74668251002373
2177500.0,-1352500.0,1500,-65.95624987474224,True,True,10.229954435374074
2182500.0,-1352500.0,1500,-53.72399868322626,True,True,10.930421278933462
2187500.0,-1352500.0,1500,-32.9876872651216,True,True,11.182238929429495
2192500.0,-1352500.0,1500,-14.44163252873936,False,True,11.3058291388437
2197500.0,-1352500.0,1500,-4.416217642576693,False,True,11.318197418248833
2202500.0,-1352500.0,1500,0.22243005291949158,False,True,11.263167679142686
2207500.0,-1352500.0,1500,0.5598604160091751,False,True,11.450158718480697
2212500.0,-1352500.0,1500,-1.0404320323996201,False,False,11.90667878074273
2217500.0,-1352500.0,1500,-1.747051333817852,False,False,12.147683452290897
2222500.0,-1352500.0,1500,-4.294180602505807,False,False,11.29923552791752
2227500.0,-1352500.0,1500,-10.40846963496219,False,False,7.968057993800429
2232500.0,-1352500.0,1500,-15.785785883457619,False,False,6.243877060035583
2237500.0,-1352500.0,1500,-20.48101771592331,False,False,9.162937799805906
2242500.0,-1352500.0,1500,-24.740483569668267,False,False,12.181589668497843
2247500.0,-1352500.0,1500,-26.278510333619185,False,False,13.286913223891636
2252500.0,-1352500.0,1500,-26.432813372043025,False,False,13.29689036100659
2257500.0,-1352500.0,1500,-23.618033427401862,False,False,12.463952889105041
2262500.0,-1352500.0,1500,-17.037445954059844,False,False,11.105742474298953
2267500.0,-1352500.0,1500,-12.055729339290117,False,False,10.511343835469969
2272500.0,-1352500.0,1500,-8.660474329989304,False,False,11.483289884780726
2277500.0,-1352500.0,1500,-4.2119069896012915,False,False,12.975920981524977
2282500.0,-1352500.0,1500,-1.6272726545691027,False,False,13.991713943647817
2287500.0,-1352500.0,1500,2.595520252362679,False,False,14.540677736281076
2292500.0,-1352500.0,1500,10.234965353311937,False,False,14.838432844985471
2297500.0,-1352500.0,1500,16.23654740595054,False,False,14.996756265998028
2302500.0,-1352500.0,1500,23.621731039527667,False,False,15.085592032754478
2307500.0,-1352500.0,1500,35.738770365545044,False,False,15.136286477433643
2312500.0,-1352500.0,1500,43.84107694543115,False,False,15.16406225406394
2317500.0,-1352500.0,1500,47.43701654878146,False,False,15.181910019212642
2322500.0,-1352500.0,1500,50.24920883806752,False,False,15.194746438362216
2327500.0,-1352500.0,1500,47.680155319286214,False,False,15.204490469938719
2332500.0,-1352500.0,1500,37.15532849924534,False,False,15.211644279934005
2337500.0,-1352500.0,1500,17.979668513222563,False,False,15.216438905594739
2342500.0,-1352500.0,1500,-5.88445793605494,False,False,15.21941578769124
2347500.0,-1352500.0,1500,-26.052436624385383,False,False,15.220803578974852
2352500.0,-1352500.0,1500,-38.435206862341,False,False,15.220507352066427
2357500.0,-1352500.0,1500,-45.336148731982334,False,False,15.21647588231604
2362500.0,-1352500.0,1500,-46.87220528857078,False,False,15.203622525338035
2367500.0,-1352500.0,1500,-44.96072051804739,False,False,15.173523542197906
2372500.0,-1352500.0,1500,-43.26582575734359,False,False,15.112757667422667
2377500.0,-1352500.0,1500,-40.48489181255188,False,False,15.001923186312105
2052500.0,-1347500.0,1500,-17.55569257957248,False,False,3.8090469186338236
2057500.0,-1347500.0,1500,-9.134037458842029,False,False,5.067435154136119
2062500.0,-1347500.0,1500,4.165325972651288,False,False,5.008601267829054
2067500.0,-1347500.0,1500,10.588220323248848,False,False,3.876611857959933
2072500.0,-1347500.0,1500,14.183669172843542,False,False,4.858208014725561
2077500.0,-1347500.0,1500,18.88666142290936,False,False,7.501631172894881
2082500.0,-1347500.0,1500,21.27325830596924,False,False,9.3292219014496
2087500.0,-1347500.0,1500,21.543281223760914,False,False,10.10006516696513
2092500.0,-1347500.0,1500,20.773237760686712,False,False,9.994393096852761
2097500.0,-1347500.0,1500,19.107802165068698,False,False,8.940521433877477
2102500.0,-1347500.0,1500,15.64684375643445,False,False,6.65206030936621
2107500.0,-1347500.0,1500,14.254903071821728,False,False,4.3623709111101325
2112500.0,-1347500.0,1500,19.224251329757642,False,False,4.846839213616776
2117500.0,-1347500.0,1500,26.839985570782716,False,False,6.211440412014252
2122500.0,-1347500.0,1500,33.23473845780376,False,False,4.872326708387643
2127500.0,-1347500.0,1500,36.107193841095224,False,False,3.737493031196609
2132500.0,-1347500.0,1500,33.731402356624535,False,False,4.532227776095923
2137500.0,-1347500.0,1500,23.847241559201148,False,True,5.0093840496341935
2142500.0,-1347500.0,1500,14.232191467724041,False,True,5.371467584679295
2147500.0,-1347500.0,1500,1.305746642390634,False,True,6.978069063906606
2152500.0,-1347500.0,1500,-23.652087258578092,False,True,7.972810646022102
2157500.0,-1347500.0,1500,-47.77682067269513,True,True,5.765532916747922
2162500.0,-1347500.0,1500,-64.08758066891788,True,True,4.231316883711607
2167500.0,-1347500.0,1500,-72.10265999263353,True,True,5.516430012208744
2172500.0,-1347500.0,1500,-71.94093914472549,True,True,7.726755406404114
2177500.0,-1347500.0,1500,-68.54598370918947,True,True,9.631249805492256
2182500.0,-1347500.0,1500,-57.72634807208561,True,True,10.196105744970634
2187500.0,-1347500.0,1500,-35.65708713163123,True,True,10.076963655710674
2192500.0,-1347500.0,1500,-15.859933518733737,False,True,9.73626166448447
2197500.0,-1347500.0,1500,-6.292037125842778,False,True,9.249714367560687
2202500.0,-1347500.0,1500,-2.1924394202325512,False,True,8.71703040572811
2207500.0,-1347500.0,1500,-2.035373012300994,False,True,8.933223373425554
2212500.0,-1347500.0,1500,-3.8998963388080767,False,False,10.192112786720088
2217500.0,-1347500.0,1500,-5.938173573832839,False,False,11.403278244246836
2222500.0,-1347500.0,1500,-9.868128203852592,False,False,11.292918519685514
2227500.0,-1347500.0,1500,-14.540741041594668,False,False,8.735669038882588
2232500.0,-1347500.0,1500,-17.56981890866902,False,False,6.231629443196309
2237500.0,-1347500.0,1500,-21.27060415069409,False,False,8.280441590397281
2242500.0,-1347500.0,1500,-24.025631590953534,False,False,11.760528371411482
2247500.0,-1347500.0,1500,-25.19785894615144,False,False,12.943294703297097
2252500.0,-1347500.0,1500,-25.252162680183464,False,False,12.706734474352226
2257500.0,-1347500.0,1500,-21.090321115309106,False,False,11.073718044667993
2262500.0,-1347500.0,1500,-13.353025307841083,False,False,7.918022109458413
2267500.0,-1347500.0,1500,-8.516402315725056,False,False,6.227589263093526
2272500.0,-1347500.0,1500,-4.916422169782756,False,False,8.616127973664199
2277500.0,-1347500.0,1500,1.0256507966215545,False,False,11.843154563254567
2282500.0,-1347500.0,1500,2.4542280247699524,False,False,13.51783734174966
2287500.0,-1347500.0,1500,1.2408458627149692,False,False,14.355693289499298
2292500.0,-1347500.0,1500,6.140815751255795,False,False,14.75810296929793
2297500.0,-1347500.0,1500,16.08375328865539,False,False,14.955454556589624
2302500.0,-1347500.0,1500,26.3145328291858,False,False,15.063191194408912
2307500.0,-1347500.0,1500,36.33360890167467,False,False,15.119276260770796
2312500.0,-1347500.0,1500,42.747252394690264,False,False,15.148903711599171
2317500.0,-1347500.0,1500,45.574726252124904,False,False,15.167758763985873
2322500.0,-1347500.0,1500,47.52359075748143,False,False,15.181249583595369
2327500.0,-1347500.0,1500,49.55027062508649,False,False,15.192236148856875
2332500.0,-1347500.0,1500,50.53646933995892,False,False,15.201182772831114
2337500.0,-1347500.0,1500,42.892097190067346,False,False,15.207766035027019
2342500.0,-1347500.0,1500,24.207370714034866,False,False,15.212067712366679
2347500.0,-1347500.0,1500,1.987362572088987,False,False,15.214397830957015
2352500.0,-1347500.0,1500,-17.333328967598344,False,False,15.215149628558612
2357500.0,-1347500.0,1500,-32.047224614560854,False,False,15.213330395059206
2362500.0,-1347500.0,1500,-40.75311438251046,False,False,15.205809554662215
2367500.0,-1347500.0,1500,-44.45536617129891,False,False,15.186747933350638
2372500.0,-1347500.0,1500,-44.71171496480105,False,False,15.147265530545525
2377500.0,-1347500.0,1500,-42.14557829784649,False,False,15.07336933935765
2052500.0,-1342500.0,1500,-11.642893796976875,False,False,3.900607521269311
2057500.0,-1342500.0,1500,-3.2348775094398317,False,False,4.2682061528430655
2062500.0,-1342500.0,1500,5.939715088848029,False,False,5.360765798695215
2067500.0,-1342500.0,1500,12.824252780401473,False,False,4.493814325890234
2072500.0,-1342500.0,1500,19.212015269438297,False,False,3.970957607589005
2077500.0,-1342500.0,1500,22.84489237067989,False,False,5.967423064755922
2082500.0,-1342500.0,1500,22.194285474312114,False,False,8.452941748704252
2087500.0,-1342500.0,1500,20.55067959091739,False,False,9.80551341360459
2092500.0,-1342500.0,1500,17.835414157605094,False,False,10.201312168095786
2097500.0,-1342500.0,1500,13.600159822618522,False,False,9.71488939232836
2102500.0,-1342500.0,1500,10.921388874708942,False,False,8.128988899017394
2107500.0,-1342500.0,1500,15.021540560572062,False,False,5.419359808432704
2112500.0,-1342500.0,1500,24.77226385547686,False,False,4.143363952088334
2117500.0,-1342500.0,1500,31.479839525172657,False,False,4.978256461656901
2122500.0,-1342500.0,1500,35.609270487867974,False,False,4.338776891409922
2127500.0,-1342500.0,1500,36.032496804160594,False,False,3.403414883246365
2132500.0,-1342500.0,1500,31.462100841056593,False,False,3.514325174560372
2137500.0,-1342500.0,1500,23.47201891419654,False,True,3.35092911141914
2142500.0,-1342500.0,1500,15.193684261594377,False,True,3.471636044384155
2147500.0,-1342500.0,1500,-1.7103466520187993,False,True,5.479639520205181
2152500.0,-1342500.0,1500,-29.436674884468964,False,True,7.118042462952502
2157500.0,-1342500.0,1500,-52.77720776630032,True,True,5.452454005489086
2162500.0,-1342500.0,1500,-69.55581519731606,True,True,4.3844964258953985
2167500.0,-1342500.0,1500,-75.86143618419204,True,True,4.863899925126739
2172500.0,-1342500.0,1500,-74.70231556967784,True,True,5.919778423137558
2177500.0,-1342500.0,1500,-74.78520360767403,True,True,7.07526653482577
2182500.0,-1342500.0,1500,-64.07640630854159,True,True,7.060290766078072
2187500.0,-1342500.0,1500,-36.96302299354366,True,True,6.647908119765378
2192500.0,-1342500.0,1500,-14.345359698461724,False,True,6.344919483938708
2197500.0,-1342500.0,1500,-6.1726915275222956,False,True,6.32231409564618
2202500.0,-1342500.0,1500,-4.269394491462691,False,True,6.323904703983978
2207500.0,-1342500.0,1500,-4.908804362983413,False,True,6.1830019939880625
2212500.0,-1342500.0,1500,-8.181188059310925,False,False,7.45015033583081
2217500.0,-1342500.0,1500,-13.08990743526371,False,False,9.930013563488062
2222500.0,-1342500.0,1500,-17.836441175011984,False,False,10.981868445082291
2227500.0,-1342500.0,1500,-20.04471864131451,False,False,9.338627321088296
2232500.0,-1342500.0,1500,-20.487800440955578,False,False,6.147448240954534
2237500.0,-1342500.0,1500,-19.481690006203003,False,False,7.366182427579279
2242500.0,-1342500.0,1500,-16.91761257778077,False,False,11.286114782286592
2247500.0,-1342500.0,1500,-19.579913212090197,False,False,12.592603412366994
2252500.0,-1342500.0,1500,-22.967476191331574,False,False,12.27250828885689
2257500.0,-1342500.0,1500,-20.335579472075338,False,False,10.284398495227881
2262500.0,-1342500.0,1500,-14.92117370738144,False,False,6.129930048077809
2267500.0,-1342500.0,1500,-10.896179680852303,False,False,3.586616099596748
2272500.0,-1342500.0,1500,-5.561993004119188,False,False,6.617778509895483
2277500.0,-1342500.0,1500,3.419403087530743,False,False,10.942938346982984
2282500.0,-1342500.0,1500,7.384413784181545,False,False,13.144226072293035
2287500.0,-1342500.0,1500,4.592060001260786,False,False,14.215117760290521
2292500.0,-1342500.0,1500,5.681287488267744,False,False,14.691891413202484
2297500.0,-1342500.0,1500,13.370927360420731,False,False,14.921314160703439
2302500.0,-1342500.0,1500,22.722380435988626,False,False,15.041722591746694
2307500.0,-1342500.0,1500,32.26085839768331,False,False,15.10114358686885
2312500.0,-1342500.0,1500,37.850456002986704,False,False,15.131905064050457
2317500.0,-1342500.0,1500,36.62223404335204,False,False,15.151116019563332
2322500.0,-1342500.0,1500,33.78021646199407,False,False,15.165231824628545
2327500.0,-1342500.0,1500,36.264459916667796,False,False,15.177854488591313
2332500.0,-1342500.0,1500,43.808593584899675,False,False,15.1890906929877
2337500.0,-1342500.0,1500,48.79593223513914,False,False,15.197988608687039
2342500.0,-1342500.0,1500,44.362200209488755,False,False,15.204258020841309
2347500.0,-1342500.0,1500,29.33075005888397,False,False,15.208001644644357
2352500.0,-1342500.0,1500,8.851927945861464,False,False,15.209813993266096
2357500.0,-1342500.0,1500,-10.479989336278235,False,False,15.20953192913632
2362500.0,-1342500.0,1500,-26.052543893402603,False,False,15.205332690490668
2367500.0,-1342500.0,1500,-36.55855809195257,False,False,15.193670577160963
2372500.0,-1342500.0,1500,-41.08572764932405,False,False,15.168304919606395
2377500.0,-1342500.0,1500,-41.915249715978895,False,False,15.120257636673234
2052500.0,-1337500.0,1500,-2.978262363113571,False,False,4.967626428584502
2057500.0,-1337500.0,1500,5.293216336111364,False,False,3.7778882791260373
2062500.0,-1337500.0,1500,10.034859231580512,False,False,4.870808878034387
2067500.0,-1337500.0,1500,16.512863709208244,False,False,5.269426663189506
2072500.0,-1337500.0,1500,23.672934787135162,False,False,4.04573985399894
2077500.0,-1337500.0,1500,25.18020057697764,False,False,4.577973184571269
2082500.0,-1337500.0,1500,22.340284641525656,False,False,7.185735507734854
2087500.0,-1337500.0,1500,19.282226458066468,False,False,9.194556780983667
2092500.0,-1337500.0,1500,15.50208577992826,False,False,10.117858264193137
2097500.0,-1337500.0,1500,9.71204454423945,False,False,10.138842654045842
2102500.0,-1337500.0,1500,4.74194676981835,False,False,9.181475641903253
2107500.0,-1337500.0,1500,7.96914271685919,False,False,7.001110023590954
2112500.0,-1337500.0,1500,19.819605952050658,False,False,4.5172221795308625
2117500.0,-1337500.0,1500,29.594545550481183,False,False,4.074206425505338
2122500.0,-1337500.0,1500,35.6761682430761,False,False,3.8087157600938872
2127500.0,-1337500.0,1500,33.9757549902021,False,False,3.3710321520461335
2132500.0,-1337500.0,1500,24.884989654398826,False,False,3.3444839818122833
2137500.0,-1337500.0,1500,18.313163396949932,False,True,3.0348650583253223
2142500.0,-1337500.0,1500,9.7768356405643,False,True,3.2281543600005698
2147500.0,-1337500.0,1500,-12.247541287489575,False,True,4.49973872322688
2152500.0,-1337500.0,1500,-40.43028850708499,False,True,5.648049359247557
2157500.0,-1337500.0,1500,-63.02908390395364,True,True,4.741271799801606
2162500.0,-1337500.0,1500,-78.05120842916646,True,True,4.07643230957237
2167500.0,-1337500.0,1500,-80.03874503320512,True,True,4.376863823204215
2172500.0,-1337500.0,1500,-76.63533385874102,True,True,4.731901172376684
2177500.0,-1337500.0,1500,-77.64289484050751,True,True,5.29809702786857
2182500.0,-1337500.0,1500,-67.00371741044772,True,True,5.840480557595454
2187500.0,-1337500.0,1500,-39.22544529196305,True,True,6.194884798874917
2192500.0,-1337500.0,1500,-17.69469215194648,True,True,6.633432755955503
2197500.0,-1337500.0,1500,-9.287471320706025,False,True,7.352823119059237
2202500.0,-1337500.0,1500,-7.104639934097435,False,True,7.863040569821303
2207500.0,-1337500.0,1500,-7.935915483731374,False,True,6.847952919625862
2212500.0,-1337500.0,1500,-12.278394324738754,False,True,6.062060535870678
2217500.0,-1337500.0,1500,-18.957810085156304,False,False,8.242703080188607
2222500.0,-1337500.0,1500,-22.565307279875128,False,False,10.510161142145952
2227500.0,-1337500.0,1500,-23.73536934927055,False,False,9.757742184057939
2232500.0,-1337500.0,1500,-24.39725714944115,False,False,6.16701968001931
2237500.0,-1337500.0,1500,-21.438945790430562,False,False,6.610733470238822
2242500.0,-1337500.0,1500,-17.09892317177147,False,False,10.716580136938932
2247500.0,-1337500.0,1500,-20.266176064547633,False,False,12.142246749933278
2252500.0,-1337500.0,1500,-24.342819748568704,False,False,11.811637857870833
2257500.0,-1337500.0,1500,-22.798691516347358,False,False,10.008300283019567
2262500.0,-1337500.0,1500,-19.79742421880888,False,False,6.3945586132449765
2267500.0,-1337500.0,1500,-15.795690909929654,False,False,3.7745699847004826
2272500.0,-1337500.0,1500,-9.352018709837,False,False,6.313654460672927
2277500.0,-1337500.0,1500,-0.9166703174511527,False,False,10.663645804272884
2282500.0,-1337500.0,1500,6.147719675711744,False,False,13.009709215714533
2287500.0,-1337500.0,1500,9.930593378190173,False,False,14.14587319328352
2292500.0,-1337500.0,1500,12.709422610757608,False,False,14.651145029738814
2297500.0,-1337500.0,1500,16.070114160508457,False,False,14.895759531049018
2302500.0,-1337500.0,1500,21.826610420303428,False,False,15.02105295053098
2307500.0,-1337500.0,1500,28.325224623757055,False,False,15.081963730901906
2312500.0,-1337500.0,1500,30.38319350018493,False,False,15.112532497856801
2317500.0,-1337500.0,1500,26.061665636414258,False,False,15.131498241838408
2322500.0,-1337500.0,1500,22.010920216487616,False,False,15.146338629845973
2327500.0,-1337500.0,1500,26.069757097859792,False,False,15.160811033080616
2332500.0,-1337500.0,1500,35.40178376873572,False,False,15.174628857291253
2337500.0,-1337500.0,1500,44.72807206776557,False,False,15.186455809686334
2342500.0,-1337500.0,1500,50.537205566221786,False,False,15.195402432539328
2347500.0,-1337500.0,1500,47.51183023024526,False,False,15.201123893823512
2352500.0,-1337500.0,1500,35.234641277097374,False,False,15.204405127767295
2357500.0,-1337500.0,1500,18.174964110025407,False,False,15.205449279144336
2362500.0,-1337500.0,1500,-0.4674456726846903,False,False,15.203341540552763
2367500.0,-1337500.0,1500,-16.5864017164838,False,False,15.196091675292426
2372500.0,-1337500.0,1500,-28.27928165671351,False,False,15.1798487650046
2377500.0,-1337500.0,1500,-36.22929344044678,False,False,15.148887652067174
2057500.0,-1332500.0,1500,8.310470450689367,False,False,4.187470144501231
2062500.0,-1332500.0,1500,12.917893248005909,False,False,4.1118988485397505
2067500.0,-1332500.0,1500,17.813781088894626,False,False,5.399751493351987
2072500.0,-1332500.0,1500,22.250825114621662,False,False,4.807850805419226
2077500.0,-1332500.0,1500,22.445789176736493,False,False,3.9568081380129954
2082500.0,-1332500.0,1500,21.210779079843554,False,False,5.588976855548212
2087500.0,-1332500.0,1500,19.803609386946057,False,False,8.188890492470126
2092500.0,-1332500.0,1500,16.093693918370164,False,False,9.722993815520155
2097500.0,-1332500.0,1500,8.905030087713016,False,False,10.260932870746883
2102500.0,-1332500.0,1500,1.2498538129070447,False,False,9.869674832158413
2107500.0,-1332500.0,1500,0.6522277059154855,False,False,8.39027780070009
2112500.0,-1332500.0,1500,9.879847029113064,False,False,5.814664757494082
2117500.0,-1332500.0,1500,20.45648705206717,False,False,4.219503906393255
2122500.0,-1332500.0,1500,26.499040314962173,False,False,3.746553103118051
2127500.0,-1332500.0,1500,26.760861019668027,False,False,3.429536712021413
2132500.0,-1332500.0,1500,20.82571814751467,False,False,3.2680359075428016
2137500.0,-1332500.0,1500,12.917688843137277,False,True,3.173363114642058
2142500.0,-1332500.0,1500,0.15128935408537775,False,True,3.4363829997436945
2147500.0,-1332500.0,1500,-24.104662741138064,False,True,4.1736935503690225
2152500.0,-1332500.0,1500,-50.543217857187194,False,True,5.136345722579356
2157500.0,-1332500.0,1500,-72.1815963964624,True,True,4.49080439377526
2162500.0,-1332500.0,1500,-85.81514027083264,True,True,3.70844727049522
2167500.0,-1332500.0,1500,-85.1772562905025,True,True,4.772885004342537
2172500.0,-1332500.0,1500,-79.14163751678849,True,True,5.198388247820042
2177500.0,-1332500.0,1500,-75.35741283871424,True,True,5.458413411961059
2182500.0,-1332500.0,1500,-62.90309237661732,True,True,7.238708761779892
2187500.0,-1332500.0,1500,-40.4731182715149,True,True,8.929346588972983
2192500.0,-1332500.0,1500,-24.67871735839419,True,True,9.8840067903942
2197500.0,-1332500.0,1500,-15.045537241583816,False,True,10.469811031274421
2202500.0,-1332500.0,1500,-9.610568442691644,False,True,10.471137917755842
2207500.0,-1332500.0,1500,-9.415276818882,False,True,8.991411808180048
2212500.0,-1332500.0,1500,-13.643681201317328,False,True,6.264339571789865
2217500.0,-1332500.0,1500,-20.535511994606523,False,False,6.928897662143736
2222500.0,-1332500.0,1500,-23.224754216885206,False,False,9.89164415246567
2227500.0,-1332500.0,1500,-23.689494332479004,False,False,9.974996277292686
2232500.0,-1332500.0,1500,-24.434186877571456,False,False,6.492743508701055
2237500.0,-1332500.0,1500,-25.214952838348772,False,False,6.199447436078966
2242500.0,-1332500.0,1500,-25.87643630865851,False,False,9.952846756906883
2247500.0,-1332500.0,1500,-27.81426905561926,False,False,11.322744749130226
2252500.0,-1332500.0,1500,-28.40705887298653,False,False,10.655487833079519
2257500.0,-1332500.0,1500,-27.10309219293446,False,False,8.399831454522028
2262500.0,-1332500.0,1500,-24.793695451332166,False,False,5.637835694437932
2267500.0,-1332500.0,1500,-18.90554296518322,False,False,4.301182599057077
2272500.0,-1332500.0,1500,-11.277577474155597,False,False,6.896364351056963
2277500.0,-1332500.0,1500,-5.935328972814789,False,False,10.961408578551385
2282500.0,-1332500.0,1500,-0.17142880584744136,False,False,13.074233916131801
2287500.0,-1332500.0,1500,8.972160161736946,False,False,14.132150849451287
2292500.0,-1332500.0,1500,15.43018459048157,False,False,14.630072668621152
2297500.0,-1332500.0,1500,18.435050122402295,False,False,14.87431271734048
2302500.0,-1332500.0,1500,23.200007390003424,False,False,14.99988130064989
2307500.0,-1332500.0,1500,25.150189743689033,False,False,15.06069243396671
2312500.0,-1332500.0,1500,23.863568937641617,False,False,15.09022444579253
2317500.0,-1332500.0,1500,23.27227336841702,False,False,15.108597287950975
2322500.0,-1332500.0,1500,24.451568442576676,False,False,15.124172505057906
2327500.0,-1332500.0,1500,29.98918827969068,False,False,15.140542147715506
2332500.0,-1332500.0,1500,37.6679123548927,False,False,15.157316402930519
2337500.0,-1332500.0,1500,43.7166180965684,False,False,15.172639296349548
2342500.0,-1332500.0,1500,47.50983500084598,False,False,15.184890601329247
2347500.0,-1332500.0,1500,50.57246171824164,False,False,15.193365847802703
2352500.0,-1332500.0,1500,52.11529699155284,False,False,15.198767921074799
2357500.0,-1332500.0,1500,46.82323039191919,False,False,15.201288195604203
2362500.0,-1332500.0,1500,32.34661229491338,False,False,15.200677497293688
2367500.0,-1332500.0,1500,13.704039303192603,False,False,15.19605003730262
2372500.0,-1332500.0,1500,-4.613398153182806,False,False,15.185183699947492
2377500.0,-1332500.0,1500,-19.640333960016118,False,False,15.164756727837075
2057500.0,-1327500.0,1500,9.14291369050047,False,False,5.407514290721049
2062500.0,-1327500.0,1500,16.32903616244044,False,False,3.8414016203176833
2067500.0,-1327500.0,1500,18.473710548492626,False,False,4.7877442214513515
2072500.0,-1327500.0,1500,19.935356807341385,False,False,5.517298754645587
2077500.0,-1327500.0,1500,22.712983750411723,False,False,4.315911157447886
2082500.0,-1327500.0,1500,25.154010618484737,False,False,4.348406207653805
2087500.0,-1327500.0,1500,24.33063943524991,False,False,6.755225074914969
2092500.0,-1327500.0,1500,19.79109458030335,False,False,8.986353397324706
2097500.0,-1327500.0,1500,12.818015020064815,False,False,10.086691810620042
2102500.0,-1327500.0,1500,7.080793514952615,False,False,10.23172679316618
2107500.0,-1327500.0,1500,5.595562010417718,False,False,9.45589718652856
2112500.0,-1327500.0,1500,9.783059980499514,False,False,7.719470036310348
2117500.0,-1327500.0,1500,15.402421930036454,False,False,5.980016830906623
2122500.0,-1327500.0,1500,17.943540159246332,False,False,4.752568948151139
2127500.0,-1327500.0,1500,18.786126107886652,False,False,3.8211601735350587
2132500.0,-1327500.0,1500,16.5508483598521,False,False,3.258404461683736
2137500.0,-1327500.0,1500,10.643532111432137,False,True,3.300358924274877
2142500.0,-1327500.0,1500,-0.0818334778224274,False,True,3.515811944413705
2147500.0,-1327500.0,1500,-24.825121947549007,False,True,4.123759396364693
2152500.0,-1327500.0,1500,-53.51099052160991,False,True,5.849989245550917
2157500.0,-1327500.0,1500,-75.38589927581684,True,True,5.195349515819986
2162500.0,-1327500.0,1500,-89.40811903906305,True,True,3.793225804915069
2167500.0,-1327500.0,1500,-89.46293349415154,True,True,5.479611895551886
2172500.0,-1327500.0,1500,-83.52050317613667,True,True,6.427713362999894
2177500.0,-1327500.0,1500,-75.00138517435425,True,True,5.695741550323063
2182500.0,-1327500.0,1500,-58.33875356550905,True,True,6.966852773517089
2187500.0,-1327500.0,1500,-37.94105558187817,True,True,9.495648598275217
2192500.0,-1327500.0,1500,-25.48051869395712,True,True,10.743210768516246
2197500.0,-1327500.0,1500,-16.89750880430285,False,True,11.083916884506115
2202500.0,-1327500.0,1500,-11.395014736282995,False,True,10.798949616373857
2207500.0,-1327500.0,1500,-10.8872462270988,False,True,9.539662020553179
2212500.0,-1327500.0,1500,-14.303467654618268,False,True,6.700158448874767
2217500.0,-1327500.0,1500,-20.19003080577192,False,False,6.265781200327994
2222500.0,-1327500.0,1500,-21.771331597164696,False,False,9.025586780171302
2227500.0,-1327500.0,1500,-22.091115431664917,False,False,9.960663557400565
2232500.0,-1327500.0,1500,-23.77487662009117,False,False,7.05660117529063
2237500.0,-1327500.0,1500,-27.441457874073503,False,False,6.0461188298747786
2242500.0,-1327500.0,1500,-31.47272092474901,False,False,8.8497660346121
2247500.0,-1327500.0,1500,-32.813391710307016,False,False,9.733575981155903
2252500.0,-1327500.0,1500,-30.61021936127439,False,False,7.918262763629953
2257500.0,-1327500.0,1500,-30.0453836931728,False,False,5.960112343050452
2262500.0,-1327500.0,1500,-29.716763026679594,False,False,5.5844891171806985
2267500.0,-1327500.0,1500,-22.709266827922367,False,False,5.10390267536218
2272500.0,-1327500.0,1500,-12.413697708038603,False,False,7.153350770055802
2277500.0,-1327500.0,1500,-6.257755495264298,False,False,11.140047754353452
2282500.0,-1327500.0,1500,-1.087821854985057,False,False,13.117706254623103
2287500.0,-1327500.0,1500,9.375628069491247,False,False,14.117038065785758
2292500.0,-1327500.0,1500,15.252218338654375,False,False,14.60695673013344
2297500.0,-1327500.0,1500,17.14570185101624,False,False,14.849967331081777
2302500.0,-1327500.0,1500,23.267013783609166,False,False,14.975503426088416
2307500.0,-1327500.0,1500,23.203546791744007,False,False,15.035851614660034
2312500.0,-1327500.0,1500,19.603313575327196,False,False,15.064481103718334
2317500.0,-1327500.0,1500,22.39881498569537,False,False,15.0820585093323
2322500.0,-1327500.0,1500,27.99931012866859,False,False,15.098374361007457
2327500.0,-1327500.0,1500,35.15100174184125,False,False,15.116845617907856
2332500.0,-1327500.0,1500,41.06682022206587,False,False,15.136663552616813
2337500.0,-1327500.0,1500,39.94228265898416,False,False,15.155954110255427
2342500.0,-1327500.0,1500,37.071563999291726,False,False,15.172228539770966
2347500.0,-1327500.0,1500,44.04583523666601,False,False,15.184281124051918
2352500.0,-1327500.0,1500,56.97206671263426,False,False,15.19250287938426
2357500.0,-1327500.0,1500,63.42024251890805,False,False,15.196982079185691
2362500.0,-1327500.0,1500,58.6839976306318,False,False,15.19788980972663
2367500.0,-1327500.0,1500,44.841689472677274,False,False,15.194902909145274
2372500.0,-1327500.0,1500,26.360002864472946,False,False,15.187016885392772
2377500.0,-1327500.0,1500,8.3375572241395,False,False,15.172699721724385
2057500.0,-1322500.0,1500,9.035293277370899,False,False,6.959873646329635
2062500.0,-1322500.0,1500,16.81985993488073,False,False,4.402164009841252
2067500.0,-1322500.0,1500,18.28969759276318,False,False,4.030465844798421
2072500.0,-1322500.0,1500,20.696282610074345,False,False,5.419005810288703
2077500.0,-1322500.0,1500,27.000134109683138,False,False,5.1907719260398615
2082500.0,-1322500.0,1500,30.988293154395592,False,False,4.038435899259585
2087500.0,-1322500.0,1500,28.157743835506306,False,False,5.1700512235260225
2092500.0,-1322500.0,1500,22.764192971229917,False,False,7.84428378936512
2097500.0,-1322500.0,1500,17.72148155176213,False,False,9.594660212303157
2102500.0,-1322500.0,1500,14.090018427278197,False,False,10.325058334207924
2107500.0,-1322500.0,1500,10.779941500585988,False,False,10.239920403802362
2112500.0,-1322500.0,1500,10.449014971808309,False,False,9.418155505184352
2117500.0,-1322500.0,1500,14.755759470721104,False,False,8.156589712491712
2122500.0,-1322500.0,1500,18.34821584824625,False,False,6.288145893184437
2127500.0,-1322500.0,1500,14.780937523591462,False,False,4.351555879078812
2132500.0,-1322500.0,1500,8.253546310000328,False,False,3.4684787902495984
2137500.0,-1322500.0,1500,8.665406538744167,False,True,3.4745462754689598
2142500.0,-1322500.0,1500,5.853561778797132,False,True,3.479723668208049
2147500.0,-1322500.0,1500,-18.66021912929078,False,True,3.8187092226372434
2152500.0,-1322500.0,1500,-50.692638996689524,False,True,5.90603991283005
2157500.0,-1322500.0,1500,-74.56796058017967,True,True,5.775594139700117
2162500.0,-1322500.0,1500,-89.63272705893353,True,True,4.106186135607554
2167500.0,-1322500.0,1500,-92.28005063452535,True,True,5.407525084542924
2172500.0,-1322500.0,1500,-88.73876009085818,True,True,7.007378011911976
2177500.0,-1322500.0,1500,-77.54099934108004,True,True,6.22223138716128
2182500.0,-1322500.0,1500,-55.74572513421896,True,True,5.974576665936324
2187500.0,-1322500.0,1500,-32.198925610793715,False,True,8.0797579406143
2192500.0,-1322500.0,1500,-19.378330786032798,False,True,9.425939625311628
2197500.0,-1322500.0,1500,-14.257659403267782,False,True,9.384148331929513
2202500.0,-1322500.0,1500,-12.755734820518407,False,True,8.84822064169335
2207500.0,-1322500.0,1500,-13.191081580561189,False,True,7.818970861819573
2212500.0,-1322500.0,1500,-14.964313331624892,False,False,6.0440120765297785
2217500.0,-1322500.0,1500,-19.36221351437793,False,False,5.973765572404821
2222500.0,-1322500.0,1500,-20.351564520404473,False,False,8.352926051944204
2227500.0,-1322500.0,1500,-19.955329911592116,False,False,9.54156768388713
2232500.0,-1322500.0,1500,-22.516523724749955,False,False,7.431809564226608
2237500.0,-1322500.0,1500,-27.794657504408878,False,False,5.868337095713988
2242500.0,-1322500.0,1500,-32.556168374923,False,False,7.129755551131254
2247500.0,-1322500.0,1500,-33.62521518624393,False,False,6.907095226771627
2252500.0,-1322500.0,1500,-30.593778763007787,False,False,5.7264074921863015
2257500.0,-1322500.0,1500,-30.13229126290169,False,False,6.653512668939409
2262500.0,-1322500.0,1500,-31.516367026960467,False,False,7.80868821875219
2267500.0,-1322500.0,1500,-26.264130149501508,False,False,5.859701304835887
2272500.0,-1322500.0,1500,-14.836749309259128,False,False,6.555223308054575
2277500.0,-1322500.0,1500,-3.15706674084092,False,False,10.806730343729061
2282500.0,-1322500.0,1500,6.644093780904913,False,False,12.987874440489875
2287500.0,-1322500.0,1500,16.510306849583156,False,False,14.052697037249438
2292500.0,-1322500.0,1500,19.08944183738808,False,False,14.561800075916674
2297500.0,-1322500.0,1500,17.268800302492558,False,False,14.816569971071257
2302500.0,-1322500.0,1500,22.304279972972935,False,False,14.945202981539685
2307500.0,-1322500.0,1500,24.501618270068445,False,False,15.006252809747615
2312500.0,-1322500.0,1500,22.19161877947159,False,False,15.034867919819181
2317500.0,-1322500.0,1500,22.168060742143624,False,False,15.05191546901414
2322500.0,-1322500.0,1500,23.266278013232156,False,False,15.068978770362115
2327500.0,-1322500.0,1500,28.247376290076964,False,False,15.08932058088258
2332500.0,-1322500.0,1500,33.09704581914224,False,False,15.112310699543556
2337500.0,-1322500.0,1500,28.984718237092725,False,False,15.135932037939519
2342500.0,-1322500.0,1500,25.302294642800437,False,False,15.15662356876783
2347500.0,-1322500.0,1500,37.42157443298447,False,False,15.173045468748589
2352500.0,-1322500.0,1500,55.027692557819094,False,False,15.184885609175103
2357500.0,-1322500.0,1500,62.904809724897284,False,False,15.191975012327521
2362500.0,-1322500.0,1500,64.84546436022472,False,False,15.194814437597012
2367500.0,-1322500.0,1500,63.59486939839974,False,False,15.193351032769138
2372500.0,-1322500.0,1500,55.93653285444511,False,False,15.187379056614127
2377500.0,-1322500.0,1500,41.53981974372736,False,False,15.176350404817395
2057500.0,-1317500.0,1500,7.804248861452985,False,False,8.319394281479894
2062500.0,-1317500.0,1500,13.903636625545385,False,False,5.778710302815256
2067500.0,-1317500.0,1500,17.698886020257973,False,False,3.9181266375141015
2072500.0,-1317500.0,1500,21.962865892517062,False,False,4.630588502196762
2077500.0,-1317500.0,1500,26.37286010840379,False,False,5.6763176407256095
2082500.0,-1317500.0,1500,27.421282361212963,False,False,4.635702196021846
2087500.0,-1317500.0,1500,23.708966206299124,False,False,4.181674786547784
2092500.0,-1317500.0,1500,19.98994006944852,False,False,6.287131275131285
2097500.0,-1317500.0,1500,17.873269429916395,False,False,8.753934215368483
2102500.0,-1317500.0,1500,15.102494827824598,False,False,10.132652175694622
2107500.0,-1317500.0,1500,9.215812440348136,False,False,10.63498398183398
2112500.0,-1317500.0,1500,6.9525143900262885,False,False,10.382155355303603
2117500.0,-1317500.0,1500,12.133921047447789,False,False,9.416645890407109
2122500.0,-1317500.0,1500,16.919405679572716,False,False,7.401516131554957
2127500.0,-1317500.0,1500,11.08765535600703,False,False,4.698906920360009
2132500.0,-1317500.0,1500,3.0828691870167857,False,False,3.5438666840830098
2137500.0,-1317500.0,1500,4.778451100236342,False,True,3.54217576718663
2142500.0,-1317500.0,1500,5.434499026776799,False,True,3.377532082943553
2147500.0,-1317500.0,1500,-12.54404734763432,False,True,3.5712388358685594
2152500.0,-1317500.0,1500,-44.315388238499246,False,True,5.524932515364208
2157500.0,-1317500.0,1500,-72.34681641862896,True,True,6.113424434238736
2162500.0,-1317500.0,1500,-89.76661359946864,True,True,4.536832085208058
2167500.0,-1317500.0,1500,-96.0794076821285,True,True,4.982729969096663
2172500.0,-1317500.0,1500,-95.18629751753689,True,True,6.358979731165825
2177500.0,-1317500.0,1500,-82.61844661124408,True,True,6.143001673221942
2182500.0,-1317500.0,1500,-55.8206261448111,True,True,5.204122444688812
2187500.0,-1317500.0,1500,-25.134820413014264,False,True,5.771194243320389
2192500.0,-1317500.0,1500,-10.543833476600346,False,True,6.4979813635809505
2197500.0,-1317500.0,1500,-10.150158690604332,False,True,6.532251201549018
2202500.0,-1317500.0,1500,-12.667311014976432,False,True,6.602180004276233
2207500.0,-1317500.0,1500,-14.323288016523138,False,True,6.406777905551098
2212500.0,-1317500.0,1500,-14.835044745338255,False,False,6.219791075064315
2217500.0,-1317500.0,1500,-18.3028606512884,False,False,7.033599836608284
2222500.0,-1317500.0,1500,-19.12552911685901,False,False,7.928812842219632
2227500.0,-1317500.0,1500,-18.588854731476854,False,False,7.497184388344344
2232500.0,-1317500.0,1500,-21.259525995177402,False,False,6.282306696799644
2237500.0,-1317500.0,1500,-25.91531511151112,False,False,5.1349451075983605
2242500.0,-1317500.0,1500,-29.844045340520733,False,False,5.010948213084214
2247500.0,-1317500.0,1500,-30.26840222452623,False,False,5.619123278075323
2252500.0,-1317500.0,1500,-28.674336757320514,False,False,7.361324713775829
2257500.0,-1317500.0,1500,-29.38527040991921,False,False,9.621717891267076
2262500.0,-1317500.0,1500,-30.717617616926585,False,False,9.868950665292754
2267500.0,-1317500.0,1500,-27.821575215737525,False,False,6.730445869610627
2272500.0,-1317500.0,1500,-18.025701077252297,False,False,6.228555855222248
2277500.0,-1317500.0,1500,-1.9368071742670154,False,False,10.095061824334504
2282500.0,-1317500.0,1500,12.417129807813424,False,False,12.698400499408097
2287500.0,-1317500.0,1500,20.178591692715756,False,False,13.92442526961114
2292500.0,-1317500.0,1500,19.955340640577184,False,False,14.490132990173919
2297500.0,-1317500.0,1500,15.7259860506642,False,False,14.770534278931105
2302500.0,-1317500.0,1500,17.150996951663007,False,False,14.907783688157918
2307500.0,-1317500.0,1500,21.03357792205286,False,False,14.972004934288266
2312500.0,-1317500.0,1500,22.726516017910402,False,False,15.001546803940599
2317500.0,-1317500.0,1500,20.95924120656702,False,False,15.018666996603487
2322500.0,-1317500.0,1500,16.992963194787585,False,False,15.036105324106613
2327500.0,-1317500.0,1500,17.972195698044523,False,False,15.058004627526424
2332500.0,-1317500.0,1500,21.71639537776745,False,False,15.084307279441031
2337500.0,-1317500.0,1500,19.805300076049637,False,False,15.11186685943786
2342500.0,-1317500.0,1500,17.822589047204037,False,False,15.137376252745817
2347500.0,-1317500.0,1500,29.286645173177803,False,False,15.1588532876231
2352500.0,-1317500.0,1500,45.68414429806943,False,False,15.174856897926588
2357500.0,-1317500.0,1500,52.322335492024166,False,False,15.185409337466925
2362500.0,-1317500.0,1500,56.8615769267788,False,False,15.190944573571848
2367500.0,-1317500.0,1500,64.98447071301551,False,False,15.19144524946798
2372500.0,-1317500.0,1500,71.73217107196557,False,False,15.18718549138184
2377500.0,-1317500.0,1500,68.41258863636278,False,False,15.178261111769789
2057500.0,-1312500.0,1500,7.328333585443351,False,False,9.373217165224487
2062500.0,-1312500.0,1500,12.046678467247572,False,False,7.393018946418906
2067500.0,-1312500.0,1500,16.70914117122601,False,False,4.782789294500173
2072500.0,-1312500.0,1500,19.395471780124765,False,False,3.9777705617746437
2077500.0,-1312500.0,1500,19.11434907713436,False,False,5.311350616312524
2082500.0,-1312500.0,1500,17.2807997831107,False,False,5.523682706889387
2087500.0,-1312500.0,1500,15.203378778532672,False,False,4.210872256469998
2092500.0,-1312500.0,1500,15.109518247856379,False,False,4.810100226044472
2097500.0,-1312500.0,1500,15.728616892446638,False,False,7.5004789429270815
2102500.0,-1312500.0,1500,15.068775002297398,False,False,9.568386913562591
2107500.0,-1312500.0,1500,10.244740078991484,False,False,10.589140013068734
2112500.0,-1312500.0,1500,6.743218838458692,False,False,10.739673107598769
2117500.0,-1312500.0,1500,9.09223593638946,False,False,10.0215715641884
2122500.0,-1312500.0,1500,11.850051314130178,False,False,8.119267677705656
2127500.0,-1312500.0,1500,7.021343385972091,False,False,5.041066642375976
2132500.0,-1312500.0,1500,1.7890358966853612,False,False,3.620169183250909
2137500.0,-1312500.0,1500,0.8802578023335186,False,True,3.5561703467379915
2142500.0,-1312500.0,1500,0.21489456631430381,False,True,3.364963028980842
2147500.0,-1312500.0,1500,-10.361297153500368,False,True,3.6317246597713813
2152500.0,-1312500.0,1500,-40.56542824895263,False,True,4.9283907825851845
2157500.0,-1312500.0,1500,-73.54823796568468,True,True,5.472332058632402
2162500.0,-1312500.0,1500,-91.45536727640284,True,True,4.386984676175919
2167500.0,-1312500.0,1500,-98.7915631877016,True,True,4.3830449814890855
2172500.0,-1312500.0,1500,-99.71734642821461,True,True,5.206118831806394
2177500.0,-1312500.0,1500,-85.348524265871,True,True,5.539818097435173
2182500.0,-1312500.0,1500,-55.05607076371286,True,True,5.189396283925884
2187500.0,-1312500.0,1500,-22.733651405565503,False,True,4.995257983212377
2192500.0,-1312500.0,1500,-8.53650342411522,False,True,5.6322545823674215
2197500.0,-1312500.0,1500,-8.286820563888316,False,True,6.786866943978157
2202500.0,-1312500.0,1500,-11.312406632575973,False,True,7.794702577502116
2207500.0,-1312500.0,1500,-13.581806643593938,False,False,8.442182480803252
2212500.0,-1312500.0,1500,-13.952751595908378,False,False,8.91448015517671
2217500.0,-1312500.0,1500,-16.54289332837457,False,False,9.037296149656282
2222500.0,-1312500.0,1500,-17.461686672141106,False,False,7.103752456355631
2227500.0,-1312500.0,1500,-18.18828952551628,False,False,5.33742492762981
2232500.0,-1312500.0,1500,-22.24119291572192,False,False,4.863866082490515
2237500.0,-1312500.0,1500,-25.763591833959737,False,False,4.007938499751131
2242500.0,-1312500.0,1500,-26.612088348097892,False,False,4.85684035215777
2247500.0,-1312500.0,1500,-25.232924526188626,False,False,7.693740253719
2252500.0,-1312500.0,1500,-25.414022838187055,False,False,10.294196601444275
2257500.0,-1312500.0,1500,-28.383166481044803,False,False,11.513119779273204
2262500.0,-1312500.0,1500,-30.314593414850975,False,False,11.072737841307394
2267500.0,-1312500.0,1500,-28.706871823365933,False,False,7.972582162034262
2272500.0,-1312500.0,1500,-19.92710638724401,False,False,6.2361246053142665
2277500.0,-1312500.0,1500,-3.8794344556443723,False,False,9.111744046353923
2282500.0,-1312500.0,1500,11.327280342392383,False,False,12.305249780616894
2287500.0,-1312500.0,1500,19.21415484945561,False,False,13.739754858932141
2292500.0,-1312500.0,1500,19.270500546914437,False,False,14.395401041201346
2297500.0,-1312500.0,1500,14.886597086561599,False,False,14.71214708163247
2302500.0,-1312500.0,1500,11.843703329078146,False,False,14.863667322163597
2307500.0,-1312500.0,1500,11.90735284645912,False,False,14.93407843506825
2312500.0,-1312500.0,1500,14.04866590232063,False,False,14.965494295814931
2317500.0,-1312500.0,1500,14.943148683559643,False,False,14.983067370927364
2322500.0,-1312500.0,1500,13.281050824948572,False,False,15.000689134244872
2327500.0,-1312500.0,1500,13.482197999984539,False,False,15.023686413627079
2332500.0,-1312500.0,1500,15.9835672340159,False,False,15.052564859293916
2337500.0,-1312500.0,1500,15.473960124184705,False,False,15.08374775648588
2342500.0,-1312500.0,1500,13.666904667800189,False,False,15.114086159629508
2347500.0,-1312500.0,1500,21.524925371824352,False,False,15.140697591595014
2352500.0,-1312500.0,1500,35.19332815090805,False,False,15.161507545364707
2357500.0,-1312500.0,1500,42.72727209205803,False,False,15.176369876495233
2362500.0,-1312500.0,1500,48.22351308726181,False,False,15.185334419618124
2367500.0,-1312500.0,1500,57.83718166011134,False,False,15.188559258517946
2372500.0,-1312500.0,1500,72.3258509895512,False,False,15.18648822079988
2377500.0,-1312500.0,1500,79.81115983884197,False,False,15.179357230723653
2057500.0,-1307500.0,1500,7.71025912362822,False,False,10.14384469914565
2062500.0,-1307500.0,1500,11.455231480772637,False,False,8.690924806683078
2067500.0,-1307500.0,1500,14.308827853343367,False,False,6.303692510118637
2072500.0,-1307500.0,1500,14.090931605129263,False,False,4.0962205256205335
2077500.0,-1307500.0,1500,12.915912768892973,False,False,4.443884001479859
2082500.0,-1307500.0,1500,12.113599482504567,False,False,5.781871580552986
2087500.0,-1307500.0,1500,11.956747820175266,False,False,4.990685256559694
2092500.0,-1307500.0,1500,13.385624044780302,False,False,4.1259825477441
2097500.0,-1307500.0,1500,14.287312554889969,False,False,5.91144414439135
2102500.0,-1307500.0,1500,14.321564883498324,False,False,8.593199930859846
2107500.0,-1307500.0,1500,10.302259173672743,False,False,10.181441082663769
2112500.0,-1307500.0,1500,4.679179525659157,False,False,10.742664605071251
2117500.0,-1307500.0,1500,4.139510092243949,False,False,10.29461098845935
2122500.0,-1307500.0,1500,4.639689453227597,False,False,8.622633634673022
2127500.0,-1307500.0,1500,1.2169924268408994,False,False,5.472611302560411
2132500.0,-1307500.0,1500,-0.1926932441165893,False,False,3.6112279463284436
2137500.0,-1307500.0,1500,0.7540918053150226,False,True,3.4286928429149364
2142500.0,-1307500.0,1500,-1.1869212238304292,False,True,3.4232153701850296
2147500.0,-1307500.0,1500,-11.32617375136209,False,True,3.7508957665797613
2152500.0,-1307500.0,1500,-39.849426334435584,False,True,4.59640917636221
2157500.0,-1307500.0,1500,-72.76815664028273,True,True,5.326572751943209
2162500.0,-1307500.0,1500,-89.85312304925944,True,True,4.4606941444215975
2167500.0,-1307500.0,1500,-100.51679316384276,True,True,3.932562005659457
2172500.0,-1307500.0,1500,-102.07976085091188,True,True,4.501279700790448
2177500.0,-1307500.0,1500,-83.88147742190755,True,True,4.842047825451615
2182500.0,-1307500.0,1500,-48.580935723746585,True,True,5.380903254946966
2187500.0,-1307500.0,1500,-20.02614674151753,True,True,5.522917925653722
2192500.0,-1307500.0,1500,-11.02196889954779,False,True,6.1582501878672185
2197500.0,-1307500.0,1500,-8.342912749821656,False,True,8.22407706544994
2202500.0,-1307500.0,1500,-10.254855999145116,False,True,9.886751994786719
2207500.0,-1307500.0,1500,-12.425992724054296,False,True,10.692746182165797
2212500.0,-1307500.0,1500,-13.135496592786309,False,False,10.886925405886608
2217500.0,-1307500.0,1500,-14.646653056973003,False,False,10.21736578883883
2222500.0,-1307500.0,1500,-15.962235789697502,False,False,7.165393661648328
2227500.0,-1307500.0,1500,-17.190986582736805,False,False,4.768580285404189
2232500.0,-1307500.0,1500,-22.184101538151555,False,False,4.1585604429172776
2237500.0,-1307500.0,1500,-26.07393217021451,False,False,3.473876769527948
2242500.0,-1307500.0,1500,-24.780393386967923,False,False,5.798796771060505
2247500.0,-1307500.0,1500,-22.324170443825825,False,False,9.535563217417996
2252500.0,-1307500.0,1500,-23.4203267226352,False,False,11.60583362898394
2257500.0,-1307500.0,1500,-27.378240227585234,False,False,12.407245050724367
2262500.0,-1307500.0,1500,-30.297076761412253,False,False,11.798477662492637
2267500.0,-1307500.0,1500,-28.846007045841954,False,False,9.096082399507877
2272500.0,-1307500.0,1500,-18.924414450184358,False,False,6.214683860142597
2277500.0,-1307500.0,1500,-5.51204121016391,False,False,8.017243487218819
2282500.0,-1307500.0,1500,6.1094174153486405,False,False,11.839008254289766
2287500.0,-1307500.0,1500,14.863018487930656,False,False,13.510605581405052
2292500.0,-1307500.0,1500,17.897026818330133,False,False,14.28102992321301
2297500.0,-1307500.0,1500,15.112825105311975,False,False,14.643507637518994
2302500.0,-1307500.0,1500,10.086518811013192,False,False,14.814372268199241
2307500.0,-1307500.0,1500,5.9566411568508295,False,False,14.893741102953815
2312500.0,-1307500.0,1500,4.88342824699477,False,False,14.928424008987655
2317500.0,-1307500.0,1500,6.240159389876994,False,False,14.946618217366284
2322500.0,-1307500.0,1500,7.493315634780593,False,False,14.963997197198129
2327500.0,-1307500.0,1500,9.20515767608334,False,False,14.987502685497581
2332500.0,-1307500.0,1500,11.86050579219279,False,False,15.017955806383894
2337500.0,-1307500.0,1500,12.556555524593815,False,False,15.052115745628644
2342500.0,-1307500.0,1500,13.152650397818064,False,False,15.086608099116813
2347500.0,-1307500.0,1500,21.110377629872893,False,False,15.118187861549654
2352500.0,-1307500.0,1500,31.80236566118912,False,False,15.144087353576264
2357500.0,-1307500.0,1500,36.90802142669106,False,False,15.163739237047382
2362500.0,-1307500.0,1500,41.037657207435046,False,False,15.176955578517122
2367500.0,-1307500.0,1500,50.36958223919427,False,False,15.183728946948744
2372500.0,-1307500.0,1500,67.54678583435282,False,False,15.184547674868076
2377500.0,-1307500.0,1500,79.44754054206527,False,False,15.179779602638222
2057500.0,-1302500.0,1500,8.314975730347909,False,False,10.691554591000974
2062500.0,-1302500.0,1500,11.228838944937428,False,False,9.653562766341075
2067500.0,-1302500.0,1500,12.835365263741426,False,False,7.822263916439337
2072500.0,-1302500.0,1500,12.77068394557786,False,False,5.151797875092909
2077500.0,-1302500.0,1500,13.020228501130257,False,False,3.9462739721975564
2082500.0,-1302500.0,1500,12.390051359117393,False,False,5.204284176244293
2087500.0,-1302500.0,1500,11.545125055845174,False,False,5.764391389612813
2092500.0,-1302500.0,1500,11.235548917430878,False,False,4.42013791407993
2097500.0,-1302500.0,1500,10.512012659966155,False,False,4.6060089868398
2102500.0,-1302500.0,1500,8.82349141923122,False,False,7.191045922703614
2107500.0,-1302500.0,1500,2.7996968175909993,False,False,9.438025574664435
2112500.0,-1302500.0,1500,-3.632920752420395,False,False,10.47655202541185
2117500.0,-1302500.0,1500,-4.415926511440714,False,False,10.393496028717164
2122500.0,-1302500.0,1500,-3.6152780833697347,False,False,9.041780556728503
2127500.0,-1302500.0,1500,-4.979687343918194,False,False,6.071270757734184
2132500.0,-1302500.0,1500,-5.454143990583734,False,False,3.7446739349246623
2137500.0,-1302500.0,1500,-5.275802610285053,False,True,3.2423469575721615
2142500.0,-1302500.0,1500,-5.359786617421621,False,True,3.3961936169184312
2147500.0,-1302500.0,1500,-10.213310459433321,False,True,3.5932613431999427
2152500.0,-1302500.0,1500,-35.255421674734656,False,True,4.4060078074348255
2157500.0,-1302500.0,1500,-66.4757909096653,True,True,6.068796202299385
2162500.0,-1302500.0,1500,-86.88499549438906,True,True,5.1165218270693344
2167500.0,-1302500.0,1500,-102.82067037771778,True,True,3.716900394646711
2172500.0,-1302500.0,1500,-104.17420185006263,True,True,4.160198835567578
2177500.0,-1302500.0,1500,-83.22314758856994,True,True,4.605320486239143
2182500.0,-1302500.0,1500,-40.44911686859359,False,True,4.9418899413205315
2187500.0,-1302500.0,1500,-9.869808957723388,False,True,4.869873892008475
2192500.0,-1302500.0,1500,-6.971390737206869,False,True,5.265285825367357
2197500.0,-1302500.0,1500,-7.899448956175195,False,True,7.217174880944388
2202500.0,-1302500.0,1500,-10.691492017966333,False,True,9.46049598593226
2207500.0,-1302500.0,1500,-13.43667857031247,False,True,10.425979841784544
2212500.0,-1302500.0,1500,-14.227071826271706,False,False,10.68789638834365
2217500.0,-1302500.0,1500,-15.37004150855842,False,False,10.441910243623342
2222500.0,-1302500.0,1500,-17.421647760583994,False,False,8.869505400325528
2227500.0,-1302500.0,1500,-18.340348405165226,False,False,6.8038780081101295
2232500.0,-1302500.0,1500,-20.313836260170216,False,False,5.753272326573266
2237500.0,-1302500.0,1500,-23.472058181623666,False,False,4.351718382883989
2242500.0,-1302500.0,1500,-24.009304627526355,False,False,5.5962232979104645
2247500.0,-1302500.0,1500,-22.21568013695156,False,False,9.538294647989208
2252500.0,-1302500.0,1500,-23.45935384301102,False,False,11.852505438619204
2257500.0,-1302500.0,1500,-27.971464372497415,False,False,12.706295403346276
2262500.0,-1302500.0,1500,-31.715961522618333,False,False,12.219354234884467
2267500.0,-1302500.0,1500,-29.846552409888865,False,False,9.988931776743055
2272500.0,-1302500.0,1500,-19.983263422999556,False,False,6.208573596823107
2277500.0,-1302500.0,1500,-11.065621976874665,False,False,7.009630518850788
2282500.0,-1302500.0,1500,-4.802845282369611,False,False,11.274235217021062
2287500.0,-1302500.0,1500,3.8211666129581343,False,False,13.235449888838867
2292500.0,-1302500.0,1500,9.478020257918908,False,False,14.148606733361913
2297500.0,-1302500.0,1500,9.586183393252007,False,False,14.565800951317913
2302500.0,-1302500.0,1500,7.71588181063522,False,False,14.761651808316584
2307500.0,-1302500.0,1500,4.301593645551737,False,False,14.852749429481506
2312500.0,-1302500.0,1500,0.6754631083077066,False,False,14.891952301943341
2317500.0,-1302500.0,1500,-0.6976236679846982,False,False,14.910933523365745
2322500.0,-1302500.0,1500,-0.025476369874084304,False,False,14.927854485920552
2327500.0,-1302500.0,1500,3.311116485935491,False,False,14.951157163918774
2332500.0,-1302500.0,1500,8.601998533847338,False,False,14.981905416160242
2337500.0,-1302500.0,1500,12.010423236755605,False,False,15.017896201447904
2342500.0,-1302500.0,1500,16.16266553551269,False,False,15.055796094622265
2347500.0,-1302500.0,1500,24.60847250119519,False,False,15.091373763890754
2352500.0,-1302500.0,1500,30.759423706335273,False,False,15.1220945728233
2357500.0,-1302500.0,1500,31.937232894092112,False,False,15.146773468534002
2362500.0,-1302500.0,1500,34.17584143245027,False,False,15.164563784682338
2367500.0,-1302500.0,1500,42.04893750556489,False,False,15.175598425393192
2372500.0,-1302500.0,1500,58.42969725623837,False,False,15.180186683520251
2377500.0,-1302500.0,1500,71.66261978711596,False,False,15.178499462856582
2057500.0,-1297500.0,1500,9.149001605590557,False,False,11.074176989274259
2062500.0,-1297500.0,1500,11.858658152996993,False,False,10.346549258391333
2067500.0,-1297500.0,1500,13.54505033212024,False,False,9.014642091014903
2072500.0,-1297500.0,1500,13.879364901803408,False,False,6.75198558490671
2077500.0,-1297500.0,1500,13.949701396833788,False,False,4.340541718196465
2082500.0,-1297500.0,1500,13.115546808981666,False,False,4.334830476958798
2087500.0,-1297500.0,1500,10.790624489981582,False,False,5.770054715675388
2092500.0,-1297500.0,1500,7.68086179457494,False,False,5.323742086320485
2097500.0,-1297500.0,1500,5.652688529861449,False,False,4.197776767041699
2102500.0,-1297500.0,1500,3.0025080169662814,False,False,5.555515878088508
2107500.0,-1297500.0,1500,-3.0351021521972905,False,False,8.291486497280822
2112500.0,-1297500.0,1500,-8.771406332250553,False,False,9.933694374493637
2117500.0,-1297500.0,1500,-10.379405475391158,False,False,10.328930511316335
2122500.0,-1297500.0,1500,-8.864432493809693,False,False,9.360081143114373
2127500.0,-1297500.0,1500,-7.302829493937419,False,False,6.786939546350207
2132500.0,-1297500.0,1500,-7.454189407628281,False,False,4.201066135924233
2137500.0,-1297500.0,1500,-18.033010008384807,False,False,3.317292948796496
2142500.0,-1297500.0,1500,-28.48024847186461,False,True,3.445524557934923
2147500.0,-1297500.0,1500,-25.15517008792545,False,True,3.4373839186759634
2152500.0,-1297500.0,1500,-32.67498746280841,False,True,3.966907807189595
2157500.0,-1297500.0,1500,-57.75328705073217,False,True,6.040433628447263
2162500.0,-1297500.0,1500,-81.73166663590908,True,True,5.519370265377152
2167500.0,-1297500.0,1500,-100.01267754981097,True,True,3.9033972687274687
2172500.0,-1297500.0,1500,-109.46007940601709,True,True,4.036732161539697
2177500.0,-1297500.0,1500,-94.04298889274962,True,True,4.650934904594745
2182500.0,-1297500.0,1500,-47.83321786936599,False,True,5.315741263646715
2187500.0,-1297500.0,1500,-9.259086097953903,False,True,5.104303032260253
2192500.0,-1297500.0,1500,-5.729583489340905,False,True,4.631068990456363
2197500.0,-1297500.0,1500,-10.883466797207156,False,True,5.4323960402070455
2202500.0,-1297500.0,1500,-13.153230818913197,False,True,7.277069034274312
2207500.0,-1297500.0,1500,-16.05105093654196,False,True,7.876124813890874
2212500.0,-1297500.0,1500,-16.535616767622333,False,False,8.185005584448424
2217500.0,-1297500.0,1500,-17.76011337087584,False,False,9.213998692460045
2222500.0,-1297500.0,1500,-19.48142372935677,False,False,9.979544193905394
2227500.0,-1297500.0,1500,-18.308907057756578,False,False,9.740754948386677
2232500.0,-1297500.0,1500,-16.42927666847795,False,False,8.807791083774347
2237500.0,-1297500.0,1500,-19.041360845569596,False,False,6.154563890898603
2242500.0,-1297500.0,1500,-22.890728280471023,False,False,5.286181544336294
2247500.0,-1297500.0,1500,-22.709832011594415,False,False,8.48946202357921
2252500.0,-1297500.0,1500,-24.117989148042167,False,False,11.430901977064252
2257500.0,-1297500.0,1500,-29.92867019556118,False,False,12.61431312961302
2262500.0,-1297500.0,1500,-34.58730276803601,False,False,12.449564282764092
2267500.0,-1297500.0,1500,-32.317056996715735,False,False,10.71566808007157
2272500.0,-1297500.0,1500,-24.02699830915509,False,False,6.576168051776819
2277500.0,-1297500.0,1500,-18.429137469778382,False,False,6.36979470098958
2282500.0,-1297500.0,1500,-15.112513809235548,False,False,10.568200291398314
2287500.0,-1297500.0,1500,-8.54616611987829,False,False,12.911588666393332
2292500.0,-1297500.0,1500,-3.355814758901423,False,False,13.995316902255672
2297500.0,-1297500.0,1500,-0.5674135859259523,False,False,14.478479469257032
2302500.0,-1297500.0,1500,3.2011131081681223,False,False,14.706088410416033
2307500.0,-1297500.0,1500,4.114268279558353,False,False,14.811700892876676
2312500.0,-1297500.0,1500,1.2546342069658005,False,False,14.856819221986513
2317500.0,-1297500.0,1500,-1.3979814961555175,False,False,14.877649539815907
2322500.0,-1297500.0,1500,-2.4156473632397457,False,False,14.894195266112366
2327500.0,-1297500.0,1500,0.9584472943506248,False,False,14.916365417680861
2332500.0,-1297500.0,1500,9.028914112210641,False,False,14.946377236826823
2337500.0,-1297500.0,1500,15.05449638075182,False,False,14.983042490660265
2342500.0,-1297500.0,1500,19.591156666012346,False,False,15.022718959590446
2347500.0,-1297500.0,1500,25.46886244587786,False,False,15.06112190222111
2352500.0,-1297500.0,1500,29.279557551989843,False,False,15.09590853176587
2357500.0,-1297500.0,1500,30.99005839467492,False,False,15.124936757836277
2362500.0,-1297500.0,1500,31.50997528781907,False,False,15.147239742479142
2367500.0,-1297500.0,1500,34.33951609210145,False,False,15.162955084893282
2372500.0,-1297500.0,1500,45.523972261449664,False,False,15.1717857707826
2377500.0,-1297500.0,1500,58.92825716533494,False,False,15.174091444919
2057500.0,-1292500.0,1500,9.990296985381883,False,False,11.338969314029645
2062500.0,-1292500.0,1500,13.86001041571328,False,False,10.833587174088443
2067500.0,-1292500.0,1500,15.285790923653591,False,False,9.89907526457772
2072500.0,-1292500.0,1500,13.564014245661008,False,False,8.220527836290579
2077500.0,-1292500.0,1500,13.168432730482179,False,False,5.630617768295049
2082500.0,-1292500.0,1500,13.92763904064594,False,False,4.012244514899758
2087500.0,-1292500.0,1500,10.016228449323831,False,False,4.9904600119169045
2092500.0,-1292500.0,1500,2.8709707995229086,False,False,5.959349054153981
2097500.0,-1292500.0,1500,-1.0524607270474438,False,False,4.751323955889681
2102500.0,-1292500.0,1500,-0.7827923583668642,False,False,4.442892463048971
2107500.0,-1292500.0,1500,-0.2188857934006721,False,False,6.73865657522337
2112500.0,-1292500.0,1500,-1.236826285382108,False,False,9.069908716962933
2117500.0,-1292500.0,1500,-5.460422501652484,False,False,10.025223186458375
2122500.0,-1292500.0,1500,-9.73917276388086,False,False,9.460281933614155
2127500.0,-1292500.0,1500,-9.952007359280177,False,False,7.220338207035315
2132500.0,-1292500.0,1500,-13.73202090976829,False,False,4.511590711702002
2137500.0,-1292500.0,1500,-27.950103740905575,False,False,3.5828805956464214
2142500.0,-1292500.0,1500,-40.795324084044694,False,True,3.5878361968208106
2147500.0,-1292500.0,1500,-36.207537228126185,False,True,3.312317663900042
2152500.0,-1292500.0,1500,-33.55548421937899,False,True,3.5153986815452747
2157500.0,-1292500.0,1500,-54.10072964302234,False,True,5.506524491642413
2162500.0,-1292500.0,1500,-77.30569183030826,True,True,5.762085120480358
2167500.0,-1292500.0,1500,-95.85080172172603,True,True,4.26270377590239
2172500.0,-1292500.0,1500,-114.63018731098403,True,True,4.29179448739977
2177500.0,-1292500.0,1500,-107.31652292081952,True,True,4.48974959460347
2182500.0,-1292500.0,1500,-61.28180199887544,False,True,4.860235564065009
2187500.0,-1292500.0,1500,-20.286415227325087,False,True,4.960734497003666
2192500.0,-1292500.0,1500,-14.579478923884286,True,True,4.482306562494513
2197500.0,-1292500.0,1500,-17.39138629936321,False,True,4.37976214629848
2202500.0,-1292500.0,1500,-16.964399634440912,False,True,4.843128128871985
2207500.0,-1292500.0,1500,-17.290222345627875,False,True,5.222585224370837
2212500.0,-1292500.0,1500,-17.806836274763583,False,True,5.540745684989163
2217500.0,-1292500.0,1500,-20.131262747605987,False,False,7.054639491876557
2222500.0,-1292500.0,1500,-19.610894865558752,False,False,9.394972691953637
2227500.0,-1292500.0,1500,-14.817473931290007,False,False,10.35696599590138
2232500.0,-1292500.0,1500,-11.7701563714489,False,False,9.449577028609058
2237500.0,-1292500.0,1500,-15.316444389267362,False,False,6.471246728781413
2242500.0,-1292500.0,1500,-21.35678701573681,False,False,4.539331867684439
2247500.0,-1292500.0,1500,-22.821306138555244,False,False,6.92121779810195
2252500.0,-1292500.0,1500,-24.38625316500499,False,False,10.429989954741597
2257500.0,-1292500.0,1500,-31.109479440700625,False,False,12.20012574155656
2262500.0,-1292500.0,1500,-36.5498645899909,False,False,12.502424722218171
2267500.0,-1292500.0,1500,-33.81074005661282,False,False,11.246583564145425
2272500.0,-1292500.0,1500,-25.43780986984087,False,False,7.43337400582028
2277500.0,-1292500.0,1500,-18.88244495050727,False,False,6.234540912258046
2282500.0,-1292500.0,1500,-14.999079209731676,False,False,9.722127697597827
2287500.0,-1292500.0,1500,-12.053617205356232,False,False,12.540121734764183
2292500.0,-1292500.0,1500,-9.750518629249452,False,False,13.814480996301546
2297500.0,-1292500.0,1500,-5.922208334812271,False,False,14.379295348699324
2302500.0,-1292500.0,1500,-0.42422925322966687,False,False,14.645566272644874
2307500.0,-1292500.0,1500,2.6314340529448965,False,False,14.768388534664165
2312500.0,-1292500.0,1500,2.691547376953403,False,False,14.822179558658902
2317500.0,-1292500.0,1500,2.964082263073199,False,False,14.846662216767921
2322500.0,-1292500.0,1500,1.5399906892092896,False,False,14.863745111747408
2327500.0,-1292500.0,1500,1.5235958331446326,False,False,14.884748782105497
2332500.0,-1292500.0,1500,9.450976661515645,False,False,14.913401213186274
2337500.0,-1292500.0,1500,17.718267001507687,False,False,14.949458938059713
2342500.0,-1292500.0,1500,20.823835385866108,False,False,14.989221256554327
2347500.0,-1292500.0,1500,23.603038439868985,False,False,15.029077407192336
2352500.0,-1292500.0,1500,28.854991238006225,False,False,15.06635182625622
2357500.0,-1292500.0,1500,34.151033084613765,False,False,15.098651137244158
2362500.0,-1292500.0,1500,34.05435869210237,False,False,15.124985661350483
2367500.0,-1292500.0,1500,32.149574017289254,False,False,15.145002459034146
2372500.0,-1292500.0,1500,36.83609691926667,False,False,15.158350542253272
2377500.0,-1292500.0,1500,46.40025878915996,False,False,15.165284620235283
2057500.0,-1287500.0,1500,10.116240786965472,False,False,11.528030931595413
2062500.0,-1287500.0,1500,15.993135582362996,False,False,11.179545536704717
2067500.0,-1287500.0,1500,17.577249631313297,False,False,10.536849625034533
2072500.0,-1287500.0,1500,14.59050150591765,False,False,9.349421476850019
2077500.0,-1287500.0,1500,14.084724086715923,False,False,7.281440304859739
2082500.0,-1287500.0,1500,16.124276914920458,False,False,4.706179604738207
2087500.0,-1287500.0,1500,11.19071152169081,False,False,4.213707212842529
2092500.0,-1287500.0,1500,-1.6101517764968927,False,False,5.695527889668851
2097500.0,-1287500.0,1500,-9.759476372506311,False,False,5.663634954910777
2102500.0,-1287500.0,1500,-4.620613465493116,False,False,4.315700854679585
2107500.0,-1287500.0,1500,3.8150546928600417,False,False,5.1736778822845295
2112500.0,-1287500.0,1500,8.156935327247131,False,False,7.833594175430683
2117500.0,-1287500.0,1500,4.421345546278985,False,False,9.429086738270376
2122500.0,-1287500.0,1500,-3.540590970954362,False,False,9.293181594186201
2127500.0,-1287500.0,1500,-3.552282450883345,False,False,7.189242614013301
2132500.0,-1287500.0,1500,-5.836284038651646,False,False,4.40090673444225
2137500.0,-1287500.0,1500,-13.446604634848846,False,False,3.641965554973396
2142500.0,-1287500.0,1500,-17.11689364556682,False,True,3.686101961102673
2147500.0,-1287500.0,1500,-20.513112163422687,False,True,3.343649484854696
2152500.0,-1287500.0,1500,-38.45359103913787,False,True,3.422539575778977
2157500.0,-1287500.0,1500,-63.5117609738474,False,True,4.543402387875872
2162500.0,-1287500.0,1500,-80.96532310781022,True,True,5.00405959499088
2167500.0,-1287500.0,1500,-98.91353183104546,True,True,4.139892253399797
2172500.0,-1287500.0,1500,-116.2695869110223,True,True,4.3675908865594115
2177500.0,-1287500.0,1500,-108.7107190336426,True,True,4.529078164810401
2182500.0,-1287500.0,1500,-66.16481082353948,True,True,4.159681332973196
2187500.0,-1287500.0,1500,-30.912039809706226,False,True,4.089470110781094
2192500.0,-1287500.0,1500,-22.908838405799443,True,True,4.1634436258838425
2197500.0,-1287500.0,1500,-19.0211361800555,False,True,4.348410257279892
2202500.0,-1287500.0,1500,-15.58510886675905,False,True,4.421303994129545
2207500.0,-1287500.0,1500,-13.403274328134792,False,True,4.530059967945391
2212500.0,-1287500.0,1500,-15.063980441009388,False,True,4.53701601448182
2217500.0,-1287500.0,1500,-21.13255724699914,False,False,5.4411078766556855
2222500.0,-1287500.0,1500,-20.11928390584311,False,False,7.957381262760592
2227500.0,-1287500.0,1500,-12.724262946317843,False,False,9.353609955813248
2232500.0,-1287500.0,1500,-9.536354250594036,False,False,7.663858150963213
2237500.0,-1287500.0,1500,-14.035780239881904,False,False,5.520845611325472
2242500.0,-1287500.0,1500,-21.00448817606544,False,False,5.044100800906364
2247500.0,-1287500.0,1500,-23.594832652714622,False,False,5.842760691225416
2252500.0,-1287500.0,1500,-25.418280317470852,False,False,8.617204087687593
2257500.0,-1287500.0,1500,-31.84806529476696,False,False,11.436698038359207
2262500.0,-1287500.0,1500,-37.67703673484574,False,False,12.327005370901041
2267500.0,-1287500.0,1500,-36.51545254625659,False,False,11.586086865744514
2272500.0,-1287500.0,1500,-31.17368728790815,False,False,8.471538522001346
2277500.0,-1287500.0,1500,-23.609796521711033,False,False,6.264336220672497
2282500.0,-1287500.0,1500,-14.316535177281615,False,False,8.721856943464878
2287500.0,-1287500.0,1500,-10.063550238148324,False,False,12.106887031230524
2292500.0,-1287500.0,1500,-8.12600610665878,False,False,13.595190677423851
2297500.0,-1287500.0,1500,-2.668287928622423,False,False,14.262028798482406
2302500.0,-1287500.0,1500,1.9294455167098317,False,False,14.572746840902402
2307500.0,-1287500.0,1500,3.0142311545968377,False,False,14.716641947185234
2312500.0,-1287500.0,1500,4.378876586659334,False,False,14.78361442492806
2317500.0,-1287500.0,1500,8.779792911489368,False,False,14.815233213220798
2322500.0,-1287500.0,1500,8.02076812037724,False,False,14.83519871660394
2327500.0,-1287500.0,1500,2.8534970757527027,False,False,14.856431985682345
2332500.0,-1287500.0,1500,6.522389178191845,False,False,14.88410577533367
2337500.0,-1287500.0,1500,14.871456086661084,False,False,14.918748547588056
2342500.0,-1287500.0,1500,17.921087396989076,False,False,14.957308172973061
2347500.0,-1287500.0,1500,20.507063502847785,False,False,14.997022408905993
2352500.0,-1287500.0,1500,27.828394422034382,False,False,15.03515460010891
2357500.0,-1287500.0,1500,33.607651153142726,False,False,15.069235606364956
2362500.0,-1287500.0,1500,33.197503550929746,False,False,15.098442232352195
2367500.0,-1287500.0,1500,32.59948174147276,False,False,15.12206313497365
2372500.0,-1287500.0,1500,35.189509988148934,False,False,15.139561316357758
2377500.0,-1287500.0,1500,37.787659252104255,False,False,15.151007007515162
2057500.0,-1282500.0,1500,10.28618222700645,False,False,11.665441653152529
2062500.0,-1282500.0,1500,16.945655779708435,False,False,11.425844926543407
2067500.0,-1282500.0,1500,19.2906169009858,False,False,10.980869895070235
2072500.0,-1282500.0,1500,17.823343756288423,False,False,10.159147989529325
2077500.0,-1282500.0,1500,17.789168613894763,False,False,8.65372478501613
2082500.0,-1282500.0,1500,18.93203035354426,False,False,6.1982704074539585
2087500.0,-1282500.0,1500,14.913782253265936,False,False,4.1818801691841685
2092500.0,-1282500.0,1500,0.5996629989394348,False,False,4.788017833423526
2097500.0,-1282500.0,1500,-11.172860755932287,False,False,6.018263440998346
2102500.0,-1282500.0,1500,-5.331957695392471,False,False,5.028848849109522
2107500.0,-1282500.0,1500,6.548501855496114,False,False,4.324696190963892
2112500.0,-1282500.0,1500,14.39189065008712,False,False,6.234741918713565
2117500.0,-1282500.0,1500,13.8867282740972,False,False,8.528226452284931
2122500.0,-1282500.0,1500,9.244079734159289,False,False,9.00919892163687
2127500.0,-1282500.0,1500,10.65915378921986,False,False,7.391859926266455
2132500.0,-1282500.0,1500,12.281282669631869,False,False,4.582498244298241
2137500.0,-1282500.0,1500,9.01088661174176,False,False,3.431073357776566
2142500.0,-1282500.0,1500,3.0132168098881307,False,True,3.4888949340197346
2147500.0,-1282500.0,1500,-10.85487445196804,False,True,3.4046917641411882
2152500.0,-1282500.0,1500,-42.70795249789699,False,True,3.5746142608146556
2157500.0,-1282500.0,1500,-70.05741468295707,False,True,4.254782765314731
2162500.0,-1282500.0,1500,-85.27052956899581,True,True,4.957653331147951
2167500.0,-1282500.0,1500,-104.06576671325388,True,True,4.312837739076836
2172500.0,-1282500.0,1500,-116.77794501576825,True,True,3.8436075658800988
2177500.0,-1282500.0,1500,-103.92210971619465,True,True,3.8630092239866323
2182500.0,-1282500.0,1500,-65.28640610719867,True,True,3.891817883819996
2187500.0,-1282500.0,1500,-32.59161208311543,False,True,3.913043415817715
2192500.0,-1282500.0,1500,-20.913067266229994,True,True,3.9246803283136478
2197500.0,-1282500.0,1500,-14.91674558105341,True,True,4.215335496714575
2202500.0,-1282500.0,1500,-9.639641428802038,False,True,4.327539122354608
2207500.0,-1282500.0,1500,-8.050217897890192,False,True,4.8293752494769695
2212500.0,-1282500.0,1500,-12.247590217639532,False,True,5.207125139115716
2217500.0,-1282500.0,1500,-20.67630223781151,False,True,4.818118308582215
2222500.0,-1282500.0,1500,-19.81026799956316,False,False,5.642635913376604
2227500.0,-1282500.0,1500,-11.452441560676487,False,False,6.681842940891312
2232500.0,-1282500.0,1500,-9.159028534481402,False,False,5.744557401021939
2237500.0,-1282500.0,1500,-15.943369187191724,False,False,6.204941023933829
2242500.0,-1282500.0,1500,-24.332298016494104,False,False,7.444806324629498
2247500.0,-1282500.0,1500,-27.12523782819241,False,False,5.886832848340713
2252500.0,-1282500.0,1500,-28.143349555807752,False,False,6.630783001868475
2257500.0,-1282500.0,1500,-32.3357888594283,False,False,10.141704045732135
2262500.0,-1282500.0,1500,-37.28656815804043,False,False,11.847013898998327
2267500.0,-1282500.0,1500,-39.558986535566795,False,False,11.724984675451267
2272500.0,-1282500.0,1500,-39.766772438513996,False,False,9.423533599574187
2277500.0,-1282500.0,1500,-32.92078694812675,False,False,6.321134549398913
2282500.0,-1282500.0,1500,-20.130490552982256,False,False,7.688688748812247
2287500.0,-1282500.0,1500,-12.49925198906423,False,False,11.57494905632461
2292500.0,-1282500.0,1500,-7.580488764333675,False,False,13.317827666086346
2297500.0,-1282500.0,1500,0.29113239939720453,False,False,14.10992852538869
2302500.0,-1282500.0,1500,4.03286853465185,False,False,14.47175341972452
2307500.0,-1282500.0,1500,0.9043525447482874,False,False,14.644778880921006
2312500.0,-1282500.0,1500,-0.09088069988536884,False,False,14.731147090385617
2317500.0,-1282500.0,1500,4.868453318336703,False,False,14.775499888857453
2322500.0,-1282500.0,1500,6.625991292933003,False,False,14.80361009553842
2327500.0,-1282500.0,1500,2.27841436850881,False,False,14.828669788419806
2332500.0,-1282500.0,1500,0.7719656551894145,False,False,14.857408066568325
2337500.0,-1282500.0,1500,4.744639230258611,False,False,14.891160016226221
2342500.0,-1282500.0,1500,9.520241087572064,False,False,14.928175447551402
2347500.0,-1282500.0,1500,15.584658833363562,False,False,14.966686566168715
2352500.0,-1282500.0,1500,23.34062359538319,False,False,15.004050473059344
2357500.0,-1282500.0,1500,26.19492195329073,False,False,15.038420099691212
2362500.0,-1282500.0,1500,26.809654644909877,False,False,15.069039441235153
2367500.0,-1282500.0,1500,32.58157916344219,False,False,15.094911463253958
2372500.0,-1282500.0,1500,36.83924988715285,False,False,15.115617745482645
2377500.0,-1282500.0,1500,33.759401193446294,False,False,15.131015972631404
2057500.0,-1277500.0,1500,11.75733581012927,False,False,11.754360638524957
2062500.0,-1277500.0,1500,17.001505069787115,False,False,11.596864188307642
2067500.0,-1277500.0,1500,19.453311948640547,False,False,11.294285532143224
2072500.0,-1277500.0,1500,19.547117944140535,False,False,10.73206365416673
2077500.0,-1277500.0,1500,20.206447847825665,False,False,9.666123306296036
2082500.0,-1277500.0,1500,19.967022346766928,False,False,7.782446253001147
2087500.0,-1277500.0,1500,16.790753005314933,False,False,5.141317503323875
2092500.0,-1277500.0,1500,6.355623885061019,False,False,4.143715518783218
2097500.0,-1277500.0,1500,-4.563748540353142,False,False,5.476192803020886
2102500.0,-1277500.0,1500,-1.3075074329621,False,False,5.866488833328388
2107500.0,-1277500.0,1500,11.34023889758864,False,False,4.4976897587495905
2112500.0,-1277500.0,1500,22.20678903695659,False,False,4.831029009908672
2117500.0,-1277500.0,1500,23.35885424298911,False,False,7.2617441961892775
2122500.0,-1277500.0,1500,19.13100392255246,False,False,8.588341918126053
2127500.0,-1277500.0,1500,16.63940337930435,False,False,7.802347930111251
2132500.0,-1277500.0,1500,14.533029784730447,False,False,5.249137040151063
2137500.0,-1277500.0,1500,12.862164391745948,False,False,3.6997024787541894
2142500.0,-1277500.0,1500,7.665418174540838,False,True,3.46622825227056
2147500.0,-1277500.0,1500,-8.012360805808763,False,True,3.4079119164512366
2152500.0,-1277500.0,1500,-36.85789500508255,False,True,3.5512311603186255
2157500.0,-1277500.0,1500,-64.33948821834383,False,True,4.460364089567113
2162500.0,-1277500.0,1500,-84.65212535218885,True,True,5.982304225419794
2167500.0,-1277500.0,1500,-105.90044285929065,True,True,4.930443777753803
2172500.0,-1277500.0,1500,-116.80045247535733,True,True,3.494665097271824
2177500.0,-1277500.0,1500,-105.12612973542886,True,True,3.362842641859578
2182500.0,-1277500.0,1500,-70.35270303291882,True,True,3.429046579428715
2187500.0,-1277500.0,1500,-33.03733628121509,False,True,3.53893403390717
2192500.0,-1277500.0,1500,-18.47843205094907,True,True,3.7773728657805457
2197500.0,-1277500.0,1500,-12.611924727792637,True,True,3.860754986969605
2202500.0,-1277500.0,1500,-5.110648590773699,False,True,3.775003961606587
2207500.0,-1277500.0,1500,-4.779206500994416,False,True,4.48836675189258
2212500.0,-1277500.0,1500,-11.410555227410873,False,True,5.220051662091032
2217500.0,-1277500.0,1500,-20.433906145876392,False,True,4.69240203555306
2222500.0,-1277500.0,1500,-21.167590701226057,False,False,4.465665839545007
2227500.0,-1277500.0,1500,-15.14674111482999,False,False,4.559493847635594
2232500.0,-1277500.0,1500,-13.295435211685133,False,False,4.7749682211405275
2237500.0,-1277500.0,1500,-19.207564047425645,False,False,6.970590550477847
2242500.0,-1277500.0,1500,-27.033550114074263,False,False,8.611716127362836
2247500.0,-1277500.0,1500,-29.953105556212357,False,False,7.028794704019222
2252500.0,-1277500.0,1500,-30.532771624821137,False,False,5.6960736017647315
2257500.0,-1277500.0,1500,-32.471963273444246,False,False,8.116966506094933
2262500.0,-1277500.0,1500,-36.23117217152069,False,False,10.961073458510132
2267500.0,-1277500.0,1500,-40.07138628333805,False,False,11.607751602345663
2272500.0,-1277500.0,1500,-41.029799295977426,False,False,10.13873750448056
2277500.0,-1277500.0,1500,-32.97634151965358,False,False,6.420962734281142
2282500.0,-1277500.0,1500,-21.269766772071485,False,False,6.74971579036065
2287500.0,-1277500.0,1500,-15.15809223954606,False,False,10.896728537745423
2292500.0,-1277500.0,1500,-10.037222148577932,False,False,12.952016237641836
2297500.0,-1277500.0,1500,-3.249559007386359,False,False,13.887885102561132
2302500.0,-1277500.0,1500,-2.782703370619328,False,False,14.31251603138479
2307500.0,-1277500.0,1500,-9.737795880229113,False,False,14.526910471602626
2312500.0,-1277500.0,1500,-12.741678794877567,False,False,14.644826341582684
2317500.0,-1277500.0,1500,-9.71389552347239,False,False,14.713523826934345
2322500.0,-1277500.0,1500,-4.892672538160099,False,False,14.758045840582188
2327500.0,-1277500.0,1500,-2.1917843406658513,False,False,14.79372453481642
2332500.0,-1277500.0,1500,-4.441871159705386,False,False,14.828612995164018
2337500.0,-1277500.0,1500,-4.6289920259652995,False,False,14.864188872985101
2342500.0,-1277500.0,1500,0.8566961231463194,False,False,14.901079609828553
2347500.0,-1277500.0,1500,8.619760273405989,False,False,14.938482038569896
2352500.0,-1277500.0,1500,15.691308401411538,False,False,14.9743209014225
2357500.0,-1277500.0,1500,18.074052422163046,False,False,15.007898433660422
2362500.0,-1277500.0,1500,22.01268760911651,False,False,15.038424094819012
2367500.0,-1277500.0,1500,31.238059660735992,False,False,15.065093082537395
2372500.0,-1277500.0,1500,34.29751643032563,False,False,15.087676878061373
2377500.0,-1277500.0,1500,28.938122331592723,False,False,15.105659749695121
2062500.0,-1272500.0,1500,17.6740104458333,False,False,11.706636258605801
2067500.0,-1272500.0,1500,19.396884628801892,False,False,11.51153296717344
2072500.0,-1272500.0,1500,19.57858240811744,False,False,11.130830034383234
2077500.0,-1272500.0,1500,19.68517917943211,False,False,10.392898747915998
2082500.0,-1272500.0,1500,18.194211633983116,False,False,9.030935747591561
2087500.0,-1272500.0,1500,13.698508530140597,False,False,6.735506097973451
2092500.0,-1272500.0,1500,4.62893699241104,False,False,4.3988496790574
2097500.0,-1272500.0,1500,-3.2589836340392204,False,False,4.547575520566894
2102500.0,-1272500.0,1500,1.4769523182899236,False,False,5.952865972316767
2107500.0,-1272500.0,1500,15.961012146425293,False,False,5.321030592125983
2112500.0,-1272500.0,1500,27.917212781338765,False,False,4.282529407205838
2117500.0,-1272500.0,1500,28.344126170943394,False,False,5.710511030545104
2122500.0,-1272500.0,1500,22.22167277994753,False,False,7.670419618646394
2127500.0,-1272500.0,1500,18.33685199288431,False,False,7.443782992178337
2132500.0,-1272500.0,1500,15.67545737706702,False,False,5.3418605925213125
2137500.0,-1272500.0,1500,14.116104307695664,False,False,3.843493686752616
2142500.0,-1272500.0,1500,11.833816301078894,False,True,3.45590264431725
2147500.0,-1272500.0,1500,-0.42242177198477504,False,True,3.3728086118505205
2152500.0,-1272500.0,1500,-24.863414870589487,False,True,3.4893122244439887
2157500.0,-1272500.0,1500,-52.613574298934346,False,True,4.196688935070169
2162500.0,-1272500.0,1500,-78.71429636930141,True,True,6.063108246681467
2167500.0,-1272500.0,1500,-103.23470454775597,True,True,5.237851568183531
2172500.0,-1272500.0,1500,-117.54444764875466,True,True,3.5145729180416723
2177500.0,-1272500.0,1500,-113.7261401358127,True,True,3.518917420861456
2182500.0,-1272500.0,1500,-83.5327555752601,True,True,3.609499625121152
2187500.0,-1272500.0,1500,-39.15994414862535,False,True,3.5901765862331603
2192500.0,-1272500.0,1500,-18.87271677954428,True,True,3.643244795282076
2197500.0,-1272500.0,1500,-12.783084238333448,True,True,3.7993208270483225
2202500.0,-1272500.0,1500,-2.622249324070051,False,True,3.8609378987101826
2207500.0,-1272500.0,1500,-1.4339379270230415,False,True,3.9374295231757204
2212500.0,-1272500.0,1500,-10.357792018650503,False,True,4.15626017848669
2217500.0,-1272500.0,1500,-19.79733777882264,False,True,4.162074562677094
2222500.0,-1272500.0,1500,-22.25467811080677,False,False,4.643877821201804
2227500.0,-1272500.0,1500,-17.94628210278719,False,False,4.9834009882361405
2232500.0,-1272500.0,1500,-14.606690153892556,False,False,4.428640858755573
2237500.0,-1272500.0,1500,-18.648748852466458,False,False,5.134355615084749
2242500.0,-1272500.0,1500,-25.451039002449118,False,False,6.789347465308309
2247500.0,-1272500.0,1500,-29.742610280404726,False,False,7.452286030758191
2252500.0,-1272500.0,1500,-31.470747178737373,False,False,5.850867136570888
2257500.0,-1272500.0,1500,-32.367392161035475,False,False,6.343234978217918
2262500.0,-1272500.0,1500,-35.67895550102988,False,False,9.539926881212699
2267500.0,-1272500.0,1500,-40.18876960804228,False,False,11.14653001462555
2272500.0,-1272500.0,1500,-40.20271769170386,False,False,10.50915617290183
2277500.0,-1272500.0,1500,-30.983262633752574,False,False,6.855797955664356
2282500.0,-1272500.0,1500,-20.095528705980716,False,False,6.2419525316152145
2287500.0,-1272500.0,1500,-15.613819840489077,False,False,10.027213831800077
2292500.0,-1272500.0,1500,-12.854688666446389,False,False,12.424142610165672
2297500.0,-1272500.0,1500,-10.014290526748146,False,False,13.501542045519166
2302500.0,-1272500.0,1500,-12.610576864235988,False,False,14.016018127234826
2307500.0,-1272500.0,1500,-19.55006991102782,False,False,14.310171257084622
2312500.0,-1272500.0,1500,-22.43224372601285,False,False,14.489491151217345
2317500.0,-1272500.0,1500,-21.765410582632235,False,False,14.602022938719095
2322500.0,-1272500.0,1500,-16.98138197877266,False,False,14.67930245986049
2327500.0,-1272500.0,1500,-9.717106919202315,False,False,14.738171141336004
2332500.0,-1272500.0,1500,-8.042473522303576,False,False,14.7869012574389
2337500.0,-1272500.0,1500,-7.810499116607656,False,False,14.830689474756323
2342500.0,-1272500.0,1500,-3.807877405424903,False,False,14.871833989364477
2347500.0,-1272500.0,1500,1.3828775914402573,False,False,14.910108163175103
2352500.0,-1272500.0,1500,6.462125346603448,False,False,14.945556814459978
2357500.0,-1272500.0,1500,10.241103448940384,False,False,14.978330461730444
2362500.0,-1272500.0,1500,15.994145914795748,False,False,15.007924710490231
2367500.0,-1272500.0,1500,23.02991967489316,False,False,15.034228148305045
2372500.0,-1272500.0,1500,23.927047883726676,False,False,15.05716619576137
2377500.0,-1272500.0,1500,20.59717920690043,False,False,15.076287592986072
2062500.0,-1267500.0,1500,18.018303310555908,False,False,11.785304163799
2067500.0,-1267500.0,1500,19.275521649234907,False,False,11.662717572112326
2072500.0,-1267500.0,1500,19.355503597115476,False,False,11.40845029180828
2077500.0,-1267500.0,1500,17.99260197705102,False,False,10.908738351800942
2082500.0,-1267500.0,1500,14.339247163262824,False,False,9.95956913362244
2087500.0,-1267500.0,1500,8.35660260444847,False,False,8.237586174686262
2092500.0,-1267500.0,1500,-1.6302460477550844,False,False,5.602333363349076
2097500.0,-1267500.0,1500,-7.611315894861057,False,False,4.130055889991125
2102500.0,-1267500.0,1500,0.02831964654464221,False,False,5.203673192185836
2107500.0,-1267500.0,1500,14.682030355750289,False,False,5.966987397332702
2112500.0,-1267500.0,1500,25.006651173998588,False,False,4.701180486241942
2117500.0,-1267500.0,1500,24.44631928235899,False,False,4.544136380462499
2122500.0,-1267500.0,1500,19.889671512441577,False,False,6.113742209221483
2127500.0,-1267500.0,1500,18.7382155802652,False,False,6.003530857664131
2132500.0,-1267500.0,1500,20.51458826540598,False,False,4.295238369240475
2137500.0,-1267500.0,1500,18.96553357247543,False,False,3.359561429041766
2142500.0,-1267500.0,1500,14.884853030246855,False,True,3.2099974128213935
2147500.0,-1267500.0,1500,5.7290212763180355,False,True,3.1140682032399374
2152500.0,-1267500.0,1500,-15.934282694836197,False,True,3.2866465230397544
2157500.0,-1267500.0,1500,-41.63786319042947,False,True,3.906134456110763
2162500.0,-1267500.0,1500,-70.10615881786269,True,True,5.750218909392307
2167500.0,-1267500.0,1500,-98.18015766381507,True,True,5.432787416475519
2172500.0,-1267500.0,1500,-116.13327326508205,True,True,3.8481244669340526
2177500.0,-1267500.0,1500,-117.54759620567769,True,True,4.007907708777101
2182500.0,-1267500.0,1500,-88.71781989539477,True,True,3.8171374789284047
2187500.0,-1267500.0,1500,-41.96951880660021,False,True,3.5028809524502793
2192500.0,-1267500.0,1500,-17.982553982204976,False,True,3.5257341976799044
2197500.0,-1267500.0,1500,-12.429205415506418,True,True,3.607152062950361
2202500.0,-1267500.0,1500,-2.442382948252852,False,True,3.672347145770072
2207500.0,-1267500.0,1500,0.3828087702681044,False,True,3.937668571137225
2212500.0,-1267500.0,1500,-9.056696118883318,False,True,3.995089463045881
2217500.0,-1267500.0,1500,-16.125356780742035,False,True,3.8651897537140796
2222500.0,-1267500.0,1500,-18.377928482110285,False,False,4.356416641485375
2227500.0,-1267500.0,1500,-16.94940263497393,False,False,4.827625610328426
2232500.0,-1267500.0,1500,-12.490778056667455,False,False,4.338797536145764
2237500.0,-1267500.0,1500,-15.53071322147132,False,False,3.815259136860511
2242500.0,-1267500.0,1500,-23.11560987176204,False,False,4.458586653120274
2247500.0,-1267500.0,1500,-28.330044702541233,False,False,5.535053823424521
2252500.0,-1267500.0,1500,-30.146591227841643,False,False,5.5502335303454835
2257500.0,-1267500.0,1500,-29.246267569316746,False,False,5.564726482901989
2262500.0,-1267500.0,1500,-31.336044413456513,False,False,7.726750687629745
2267500.0,-1267500.0,1500,-36.64466846484022,False,False,10.26116453525654
2272500.0,-1267500.0,1500,-39.040265070912504,False,False,10.531473039648207
2277500.0,-1267500.0,1500,-33.07107719441718,False,False,7.705270904569732
2282500.0,-1267500.0,1500,-22.78694720201433,False,False,6.109092479615465
2287500.0,-1267500.0,1500,-16.365735743301833,False,False,8.768731316737805
2292500.0,-1267500.0,1500,-14.689912532328588,False,False,11.440678752033175
2297500.0,-1267500.0,1500,-14.691576443652647,False,False,12.66759607108001
2302500.0,-1267500.0,1500,-16.665011805294313,False,False,13.408019549346736
2307500.0,-1267500.0,1500,-20.657069053811252,False,False,13.88402720442068
2312500.0,-1267500.0,1500,-22.9682767739445,False,False,14.1886625893504
2317500.0,-1267500.0,1500,-24.584163213590855,False,False,14.393212984437168
2322500.0,-1267500.0,1500,-23.178525792141873,False,False,14.534631211327621
2327500.0,-1267500.0,1500,-16.498935203725132,False,False,14.63609624618205
2332500.0,-1267500.0,1500,-12.219452642589467,False,False,14.714604133388999
2337500.0,-1267500.0,1500,-11.291342157241054,False,False,14.777893164092685
2342500.0,-1267500.0,1500,-8.788513686360535,False,False,14.830393217684616
2347500.0,-1267500.0,1500,-5.707961641387761,False,False,14.87540711279749
2352500.0,-1267500.0,1500,-3.2830439739250057,False,False,14.914221986402858
2357500.0,-1267500.0,1500,0.2405723036650352,False,False,14.947899489192777
2362500.0,-1267500.0,1500,6.218077729337202,False,False,14.977347325873987
2367500.0,-1267500.0,1500,11.899804185234743,False,False,15.003120605074676
2372500.0,-1267500.0,1500,14.649139683969992,False,False,15.025531219342392
2377500.0,-1267500.0,1500,14.79963256501925,False,False,15.044624201747759
2057500.0,-1262500.0,1500,15.214988641348993,False,False,11.873004046649324
2062500.0,-1262500.0,1500,17.332046706225235,False,False,11.849178646439533
2067500.0,-1262500.0,1500,18.494357968376438,False,False,11.776390833663243
2072500.0,-1262500.0,1500,18.36545076006103,False,False,11.610146408834712
2077500.0,-1262500.0,1500,16.66909764210951,False,False,11.269550787333063
2082500.0,-1262500.0,1500,12.154756812934227,False,False,10.624457715322933
2087500.0,-1262500.0,1500,6.137141106752663,False,False,9.393329026900606
2092500.0,-1262500.0,1500,-2.3847904616094096,False,False,7.249223262919393
2097500.0,-1262500.0,1500,-7.0204757804380655,False,False,4.702659382749892
2102500.0,-1262500.0,1500,-2.0459341098089325,False,False,4.341547641994392
2107500.0,-1262500.0,1500,8.425441146519908,False,False,5.770825439528576
2112500.0,-1262500.0,1500,16.23986224400466,False,False,5.569573992856649
2117500.0,-1262500.0,1500,14.480131890731002,False,False,4.28562577166403
2122500.0,-1262500.0,1500,12.668436017314555,False,False,4.493551745572388
2127500.0,-1262500.0,1500,17.52115374627729,False,False,4.318276616832724
2132500.0,-1262500.0,1500,23.65205976135864,False,False,3.4387709368292145
2137500.0,-1262500.0,1500,19.380757577590234,False,False,3.3162292229851036
2142500.0,-1262500.0,1500,17.469970620170066,False,False,3.1423540680224535
2147500.0,-1262500.0,1500,13.11798603111129,False,True,3.0691727613473048
2152500.0,-1262500.0,1500,-13.288812032044195,False,True,3.1424745558599034
2157500.0,-1262500.0,1500,-39.15701607917232,False,True,3.455241150492322
2162500.0,-1262500.0,1500,-65.07633038631805,False,True,4.51806155803639
2167500.0,-1262500.0,1500,-93.40133754322686,True,True,4.544174569496992
2172500.0,-1262500.0,1500,-112.40153173326911,True,True,3.7520390018415912
2177500.0,-1262500.0,1500,-117.64999381306721,True,True,4.099332187761007
2182500.0,-1262500.0,1500,-93.97254739645889,True,True,4.523427568467193
2187500.0,-1262500.0,1500,-51.32959879286839,False,True,4.5955139031239085
2192500.0,-1262500.0,1500,-23.603909074858795,False,True,4.000908255087131
2197500.0,-1262500.0,1500,-17.333548129205372,True,True,3.4967116975158876
2202500.0,-1262500.0,1500,-8.066940191838773,False,True,3.5804756181183524
2207500.0,-1262500.0,1500,-0.932892324829821,False,True,3.719567966594367
2212500.0,-1262500.0,1500,-7.649128583376649,False,True,3.862011510584154
2217500.0,-1262500.0,1500,-13.285576348037722,False,True,4.091313986837045
2222500.0,-1262500.0,1500,-16.12998323743187,False,False,4.017385304855862
2227500.0,-1262500.0,1500,-17.69459762337148,False,False,3.994410196074007
2232500.0,-1262500.0,1500,-15.76426185267282,False,False,4.138541887700258
2237500.0,-1262500.0,1500,-17.71145665367704,False,False,3.9688362798783916
2242500.0,-1262500.0,1500,-23.10063831996311,False,False,3.901116122952557
2247500.0,-1262500.0,1500,-25.936561582572562,False,False,3.994620972918317
2252500.0,-1262500.0,1500,-26.49376991759817,False,False,4.4734520360554235
2257500.0,-1262500.0,1500,-23.63592781873913,False,False,4.687400770618246
2262500.0,-1262500.0,1500,-24.38623244084968,False,False,6.087158179956391
2267500.0,-1262500.0,1500,-31.663129103196184,False,False,8.863875401421737
2272500.0,-1262500.0,1500,-37.91487790535903,False,False,10.044694094409994
2277500.0,-1262500.0,1500,-36.80562182458996,False,False,8.37250777034837
2282500.0,-1262500.0,1500,-28.370643144751195,False,False,5.947973404653633
2287500.0,-1262500.0,1500,-18.591709982275695,False,False,6.7435658753079135
2292500.0,-1262500.0,1500,-15.329451050957259,False,False,9.211453546172512
2297500.0,-1262500.0,1500,-16.049325040325407,False,False,10.852644624517383
2302500.0,-1262500.0,1500,-14.516592834172931,False,False,12.116882941857625
2307500.0,-1262500.0,1500,-14.42902917022002,False,False,12.997265085888992
2312500.0,-1262500.0,1500,-14.896501945580988,False,False,13.594733459558203
2317500.0,-1262500.0,1500,-17.514705188025246,False,False,13.988586137362681
2322500.0,-1262500.0,1500,-21.366544772129004,False,False,14.25534649270273
2327500.0,-1262500.0,1500,-19.034421075081866,False,False,14.44477968697799
2332500.0,-1262500.0,1500,-16.046340147650874,False,False,14.58083428536765
2337500.0,-1262500.0,1500,-15.906955211399227,False,False,14.681966472282289
2342500.0,-1262500.0,1500,-13.600420736915154,False,False,14.760775817281116
2347500.0,-1262500.0,1500,-10.681200868726357,False,False,14.82234128601651
2352500.0,-1262500.0,1500,-9.793018481694334,False,False,14.871286474883048
2357500.0,-1262500.0,1500,-7.276144143413968,False,False,14.911302520293992
2362500.0,-1262500.0,1500,-0.8244143184003867,False,False,14.943842608673854
2367500.0,-1262500.0,1500,6.5975231198792486,False,False,14.970663783385662
2372500.0,-1262500.0,1500,12.734153392480694,False,False,14.993180622701658
2377500.0,-1262500.0,1500,14.363729315198825,False,False,15.01194944919225
2057500.0,-1257500.0,1500,15.574938992679572,False,False,11.886394995072111
2062500.0,-1257500.0,1500,16.970460152544014,False,False,11.887467621756418
2067500.0,-1257500.0,1500,17.888139744258474,False,False,11.854598166012973
2072500.0,-1257500.0,1500,17.686236592586464,False,False,11.751202073192715
2077500.0,-1257500.0,1500,16.37771659165724,False,False,11.522493731279019
2082500.0,-1257500.0,1500,12.14724458704398,False,False,11.092637129251816
2087500.0,-1257500.0,1500,6.377246609117576,False,False,10.247881458445677
2092500.0,-1257500.0,1500,0.4011481691372459,False,False,8.682660742723028
2097500.0,-1257500.0,1500,-2.710742401746699,False,False,6.152947095634042
2102500.0,-1257500.0,1500,-1.1211362598901229,False,False,4.209410455571833
2107500.0,-1257500.0,1500,3.4009491444057747,False,False,4.898727407462448
2112500.0,-1257500.0,1500,6.715777551491557,False,False,5.995778895054622
2117500.0,-1257500.0,1500,4.362517605011978,False,False,4.900881303452498
2122500.0,-1257500.0,1500,5.32103696987509,False,False,3.861200439304228
2127500.0,-1257500.0,1500,15.80839023648561,False,False,3.359341150362317
2132500.0,-1257500.0,1500,25.594937170400076,False,False,3.148334388621718
2137500.0,-1257500.0,1500,20.090193650289997,False,False,3.206616142829475
2142500.0,-1257500.0,1500,18.61551580910453,False,False,3.0077260229192877
2147500.0,-1257500.0,1500,14.377757988650833,False,True,3.098429849613427
2152500.0,-1257500.0,1500,-12.104728349400741,False,True,3.121584144757853
2157500.0,-1257500.0,1500,-36.03134649989399,False,True,3.1935411345240343
2162500.0,-1257500.0,1500,-58.5093147082144,False,True,3.8895748493974556
2167500.0,-1257500.0,1500,-85.0311369893879,True,True,4.46760838336746
2172500.0,-1257500.0,1500,-107.61921635641517,True,True,3.975189031809253
2177500.0,-1257500.0,1500,-117.78161584743826,True,True,3.9306695052012137
2182500.0,-1257500.0,1500,-100.56746160740913,True,True,4.9012122798801165
2187500.0,-1257500.0,1500,-60.53682237614795,False,True,5.269858222724593
2192500.0,-1257500.0,1500,-28.57639746678219,False,True,4.163632921220677
2197500.0,-1257500.0,1500,-21.075334297946373,True,True,3.457867801176431
2202500.0,-1257500.0,1500,-10.000353697830082,True,True,3.5090600160561163
2207500.0,-1257500.0,1500,-1.6945560345865534,False,True,3.5337224682580812
2212500.0,-1257500.0,1500,-11.227819242772487,False,True,3.7716853773775565
2217500.0,-1257500.0,1500,-17.81689381921336,False,True,3.976852595262705
2222500.0,-1257500.0,1500,-18.861071699871324,False,True,3.8811371503832017
2227500.0,-1257500.0,1500,-21.717491210078933,False,False,4.0289146428137546
2232500.0,-1257500.0,1500,-24.303234565972488,False,False,3.9820730966813502
2237500.0,-1257500.0,1500,-24.244036438337414,False,False,3.812547775869332
2242500.0,-1257500.0,1500,-25.068799853573523,False,False,3.8854213861896363
2247500.0,-1257500.0,1500,-24.09546591685207,False,False,3.855528247964597
2252500.0,-1257500.0,1500,-21.538815232520243,False,False,3.8355291113440115
2257500.0,-1257500.0,1500,-18.31251183844006,False,False,4.038321516627907
2262500.0,-1257500.0,1500,-23.28951789520687,False,False,4.76961732619588
2267500.0,-1257500.0,1500,-34.930994977529174,False,False,6.463781265041943
2272500.0,-1257500.0,1500,-41.26455182623855,False,False,8.438389306259452
2277500.0,-1257500.0,1500,-40.78763590117972,False,False,8.303800059130502
2282500.0,-1257500.0,1500,-32.781307867937,False,False,5.6777042204088035
2287500.0,-1257500.0,1500,-21.090566145439897,False,False,4.731935310170556
2292500.0,-1257500.0,1500,-18.08492851804962,False,False,5.892597440674841
2297500.0,-1257500.0,1500,-17.85604490322294,False,False,7.290963880095431
2302500.0,-1257500.0,1500,-12.168393528332617,False,False,9.493509508376718
2307500.0,-1257500.0,1500,-9.81687878056512,False,False,11.23383794219895
2312500.0,-1257500.0,1500,-8.692287826545344,False,False,12.374879830543467
2317500.0,-1257500.0,1500,-10.621924739375997,False,False,13.166310719118155
2322500.0,-1257500.0,1500,-17.753773771904726,False,False,13.710994589218874
2327500.0,-1257500.0,1500,-19.801433135344492,False,False,14.073853046952431
2332500.0,-1257500.0,1500,-17.238226904338994,False,False,14.324610966795472
2337500.0,-1257500.0,1500,-15.704051806838304,False,False,14.504477997570998
2342500.0,-1257500.0,1500,-14.128155879564616,False,False,14.633706747127542
2347500.0,-1257500.0,1500,-12.927655350522713,False,False,14.729407194131108
2352500.0,-1257500.0,1500,-12.872544022069093,False,False,14.802406837760973
2357500.0,-1257500.0,1500,-10.06075670618092,False,False,14.857505124869197
2362500.0,-1257500.0,1500,-2.871376553480824,False,False,14.899598943855356
2367500.0,-1257500.0,1500,5.750562345078203,False,False,14.932464774668837
2372500.0,-1257500.0,1500,13.355380653282017,False,False,14.957841432194032
2377500.0,-1257500.0,1500,14.977561013122102,False,False,14.977784098703918
2062500.0,-1252500.0,1500,17.545804796814192,False,False,11.903782041812361
2067500.0,-1252500.0,1500,18.012978053491736,False,False,11.90209833798167
2072500.0,-1252500.0,1500,17.785510487504762,False,False,11.8457456774529
2077500.0,-1252500.0,1500,16.62660202057641,False,False,11.702286044366822
2082500.0,-1252500.0,1500,12.782634256942565,False,False,11.423107263644315
2087500.0,-1252500.0,1500,7.7072217761800506,False,False,10.85521359155879
2092500.0,-1252500.0,1500,3.3433525837414297,False,False,9.758362833999918
2097500.0,-1252500.0,1500,1.1859882845818244,False,False,7.795145686988571
2102500.0,-1252500.0,1500,2.0620383293893987,False,False,5.095245242068252
2107500.0,-1252500.0,1500,1.9805456032637412,False,False,4.24281719325683
2112500.0,-1252500.0,1500,0.5405212986750819,False,False,5.617025991803452
2117500.0,-1252500.0,1500,1.2012364585897948,False,False,5.7715895189345785
2122500.0,-1252500.0,1500,7.0045107610211135,False,False,4.285223846701145
2127500.0,-1252500.0,1500,16.406929526761065,False,False,3.2135425028245743
2132500.0,-1252500.0,1500,25.57450098337606,False,False,3.3627943962688485
2137500.0,-1252500.0,1500,25.106556487243694,False,False,3.4561695077998795
2142500.0,-1252500.0,1500,20.18182692860304,False,False,3.1702935345504546
2147500.0,-1252500.0,1500,8.285100973917384,False,True,3.1626103880975824
2152500.0,-1252500.0,1500,-14.793843117022544,False,True,3.1774108475666107
2157500.0,-1252500.0,1500,-33.44824673482504,False,True,3.2430604332894672
2162500.0,-1252500.0,1500,-49.3575098110724,False,True,3.8104568894581257
2167500.0,-1252500.0,1500,-75.8134562259866,True,True,4.400460461391145
2172500.0,-1252500.0,1500,-105.00653171398378,True,True,3.9722033193044908
2177500.0,-1252500.0,1500,-117.49198877864927,True,True,3.739672020033038
2182500.0,-1252500.0,1500,-99.9605014996561,True,True,4.659745929507574
2187500.0,-1252500.0,1500,-56.14901193032371,False,True,4.704762689524308
2192500.0,-1252500.0,1500,-23.004979915776502,False,True,3.6996733458544817
2197500.0,-1252500.0,1500,-15.508761279944592,True,True,3.4582246092403945
2202500.0,-1252500.0,1500,-7.178105889384748,False,True,3.6541452329394053
2207500.0,-1252500.0,1500,-4.487613359129909,False,True,3.8372999558340055
2212500.0,-1252500.0,1500,-18.399191969967674,False,True,3.815570910271358
2217500.0,-1252500.0,1500,-25.32029562375044,False,True,3.8761914210306685
2222500.0,-1252500.0,1500,-23.824428991192153,False,True,4.021299810419511
2227500.0,-1252500.0,1500,-29.04478511007712,False,False,3.990211268627218
2232500.0,-1252500.0,1500,-31.89360068925682,False,False,3.704319383750776
2237500.0,-1252500.0,1500,-28.975341032637402,False,False,3.7181681791714203
2242500.0,-1252500.0,1500,-28.40088399097607,False,False,3.8132339636570127
2247500.0,-1252500.0,1500,-26.422373513034756,False,False,3.7936023384916595
2252500.0,-1252500.0,1500,-23.19796138712884,False,False,3.7949010947221375
2257500.0,-1252500.0,1500,-22.205961803337267,False,False,3.9071990847284273
2262500.0,-1252500.0,1500,-30.061952845783345,False,False,3.870178061055916
2267500.0,-1252500.0,1500,-40.71444908567694,False,False,4.332841972318314
2272500.0,-1252500.0,1500,-43.523644801834465,False,False,5.801143455425113
2277500.0,-1252500.0,1500,-41.974167852098134,False,False,6.667848276644362
2282500.0,-1252500.0,1500,-36.80215909898377,False,False,5.2525252067439006
2287500.0,-1252500.0,1500,-29.536551749018983,False,False,4.536348087203553
2292500.0,-1252500.0,1500,-26.131947827846204,False,False,5.416221028955023
2297500.0,-1252500.0,1500,-19.037386594361816,False,False,5.470254951485444
2302500.0,-1252500.0,1500,-10.069716003366995,False,False,6.110200906472961
2307500.0,-1252500.0,1500,-11.023131211763653,False,False,7.805252255746023
2312500.0,-1252500.0,1500,-14.622708327544155,False,False,9.949126228361633
2317500.0,-1252500.0,1500,-16.307568106509393,False,False,11.53414344956369
2322500.0,-1252500.0,1500,-19.451990328102216,False,False,12.595464829716455
2327500.0,-1252500.0,1500,-20.149870154810202,False,False,13.331119705196048
2332500.0,-1252500.0,1500,-15.53912491107783,False,False,13.82966839185377
2337500.0,-1252500.0,1500,-10.826010241001281,False,False,14.162533178597332
2342500.0,-1252500.0,1500,-10.368569973863476,False,False,14.395613216668927
2347500.0,-1252500.0,1500,-12.146419673314412,False,False,14.56193516967147
2352500.0,-1252500.0,1500,-12.872676151708955,False,False,14.680431972335732
2357500.0,-1252500.0,1500,-9.154999624795419,False,False,14.767394840119675
2362500.0,-1252500.0,1500,-2.2019436056197272,False,False,14.831678168463089
2367500.0,-1252500.0,1500,4.522535304665,False,False,14.878428208410856
2372500.0,-1252500.0,1500,10.656358595785816,False,False,14.91296350854918
2377500.0,-1252500.0,1500,12.913173125410387,False,False,14.938638966696287
2062500.0,-1247500.0,1500,18.045578158907304,False,False,11.91267588537833
2067500.0,-1247500.0,1500,18.471953698674675,False,False,11.927267082940501
2072500.0,-1247500.0,1500,18.508199396012923,False,False,11.903931552287927
2077500.0,-1247500.0,1500,17.29291078438765,False,False,11.82313116886727
2082500.0,-1247500.0,1500,14.46593484216438,False,False,11.642467724484705
2087500.0,-1247500.0,1500,10.394345950522599,False,False,11.263679957916525
2092500.0,-1247500.0,1500,5.98047703146016,False,False,10.516645442801213
2097500.0,-1247500.0,1500,3.2131897052131158,False,False,9.091589570599472
2102500.0,-1247500.0,1500,3.3916428189946997,False,False,6.643385575710607
2107500.0,-1247500.0,1500,4.490183317465426,False,False,4.379673429275203
2112500.0,-1247500.0,1500,4.584356175790321,False,False,4.765838004873226
2117500.0,-1247500.0,1500,5.916918538134871,False,False,6.059689539354895
2122500.0,-1247500.0,1500,12.502482510576264,False,False,5.239635324911377
2127500.0,-1247500.0,1500,18.479763681140135,False,False,3.6958155817662943
2132500.0,-1247500.0,1500,21.241840976286632,False,False,3.460748704911614
2137500.0,-1247500.0,1500,24.71371814585427,False,False,3.518317097698696
2142500.0,-1247500.0,1500,21.679494413639055,False,False,3.179899254988283
2147500.0,-1247500.0,1500,5.840085912367413,False,True,3.195035723980491
2152500.0,-1247500.0,1500,-17.651015955923427,False,True,3.275170743652923
2157500.0,-1247500.0,1500,-35.53390775745598,False,True,3.2314651206421856
2162500.0,-1247500.0,1500,-47.51847886876811,False,True,3.5182424525652864
2167500.0,-1247500.0,1500,-73.14721639169932,True,True,4.083118427244194
2172500.0,-1247500.0,1500,-103.54647426256815,True,True,3.873440240609548
2177500.0,-1247500.0,1500,-115.41284976444769,True,True,3.5613178750444408
2182500.0,-1247500.0,1500,-95.3569371754996,True,True,4.892055493723689
2187500.0,-1247500.0,1500,-48.198232842333915,False,True,4.774651419330043
2192500.0,-1247500.0,1500,-17.334634861912747,False,True,3.578332809703036
2197500.0,-1247500.0,1500,-13.241613329111889,True,True,3.7906181890993222
2202500.0,-1247500.0,1500,-12.864625928376402,True,True,3.993351873547881
2207500.0,-1247500.0,1500,-13.72753268836356,False,True,3.9542767131680714
2212500.0,-1247500.0,1500,-24.353879445300024,False,True,3.7719067715162624
2217500.0,-1247500.0,1500,-29.612750529829675,False,True,3.936895311713871
2222500.0,-1247500.0,1500,-26.788562715034484,False,True,3.964952663048817
2227500.0,-1247500.0,1500,-33.77943691317477,False,True,3.815559607349873
2232500.0,-1247500.0,1500,-35.71449646372403,False,False,3.69426557576417
2237500.0,-1247500.0,1500,-32.889297057699295,False,False,3.672176116390278
2242500.0,-1247500.0,1500,-31.382834905922643,False,False,3.7408110293376815
2247500.0,-1247500.0,1500,-28.87324791775524,False,False,3.8175539863657932
2252500.0,-1247500.0,1500,-29.797496127641033,False,False,3.812220343736901
2257500.0,-1247500.0,1500,-31.871044939174066,False,False,3.8180801998401126
2262500.0,-1247500.0,1500,-35.89165070498359,False,False,3.7331871233100924
2267500.0,-1247500.0,1500,-41.263499262249034,False,False,3.7603585709568943
2272500.0,-1247500.0,1500,-41.933963072734805,False,False,4.075021208620521
2277500.0,-1247500.0,1500,-41.083318926361216,False,False,4.680063935537614
2282500.0,-1247500.0,1500,-41.55039325770388,False,False,4.483944896030617
2287500.0,-1247500.0,1500,-40.8550974244424,False,False,4.496522751196753
2292500.0,-1247500.0,1500,-34.32971389388814,False,False,5.536354604363238
2297500.0,-1247500.0,1500,-18.21850851093552,False,False,5.880011439838162
2302500.0,-1247500.0,1500,-6.024709312060361,False,False,5.664763372811214
2307500.0,-1247500.0,1500,-10.192452517348803,False,False,5.5485365704155525
2312500.0,-1247500.0,1500,-21.34612364661492,False,False,6.374692612139418
2317500.0,-1247500.0,1500,-24.816893150269227,False,False,8.293826341651581
2322500.0,-1247500.0,1500,-21.50306613950283,False,False,10.407923561491872
2327500.0,-1247500.0,1500,-19.846644374626862,False,False,11.850943441492632
2332500.0,-1247500.0,1500,-16.145923435199272,False,False,12.820973265350712
2337500.0,-1247500.0,1500,-9.010218410798322,False,False,13.490270205226718
2342500.0,-1247500.0,1500,-5.729021459236371,False,False,13.940700678376475
2347500.0,-1247500.0,1500,-7.569006928054388,False,False,14.244629727486348
2352500.0,-1247500.0,1500,-10.435828341318588,False,False,14.458567732876695
2357500.0,-1247500.0,1500,-8.305720841404321,False,False,14.60933196434878
2362500.0,-1247500.0,1500,-1.9050700696760332,False,False,14.715391728430232
2367500.0,-1247500.0,1500,3.284384341674447,False,False,14.792091037516238
2372500.0,-1247500.0,1500,7.060107621248469,False,False,14.847061659478705
2377500.0,-1247500.0,1500,9.928505973006867,False,False,14.885764225720228
2062500.0,-1242500.0,1500,18.36262240389697,False,False,11.912780630859142
2067500.0,-1242500.0,1500,19.166770282648805,False,False,11.935978718250972
2072500.0,-1242500.0,1500,19.69628191379326,False,False,11.936208840312744
2077500.0,-1242500.0,1500,18.338590302843507,False,False,11.901555782513547
2082500.0,-1242500.0,1500,16.09036541052044,False,False,11.793520269666983
2087500.0,-1242500.0,1500,12.720704110011596,False,False,11.544790283894004
2092500.0,-1242500.0,1500,9.421240880159756,False,False,11.017990815602612
2097500.0,-1242500.0,1500,5.560174689745207,False,False,10.020422617798946
2102500.0,-1242500.0,1500,2.4520871731724427,False,False,8.182496022682054
2107500.0,-1242500.0,1500,2.412833386551345,False,False,5.447387932271318
2112500.0,-1242500.0,1500,2.803273764394329,False,False,4.2433683033807235
2117500.0,-1242500.0,1500,4.371769363646645,False,False,5.510596911351683
2122500.0,-1242500.0,1500,11.53675123926979,False,False,6.074868546887954
2127500.0,-1242500.0,1500,19.010780323589366,False,False,4.588887528679624
2132500.0,-1242500.0,1500,19.46387797010335,False,False,3.4927747728726994
2137500.0,-1242500.0,1500,22.549488660204972,False,False,3.4154404894086605
2142500.0,-1242500.0,1500,19.14417479070407,False,False,3.2375475883229634
2147500.0,-1242500.0,1500,5.052242086374764,False,True,3.1286132998729825
2152500.0,-1242500.0,1500,-12.199029763727966,False,True,3.1378583215377582
2157500.0,-1242500.0,1500,-32.70287770233419,False,True,3.1646741501725915
2162500.0,-1242500.0,1500,-49.32414198284584,False,True,3.739961718172308
2167500.0,-1242500.0,1500,-74.25718259468219,True,True,4.670577297527987
2172500.0,-1242500.0,1500,-103.80337017454063,True,True,4.389033269790531
2177500.0,-1242500.0,1500,-114.80688072905579,True,True,3.7846430734778416
2182500.0,-1242500.0,1500,-93.91304345362748,True,True,5.18279649703213
2187500.0,-1242500.0,1500,-49.45352318514727,False,True,5.48536522618643
2192500.0,-1242500.0,1500,-21.254906948957792,False,True,3.9509880863650446
2197500.0,-1242500.0,1500,-17.685569235771123,True,True,3.5632538661760127
2202500.0,-1242500.0,1500,-22.496577517396627,True,True,3.9216633230142053
2207500.0,-1242500.0,1500,-25.173221373621622,True,True,3.8231883706721144
2212500.0,-1242500.0,1500,-32.03234192583401,False,True,3.693266552374599
2217500.0,-1242500.0,1500,-35.92745506198407,False,True,3.80575911167049
2222500.0,-1242500.0,1500,-30.11424074062294,False,True,3.721587696270553
2227500.0,-1242500.0,1500,-34.89418141283891,False,True,3.7080804216343273
2232500.0,-1242500.0,1500,-38.72936688199172,False,False,3.791662364300662
2237500.0,-1242500.0,1500,-35.96846357863473,False,False,3.8054911913264187
2242500.0,-1242500.0,1500,-32.119616907225414,False,False,3.8053738768376792
2247500.0,-1242500.0,1500,-29.086386415358128,False,False,3.8900576189468525
2252500.0,-1242500.0,1500,-31.28297939000156,False,False,3.8855641121643076
2257500.0,-1242500.0,1500,-34.172174824945145,False,False,3.8595987025462013
2262500.0,-1242500.0,1500,-35.64936943248189,False,False,3.8695704845752767
2267500.0,-1242500.0,1500,-38.40105092804826,False,False,3.7888566238458283
2272500.0,-1242500.0,1500,-39.465278606780075,False,False,3.733301879746297
2277500.0,-1242500.0,1500,-39.48723561882964,False,False,3.851139941832634
2282500.0,-1242500.0,1500,-41.73161229218708,False,False,3.8315071671651113
2287500.0,-1242500.0,1500,-43.47269751296224,False,False,3.802965527379503
2292500.0,-1242500.0,1500,-36.726528382451306,False,False,4.126986389560407
2297500.0,-1242500.0,1500,-21.449030825703847,False,False,4.8440046399656085
2302500.0,-1242500.0,1500,-9.97852305557943,False,False,5.74403253614978
2307500.0,-1242500.0,1500,-12.106091590994867,False,False,6.0251176998703135
2312500.0,-1242500.0,1500,-22.084726802529357,False,False,5.590724786305705
2317500.0,-1242500.0,1500,-24.371206809101196,False,False,5.594800981363793
2322500.0,-1242500.0,1500,-19.688504677072743,False,False,6.770202427770443
2327500.0,-1242500.0,1500,-20.614993570171343,False,False,8.918534247437478
2332500.0,-1242500.0,1500,-20.535973537562846,False,False,10.858793685147845
2337500.0,-1242500.0,1500,-11.514109221264157,False,False,12.138984971188215
2342500.0,-1242500.0,1500,-2.1853015495111947,False,False,13.022256400069438
2347500.0,-1242500.0,1500,-1.5664540310810513,False,False,13.633458487880077
2352500.0,-1242500.0,1500,-8.901044721013653,False,False,14.040871051817396
2357500.0,-1242500.0,1500,-12.05806174900633,False,False,14.316568110267156
2362500.0,-1242500.0,1500,-5.041375768238825,False,False,14.50970902590439
2367500.0,-1242500.0,1500,3.93722551691426,False,False,14.643924585999727
2372500.0,-1242500.0,1500,8.09429268715957,False,False,14.737780382689914
2377500.0,-1242500.0,1500,9.653343974827223,False,False,14.804713843853033
2062500.0,-1237500.0,1500,19.17344752421505,False,False,11.904552651552658
2067500.0,-1237500.0,1500,19.62283312853509,False,False,11.94333514225347
2072500.0,-1237500.0,1500,20.06594051663813,False,False,11.960997470663077
2077500.0,-1237500.0,1500,19.01315302986972,False,False,11.955792798115091
2082500.0,-1237500.0,1500,16.842992464349848,False,False,11.90458435667933
2087500.0,-1237500.0,1500,14.236235021947277,False,False,11.74099761837981
2092500.0,-1237500.0,1500,12.323233617349313,False,False,11.369286831726667
2097500.0,-1237500.0,1500,7.72424339630176,False,False,10.691311147261514
2102500.0,-1237500.0,1500,1.424182888437726,False,False,9.399941085851943
2107500.0,-1237500.0,1500,-2.9788973633645877,False,False,7.09981450436198
2112500.0,-1237500.0,1500,-4.8201834910445855,False,False,4.617728411754462
2117500.0,-1237500.0,1500,-0.8862987865814614,False,False,4.623209975568375
2122500.0,-1237500.0,1500,8.460359327687371,False,False,6.0770806919672165
2127500.0,-1237500.0,1500,15.079359061842458,False,False,5.589577915603684
2132500.0,-1237500.0,1500,11.913130565095619,False,False,4.191494322438477
2137500.0,-1237500.0,1500,16.83494766435759,False,False,3.6419592951538085
2142500.0,-1237500.0,1500,12.542317182862973,False,False,3.421842567427485
2147500.0,-1237500.0,1500,-0.8945813698147157,False,False,3.064909347932141
2152500.0,-1237500.0,1500,-9.764800060661353,False,True,2.972374096527359
2157500.0,-1237500.0,1500,-32.44557271230585,False,True,3.101008643760205
2162500.0,-1237500.0,1500,-50.65972066498969,False,True,3.5855193439721083
2167500.0,-1237500.0,1500,-73.54272568031092,False,True,4.619290876960939
2172500.0,-1237500.0,1500,-105.41370870955696,True,True,4.498897070007917
2177500.0,-1237500.0,1500,-117.78225817947555,True,True,3.8244709003459656
2182500.0,-1237500.0,1500,-97.00829675201759,True,True,4.834034684205739
2187500.0,-1237500.0,1500,-53.88308496446231,False,True,5.612032385610066
2192500.0,-1237500.0,1500,-25.579186441337036,False,True,4.603325809192669
2197500.0,-1237500.0,1500,-23.462191835463216,True,True,3.5425897745200583
2202500.0,-1237500.0,1500,-32.19268263739091,True,True,3.713758080332933
2207500.0,-1237500.0,1500,-35.936601638635615,True,True,3.6647064723551845
2212500.0,-1237500.0,1500,-39.74397551185495,True,True,3.6907928486379196
2217500.0,-1237500.0,1500,-41.787707939494666,False,True,3.773241449315711
2222500.0,-1237500.0,1500,-36.28646238289323,False,True,3.5756526701730778
2227500.0,-1237500.0,1500,-38.622554976597115,False,True,3.5792246183997847
2232500.0,-1237500.0,1500,-40.01520139769108,False,True,3.7432472983433493
2237500.0,-1237500.0,1500,-34.54071853094594,False,False,3.868118714483069
2242500.0,-1237500.0,1500,-31.530628617776337,False,False,3.875016736680367
2247500.0,-1237500.0,1500,-30.290768194246148,False,False,3.9916659661816007
2252500.0,-1237500.0,1500,-30.69673550890403,False,False,3.9504832398399277
2257500.0,-1237500.0,1500,-31.871091021794868,False,False,3.766504413421087
2262500.0,-1237500.0,1500,-32.14701087709643,False,False,3.7908207506601106
2267500.0,-1237500.0,1500,-34.46176834316954,False,False,3.8843337274564718
2272500.0,-1237500.0,1500,-37.878605385004946,False,False,3.738810877149502
2277500.0,-1237500.0,1500,-38.31996460662056,False,False,3.633519868264586
2282500.0,-1237500.0,1500,-37.84540398332154,False,False,3.723928140721373
2287500.0,-1237500.0,1500,-40.10852682274572,False,False,3.6484795279135684
2292500.0,-1237500.0,1500,-36.85478934510465,False,False,3.7276023786655275
2297500.0,-1237500.0,1500,-30.327916019311168,False,False,3.7940541689430693
2302500.0,-1237500.0,1500,-26.3769370660833,False,False,4.170025923975762
2307500.0,-1237500.0,1500,-25.84733749983765,False,False,5.136505834118358
2312500.0,-1237500.0,1500,-27.23530176893049,False,False,5.773750031116315
2317500.0,-1237500.0,1500,-23.48390011646804,False,False,5.848081722239292
2322500.0,-1237500.0,1500,-18.83090911396457,False,False,5.576789606038052
2327500.0,-1237500.0,1500,-22.782049711030588,False,False,5.852738251312874
2332500.0,-1237500.0,1500,-24.865837423424136,False,False,7.2333558100790665
2337500.0,-1237500.0,1500,-15.614831230760123,False,False,9.460041649349412
2342500.0,-1237500.0,1500,-3.9490311191290237,False,False,11.229235356938364
2347500.0,-1237500.0,1500,-0.39387492705723437,False,False,12.405517919546845
2352500.0,-1237500.0,1500,-9.032643010809636,False,False,13.214081815434154
2357500.0,-1237500.0,1500,-16.96693729810689,False,False,13.763587259457879
2362500.0,-1237500.0,1500,-10.074856129997496,False,False,14.126996199165495
2367500.0,-1237500.0,1500,3.494337810401123,False,False,14.375172738048697
2372500.0,-1237500.0,1500,10.229474269221305,False,False,14.548558248456258
2377500.0,-1237500.0,1500,10.348499749620999,False,False,14.667952099486518
2062500.0,-1232500.0,1500,19.48098035758605,False,False,11.902446174618682
2067500.0,-1232500.0,1500,19.697467655922015,False,False,11.94850607338195
2072500.0,-1232500.0,1500,20.208078181535253,False,False,11.974760525912941
2077500.0,-1232500.0,1500,19.93337218792339,False,False,11.98590804291376
2082500.0,-1232500.0,1500,18.25070778420622,False,False,11.972313309889783
2087500.0,-1232500.0,1500,15.898445000076077,False,False,11.876047369291463
2092500.0,-1232500.0,1500,13.661494218530366,False,False,11.636433159837951
2097500.0,-1232500.0,1500,9.863372336132462,False,False,11.173293199801908
2102500.0,-1232500.0,1500,4.52042713600709,False,False,10.272250036436358
2107500.0,-1232500.0,1500,-0.5356849826676149,False,False,8.595526285920204
2112500.0,-1232500.0,1500,-1.3031964224960693,False,False,5.93410038967661
2117500.0,-1232500.0,1500,3.0209509218379904,False,False,4.304093137911793
2122500.0,-1232500.0,1500,7.690410555413837,False,False,5.348452434932986
2127500.0,-1232500.0,1500,8.9962107732606,False,False,6.234767879996831
2132500.0,-1232500.0,1500,5.606580798581928,False,False,4.95209441257472
2137500.0,-1232500.0,1500,11.15196613911294,False,False,3.6309156685518174
2142500.0,-1232500.0,1500,5.922602250786461,False,False,3.230086635293189
2147500.0,-1232500.0,1500,-6.653878383571903,False,False,2.984974915813146
2152500.0,-1232500.0,1500,-15.82640245444037,False,True,3.000738488786228
2157500.0,-1232500.0,1500,-39.39389818367643,False,True,3.254231047070248
2162500.0,-1232500.0,1500,-54.20684826733921,False,True,3.508845089477545
2167500.0,-1232500.0,1500,-71.64589019502708,False,True,4.1635499149044914
2172500.0,-1232500.0,1500,-102.17575395838372,True,True,4.266686562506879
2177500.0,-1232500.0,1500,-118.90606562538234,True,True,3.91014627036098
2182500.0,-1232500.0,1500,-103.05216603002728,True,True,4.4636798177241435
2187500.0,-1232500.0,1500,-61.61747287765324,False,True,5.326748668716048
2192500.0,-1232500.0,1500,-32.065755669601124,False,True,5.784892245314763
2197500.0,-1232500.0,1500,-28.61187449595035,True,True,5.575251971552274
2202500.0,-1232500.0,1500,-35.11699115380437,True,True,4.677156312548928
2207500.0,-1232500.0,1500,-37.3372927059637,True,True,3.7209704061167224
2212500.0,-1232500.0,1500,-41.01769957586354,True,True,3.712200783087017
2217500.0,-1232500.0,1500,-44.23637493296751,False,True,3.963647595092138
2222500.0,-1232500.0,1500,-40.14516057083455,False,True,3.8540449199316518
2227500.0,-1232500.0,1500,-40.155288131198574,False,True,3.5409011258090315
2232500.0,-1232500.0,1500,-39.29687703802942,False,True,3.5285986806704708
2237500.0,-1232500.0,1500,-33.64409848986384,False,True,3.6791760667239983
2242500.0,-1232500.0,1500,-31.94837645756122,False,False,3.8333192682992774
2247500.0,-1232500.0,1500,-31.10909441194026,False,False,3.927666729756016
2252500.0,-1232500.0,1500,-30.167575016359173,False,False,3.909122529086593
2257500.0,-1232500.0,1500,-29.425857013053097,False,False,3.7951632979710297
2262500.0,-1232500.0,1500,-27.392501148789183,False,False,3.849065425436814
2267500.0,-1232500.0,1500,-30.21298502040743,False,False,3.946405585583381
2272500.0,-1232500.0,1500,-36.73936815274911,False,False,3.7862834903516136
2277500.0,-1232500.0,1500,-38.29142213767632,False,False,3.7768158760467294
2282500.0,-1232500.0,1500,-34.90981095821133,False,False,3.870649259034027
2287500.0,-1232500.0,1500,-35.596696701372856,False,False,3.574336950024242
2292500.0,-1232500.0,1500,-36.935934739568346,False,False,3.5439974339166156
2297500.0,-1232500.0,1500,-37.58885040406574,False,False,3.827817540225916
2302500.0,-1232500.0,1500,-37.84428747576813,False,False,3.8090647758345404
2307500.0,-1232500.0,1500,-35.348724337176165,False,False,3.7280681797186217
2312500.0,-1232500.0,1500,-31.438335785180104,False,False,4.229930210862115
2317500.0,-1232500.0,1500,-24.81690016407504,False,False,5.291548257076714
2322500.0,-1232500.0,1500,-20.246489430815092,False,False,5.952785923993629
2327500.0,-1232500.0,1500,-24.161849206855333,False,False,5.791522587462708
2332500.0,-1232500.0,1500,-27.249518341538487,False,False,5.448024795316764
2337500.0,-1232500.0,1500,-21.807233050633677,False,False,6.019232487841791
2342500.0,-1232500.0,1500,-12.480415251159034,False,False,7.747944380532438
2347500.0,-1232500.0,1500,-5.793728365471959,False,False,10.006569709791675
2352500.0,-1232500.0,1500,-9.671277555799477,False,False,11.601594537126639
2357500.0,-1232500.0,1500,-16.907482075897928,False,False,12.651521410947154
2362500.0,-1232500.0,1500,-11.781093863890836,False,False,13.379294793514994
2367500.0,-1232500.0,1500,1.0453380925379998,False,False,13.872250644062357
2372500.0,-1232500.0,1500,8.515042114547258,False,False,14.199052931755494
2377500.0,-1232500.0,1500,8.550116339434712,False,False,14.423641360597168
2062500.0,-1227500.0,1500,19.196265623895183,False,False,11.907671151437562
2067500.0,-1227500.0,1500,20.2966578958282,False,False,11.943889071676331
2072500.0,-1227500.0,1500,20.770301590624314,False,False,11.978465954465696
2077500.0,-1227500.0,1500,20.681803645443658,False,False,12.006095998335816
2082500.0,-1227500.0,1500,19.04493123992335,False,False,12.0228369134703
2087500.0,-1227500.0,1500,17.304193223305663,False,False,11.973463275342132
2092500.0,-1227500.0,1500,15.659552955423237,False,False,11.818397739803808
2097500.0,-1227500.0,1500,13.326515359021382,False,False,11.501443491997577
2102500.0,-1227500.0,1500,10.249723174143973,False,False,10.88757000735076
2107500.0,-1227500.0,1500,6.306258882547804,False,False,9.723441486703843
2112500.0,-1227500.0,1500,6.676257202684837,False,False,7.62058967349142
2117500.0,-1227500.0,1500,11.337692589000408,False,False,4.99609304028106
2122500.0,-1227500.0,1500,12.116214449080251,False,False,4.58275527643467
2127500.0,-1227500.0,1500,8.612677515198657,False,False,6.041995220744376
2132500.0,-1227500.0,1500,5.363876461457206,False,False,5.90125331589759
2137500.0,-1227500.0,1500,7.312831849672549,False,False,4.297655593036598
2142500.0,-1227500.0,1500,1.7359426562678535,False,False,3.244254514648388
2147500.0,-1227500.0,1500,-10.815848241542856,False,False,3.0690653956645297
2152500.0,-1227500.0,1500,-24.814962999959967,False,True,3.20524160605794
2157500.0,-1227500.0,1500,-47.30956286715782,False,True,3.3727717068315592
2162500.0,-1227500.0,1500,-58.87315446088477,False,True,3.3221870108030624
2167500.0,-1227500.0,1500,-70.68385573699138,False,True,4.078465744516388
2172500.0,-1227500.0,1500,-97.32310887531487,True,True,4.9074353300288625
2177500.0,-1227500.0,1500,-117.28091055990085,True,True,4.362837984478779
2182500.0,-1227500.0,1500,-112.52076449979174,True,True,4.26699010530296
2187500.0,-1227500.0,1500,-81.40339009593819,False,True,5.988181552909236
2192500.0,-1227500.0,1500,-50.15007874416441,False,True,7.926805142128489
2197500.0,-1227500.0,1500,-36.93848697958483,False,True,8.644532336063998
2202500.0,-1227500.0,1500,-34.53804984544234,True,True,7.6866639938082955
2207500.0,-1227500.0,1500,-34.79677343157618,True,True,5.93563019992918
2212500.0,-1227500.0,1500,-43.704545991893916,True,True,4.417128230026354
2217500.0,-1227500.0,1500,-53.5228390499315,True,True,3.897036788023623
2222500.0,-1227500.0,1500,-49.41021570047111,False,True,3.9848996114638693
2227500.0,-1227500.0,1500,-43.25203285175172,False,True,3.816470410283633
2232500.0,-1227500.0,1500,-38.83486974804211,False,True,3.678698047540113
2237500.0,-1227500.0,1500,-34.34158503636192,False,True,3.6667403441274127
2242500.0,-1227500.0,1500,-34.27732770107929,False,True,3.874750488760302
2247500.0,-1227500.0,1500,-31.611070935088115,False,False,3.7488404404618647
2252500.0,-1227500.0,1500,-28.55345184942423,False,False,3.691119016727199
2257500.0,-1227500.0,1500,-27.408683968247203,False,False,3.826750502646353
2262500.0,-1227500.0,1500,-24.494721540871165,False,False,3.9213688302073315
2267500.0,-1227500.0,1500,-27.791336445452785,False,False,3.810358042656799
2272500.0,-1227500.0,1500,-35.76874075235966,False,False,3.685861241638297
2277500.0,-1227500.0,1500,-38.179401480901795,False,False,3.728447619694693
2282500.0,-1227500.0,1500,-35.04433092185894,False,False,3.781279319640554
2287500.0,-1227500.0,1500,-34.981127976503274,False,False,3.523566397963144
2292500.0,-1227500.0,1500,-37.39806231639284,False,False,3.480182294461623
2297500.0,-1227500.0,1500,-38.003816138042126,False,False,3.8540907712728885
2302500.0,-1227500.0,1500,-35.22399452872767,False,False,3.8322041843008616
2307500.0,-1227500.0,1500,-32.07412377405429,False,False,3.7407836762300413
2312500.0,-1227500.0,1500,-31.14144808148884,False,False,3.7430513318412793
2317500.0,-1227500.0,1500,-27.679877478439497,False,False,3.8339388148439064
2322500.0,-1227500.0,1500,-22.55103995160343,False,False,4.511994930923079
2327500.0,-1227500.0,1500,-22.170304903806148,False,False,5.4987323243229245
2332500.0,-1227500.0,1500,-24.795945290828527,False,False,5.9312864070394635
2337500.0,-1227500.0,1500,-25.10070774852995,False,False,5.6141325783648774
2342500.0,-1227500.0,1500,-20.047528108475923,False,False,5.460843475158327
2347500.0,-1227500.0,1500,-11.549072131632798,False,False,6.494351357255695
2352500.0,-1227500.0,1500,-9.201622593066578,False,False,8.474568661729034
2357500.0,-1227500.0,1500,-12.67878813882313,False,False,10.483428826933032
2362500.0,-1227500.0,1500,-10.16029259711044,False,False,11.904715880133246
2367500.0,-1227500.0,1500,-1.7922376433831901,False,False,12.8645363105696
2372500.0,-1227500.0,1500,3.8225034099677826,False,False,13.527548941820216
2377500.0,-1227500.0,1500,3.797736508741659,False,False,13.969903537951911
2062500.0,-1222500.0,1500,18.937226505809303,False,False,11.9170669606173
2067500.0,-1222500.0,1500,20.847246025064727,False,False,11.941017870390349
2072500.0,-1222500.0,1500,20.98865353545474,False,False,11.982248400583046
2077500.0,-1222500.0,1500,20.658288883823698,False,False,12.02315315335449
2082500.0,-1222500.0,1500,19.29262111395317,False,False,12.054605486248278
2087500.0,-1222500.0,1500,18.5858293529298,False,False,12.033562229894066
2092500.0,-1222500.0,1500,17.758988186070585,False,False,11.941775989119947
2097500.0,-1222500.0,1500,16.2141695854977,False,False,11.73611190253345
2102500.0,-1222500.0,1500,14.586139735982012,False,False,11.325597062966143
2107500.0,-1222500.0,1500,12.32329225860744,False,False,10.531525108265926
2112500.0,-1222500.0,1500,11.957925418590584,False,False,9.006771323636103
2117500.0,-1222500.0,1500,12.434345357827217,False,False,6.473596509210041
2122500.0,-1222500.0,1500,6.751967586675541,False,False,4.4994152845940025
2127500.0,-1222500.0,1500,0.843440887561157,False,False,5.30226148592914
2132500.0,-1222500.0,1500,2.261113566662724,False,False,6.551782398495908
2137500.0,-1222500.0,1500,7.759605559744664,False,False,5.454439390147402
2142500.0,-1222500.0,1500,4.91786698220229,False,False,3.7278262012793864
2147500.0,-1222500.0,1500,-11.332945967935954,False,False,3.197567941025908
2152500.0,-1222500.0,1500,-28.47714752833695,False,False,3.3815453622077105
2157500.0,-1222500.0,1500,-46.59308943785397,False,True,3.250818563772936
2162500.0,-1222500.0,1500,-56.54353651684182,False,True,3.0940320375920205
2167500.0,-1222500.0,1500,-67.14298468201369,False,True,4.496670893056476
2172500.0,-1222500.0,1500,-92.24313138145823,False,True,6.037965305469514
2177500.0,-1222500.0,1500,-114.50345579618171,True,True,4.827349314804931
2182500.0,-1222500.0,1500,-120.23449164928742,True,True,3.8692198405437965
2187500.0,-1222500.0,1500,-100.62114943393635,True,True,6.262921237152825
2192500.0,-1222500.0,1500,-69.39008739784761,False,True,9.159086299956641
2197500.0,-1222500.0,1500,-48.21515208959158,False,True,10.414837342766003
2202500.0,-1222500.0,1500,-39.85185165087514,True,True,10.380471070846056
2207500.0,-1222500.0,1500,-40.77518385934399,True,True,9.198054170592949
2212500.0,-1222500.0,1500,-51.883404674784714,True,True,7.1562280535590155
2217500.0,-1222500.0,1500,-61.12650674817485,True,True,5.415526352393503
2222500.0,-1222500.0,1500,-50.97674820714314,True,True,4.201292085514807
2227500.0,-1222500.0,1500,-39.234170993978836,False,True,3.963202900155949
2232500.0,-1222500.0,1500,-35.49677850438104,False,True,4.023335710922323
2237500.0,-1222500.0,1500,-34.12946886828796,False,True,3.764639854804949
2242500.0,-1222500.0,1500,-35.855624202904245,False,True,3.8527155707377845
2247500.0,-1222500.0,1500,-31.52584125924728,False,False,3.550264809007184
2252500.0,-1222500.0,1500,-27.361638849103826,False,False,3.3766909511890897
2257500.0,-1222500.0,1500,-26.57610429181232,False,False,3.7299004434494845
2262500.0,-1222500.0,1500,-23.642787893051594,False,False,3.8851491830224423
2267500.0,-1222500.0,1500,-26.594538989733167,False,False,3.858005709222463
2272500.0,-1222500.0,1500,-34.43329104496093,False,False,3.709851080659407
2277500.0,-1222500.0,1500,-37.554651016865066,False,False,3.6176106598922804
2282500.0,-1222500.0,1500,-36.30920268770999,False,False,3.6856016642923617
2287500.0,-1222500.0,1500,-35.06231567898863,False,False,3.661705156826798
2292500.0,-1222500.0,1500,-35.443111345776764,False,False,3.6172337164464476
2297500.0,-1222500.0,1500,-34.110259333340736,False,False,3.8531787765170877
2302500.0,-1222500.0,1500,-29.52741707322701,False,False,3.8649890223606853
2307500.0,-1222500.0,1500,-29.875311948061995,False,False,3.7787606813075296
2312500.0,-1222500.0,1500,-34.668379184014775,False,False,3.8119545808420856
2317500.0,-1222500.0,1500,-33.76399624671764,False,False,3.863703557688117
2322500.0,-1222500.0,1500,-25.569205338454605,False,False,3.794101642614349
2327500.0,-1222500.0,1500,-18.866244635347595,False,False,3.9142670306363327
2332500.0,-1222500.0,1500,-20.085031284621795,False,False,4.781510671217029
2337500.0,-1222500.0,1500,-24.839107776234933,False,False,5.668481525062267
2342500.0,-1222500.0,1500,-24.387405002857257,False,False,5.921513284966142
2347500.0,-1222500.0,1500,-15.573726818439534,False,False,5.64268169358576
2352500.0,-1222500.0,1500,-7.867743032025741,False,False,5.670094999176963
2357500.0,-1222500.0,1500,-8.680483299207332,False,False,6.818377047624784
2362500.0,-1222500.0,1500,-9.911702099252597,False,False,8.985698125713494
2367500.0,-1222500.0,1500,-5.563426277294396,False,False,10.90875431211903
2372500.0,-1222500.0,1500,-0.33088493690692494,False,False,12.197655792387279
2377500.0,-1222500.0,1500,-0.1487606289280976,False,False,13.070737395187301
2062500.0,-1217500.0,1500,18.278691281357574,False,False,11.92979803775932
2067500.0,-1217500.0,1500,20.816899779737653,False,False,11.94207292397719
2072500.0,-1217500.0,1500,21.822385740853655,False,False,11.976145125675263
2077500.0,-1217500.0,1500,21.166495031403045,False,False,12.023663024297809
2082500.0,-1217500.0,1500,20.347409305846377,False,False,12.058649950839467
2087500.0,-1217500.0,1500,20.10402406369375,False,False,12.064585385008867
2092500.0,-1217500.0,1500,19.47619275424321,False,False,12.02149509130687
2097500.0,-1217500.0,1500,18.49130133970408,False,False,11.893274990161377
2102500.0,-1217500.0,1500,17.40481587080408,False,False,11.624597090509432
2107500.0,-1217500.0,1500,15.158425267661334,False,False,11.099651788802587
2112500.0,-1217500.0,1500,12.399852563044202,False,False,10.053820771396142
2117500.0,-1217500.0,1500,7.495211054420067,False,False,8.17445313172519
2122500.0,-1217500.0,1500,-4.151879348902901,False,False,5.962005906243612
2127500.0,-1217500.0,1500,-9.049346221065722,False,False,5.944590152135863
2132500.0,-1217500.0,1500,2.358721622074123,False,False,7.278900660478445
2137500.0,-1217500.0,1500,13.509077194073278,False,False,6.777093345874449
2142500.0,-1217500.0,1500,13.000975685453493,False,False,4.713269312749695
2147500.0,-1217500.0,1500,-0.5825359589919651,False,False,3.4474707653682586
2152500.0,-1217500.0,1500,-16.613249145937605,False,False,3.2888125830148853
2157500.0,-1217500.0,1500,-32.88495783872921,False,True,3.095365400905301
2162500.0,-1217500.0,1500,-46.65695533009509,False,True,3.171795762546922
2167500.0,-1217500.0,1500,-61.939103679463344,False,True,4.292654302760135
2172500.0,-1217500.0,1500,-87.4557061746755,False,True,6.0716829996705135
2177500.0,-1217500.0,1500,-110.02741043948473,True,True,5.083152432094734
2182500.0,-1217500.0,1500,-121.51847874274952,True,True,3.639823093611514
2187500.0,-1217500.0,1500,-111.03171664440633,True,True,5.782664234414976
2192500.0,-1217500.0,1500,-81.62299673674333,False,True,8.75607161402658
2197500.0,-1217500.0,1500,-56.22940236520652,False,True,10.490844736038053
2202500.0,-1217500.0,1500,-45.68094832107709,True,True,10.968441776349717
2207500.0,-1217500.0,1500,-47.83015697154709,True,True,10.470980477461485
2212500.0,-1217500.0,1500,-58.43456041381515,True,True,9.437387545037373
2217500.0,-1217500.0,1500,-62.55526745169253,True,True,7.877094061263343
2222500.0,-1217500.0,1500,-46.02083023554595,True,True,5.961350102521114
2227500.0,-1217500.0,1500,-32.809454779159275,True,True,4.724995048583931
2232500.0,-1217500.0,1500,-32.90594986764938,False,True,4.07564107688286
2237500.0,-1217500.0,1500,-34.380437416004376,False,True,3.8523171959801727
2242500.0,-1217500.0,1500,-37.63234596292174,False,True,3.817288015780263
2247500.0,-1217500.0,1500,-33.99471851782222,False,True,3.5885486316189983
2252500.0,-1217500.0,1500,-27.821910550148715,False,False,3.4757473902626095
2257500.0,-1217500.0,1500,-25.676553297026402,False,False,3.750624824567082
2262500.0,-1217500.0,1500,-23.635376057152197,False,False,3.994185937044112
2267500.0,-1217500.0,1500,-26.4201216352293,False,False,4.02789552562709
2272500.0,-1217500.0,1500,-31.464901012425877,False,False,3.8399530128319057
2277500.0,-1217500.0,1500,-34.30538547926847,False,False,3.797205072502045
2282500.0,-1217500.0,1500,-33.32709434804942,False,False,3.7770072730180693
2287500.0,-1217500.0,1500,-28.713025007667568,False,False,3.8419409927118453
2292500.0,-1217500.0,1500,-30.086793140086822,False,False,3.780740980547817
2297500.0,-1217500.0,1500,-32.93290068387768,False,False,3.8169188718623355
2302500.0,-1217500.0,1500,-32.16183529455056,False,False,3.8782011872917272
2307500.0,-1217500.0,1500,-36.609750754115986,False,False,3.8207120440013584
2312500.0,-1217500.0,1500,-41.810651156519036,False,False,3.9526270620233666
2317500.0,-1217500.0,1500,-37.85798317404619,False,False,3.977332922466977
2322500.0,-1217500.0,1500,-28.64486911747139,False,False,3.778336105921962
2327500.0,-1217500.0,1500,-21.444384053690353,False,False,3.556470630347624
2332500.0,-1217500.0,1500,-19.228515073675066,False,False,3.6516689316057853
2337500.0,-1217500.0,1500,-22.638891630350813,False,False,4.100593305775069
2342500.0,-1217500.0,1500,-25.690172027292476,False,False,5.080196450109972
2347500.0,-1217500.0,1500,-19.07106024895853,False,False,5.818479102833824
2352500.0,-1217500.0,1500,-9.74508709818463,False,False,5.806752106357712
2357500.0,-1217500.0,1500,-9.155613236572691,False,False,5.457701646743541
2362500.0,-1217500.0,1500,-12.63388108765228,False,False,5.776327142381849
2367500.0,-1217500.0,1500,-9.888961702670123,False,False,7.305206408749971
2372500.0,-1217500.0,1500,-2.5029532807078625,False,False,9.594632155044721
2377500.0,-1217500.0,1500,-1.295989923338008,False,False,11.335411810575467
2062500.0,-1212500.0,1500,17.83638765175608,False,False,11.933017088087325
2067500.0,-1212500.0,1500,20.61061294688708,False,False,11.941537056587974
2072500.0,-1212500.0,1500,22.388799162255932,False,False,11.970453533033542
2077500.0,-1212500.0,1500,21.46200621662167,False,False,12.019309691865534
2082500.0,-1212500.0,1500,21.59555602862821,False,False,12.051052331101388
2087500.0,-1212500.0,1500,21.55824952273941,False,False,12.076196103732748
2092500.0,-1212500.0,1500,20.121402059424483,False,False,12.076235888623389
2097500.0,-1212500.0,1500,19.197810854692964,False,False,12.010166942330269
2102500.0,-1212500.0,1500,17.88262805422444,False,False,11.849554267018974
2107500.0,-1212500.0,1500,14.32560119808171,False,False,11.52322172145405
2112500.0,-1212500.0,1500,9.427685657433036,False,False,10.884040823568245
2117500.0,-1212500.0,1500,4.8471588504358945,False,False,9.742492105201027
2122500.0,-1212500.0,1500,-1.9237041387084048,False,False,8.441136423932242
2127500.0,-1212500.0,1500,-2.979671164768012,False,False,8.159538848070165
2132500.0,-1212500.0,1500,6.7202487671207205,False,False,8.590836214013638
2137500.0,-1212500.0,1500,12.152777897532081,False,False,8.088401433717905
2142500.0,-1212500.0,1500,13.07716551481086,False,False,5.894690762931364
2147500.0,-1212500.0,1500,9.42941237436514,False,False,3.767760609217567
2152500.0,-1212500.0,1500,0.2584456019330025,False,False,3.119201069050238
2157500.0,-1212500.0,1500,-15.133048390143827,False,True,3.1112731133479903
2162500.0,-1212500.0,1500,-37.7138497664823,False,True,3.278791098602621
2167500.0,-1212500.0,1500,-59.7789903916811,False,True,3.8686359432098976
2172500.0,-1212500.0,1500,-83.67432535998844,False,True,5.731609485360338
2177500.0,-1212500.0,1500,-104.47686581346107,True,True,5.4569453302031
2182500.0,-1212500.0,1500,-118.27829934110423,True,True,3.879819615076778
2187500.0,-1212500.0,1500,-114.01416545954369,True,True,5.039677816110787
2192500.0,-1212500.0,1500,-87.24537498762871,False,True,7.371223754185327
2197500.0,-1212500.0,1500,-60.197110358892296,False,True,9.102485888293309
2202500.0,-1212500.0,1500,-47.91329855201727,True,True,9.496019960086652
2207500.0,-1212500.0,1500,-51.20639440339731,True,True,8.98575554313246
2212500.0,-1212500.0,1500,-63.31707988574487,True,True,8.111823228460523
2217500.0,-1212500.0,1500,-70.9202528272205,True,True,7.114173211913222
2222500.0,-1212500.0,1500,-51.85273199744969,True,True,5.674402239131646
2227500.0,-1212500.0,1500,-33.410409083338635,True,True,4.592711701605251
2232500.0,-1212500.0,1500,-34.952981143848085,False,True,4.114075470547998
2237500.0,-1212500.0,1500,-35.2511586793313,False,True,3.9282933624334544
2242500.0,-1212500.0,1500,-37.178558840429375,False,True,3.718686510803258
2247500.0,-1212500.0,1500,-35.585908385201776,False,True,3.6062172378868356
2252500.0,-1212500.0,1500,-30.302148873090164,False,False,3.6885800386135337
2257500.0,-1212500.0,1500,-28.086850201430813,False,False,3.846683143220705
2262500.0,-1212500.0,1500,-27.518700443301945,False,False,3.967530521295978
2267500.0,-1212500.0,1500,-29.289000748956475,False,False,4.006248462715357
2272500.0,-1212500.0,1500,-27.899886107598057,False,False,3.8747934734425433
2277500.0,-1212500.0,1500,-26.953406637246868,False,False,3.729631432893263
2282500.0,-1212500.0,1500,-26.4368696274057,False,False,3.8937229515231326
2287500.0,-1212500.0,1500,-24.506422477625293,False,False,4.066237045184708
2292500.0,-1212500.0,1500,-30.004046154457935,False,False,3.7153165810663404
2297500.0,-1212500.0,1500,-35.13930446285317,False,False,3.571010574924408
2302500.0,-1212500.0,1500,-38.366494418763196,False,False,3.8877588586226635
2307500.0,-1212500.0,1500,-44.029380359476264,False,False,4.0274117203015365
2312500.0,-1212500.0,1500,-45.57641736116889,False,False,4.078715947604551
2317500.0,-1212500.0,1500,-38.81777770818175,False,False,3.907894328884161
2322500.0,-1212500.0,1500,-30.315545512368228,False,False,3.6501631899805034
2327500.0,-1212500.0,1500,-23.173127559397784,False,False,3.5782271454373835
2332500.0,-1212500.0,1500,-18.95157003558262,False,False,3.6411868954241413
2337500.0,-1212500.0,1500,-20.70034581377272,False,False,3.541801703306871
2342500.0,-1212500.0,1500,-23.930789441716282,False,False,3.6236188601491617
2347500.0,-1212500.0,1500,-22.008522762753916,False,False,4.232195776362815
2352500.0,-1212500.0,1500,-16.550041608593002,False,False,5.245861696666493
2357500.0,-1212500.0,1500,-14.275409958863726,False,False,5.940995349124724
2362500.0,-1212500.0,1500,-16.104820007556338,False,False,5.734599556660875
2367500.0,-1212500.0,1500,-13.324172273057508,False,False,5.498579186350373
2372500.0,-1212500.0,1500,-5.0234435060361315,False,False,6.226477003696399
2377500.0,-1212500.0,1500,-3.010849751662532,False,False,7.959398513243155
2062500.0,-1207500.0,1500,17.933762918496086,False,False,11.921417413552263
2067500.0,-1207500.0,1500,20.109559463289074,False,False,11.942114646421432
2072500.0,-1207500.0,1500,22.037532252541755,False,False,11.966270169272327
2077500.0,-1207500.0,1500,21.132873796799387,False,False,12.017482382026243
2082500.0,-1207500.0,1500,21.498161614210836,False,False,12.052200491095977
2087500.0,-1207500.0,1500,22.353919333926047,False,False,12.07830081963419
2092500.0,-1207500.0,1500,20.485427948177257,False,False,12.112145409933092
2097500.0,-1207500.0,1500,19.119479772228743,False,False,12.097736806066507
2102500.0,-1207500.0,1500,17.021805950840037,False,False,12.015822321530106
2107500.0,-1207500.0,1500,12.715371761499679,False,False,11.833234127943538
2112500.0,-1207500.0,1500,7.629303143675698,False,False,11.49062270068267
2117500.0,-1207500.0,1500,4.845274906262166,False,False,10.910558848524335
2122500.0,-1207500.0,1500,3.9466559709525195,False,False,10.271266805919504
2127500.0,-1207500.0,1500,5.850264379460721,False,False,9.909200670890398
2132500.0,-1207500.0,1500,9.95618100097668,False,False,9.652985686481925
2137500.0,-1207500.0,1500,8.547969235147827,False,False,8.844260646387845
2142500.0,-1207500.0,1500,5.366279284153197,False,False,6.769431175392174
2147500.0,-1207500.0,1500,5.83364645559063,False,False,4.1609423742740645
2152500.0,-1207500.0,1500,8.94362409155331,False,False,3.04358688104092
2157500.0,-1207500.0,1500,1.0928397309219458,False,False,3.253426076449976
2162500.0,-1207500.0,1500,-28.563948419250295,False,True,3.4221052411899957
2167500.0,-1207500.0,1500,-59.6455904251572,False,True,3.555917189460529
2172500.0,-1207500.0,1500,-80.15211519663708,False,True,5.160042646382885
2177500.0,-1207500.0,1500,-95.96174876279748,False,True,5.477575369267841
2182500.0,-1207500.0,1500,-110.7381252839842,True,True,4.08367503863475
2187500.0,-1207500.0,1500,-111.82178018030156,False,True,4.2223097647691095
2192500.0,-1207500.0,1500,-89.36134455567661,False,True,5.172832247374695
2197500.0,-1207500.0,1500,-59.19254237473762,False,True,5.849617263567401
2202500.0,-1207500.0,1500,-43.829666172831054,False,True,5.91362949386535
2207500.0,-1207500.0,1500,-52.09632351286295,True,True,5.765823059776034
2212500.0,-1207500.0,1500,-68.14321806604437,True,True,5.759761252164878
2217500.0,-1207500.0,1500,-77.27150735122184,True,True,5.4667199663760915
2222500.0,-1207500.0,1500,-46.42438152322413,False,True,4.338359266437516
2227500.0,-1207500.0,1500,-21.366171909874613,True,True,4.5906623629390015
2232500.0,-1207500.0,1500,-32.889562579324256,False,True,5.4212842098446545
2237500.0,-1207500.0,1500,-37.71696667042278,False,True,4.481591032015323
2242500.0,-1207500.0,1500,-38.064323559263556,False,True,3.688799061688392
2247500.0,-1207500.0,1500,-35.44255335066201,False,True,3.5849799518040526
2252500.0,-1207500.0,1500,-34.04451584374042,False,False,3.6885310247071326
2257500.0,-1207500.0,1500,-34.13870148054429,False,False,3.9055143643834227
2262500.0,-1207500.0,1500,-33.624646795170854,False,False,3.996776297104714
2267500.0,-1207500.0,1500,-32.71019859494078,False,False,4.077200679727212
2272500.0,-1207500.0,1500,-26.347667935166765,False,False,3.899910220511751
2277500.0,-1207500.0,1500,-22.381911797892986,False,False,3.7310141242104358
2282500.0,-1207500.0,1500,-26.56952011213613,False,False,3.907693027349902
2287500.0,-1207500.0,1500,-31.665723961848762,False,False,3.938068748038325
2292500.0,-1207500.0,1500,-35.14079387006172,False,False,3.568837941042242
2297500.0,-1207500.0,1500,-32.83671898964808,False,False,3.5523243694381295
2302500.0,-1207500.0,1500,-33.32717434378572,False,False,3.876852194672068
2307500.0,-1207500.0,1500,-40.88605960879372,False,False,3.9692136900556534
2312500.0,-1207500.0,1500,-43.1688844466953,False,False,3.8458478741340576
2317500.0,-1207500.0,1500,-38.13171125035611,False,False,3.6727283992253623
2322500.0,-1207500.0,1500,-31.95119665940913,False,False,3.7058368490291542
2327500.0,-1207500.0,1500,-22.390609095397128,False,False,3.649232614040361
2332500.0,-1207500.0,1500,-17.2083783962401,False,False,3.4726328681406144
2337500.0,-1207500.0,1500,-21.027111675604093,False,False,3.4923107762829777
2342500.0,-1207500.0,1500,-23.305540545444966,False,False,3.6307644435298068
2347500.0,-1207500.0,1500,-24.473457269764232,False,False,3.663052358593539
2352500.0,-1207500.0,1500,-24.679810369429013,False,False,3.6272049087996625
2357500.0,-1207500.0,1500,-21.87820293915898,False,False,4.447079986243554
2362500.0,-1207500.0,1500,-21.19676448612262,False,False,5.4027177840136416
2367500.0,-1207500.0,1500,-17.859045066223242,False,False,5.792008445245091
2372500.0,-1207500.0,1500,-9.565159808261454,False,False,5.696289181978558
2377500.0,-1207500.0,1500,-5.420774937307114,False,False,5.5261305134072005
2062500.0,-1202500.0,1500,17.701627083489978,False,False,11.89279785965525
2067500.0,-1202500.0,1500,18.70157545818007,False,False,11.941320538380038
2072500.0,-1202500.0,1500,21.39760622671705,False,False,11.960116175996276
2077500.0,-1202500.0,1500,21.56503322352801,False,False,12.001504789891534
2082500.0,-1202500.0,1500,20.928524567116302,False,False,12.049402871517179
2087500.0,-1202500.0,1500,22.22549177121161,False,False,12.082097786014387
2092500.0,-1202500.0,1500,21.529569595749557,False,False,12.126476016983013
2097500.0,-1202500.0,1500,19.855820062922394,False,False,12.14472861874394
2102500.0,-1202500.0,1500,17.3297091162761,False,False,12.120360837248958
2107500.0,-1202500.0,1500,12.76625813250812,False,False,12.036269119623
2112500.0,-1202500.0,1500,8.4920596425993,False,False,11.848640987650406
2117500.0,-1202500.0,1500,7.5903087501382265,False,False,11.526773380044588
2122500.0,-1202500.0,1500,7.107150218456878,False,False,11.119053927523021
2127500.0,-1202500.0,1500,7.1012412295048835,False,False,10.58807816265702
2132500.0,-1202500.0,1500,7.462607775061221,False,False,9.76715363644219
2137500.0,-1202500.0,1500,5.634279971688269,False,False,8.551196211959367
2142500.0,-1202500.0,1500,1.1918424942317265,False,False,6.790839504145426
2147500.0,-1202500.0,1500,1.1819518098461332,False,False,4.383147518519412
2152500.0,-1202500.0,1500,8.124436148742832,False,False,3.0500262437850942
2157500.0,-1202500.0,1500,6.434328634861429,False,False,3.2006880168269403
2162500.0,-1202500.0,1500,-18.822593836655777,False,True,3.33797286593897
2167500.0,-1202500.0,1500,-54.48546681671626,False,True,3.279217994402827
2172500.0,-1202500.0,1500,-75.07661739932759,False,True,3.912175532690623
2177500.0,-1202500.0,1500,-85.50032039228725,False,True,4.21066904067462
2182500.0,-1202500.0,1500,-100.08534565998221,False,True,3.726799242167346
2187500.0,-1202500.0,1500,-106.17705808445648,False,True,3.83133381058851
2192500.0,-1202500.0,1500,-88.40775960881521,False,True,4.088874960445073
2197500.0,-1202500.0,1500,-55.37603562627717,False,True,4.382598295064451
2202500.0,-1202500.0,1500,-38.75331958185042,False,True,4.8749313961241185
2207500.0,-1202500.0,1500,-51.11827332708506,True,True,5.245115914986723
2212500.0,-1202500.0,1500,-70.24542466226922,True,True,5.614703341547632
2217500.0,-1202500.0,1500,-82.32060526298288,True,True,5.479502286810469
2222500.0,-1202500.0,1500,-58.91713491515613,False,True,4.611446298013772
2227500.0,-1202500.0,1500,-30.464818224276087,True,True,4.659782586411669
2232500.0,-1202500.0,1500,-33.4792331613653,False,True,5.619828404253484
2237500.0,-1202500.0,1500,-40.112430133369486,False,True,5.7272370669105666
2242500.0,-1202500.0,1500,-40.95349147858583,False,True,5.12814706793727
2247500.0,-1202500.0,1500,-39.012600820076464,False,True,4.124617798959214
2252500.0,-1202500.0,1500,-39.0807957930978,False,False,3.7333317042879743
2257500.0,-1202500.0,1500,-38.99878038697388,False,False,4.002590162875087
2262500.0,-1202500.0,1500,-37.88815728586881,False,False,4.115380616408711
2267500.0,-1202500.0,1500,-35.117889158533195,False,False,4.010123975616307
2272500.0,-1202500.0,1500,-28.906114968159827,False,False,3.859892222399339
2277500.0,-1202500.0,1500,-26.769340016483962,False,False,3.802504389309865
2282500.0,-1202500.0,1500,-33.055882511864525,False,False,3.726188560284749
2287500.0,-1202500.0,1500,-37.27013873979165,False,False,3.6130281024515134
2292500.0,-1202500.0,1500,-34.90382365789886,False,False,3.3164142476642096
2297500.0,-1202500.0,1500,-27.506156903846705,False,False,3.324999293301091
2302500.0,-1202500.0,1500,-23.378568428165135,False,False,3.3330096360220822
2307500.0,-1202500.0,1500,-30.630868573525866,False,False,3.465914777499002
2312500.0,-1202500.0,1500,-35.849624513645054,False,False,3.4352270088545875
2317500.0,-1202500.0,1500,-35.22030390766301,False,False,3.321058241620188
2322500.0,-1202500.0,1500,-32.80605402072812,False,False,3.6546996005179255
2327500.0,-1202500.0,1500,-22.615408340894188,False,False,3.4828275452912223
2332500.0,-1202500.0,1500,-16.892457307332982,False,False,3.108419919693307
2337500.0,-1202500.0,1500,-21.03014665697209,False,False,3.338497924492562
2342500.0,-1202500.0,1500,-23.899965681331853,False,False,3.5569599131277765
2347500.0,-1202500.0,1500,-26.217718294340493,False,False,3.579896944204358
2352500.0,-1202500.0,1500,-28.96343055699316,False,False,3.578138230367899
2357500.0,-1202500.0,1500,-28.864011807072377,False,False,3.561817044791498
2362500.0,-1202500.0,1500,-27.966348501550588,False,False,3.85678295536101
2367500.0,-1202500.0,1500,-24.65175518508511,False,False,4.686559996929612
2372500.0,-1202500.0,1500,-14.52140874214067,False,False,5.758226282354826
2377500.0,-1202500.0,1500,-6.594194574080201,False,False,6.073426749809036
2067500.0,-1197500.0,1500,17.775418616283115,False,False,11.917807409306729
2072500.0,-1197500.0,1500,19.86224505656186,False,False,11.959321204726214
2077500.0,-1197500.0,1500,20.89663285100654,False,False,11.989448546748045
2082500.0,-1197500.0,1500,20.330137660595593,False,False,12.035130361013671
2087500.0,-1197500.0,1500,21.606678047554073,False,False,12.080489209214038
2092500.0,-1197500.0,1500,22.5855251903111,False,False,12.124687668902776
2097500.0,-1197500.0,1500,21.890043570984254,False,False,12.157742594161736
2102500.0,-1197500.0,1500,19.60431768612777,False,False,12.172922869901122
2107500.0,-1197500.0,1500,14.72087519423915,False,False,12.154421849874897
2112500.0,-1197500.0,1500,11.096138064269722,False,False,12.038789510671705
2117500.0,-1197500.0,1500,10.268580705193838,False,False,11.795232296372822
2122500.0,-1197500.0,1500,7.6944586608657195,False,False,11.392242083299422
2127500.0,-1197500.0,1500,5.469517863467454,False,False,10.588541503176272
2132500.0,-1197500.0,1500,4.336158872236412,False,False,9.098313239084062
2137500.0,-1197500.0,1500,3.474504964808461,False,False,7.074427289943467
2142500.0,-1197500.0,1500,3.524299128596648,False,False,5.224287521989721
2147500.0,-1197500.0,1500,3.2323321217227727,False,False,3.717573124990629
2152500.0,-1197500.0,1500,2.3325437172919163,False,False,3.0601321372381265
2157500.0,-1197500.0,1500,-1.1858804269232652,False,False,3.051425373391808
2162500.0,-1197500.0,1500,-17.350365898030336,False,False,3.1121710415149257
2167500.0,-1197500.0,1500,-47.4218568567644,False,True,3.3571121490423605
2172500.0,-1197500.0,1500,-71.90575109703994,False,True,3.7118989325178546
2177500.0,-1197500.0,1500,-82.57444700490642,False,True,3.6931636741866414
2182500.0,-1197500.0,1500,-91.97717410996464,False,True,3.341671130252125
2187500.0,-1197500.0,1500,-98.83322159239798,False,True,3.605523849832602
2192500.0,-1197500.0,1500,-84.75132054259309,False,True,4.109485720638009
2197500.0,-1197500.0,1500,-55.43588486316219,False,True,4.365243096050372
2202500.0,-1197500.0,1500,-41.40039658590324,False,True,4.898857112427738
2207500.0,-1197500.0,1500,-49.56135326103403,False,True,5.295918198386976
2212500.0,-1197500.0,1500,-63.93293612814287,False,True,5.3041624675065835
2217500.0,-1197500.0,1500,-72.97171758835732,False,True,4.82345917359158
2222500.0,-1197500.0,1500,-64.74813356672827,False,True,4.566916362569073
2227500.0,-1197500.0,1500,-45.095038784266976,True,True,5.015832589493392
2232500.0,-1197500.0,1500,-37.55251207008394,False,True,5.228798387020346
2237500.0,-1197500.0,1500,-40.38684547020338,False,True,5.358055420932572
2242500.0,-1197500.0,1500,-40.181329414190685,False,True,5.721746234891395
2247500.0,-1197500.0,1500,-40.950643889644425,False,True,5.455286555444281
2252500.0,-1197500.0,1500,-43.1966231761898,False,True,4.430470372112524
2257500.0,-1197500.0,1500,-42.21334139895723,False,False,3.912988562340003
2262500.0,-1197500.0,1500,-39.58963284108264,False,False,3.808803664195379
2267500.0,-1197500.0,1500,-36.82673616258923,False,False,3.7996610841548764
2272500.0,-1197500.0,1500,-32.03949020461715,False,False,3.9477749111877523
2277500.0,-1197500.0,1500,-29.538453959492212,False,False,3.7533533298638124
2282500.0,-1197500.0,1500,-31.711499575488862,False,False,3.6766667313852324
2287500.0,-1197500.0,1500,-31.68296495694055,False,False,3.5866732113811093
2292500.0,-1197500.0,1500,-30.15205975103415,False,False,3.4420439313538007
2297500.0,-1197500.0,1500,-28.54660543018295,False,False,3.433042635739025
2302500.0,-1197500.0,1500,-25.007174008924004,False,False,3.0831241658166717
2307500.0,-1197500.0,1500,-26.206201591734505,False,False,3.1656493862361454
2312500.0,-1197500.0,1500,-29.74699560208901,False,False,3.392243032591777
2317500.0,-1197500.0,1500,-31.893391168529973,False,False,3.357281679542911
2322500.0,-1197500.0,1500,-30.042806837746017,False,False,3.5707611352324085
2327500.0,-1197500.0,1500,-18.749567617283713,False,False,3.3705871740751756
2332500.0,-1197500.0,1500,-15.061365295786038,False,False,3.0209176288505324
2337500.0,-1197500.0,1500,-20.90659975222512,False,False,3.0251312779358184
2342500.0,-1197500.0,1500,-25.563682270260948,False,False,3.256173285211654
2347500.0,-1197500.0,1500,-28.098006692165374,False,False,3.5198152091468735
2352500.0,-1197500.0,1500,-29.026491288403562,False,False,3.763779641796397
2357500.0,-1197500.0,1500,-30.273264697336465,False,False,3.8979509569544297
2362500.0,-1197500.0,1500,-29.48678856996447,False,False,3.9070416716379874
2367500.0,-1197500.0,1500,-28.678474560345492,False,False,3.601915086125675
2372500.0,-1197500.0,1500,-21.091211372768164,False,False,4.105853852295608
2377500.0,-1197500.0,1500,-13.04995089678163,False,False,5.80035652483491
2067500.0,-1192500.0,1500,18.700847223010935,False,False,11.856023383650392
2072500.0,-1192500.0,1500,19.095152789023764,False,False,11.940921914576952
2077500.0,-1192500.0,1500,17.92656991046813,False,False,11.993855026615295
2082500.0,-1192500.0,1500,17.562726655847463,False,False,12.031451658030901
2087500.0,-1192500.0,1500,20.78404117686985,False,False,12.06793158326515
2092500.0,-1192500.0,1500,24.117705294944365,False,False,12.10978616299764
2097500.0,-1192500.0,1500,24.270630674895916,False,False,12.152765015382725
2102500.0,-1192500.0,1500,21.302374627849,False,False,12.194766840080437
2107500.0,-1192500.0,1500,14.900747037399736,False,False,12.21102941495398
2112500.0,-1192500.0,1500,10.68609947276156,False,False,12.119203403946068
2117500.0,-1192500.0,1500,8.161146035616579,False,False,11.916221363964805
2122500.0,-1192500.0,1500,5.942065349166256,False,False,11.467627379646002
2127500.0,-1192500.0,1500,5.827321177181022,False,False,10.435688008395356
2132500.0,-1192500.0,1500,3.8579688237097054,False,False,8.489135747760551
2137500.0,-1192500.0,1500,2.682471793811661,False,False,5.682601705048001
2142500.0,-1192500.0,1500,3.0724118141303833,False,False,3.684007439139995
2147500.0,-1192500.0,1500,2.049862334419675,False,False,3.131791477198134
2152500.0,-1192500.0,1500,0.23413809640218275,False,False,3.0613639681426434
2157500.0,-1192500.0,1500,-5.224379921838047,False,False,3.0767795131546443
2162500.0,-1192500.0,1500,-16.877529671112416,False,False,3.099337451029358
2167500.0,-1192500.0,1500,-42.34124050772498,False,False,3.3286595111511756
2172500.0,-1192500.0,1500,-73.1482285931663,False,True,3.7923658176653325
2177500.0,-1192500.0,1500,-88.97181594912253,False,True,3.888525549183406
2182500.0,-1192500.0,1500,-93.1255150232036,False,True,3.392141385357827
2187500.0,-1192500.0,1500,-91.92554368305916,False,True,3.2620942970278737
2192500.0,-1192500.0,1500,-79.81276373447817,False,True,3.670452445520902
2197500.0,-1192500.0,1500,-61.651548975718704,False,True,3.8556394115704093
2202500.0,-1192500.0,1500,-51.153319385138154,False,True,4.511611026847319
2207500.0,-1192500.0,1500,-50.4896906703488,False,True,5.093022921782121
2212500.0,-1192500.0,1500,-55.121702052061366,False,True,4.628095848920216
2217500.0,-1192500.0,1500,-52.430548390959956,False,True,4.517018186088776
2222500.0,-1192500.0,1500,-42.76954750443434,False,True,4.73642818027711
2227500.0,-1192500.0,1500,-35.95581889270056,True,True,5.1567722544041406
2232500.0,-1192500.0,1500,-34.11348698545924,True,True,5.71029756890333
2237500.0,-1192500.0,1500,-36.8151545182833,False,True,5.514511105503749
2242500.0,-1192500.0,1500,-38.348171851805866,False,True,5.195263295271424
2247500.0,-1192500.0,1500,-40.99775799956605,False,True,5.240015082748225
2252500.0,-1192500.0,1500,-45.945655536013945,False,True,4.835707483296155
2257500.0,-1192500.0,1500,-44.06945507046596,False,False,4.071102968325306
2262500.0,-1192500.0,1500,-38.780350420728034,False,False,3.647578946544715
2267500.0,-1192500.0,1500,-37.64296425242745,False,False,3.7314613974839657
2272500.0,-1192500.0,1500,-33.72348830437255,False,False,3.8748187599458994
2277500.0,-1192500.0,1500,-28.48776919305437,False,False,3.8149440923735094
2282500.0,-1192500.0,1500,-26.362969444986934,False,False,3.7483577390766714
2287500.0,-1192500.0,1500,-23.636887601894408,False,False,3.5558107880708723
2292500.0,-1192500.0,1500,-22.4430627263442,False,False,3.5975382049183002
2297500.0,-1192500.0,1500,-28.52372342528672,False,False,3.585410255197451
2302500.0,-1192500.0,1500,-30.36557916120415,False,False,3.412376977272138
2307500.0,-1192500.0,1500,-28.467847269689912,False,False,3.5140011327088567
2312500.0,-1192500.0,1500,-30.359630323317468,False,False,3.759202110428343
2317500.0,-1192500.0,1500,-30.19222806889217,False,False,3.801299396326082
2322500.0,-1192500.0,1500,-25.010638912139214,False,False,3.7344317270822898
2327500.0,-1192500.0,1500,-14.913069968333101,False,False,3.4174288684873493
2332500.0,-1192500.0,1500,-16.444677245460344,False,False,3.112801335035888
2337500.0,-1192500.0,1500,-26.935661537766954,False,False,3.216301507746765
2342500.0,-1192500.0,1500,-32.07491109867063,False,False,3.5101577716692427
2347500.0,-1192500.0,1500,-33.42896781024394,False,False,3.7169267714088523
2352500.0,-1192500.0,1500,-33.58240707948226,False,False,3.7858969725461016
2357500.0,-1192500.0,1500,-32.40048280582607,False,False,3.877115848613422
2362500.0,-1192500.0,1500,-30.398333944750913,False,False,3.7990755051333953
2367500.0,-1192500.0,1500,-32.20922413441508,False,False,3.5816988763617963
2372500.0,-1192500.0,1500,-30.709945557181992,False,False,3.639094530655994
2377500.0,-1192500.0,1500,-25.500241126453304,False,False,4.153954414165045
2072500.0,-1187500.0,1500,18.787091940722465,False,False,11.89944381847868
2077500.0,-1187500.0,1500,15.608030360371126,False,False,11.982551854768811
2082500.0,-1187500.0,1500,14.654707322719856,False,False,12.028854800883943
2087500.0,-1187500.0,1500,19.273122488818526,False,False,12.058545696624563
2092500.0,-1187500.0,1500,24.338085712112434,False,False,12.090744839945152
2097500.0,-1187500.0,1500,24.808572158388074,False,False,12.136680302462363
2102500.0,-1187500.0,1500,20.995493486939324,False,False,12.196364742536623
2107500.0,-1187500.0,1500,13.932221991363317,False,False,12.223013709400705
2112500.0,-1187500.0,1500,9.11789464536164,False,False,12.138552981949015
2117500.0,-1187500.0,1500,4.624001756416402,False,False,11.95515138682074
2122500.0,-1187500.0,1500,1.2221647064636545,False,False,11.52825675715852
2127500.0,-1187500.0,1500,2.8295748522135784,False,False,10.484521689499182
2132500.0,-1187500.0,1500,2.762111373414944,False,False,8.44976828807086
2137500.0,-1187500.0,1500,1.1531112237079695,False,False,5.193928059397775
2142500.0,-1187500.0,1500,-5.402012958231621,False,False,3.228279066258675
2147500.0,-1187500.0,1500,-3.4093484400281526,False,False,3.0671187807279607
2152500.0,-1187500.0,1500,0.9649298734993115,False,False,3.0617525878610907
2157500.0,-1187500.0,1500,-8.467192219381948,False,False,3.4241170693707783
2162500.0,-1187500.0,1500,-16.983535966239067,False,False,3.4829745090173807
2167500.0,-1187500.0,1500,-42.06440272207963,False,False,3.3291064623207975
2172500.0,-1187500.0,1500,-76.16895501038293,False,False,3.968896095729982
2177500.0,-1187500.0,1500,-91.47868595227546,False,False,4.906106008817241
2182500.0,-1187500.0,1500,-90.9819937385944,False,True,4.213043504347082
2187500.0,-1187500.0,1500,-83.955908193319,False,False,3.263691901384915
2192500.0,-1187500.0,1500,-76.87678488593262,False,False,3.840272694820837
2197500.0,-1187500.0,1500,-68.54203519277881,False,True,4.206678414440886
2202500.0,-1187500.0,1500,-60.330657136311544,False,True,4.7569587267590805
2207500.0,-1187500.0,1500,-55.45226831556434,False,True,5.591061866274835
2212500.0,-1187500.0,1500,-55.47962924227277,False,True,4.665832539315168
2217500.0,-1187500.0,1500,-51.166634208011644,False,True,4.54802665618559
2222500.0,-1187500.0,1500,-40.2913290677441,False,True,5.403470931286517
2227500.0,-1187500.0,1500,-33.09106207989038,True,True,5.230853471339493
2232500.0,-1187500.0,1500,-31.152191472602077,True,True,5.15742788790338
2237500.0,-1187500.0,1500,-35.19888004511564,True,True,5.512443832609885
2242500.0,-1187500.0,1500,-39.877335471451396,False,True,5.703836426532938
2247500.0,-1187500.0,1500,-43.05036304418566,False,True,5.399263825605152
2252500.0,-1187500.0,1500,-46.32548115693986,False,True,4.849297953079078
2257500.0,-1187500.0,1500,-41.92764427945199,False,True,4.153695621764676
2262500.0,-1187500.0,1500,-35.93698991501432,False,False,3.723983859083474
2267500.0,-1187500.0,1500,-36.86470297086427,False,False,3.7773694103635225
2272500.0,-1187500.0,1500,-36.992785703096985,False,False,3.778438700873754
2277500.0,-1187500.0,1500,-34.29376012655371,False,False,3.7780827283052525
2282500.0,-1187500.0,1500,-30.63540342139059,False,False,3.700985765394486
2287500.0,-1187500.0,1500,-25.829853407869717,False,False,3.476497346085502
2292500.0,-1187500.0,1500,-23.254130128573816,False,False,3.5557795437534567
2297500.0,-1187500.0,1500,-26.422942559677736,False,False,3.5159249817428537
2302500.0,-1187500.0,1500,-27.780049131774355,False,False,3.490242885917934
2307500.0,-1187500.0,1500,-28.108490943955914,False,False,3.649022423353018
2312500.0,-1187500.0,1500,-30.232961688505963,False,False,3.853262357752146
2317500.0,-1187500.0,1500,-26.16633365704343,False,False,3.978213231633187
2322500.0,-1187500.0,1500,-19.58589184594366,False,False,3.793533775256317
2327500.0,-1187500.0,1500,-16.319991093920972,False,False,3.4786336054267397
2332500.0,-1187500.0,1500,-22.154875912098575,False,False,3.2139138993152714
2337500.0,-1187500.0,1500,-32.29916666334801,False,False,3.4688261641556046
2342500.0,-1187500.0,1500,-37.07095537458592,False,False,3.752130674837322
2347500.0,-1187500.0,1500,-41.06024232651207,False,False,3.8515088083138673
2352500.0,-1187500.0,1500,-44.58388219026037,False,False,3.8822025017930404
2357500.0,-1187500.0,1500,-40.570471422327294,False,False,3.874198418432327
2362500.0,-1187500.0,1500,-36.162498345219426,False,False,3.7171528970565575
2367500.0,-1187500.0,1500,-37.40255019895546,False,False,3.68385140393249
2372500.0,-1187500.0,1500,-38.378240165179314,False,False,4.037686525677119
2377500.0,-1187500.0,1500,-34.42636051903762,False,False,4.3539616634697875
2072500.0,-1182500.0,1500,16.96102326917796,False,False,11.853594500578808
2077500.0,-1182500.0,1500,15.154189588225792,False,False,11.950639457621701
2082500.0,-1182500.0,1500,13.921117784957284,False,False,12.013354686969194
2087500.0,-1182500.0,1500,17.144579764295102,False,False,12.046585056142849
2092500.0,-1182500.0,1500,21.658519120853494,False,False,12.069489332603116
2097500.0,-1182500.0,1500,21.81506302097275,False,False,12.11669038136011
2102500.0,-1182500.0,1500,18.290461521050343,False,False,12.17799865843557
2107500.0,-1182500.0,1500,12.373398982561676,False,False,12.214026792053597
2112500.0,-1182500.0,1500,5.684940069923832,False,False,12.16225086978282
2117500.0,-1182500.0,1500,-2.5524293284629316,False,False,11.996004933771639
2122500.0,-1182500.0,1500,-7.865600030563331,False,False,11.621538410886926
2127500.0,-1182500.0,1500,-4.647962559513127,False,False,10.744163273128972
2132500.0,-1182500.0,1500,-0.23623410387253513,False,False,8.976583739846618
2137500.0,-1182500.0,1500,-0.25837537448062914,False,False,5.9712755564715945
2142500.0,-1182500.0,1500,-6.23201095085876,False,False,3.7232463558633757
2147500.0,-1182500.0,1500,-1.7636638201284311,False,False,3.107366716943881
2152500.0,-1182500.0,1500,0.0103507104407225,False,False,3.0923685934861034
2157500.0,-1182500.0,1500,-11.691085277922586,False,False,3.880210870439864
2162500.0,-1182500.0,1500,-15.671650517044101,False,False,4.170413370565019
2167500.0,-1182500.0,1500,-39.74278669234374,False,False,3.709815586980957
2172500.0,-1182500.0,1500,-75.70606063061153,False,False,4.683748666186632
2177500.0,-1182500.0,1500,-88.17125635436764,False,False,6.29972591790516
2182500.0,-1182500.0,1500,-83.88312498578362,False,False,5.191834244010854
2187500.0,-1182500.0,1500,-79.27883655884177,False,False,3.563640490393605
2192500.0,-1182500.0,1500,-76.53207930155884,False,False,4.397465159801837
2197500.0,-1182500.0,1500,-68.49071248021852,False,False,4.988050099820982
2202500.0,-1182500.0,1500,-58.24957804827336,False,False,4.535996760777769
2207500.0,-1182500.0,1500,-51.808108440488745,False,True,4.479982218580062
2212500.0,-1182500.0,1500,-51.81921176396312,False,True,4.286052376059822
2217500.0,-1182500.0,1500,-51.11499944487829,False,True,4.217522916579319
2222500.0,-1182500.0,1500,-45.23641373846403,False,True,4.835780475244531
2227500.0,-1182500.0,1500,-40.06259449113539,False,True,5.004381061161145
2232500.0,-1182500.0,1500,-38.517132880007146,True,True,4.797755456687252
2237500.0,-1182500.0,1500,-40.62967861673514,True,True,5.009992026807563
2242500.0,-1182500.0,1500,-41.404299575433576,False,True,5.230253224300984
2247500.0,-1182500.0,1500,-40.15747999690692,False,True,5.619288302344643
2252500.0,-1182500.0,1500,-38.81481150812535,False,True,5.7231908807645
2257500.0,-1182500.0,1500,-35.552971965829364,False,True,4.986201472108652
2262500.0,-1182500.0,1500,-32.811589579609304,False,False,3.981491224441345
2267500.0,-1182500.0,1500,-32.27086474799721,False,False,3.7333893454555445
2272500.0,-1182500.0,1500,-33.59784857664936,False,False,3.667546831028086
2277500.0,-1182500.0,1500,-35.04506927504594,False,False,3.522380010836337
2282500.0,-1182500.0,1500,-36.93754083366142,False,False,3.5229581885312466
2287500.0,-1182500.0,1500,-34.737351190807374,False,False,3.474549758441172
2292500.0,-1182500.0,1500,-29.675063201004757,False,False,3.5912818400819524
2297500.0,-1182500.0,1500,-26.459740602963148,False,False,3.53880767546879
2302500.0,-1182500.0,1500,-24.116014196139968,False,False,3.4598036736168645
2307500.0,-1182500.0,1500,-25.91003458617486,False,False,3.681046391813867
2312500.0,-1182500.0,1500,-28.76742905596011,False,False,3.7802398081976762
2317500.0,-1182500.0,1500,-24.537856803467296,False,False,3.783821564504697
2322500.0,-1182500.0,1500,-19.01272428183758,False,False,3.7090279931561074
2327500.0,-1182500.0,1500,-18.9929891962929,False,False,3.369421873982593
2332500.0,-1182500.0,1500,-23.9248861459628,False,False,3.1953322077686437
2337500.0,-1182500.0,1500,-28.718297338025206,False,False,3.5519989493592448
2342500.0,-1182500.0,1500,-32.091187710506674,False,False,3.70822629265793
2347500.0,-1182500.0,1500,-43.13737459084117,False,False,3.821734203636635
2352500.0,-1182500.0,1500,-53.74456754697739,False,False,3.8779341838130446
2357500.0,-1182500.0,1500,-49.699300553521134,False,False,3.8942730138027333
2362500.0,-1182500.0,1500,-41.28185235696531,False,False,3.762091507083066
2367500.0,-1182500.0,1500,-38.462173047057114,False,False,3.655393356450685
2372500.0,-1182500.0,1500,-37.64074045870622,False,False,4.083676375714113
2377500.0,-1182500.0,1500,-33.589039790160115,False,False,4.979932912056283
2072500.0,-1177500.0,1500,14.303247734875606,False,False,11.8076408803942
2077500.0,-1177500.0,1500,14.321195398474698,False,False,11.917520178145338
2082500.0,-1177500.0,1500,14.081043571726985,False,False,11.978446430724533
2087500.0,-1177500.0,1500,15.850768649324978,False,False,12.01192307175661
2092500.0,-1177500.0,1500,17.750317815507824,False,False,12.04652723076356
2097500.0,-1177500.0,1500,15.915085971213289,False,False,12.107576994469103
2102500.0,-1177500.0,1500,12.18354337810603,False,False,12.170700426509171
2107500.0,-1177500.0,1500,7.05893174248053,False,False,12.208529308716905
2112500.0,-1177500.0,1500,-0.8872283549612078,False,False,12.190359023184305
2117500.0,-1177500.0,1500,-10.33855948408436,False,False,12.068714154901647
2122500.0,-1177500.0,1500,-13.974572725970784,False,False,11.761301531228689
2127500.0,-1177500.0,1500,-8.117169458388647,False,False,11.121738819117287
2132500.0,-1177500.0,1500,-1.7759427723319592,False,False,9.891965287280826
2137500.0,-1177500.0,1500,0.31651752703895514,False,False,7.797637996408189
2142500.0,-1177500.0,1500,1.396530276173244,False,False,5.200416236848914
2147500.0,-1177500.0,1500,2.7243768788613503,False,False,3.496539952011055
2152500.0,-1177500.0,1500,-3.847053955860029,False,False,3.424559963987714
2157500.0,-1177500.0,1500,-12.95950619590507,False,False,3.9115843724717685
2162500.0,-1177500.0,1500,-13.092477806589217,False,False,4.172856284880744
2167500.0,-1177500.0,1500,-33.45004311825472,False,False,3.906264548685837
2172500.0,-1177500.0,1500,-70.05536726511689,False,False,4.443297884205979
2177500.0,-1177500.0,1500,-83.73446955871412,False,False,5.89416410077761
2182500.0,-1177500.0,1500,-81.09894621668403,False,False,5.218254030857832
2187500.0,-1177500.0,1500,-78.05647408988824,False,False,3.6945035601227643
2192500.0,-1177500.0,1500,-72.70660363526619,False,False,4.034640759187356
2197500.0,-1177500.0,1500,-61.41321518545272,False,False,4.537631780561524
2202500.0,-1177500.0,1500,-46.58897145078631,False,False,4.100335307391838
2207500.0,-1177500.0,1500,-38.078424093130636,False,False,3.5985992687420794
2212500.0,-1177500.0,1500,-38.80965345448529,False,True,3.8693776348381324
2217500.0,-1177500.0,1500,-40.64249268902437,False,True,4.032903733558902
2222500.0,-1177500.0,1500,-42.1694968397334,False,True,4.007521199477999
2227500.0,-1177500.0,1500,-43.61261914966629,False,True,4.142673584881653
2232500.0,-1177500.0,1500,-43.412301754112654,True,True,4.391955414817341
2237500.0,-1177500.0,1500,-40.39592344527687,True,True,5.371529135129866
2242500.0,-1177500.0,1500,-35.67515511191908,False,True,5.5976008967643285
2247500.0,-1177500.0,1500,-31.857180715073735,False,True,5.242293655592903
2252500.0,-1177500.0,1500,-29.861110225709382,False,True,5.304416186726156
2257500.0,-1177500.0,1500,-32.1108215054784,False,True,5.4058969534912595
2262500.0,-1177500.0,1500,-33.08673623003508,False,True,4.398665258976478
2267500.0,-1177500.0,1500,-30.435931989162672,False,True,3.4081358059831484
2272500.0,-1177500.0,1500,-30.726762024134057,False,True,3.565889704209643
2277500.0,-1177500.0,1500,-34.046836528287976,False,False,3.8292683634815337
2282500.0,-1177500.0,1500,-37.696638289647574,False,False,3.577888757716687
2287500.0,-1177500.0,1500,-35.270911843145115,False,False,3.5252485391323054
2292500.0,-1177500.0,1500,-29.03469834375844,False,False,3.646443570158671
2297500.0,-1177500.0,1500,-25.96235751815586,False,False,3.505844317387821
2302500.0,-1177500.0,1500,-25.977526523556996,False,False,3.4972348729735843
2307500.0,-1177500.0,1500,-28.405858508586086,False,False,3.714206220059208
2312500.0,-1177500.0,1500,-26.880295963286468,False,False,3.8035689007234064
2317500.0,-1177500.0,1500,-23.024607020403327,False,False,3.545245570183778
2322500.0,-1177500.0,1500,-19.754353317411944,False,False,3.512660787505915
2327500.0,-1177500.0,1500,-19.011607596395503,False,False,3.330522795716766
2332500.0,-1177500.0,1500,-24.138154918432733,False,False,3.198711621675935
2337500.0,-1177500.0,1500,-24.557420253323993,False,False,3.6782695810398334
2342500.0,-1177500.0,1500,-24.44814912212246,False,False,3.8313278911981
2347500.0,-1177500.0,1500,-41.02702239996769,False,False,3.795237537963572
2352500.0,-1177500.0,1500,-58.71905018271084,False,False,3.759726508059792
2357500.0,-1177500.0,1500,-57.45656738055349,False,False,3.6260334019061826
2362500.0,-1177500.0,1500,-46.25397273147545,False,False,3.5981481093717536
2367500.0,-1177500.0,1500,-36.80353630586278,False,False,3.8182139147691476
2372500.0,-1177500.0,1500,-32.272598461053576,False,False,3.935550399733214
2377500.0,-1177500.0,1500,-29.982312564951737,False,False,4.317135433837054
2072500.0,-1172500.0,1500,11.76075219938212,False,False,11.754626949700173
2077500.0,-1172500.0,1500,12.508328458465217,False,False,11.87745972626454
2082500.0,-1172500.0,1500,13.45461549887997,False,False,11.93288255512711
2087500.0,-1172500.0,1500,14.525978776039432,False,False,11.969222073778932
2092500.0,-1172500.0,1500,13.968605172956341,False,False,12.01973367021261
2097500.0,-1172500.0,1500,11.135934762471825,False,False,12.080979376435153
2102500.0,-1172500.0,1500,7.550678136455039,False,False,12.13404310635437
2107500.0,-1172500.0,1500,2.6803881050421343,False,False,12.175010562129167
2112500.0,-1172500.0,1500,-4.439225838470937,False,False,12.192858509610002
2117500.0,-1172500.0,1500,-10.900290676388735,False,False,12.123839524571835
2122500.0,-1172500.0,1500,-11.156912983110992,False,False,11.913246975210622
2127500.0,-1172500.0,1500,-5.156856074257465,False,False,11.509197567167355
2132500.0,-1172500.0,1500,0.05238700661097773,False,False,10.732108811380511
2137500.0,-1172500.0,1500,3.0170490981101086,False,False,9.26081956272839
2142500.0,-1172500.0,1500,4.991330503165795,False,False,6.679522628095348
2147500.0,-1172500.0,1500,1.8337251908861112,False,False,4.028303091045361
2152500.0,-1172500.0,1500,-7.8326377861940735,False,False,3.495622231381333
2157500.0,-1172500.0,1500,-14.963499417100872,False,False,3.8771372260772456
2162500.0,-1172500.0,1500,-18.060357152680282,False,False,3.7666990498295965
2167500.0,-1172500.0,1500,-36.81246921850564,False,False,3.5843174171264907
2172500.0,-1172500.0,1500,-65.72729419563262,False,False,3.7458224113509404
2177500.0,-1172500.0,1500,-75.88860116239974,False,False,4.355256396108185
2182500.0,-1172500.0,1500,-72.5942038550274,False,False,4.249675385630617
2187500.0,-1172500.0,1500,-68.58176757546968,False,False,3.7213927580889723
2192500.0,-1172500.0,1500,-62.70660232126598,False,False,4.067646634134283
2197500.0,-1172500.0,1500,-52.48119407027679,False,False,4.668076786607504
2202500.0,-1172500.0,1500,-38.747040445160096,False,False,4.839501841935791
2207500.0,-1172500.0,1500,-31.61422033800502,False,True,4.20248527710203
2212500.0,-1172500.0,1500,-31.29819189382347,False,True,4.104378728900927
2217500.0,-1172500.0,1500,-31.334747670085378,False,True,4.680539452428731
2222500.0,-1172500.0,1500,-35.68044594246157,False,True,4.574461607206541
2227500.0,-1172500.0,1500,-42.0163102042663,True,True,4.376246283690996
2232500.0,-1172500.0,1500,-44.062004345235984,True,True,3.8412012563927678
2237500.0,-1172500.0,1500,-39.04317661617906,True,True,4.268485275066989
2242500.0,-1172500.0,1500,-31.061095494546915,True,True,5.472159529744499
2247500.0,-1172500.0,1500,-26.692988649065402,False,True,5.847393392776614
2252500.0,-1172500.0,1500,-28.272496265039173,False,True,5.2501154373168735
2257500.0,-1172500.0,1500,-36.37954441190791,False,True,4.669247792306855
2262500.0,-1172500.0,1500,-38.35032199557901,False,True,3.9798333364702376
2267500.0,-1172500.0,1500,-35.94384282497673,False,True,3.1775033212720425
2272500.0,-1172500.0,1500,-34.88256094553178,False,True,3.5415581485440097
2277500.0,-1172500.0,1500,-33.12907140912618,False,True,4.112174471900855
2282500.0,-1172500.0,1500,-31.687866482760516,False,True,3.8110334574455633
2287500.0,-1172500.0,1500,-28.456552008928263,False,False,3.623625403186325
2292500.0,-1172500.0,1500,-26.84044807251907,False,False,3.7844877247296185
2297500.0,-1172500.0,1500,-26.48225868395485,False,False,3.635076199174506
2302500.0,-1172500.0,1500,-27.931104972390294,False,False,3.4455577193728324
2307500.0,-1172500.0,1500,-28.10809153440925,False,False,3.536062649910326
2312500.0,-1172500.0,1500,-19.78029352562227,False,False,3.7256035741148934
2317500.0,-1172500.0,1500,-15.05872771840851,False,False,3.5029003963196703
2322500.0,-1172500.0,1500,-15.729553423239482,False,False,3.4367070114720537
2327500.0,-1172500.0,1500,-17.2328999835138,False,False,3.6116650798832777
2332500.0,-1172500.0,1500,-22.31796838146419,False,False,3.5913223315991596
2337500.0,-1172500.0,1500,-21.862873828181883,False,False,3.819452781054104
2342500.0,-1172500.0,1500,-21.530088802412337,False,False,4.024467772991226
2347500.0,-1172500.0,1500,-37.46032854383599,False,False,3.929120085288088
2352500.0,-1172500.0,1500,-55.64660518361378,False,False,3.7100478307149696
2357500.0,-1172500.0,1500,-57.71939032994089,False,False,3.4779343497604893
2362500.0,-1172500.0,1500,-48.61484513211703,False,False,3.5397890913042627
2367500.0,-1172500.0,1500,-36.839082539659145,False,False,3.9777411741338513
2372500.0,-1172500.0,1500,-31.1154280336392,False,False,4.054487495617545
2377500.0,-1172500.0,1500,-32.548621804905146,False,False,3.8125756782582787
2072500.0,-1167500.0,1500,9.917639891507633,False,False,11.682813058372204
2077500.0,-1167500.0,1500,10.793298263503138,False,False,11.822659146281532
2082500.0,-1167500.0,1500,12.620130360939502,False,False,11.88246759410131
2087500.0,-1167500.0,1500,13.066388321141796,False,False,11.921000676626528
2092500.0,-1167500.0,1500,11.235366657532643,False,False,11.973157479738163
2097500.0,-1167500.0,1500,8.490018911703757,False,False,12.028274741698427
2102500.0,-1167500.0,1500,5.753036494808779,False,False,12.064398309103364
2107500.0,-1167500.0,1500,2.0461520653538026,False,False,12.104004273688208
2112500.0,-1167500.0,1500,-3.7643836190187234,False,False,12.15619217167209
2117500.0,-1167500.0,1500,-7.554297180949659,False,False,12.136020927622596
2122500.0,-1167500.0,1500,-6.086283555244047,False,False,12.01499765177025
2127500.0,-1167500.0,1500,-1.682952481182383,False,False,11.787212801677196
2132500.0,-1167500.0,1500,0.5398604819615214,False,False,11.31957973498823
2137500.0,-1167500.0,1500,2.2535438607219906,False,False,10.266455866947148
2142500.0,-1167500.0,1500,3.8210810043947983,False,False,8.254694293249013
2147500.0,-1167500.0,1500,-0.42263682189979396,False,False,5.557408977013067
2152500.0,-1167500.0,1500,-9.588529579987219,False,False,3.856571714071156
2157500.0,-1167500.0,1500,-17.084508506582495,False,False,3.76633486908987
2162500.0,-1167500.0,1500,-26.294027120365122,False,False,3.946926768900254
2167500.0,-1167500.0,1500,-46.74326777677821,False,False,3.7564407320889197
2172500.0,-1167500.0,1500,-65.76597355326739,False,False,3.3493781217326704
2177500.0,-1167500.0,1500,-66.4094536227307,False,False,3.654017789743115
2182500.0,-1167500.0,1500,-58.38890034142061,False,False,4.365057197635644
2187500.0,-1167500.0,1500,-54.52953211620463,False,False,4.0721170471703045
2192500.0,-1167500.0,1500,-51.37169142315885,False,False,4.975834838169037
2197500.0,-1167500.0,1500,-44.10684311010684,False,False,6.9957745928084325
2202500.0,-1167500.0,1500,-34.06133294091813,False,False,7.5104840300413835
2207500.0,-1167500.0,1500,-27.471587919264547,False,True,6.114828849694062
2212500.0,-1167500.0,1500,-25.012426145288327,False,True,4.6538442326416805
2217500.0,-1167500.0,1500,-24.589284902320777,False,True,4.532123429409544
2222500.0,-1167500.0,1500,-25.390196009453042,False,True,4.314303843362085
2227500.0,-1167500.0,1500,-29.60727851668635,True,True,3.858646788336463
2232500.0,-1167500.0,1500,-38.00911465320855,False,True,3.5797303136443883
2237500.0,-1167500.0,1500,-41.76608992324629,True,True,3.419741426274364
2242500.0,-1167500.0,1500,-34.562138877183024,False,True,3.883829175774386
2247500.0,-1167500.0,1500,-24.486114653854624,False,True,4.828825128667995
2252500.0,-1167500.0,1500,-27.866274428245372,False,True,5.246564200424123
2257500.0,-1167500.0,1500,-40.39235337926617,False,True,4.407742095771982
2262500.0,-1167500.0,1500,-42.1268676399397,False,True,3.712075038831087
2267500.0,-1167500.0,1500,-38.50954206611889,False,True,3.5330030465952564
2272500.0,-1167500.0,1500,-34.427646596800244,False,True,3.313023609950549
2277500.0,-1167500.0,1500,-27.96640561543037,False,True,3.5421678838306216
2282500.0,-1167500.0,1500,-26.230532271918275,False,True,3.7938973110301495
2287500.0,-1167500.0,1500,-25.87700063781067,False,True,3.8550287333512134
2292500.0,-1167500.0,1500,-25.729157761606114,False,False,3.822826972803481
2297500.0,-1167500.0,1500,-25.96839398796753,False,False,3.6068633004366895
2302500.0,-1167500.0,1500,-26.00593344909597,False,False,3.3609350397041577
2307500.0,-1167500.0,1500,-22.573313608120063,False,False,3.466874728830926
2312500.0,-1167500.0,1500,-13.5830064055302,False,False,3.6254880247360397
2317500.0,-1167500.0,1500,-8.7263854049976,False,False,3.428095410996957
2322500.0,-1167500.0,1500,-10.176990367116414,False,False,3.198271275156174
2327500.0,-1167500.0,1500,-14.4694672488289,False,False,3.463498798021068
2332500.0,-1167500.0,1500,-20.220378426344794,False,False,3.820449676615488
2337500.0,-1167500.0,1500,-23.20375949971417,False,False,3.8675405594199765
2342500.0,-1167500.0,1500,-23.506076042510482,False,False,4.067423844777709
2347500.0,-1167500.0,1500,-31.09421627834781,False,False,4.020983142545607
2352500.0,-1167500.0,1500,-45.16529367385509,False,False,3.5710729963754138
2357500.0,-1167500.0,1500,-51.444489709719555,False,False,3.478720625196793
2362500.0,-1167500.0,1500,-47.79440071021134,False,False,3.7043318342998712
2367500.0,-1167500.0,1500,-41.60595920616209,False,False,3.8562326902418333
2372500.0,-1167500.0,1500,-37.85706436146029,False,False,3.9021341436616273
2377500.0,-1167500.0,1500,-40.141418552068686,False,False,3.958928032067023
2072500.0,-1162500.0,1500,8.949026698333691,False,False,11.581232498113136
2077500.0,-1162500.0,1500,9.04605666545027,False,False,11.75660634223836
2082500.0,-1162500.0,1500,10.760230678653388,False,False,11.83575822381033
2087500.0,-1162500.0,1500,11.046847928370658,False,False,11.875638598849328
2092500.0,-1162500.0,1500,9.646174642968061,False,False,11.911101074625467
2097500.0,-1162500.0,1500,7.652928899740969,False,False,11.95444940466211
2102500.0,-1162500.0,1500,5.233721282631274,False,False,11.99001574199942
2107500.0,-1162500.0,1500,2.076739444387619,False,False,12.033093565193154
2112500.0,-1162500.0,1500,-2.471030915155855,False,False,12.10047071770057
2117500.0,-1162500.0,1500,-4.787918335865573,False,False,12.117648959630587
2122500.0,-1162500.0,1500,-3.4613502560463956,False,False,12.061295293906522
2127500.0,-1162500.0,1500,-0.7482108062137602,False,False,11.93739767936318
2132500.0,-1162500.0,1500,-0.5266723365666127,False,False,11.673960105494384
2137500.0,-1162500.0,1500,-0.3440967975591655,False,False,11.03197819094101
2142500.0,-1162500.0,1500,-0.0757000388545852,False,False,9.808280517696549
2147500.0,-1162500.0,1500,-5.201322012143242,False,False,7.94354729259795
2152500.0,-1162500.0,1500,-15.415784348449357,False,False,5.712864143177352
2157500.0,-1162500.0,1500,-24.894576332399375,False,False,4.103081935324992
2162500.0,-1162500.0,1500,-34.85924125517849,False,False,4.402823763984433
2167500.0,-1162500.0,1500,-52.205838463979475,False,False,4.997581292123908
2172500.0,-1162500.0,1500,-63.25497473281947,False,False,3.9428995361423094
2177500.0,-1162500.0,1500,-55.816119414818914,False,False,3.678197500951182
2182500.0,-1162500.0,1500,-47.42965202433498,False,False,4.830511450092852
2187500.0,-1162500.0,1500,-47.90030267927998,False,False,4.310702573191167
2192500.0,-1162500.0,1500,-46.72641604186447,False,False,5.211652621053402
2197500.0,-1162500.0,1500,-39.87311617459516,False,False,8.15265725744601
2202500.0,-1162500.0,1500,-30.185424054808397,False,False,9.059417146975886
2207500.0,-1162500.0,1500,-21.839147135463847,False,False,7.915078727441716
2212500.0,-1162500.0,1500,-18.31338960481013,False,True,5.296563681397734
2217500.0,-1162500.0,1500,-21.418472444125456,False,True,3.5278294172893188
2222500.0,-1162500.0,1500,-18.670486211663874,False,True,3.8887972610004624
2227500.0,-1162500.0,1500,-16.10297117909221,False,True,4.6563436342374045
2232500.0,-1162500.0,1500,-25.437950661465567,False,True,4.496563198101507
2237500.0,-1162500.0,1500,-38.05602357914351,True,True,3.7270743142877945
2242500.0,-1162500.0,1500,-39.91403728767391,True,True,3.5414991647942733
2247500.0,-1162500.0,1500,-28.48010319111056,False,True,3.6035894763396814
2252500.0,-1162500.0,1500,-28.585814887241625,True,True,3.9302701208687343
2257500.0,-1162500.0,1500,-38.570757441568745,False,True,3.9621863499537087
2262500.0,-1162500.0,1500,-39.101416981841254,False,True,3.8501853948477134
2267500.0,-1162500.0,1500,-33.77835069198189,False,True,3.9952786219020027
2272500.0,-1162500.0,1500,-28.163716910610063,False,True,3.6047097417073006
2277500.0,-1162500.0,1500,-23.576415389248368,False,True,3.3034215119514587
2282500.0,-1162500.0,1500,-24.00165848752649,False,True,3.326245277935685
2287500.0,-1162500.0,1500,-25.81475189854011,False,True,3.532079397272324
2292500.0,-1162500.0,1500,-24.68158730496889,False,True,3.564541643078638
2297500.0,-1162500.0,1500,-22.29310248762443,False,True,3.5480305046514222
2302500.0,-1162500.0,1500,-21.447123799963954,False,True,3.334080998140162
2307500.0,-1162500.0,1500,-18.263728832217872,False,True,3.2295668319960655
2312500.0,-1162500.0,1500,-12.9882789523896,False,False,3.5200035016710753
2317500.0,-1162500.0,1500,-9.294710608088364,False,False,3.4287395662015467
2322500.0,-1162500.0,1500,-9.27068219734601,False,False,3.0638816301324683
2327500.0,-1162500.0,1500,-15.157547424246646,False,False,3.193920850175502
2332500.0,-1162500.0,1500,-22.43802565632707,False,False,3.7530771868775643
2337500.0,-1162500.0,1500,-27.742548965882477,False,False,3.9250608518988312
2342500.0,-1162500.0,1500,-26.604765767201112,False,False,4.063311354862683
2347500.0,-1162500.0,1500,-27.034728888611752,False,False,3.953528778708455
2352500.0,-1162500.0,1500,-36.418178446558045,False,False,3.5878651812502627
2357500.0,-1162500.0,1500,-42.385821149910846,False,False,3.563735529533208
2362500.0,-1162500.0,1500,-42.43805097776925,False,False,3.758354497573025
2367500.0,-1162500.0,1500,-46.199499754351166,False,False,3.7531026518847623
2372500.0,-1162500.0,1500,-48.00457453091854,False,False,3.753518327953462
2377500.0,-1162500.0,1500,-47.52883753094191,False,False,3.984029066933507
2077500.0,-1157500.0,1500,8.563288740895748,False,False,11.662772201373894
2082500.0,-1157500.0,1500,10.185067516590008,False,False,11.770433057121048
2087500.0,-1157500.0,1500,9.029998260839838,False,False,11.834005111774257
2092500.0,-1157500.0,1500,7.654490044957032,False,False,11.86090588829282
2097500.0,-1157500.0,1500,6.45285308519039,False,False,11.888910949075132
2102500.0,-1157500.0,1500,4.823097360793789,False,False,11.917406073333602
2107500.0,-1157500.0,1500,2.7036060980681347,False,False,11.956597890081628
2112500.0,-1157500.0,1500,-0.03311698896622044,False,False,12.022154928343536
2117500.0,-1157500.0,1500,-2.498737332100729,False,False,12.07138333419913
2122500.0,-1157500.0,1500,-2.7639051355848254,False,False,12.072345200958548
2127500.0,-1157500.0,1500,-1.560308232085606,False,False,12.020366315976975
2132500.0,-1157500.0,1500,-2.697033419885209,False,False,11.876420519254086
2137500.0,-1157500.0,1500,-5.217999923756728,False,False,11.5391644179363
2142500.0,-1157500.0,1500,-6.832541816525183,False,False,10.869742522612142
2147500.0,-1157500.0,1500,-11.199407392861424,False,False,9.714056977955302
2152500.0,-1157500.0,1500,-21.532483999441492,False,False,7.854487565025591
2157500.0,-1157500.0,1500,-30.599453485207608,False,False,5.39120550124834
2162500.0,-1157500.0,1500,-40.33204400208326,False,False,4.533843938267598
2167500.0,-1157500.0,1500,-52.953474578050894,False,False,5.3835555007381215
2172500.0,-1157500.0,1500,-54.77417446754548,False,False,4.522412813852978
2177500.0,-1157500.0,1500,-46.98254018594815,False,False,3.4901045818504945
2182500.0,-1157500.0,1500,-46.45698051545519,False,False,4.127508033298559
2187500.0,-1157500.0,1500,-50.28827786704836,False,False,3.849324913993784
2192500.0,-1157500.0,1500,-48.42275312542697,False,False,4.915081308408707
2197500.0,-1157500.0,1500,-40.60319232495559,False,False,7.981094397714685
2202500.0,-1157500.0,1500,-30.402914841678044,False,False,9.523694600852751
2207500.0,-1157500.0,1500,-21.659011394719794,False,False,9.034017316491198
2212500.0,-1157500.0,1500,-17.062250261772988,False,True,6.739299082935035
2217500.0,-1157500.0,1500,-19.663078838451703,False,True,4.202380857114724
2222500.0,-1157500.0,1500,-17.88356794294703,False,True,3.7482310670294754
2227500.0,-1157500.0,1500,-14.72168017615174,False,True,4.6506696971256725
2232500.0,-1157500.0,1500,-21.907344841404125,False,True,5.247632533639702
2237500.0,-1157500.0,1500,-34.58908837406036,False,True,5.253690914082455
2242500.0,-1157500.0,1500,-42.57676166170502,True,True,4.575986327671805
2247500.0,-1157500.0,1500,-38.7056082922467,False,True,3.832692414457744
2252500.0,-1157500.0,1500,-36.02985051892267,True,True,3.592711854421496
2257500.0,-1157500.0,1500,-36.60842234107414,True,True,3.5526830130612987
2262500.0,-1157500.0,1500,-32.30664714626844,True,True,3.834529683450494
2267500.0,-1157500.0,1500,-26.685476162618514,True,True,4.013639470689499
2272500.0,-1157500.0,1500,-20.96146706826203,True,True,3.8732708971395704
2277500.0,-1157500.0,1500,-18.478950211898994,False,True,3.622963502808882
2282500.0,-1157500.0,1500,-20.91426533947261,False,True,3.3797019701379334
2287500.0,-1157500.0,1500,-22.901213959656836,False,True,3.323513262867178
2292500.0,-1157500.0,1500,-21.901530600316434,False,True,3.2779732819831127
2297500.0,-1157500.0,1500,-19.126927295335413,False,True,3.385017771165921
2302500.0,-1157500.0,1500,-18.504320258853134,False,True,3.2403826446917834
2307500.0,-1157500.0,1500,-17.144826059902314,False,True,3.1625215690894692
2312500.0,-1157500.0,1500,-13.758082043397067,False,True,3.573882586849331
2317500.0,-1157500.0,1500,-11.321396177006738,False,True,3.654927224806724
2322500.0,-1157500.0,1500,-10.909979463382987,False,False,3.4552379018538226
2327500.0,-1157500.0,1500,-15.512631029932018,False,False,3.4912056278046717
2332500.0,-1157500.0,1500,-22.0652423913374,False,False,3.704748812461011
2337500.0,-1157500.0,1500,-28.95750694819961,False,False,3.8204816737403156
2342500.0,-1157500.0,1500,-28.70446620983529,False,False,3.885268520267185
2347500.0,-1157500.0,1500,-25.80985884523981,False,False,3.7039723448555835
2352500.0,-1157500.0,1500,-31.499832951898476,False,False,3.7352499609704055
2357500.0,-1157500.0,1500,-34.29453048457024,False,False,3.866998106189875
2362500.0,-1157500.0,1500,-32.628416417646164,False,False,3.81082678527515
2367500.0,-1157500.0,1500,-36.952744881348195,False,False,3.7137725610094843
2372500.0,-1157500.0,1500,-43.600200612412046,False,False,3.8443216741590787
2377500.0,-1157500.0,1500,-45.789588073325454,False,False,4.025103417742972
2072500.0,-1152500.0,1500,5.885204524517712,False,False,11.335782007597945
2077500.0,-1152500.0,1500,7.6093537080903575,False,False,11.586868372150807
2082500.0,-1152500.0,1500,9.719944197574232,False,False,11.720753199329438
2087500.0,-1152500.0,1500,7.696816022582618,False,False,11.798095061279533
2092500.0,-1152500.0,1500,5.777239625160556,False,False,11.821064560924206
2097500.0,-1152500.0,1500,4.4781970370332855,False,False,11.841118973608769
2102500.0,-1152500.0,1500,3.697518457971654,False,False,11.861943450162018
2107500.0,-1152500.0,1500,3.0573226738012975,False,False,11.88690489087107
2112500.0,-1152500.0,1500,1.988528210106938,False,False,11.941531674802171
2117500.0,-1152500.0,1500,-0.6603349077457968,False,False,12.015345886236332
2122500.0,-1152500.0,1500,-2.867369710872173,False,False,12.069206641319916
2127500.0,-1152500.0,1500,-3.703981693303432,False,False,12.074770832858464
2132500.0,-1152500.0,1500,-6.198890686593536,False,False,12.011589927425016
2137500.0,-1152500.0,1500,-11.015266157510725,False,False,11.843337580235351
2142500.0,-1152500.0,1500,-13.557802635409935,False,False,11.469406862344046
2147500.0,-1152500.0,1500,-15.904177552711992,False,False,10.730513825792363
2152500.0,-1152500.0,1500,-26.455717753661002,False,False,9.364471688672662
2157500.0,-1152500.0,1500,-37.755700573089236,False,False,7.061092779668012
2162500.0,-1152500.0,1500,-47.31687630437512,False,False,4.837070013704405
2167500.0,-1152500.0,1500,-52.6841357836774,False,False,4.719845309592227
2172500.0,-1152500.0,1500,-46.5079855951596,False,False,4.53017359612451
2177500.0,-1152500.0,1500,-39.67085138984678,False,False,3.8984078435610416
2182500.0,-1152500.0,1500,-42.846719047353375,False,False,3.8531159249832214
2187500.0,-1152500.0,1500,-50.430655016967464,False,False,3.3106095665476003
2192500.0,-1152500.0,1500,-50.988020080715344,False,False,4.393476972405
2197500.0,-1152500.0,1500,-42.87516493999586,False,False,7.193471912523501
2202500.0,-1152500.0,1500,-32.46507564792169,False,False,9.224916857069514
2207500.0,-1152500.0,1500,-24.304318618747356,False,False,9.513586643106118
2212500.0,-1152500.0,1500,-18.753629940231285,False,False,8.190372709820666
2217500.0,-1152500.0,1500,-15.225135449086201,False,True,5.608058137235455
2222500.0,-1152500.0,1500,-14.886454338718936,False,True,4.025105698620907
2227500.0,-1152500.0,1500,-17.198486711718076,False,True,4.2789323994279655
2232500.0,-1152500.0,1500,-21.59798810534066,False,True,4.79681081207193
2237500.0,-1152500.0,1500,-31.664592704279,False,True,5.171201396450781
2242500.0,-1152500.0,1500,-41.417871507620134,True,True,4.939665550628176
2247500.0,-1152500.0,1500,-42.51407413477221,True,True,4.1486310525914565
2252500.0,-1152500.0,1500,-40.81347161930995,True,True,3.6274517662133774
2257500.0,-1152500.0,1500,-33.5553421126295,True,True,3.609151160061764
2262500.0,-1152500.0,1500,-24.506415023830655,True,True,3.746543474595864
2267500.0,-1152500.0,1500,-21.138922910524812,True,True,3.7280138597220662
2272500.0,-1152500.0,1500,-17.59256389735179,True,True,3.7861093175356295
2277500.0,-1152500.0,1500,-16.6423859437416,True,True,3.8730750024820333
2282500.0,-1152500.0,1500,-19.04708163862888,False,True,3.7635561564652527
2287500.0,-1152500.0,1500,-20.701227819481375,False,True,3.46193382203842
2292500.0,-1152500.0,1500,-20.31867537460494,False,True,3.272798027910592
2297500.0,-1152500.0,1500,-18.95083453505968,False,True,3.23148650042471
2302500.0,-1152500.0,1500,-19.42687503645488,False,True,3.220378580386151
2307500.0,-1152500.0,1500,-19.125472408465516,False,True,3.358123799387897
2312500.0,-1152500.0,1500,-13.767494927592399,False,True,3.750839135383227
2317500.0,-1152500.0,1500,-9.787325598016988,False,True,3.756999534002233
2322500.0,-1152500.0,1500,-9.655802450373555,False,True,3.504615637245662
2327500.0,-1152500.0,1500,-10.893305941512276,False,False,3.639802874093716
2332500.0,-1152500.0,1500,-15.997327157688757,False,False,3.6578187666224946
2337500.0,-1152500.0,1500,-23.89371050918528,False,False,3.6732057996547196
2342500.0,-1152500.0,1500,-26.79468459121582,False,False,3.666338724283956
2347500.0,-1152500.0,1500,-25.920198039937162,False,False,3.552883417860871
2352500.0,-1152500.0,1500,-29.505071942158782,False,False,3.722419977205203
2357500.0,-1152500.0,1500,-31.155621160420054,False,False,3.965976435157981
2362500.0,-1152500.0,1500,-28.57892892772638,False,False,4.026445732761953
2367500.0,-1152500.0,1500,-27.21892502514855,False,False,3.6680825912515402
2372500.0,-1152500.0,1500,-32.70600746875651,False,False,3.612210926546699
2377500.0,-1152500.0,1500,-38.67852214263948,False,False,4.343632914994108
2077500.0,-1147500.0,1500,5.734924525120188,False,False,11.547556353940976
2082500.0,-1147500.0,1500,6.975296794342428,False,False,11.707436257286183
2087500.0,-1147500.0,1500,5.84652410804978,False,False,11.773566823353143
2092500.0,-1147500.0,1500,4.4706357205605185,False,False,11.780177525042411
2097500.0,-1147500.0,1500,3.416302149896312,False,False,11.791147540454915
2102500.0,-1147500.0,1500,3.8872531036087143,False,False,11.804536177089112
2107500.0,-1147500.0,1500,3.7039129188831,False,False,11.82982283081855
2112500.0,-1147500.0,1500,2.8041644635953022,False,False,11.879057380021822
2117500.0,-1147500.0,1500,0.2521863119069305,False,False,11.965873792666448
2122500.0,-1147500.0,1500,-2.901956722414027,False,False,12.05051593699571
2127500.0,-1147500.0,1500,-4.804022657925082,False,False,12.086363872912331
2132500.0,-1147500.0,1500,-7.543789768018171,False,False,12.075423863514352
2137500.0,-1147500.0,1500,-11.601579480250722,False,False,11.991168914007194
2142500.0,-1147500.0,1500,-15.042639865203041,False,False,11.785082270696662
2147500.0,-1147500.0,1500,-18.984843557497655,False,False,11.32318417709358
2152500.0,-1147500.0,1500,-30.461804752499177,False,False,10.376202516084023
2157500.0,-1147500.0,1500,-43.11339583796115,False,False,8.644458874575363
2162500.0,-1147500.0,1500,-47.80453398898274,False,False,6.010877042257138
2167500.0,-1147500.0,1500,-44.28924649901858,False,False,4.440299996696271
2172500.0,-1147500.0,1500,-35.79631691564806,False,False,4.192377613263773
2177500.0,-1147500.0,1500,-29.01721057312007,False,False,4.1367430660111655
2182500.0,-1147500.0,1500,-29.228636979009767,False,False,4.059461768235138
2187500.0,-1147500.0,1500,-39.63476068226137,False,False,3.501162480038315
2192500.0,-1147500.0,1500,-47.801995227655006,False,False,3.691581476529142
2197500.0,-1147500.0,1500,-44.14630333986445,False,False,5.645241158995771
2202500.0,-1147500.0,1500,-34.52907223613412,False,False,7.978841122363741
2207500.0,-1147500.0,1500,-26.075003931325348,False,False,9.070035712931809
2212500.0,-1147500.0,1500,-19.379998063838716,False,False,8.698172147671997
2217500.0,-1147500.0,1500,-12.96767895358187,False,False,6.920275214149063
2222500.0,-1147500.0,1500,-14.774140211701884,False,True,4.940908122901506
2227500.0,-1147500.0,1500,-21.087229838848412,False,True,4.89815433025634
2232500.0,-1147500.0,1500,-21.986179996579764,False,True,4.852732635247021
2237500.0,-1147500.0,1500,-27.973011702149726,False,True,3.955453985847895
2242500.0,-1147500.0,1500,-38.52801341544954,True,True,3.8249486752152704
2247500.0,-1147500.0,1500,-39.81944291710893,True,True,3.817629087855479
2252500.0,-1147500.0,1500,-37.38490501466303,True,True,3.7858547478936195
2257500.0,-1147500.0,1500,-26.818462942487123,True,True,3.7802102331245813
2262500.0,-1147500.0,1500,-19.4212791175625,True,True,3.6596666424229474
2267500.0,-1147500.0,1500,-20.895236681672298,True,True,3.6355540679656686
2272500.0,-1147500.0,1500,-18.922447557239085,True,True,3.6872377828266125
2277500.0,-1147500.0,1500,-19.4683060101388,True,True,3.8896338891937736
2282500.0,-1147500.0,1500,-19.640093899193673,False,True,3.938428997355511
2287500.0,-1147500.0,1500,-19.834095419337068,False,True,3.7305675152916766
2292500.0,-1147500.0,1500,-20.192774952348888,False,True,3.684167720716799
2297500.0,-1147500.0,1500,-19.603154860450463,False,True,3.483764127436676
2302500.0,-1147500.0,1500,-19.01624966713054,False,True,3.310049870431822
2307500.0,-1147500.0,1500,-17.3243652069757,False,True,3.2940807266010443
2312500.0,-1147500.0,1500,-12.86022910056163,False,True,3.5175194167874264
2317500.0,-1147500.0,1500,-8.32282543417887,False,True,3.657044272133721
2322500.0,-1147500.0,1500,-8.798895538513367,False,True,3.571328049133379
2327500.0,-1147500.0,1500,-9.628943545036524,False,True,3.7176087887922984
2332500.0,-1147500.0,1500,-11.110872492290225,False,False,3.60467595233034
2337500.0,-1147500.0,1500,-17.926198013468795,False,False,3.61332351526874
2342500.0,-1147500.0,1500,-21.14789030310725,False,False,3.547114722774465
2347500.0,-1147500.0,1500,-20.475942288002813,False,False,3.5681415934586207
2352500.0,-1147500.0,1500,-23.67965617022882,False,False,3.7364371231704823
2357500.0,-1147500.0,1500,-26.22856207101971,False,False,3.6825714312763558
2362500.0,-1147500.0,1500,-26.173202864538258,False,False,3.7970804957755453
2367500.0,-1147500.0,1500,-27.1170098702618,False,False,3.4718961482450243
2372500.0,-1147500.0,1500,-32.18454831827666,False,False,3.245974555278103
2377500.0,-1147500.0,1500,-36.015066248508546,False,False,4.171769718166221
2082500.0,-1142500.0,1500,5.123028186530476,False,False,11.67630428703759
2087500.0,-1142500.0,1500,4.882409237754953,False,False,11.741890458034584
2092500.0,-1142500.0,1500,4.696252001293695,False,False,11.748027307327028
2097500.0,-1142500.0,1500,4.129765540666263,False,False,11.753476124548328
2102500.0,-1142500.0,1500,4.399321608457384,False,False,11.76324201494349
2107500.0,-1142500.0,1500,4.226911200536912,False,False,11.791243250505847
2112500.0,-1142500.0,1500,3.85124563185772,False,False,11.832398851886989
2117500.0,-1142500.0,1500,1.9100227862854375,False,False,11.903189692332312
2122500.0,-1142500.0,1500,-0.9509816695407046,False,False,11.986989456079304
2127500.0,-1142500.0,1500,-3.610354475686872,False,False,12.049106322596742
2132500.0,-1142500.0,1500,-6.479605588126516,False,False,12.074849666217847
2137500.0,-1142500.0,1500,-9.377075573568362,False,False,12.038219525569591
2142500.0,-1142500.0,1500,-13.791788186592065,False,False,11.929304479597668
2147500.0,-1142500.0,1500,-19.515606800782898,False,False,11.636769910061274
2152500.0,-1142500.0,1500,-28.507580420734868,False,False,10.972750324804046
2157500.0,-1142500.0,1500,-36.63877751716918,False,False,9.684799654993503
2162500.0,-1142500.0,1500,-37.46511764580176,False,False,7.44591265509548
2167500.0,-1142500.0,1500,-32.006005005254146,False,False,4.893381910835757
2172500.0,-1142500.0,1500,-25.400116176967565,False,False,3.8753622170591466
2177500.0,-1142500.0,1500,-20.3911354800258,False,False,3.952022143684508
2182500.0,-1142500.0,1500,-19.293742724965238,False,False,4.340965140689334
2187500.0,-1142500.0,1500,-26.32023497249897,False,False,4.133022539783259
2192500.0,-1142500.0,1500,-36.08428227229612,False,False,3.348656743245627
2197500.0,-1142500.0,1500,-41.06237584675805,False,False,3.9461138014830066
2202500.0,-1142500.0,1500,-37.033114621269505,False,False,5.769863958440417
2207500.0,-1142500.0,1500,-27.64799444629421,False,False,7.301389922768532
2212500.0,-1142500.0,1500,-19.78153404043145,False,False,7.4559095647807085
2217500.0,-1142500.0,1500,-14.232670482246164,False,False,6.52588436395343
2222500.0,-1142500.0,1500,-14.078646557802344,False,True,4.866983303653927
2227500.0,-1142500.0,1500,-20.085039527821813,False,True,4.238141473120174
2232500.0,-1142500.0,1500,-24.806953478208925,False,True,4.361720819541523
2237500.0,-1142500.0,1500,-29.517267345990955,False,True,3.7524731559477904
2242500.0,-1142500.0,1500,-37.7257530679226,True,True,3.5372260762486567
2247500.0,-1142500.0,1500,-40.15895764184728,True,True,3.7128160113624724
2252500.0,-1142500.0,1500,-33.047004182899116,True,True,3.7627223855538077
2257500.0,-1142500.0,1500,-21.628938027999713,False,True,3.8345143609286882
2262500.0,-1142500.0,1500,-19.589687798399524,True,True,4.030040414926089
2267500.0,-1142500.0,1500,-19.0409856816149,True,True,4.008431449598525
2272500.0,-1142500.0,1500,-12.575518431509884,True,True,3.7120514724571265
2277500.0,-1142500.0,1500,-15.936810258746752,True,True,3.6633765733216017
2282500.0,-1142500.0,1500,-22.02889744260702,True,True,3.7840135855529993
2287500.0,-1142500.0,1500,-22.81579897714874,True,True,3.959140028416634
2292500.0,-1142500.0,1500,-23.245940542642963,True,True,3.9956828066688406
2297500.0,-1142500.0,1500,-24.04047583061155,True,True,3.615085651600915
2302500.0,-1142500.0,1500,-20.267455174606464,True,True,3.353352898897218
2307500.0,-1142500.0,1500,-14.774300034811281,True,True,3.215052911285804
2312500.0,-1142500.0,1500,-11.215269170866707,False,True,3.2300984138851216
2317500.0,-1142500.0,1500,-7.050183198211944,False,True,3.3708339546116584
2322500.0,-1142500.0,1500,-8.23627483857183,False,True,3.502288909639968
2327500.0,-1142500.0,1500,-11.83115561249337,False,True,3.841463681050424
2332500.0,-1142500.0,1500,-12.27976964319526,False,False,3.794765471217102
2337500.0,-1142500.0,1500,-13.058752569249307,False,False,3.584217225423626
2342500.0,-1142500.0,1500,8.476460227898732,False,False,3.5196353172905637
2347500.0,-1142500.0,1500,9.245792857989544,False,False,3.7217518290312506
2352500.0,-1142500.0,1500,-17.381355142635506,False,False,3.6741757465035287
2357500.0,-1142500.0,1500,-25.94691582850985,False,False,3.3947307901504935
2362500.0,-1142500.0,1500,-27.3241877784535,False,False,3.373099537988866
2367500.0,-1142500.0,1500,-25.896860885674954,False,False,3.3862939741539444
2372500.0,-1142500.0,1500,-30.317884255764916,False,False,3.4252748120812004
2377500.0,-1142500.0,1500,-33.14439860094956,False,False,3.67617054362218
2082500.0,-1137500.0,1500,2.212698514153212,False,False,11.631614603148646
2087500.0,-1137500.0,1500,4.492146181960396,False,False,11.698340967153056
2092500.0,-1137500.0,1500,6.66274843365672,False,False,11.719081370152386
2097500.0,-1137500.0,1500,7.2786759656685085,False,False,11.72196586943674
2102500.0,-1137500.0,1500,6.387530836272723,False,False,11.736142125130042
2107500.0,-1137500.0,1500,4.785403762866014,False,False,11.769725908699307
2112500.0,-1137500.0,1500,3.425377058036376,False,False,11.815666079902876
2117500.0,-1137500.0,1500,1.8562107316683258,False,False,11.86101533366059
2122500.0,-1137500.0,1500,1.9468540746759226,False,False,11.898764042041677
2127500.0,-1137500.0,1500,-0.07462811545534756,False,False,11.96263053042865
2132500.0,-1137500.0,1500,-3.951941636985248,False,False,12.008540454532723
2137500.0,-1137500.0,1500,-6.53767151163932,False,False,11.989621813306142
2142500.0,-1137500.0,1500,-11.665329789441637,False,False,11.935920779952058
2147500.0,-1137500.0,1500,-17.3286833272732,False,False,11.739313554743408
2152500.0,-1137500.0,1500,-22.833290362056346,False,False,11.237378463954705
2157500.0,-1137500.0,1500,-27.134340981364648,False,False,10.23176978667994
2162500.0,-1137500.0,1500,-27.876146206025687,False,False,8.420885005161288
2167500.0,-1137500.0,1500,-25.395043815404186,False,False,5.76570110583401
2172500.0,-1137500.0,1500,-21.58595260025435,False,False,3.9906552310744305
2177500.0,-1137500.0,1500,-17.909599671803218,False,False,3.62748665657769
2182500.0,-1137500.0,1500,-17.317954022087864,False,False,4.339444810021756
2187500.0,-1137500.0,1500,-21.600650342107482,False,False,4.544167345771277
2192500.0,-1137500.0,1500,-28.52479188319633,False,False,3.599982656946382
2197500.0,-1137500.0,1500,-37.68068885855939,False,False,3.3109849757381378
2202500.0,-1137500.0,1500,-38.41626597576093,False,False,3.832403285235618
2207500.0,-1137500.0,1500,-28.813161779313344,False,False,4.561293769189835
2212500.0,-1137500.0,1500,-21.543927950766395,False,False,4.841177401824279
2217500.0,-1137500.0,1500,-17.54878521456641,False,False,4.823487853843334
2222500.0,-1137500.0,1500,-15.875607077865038,False,True,4.574907216102703
2227500.0,-1137500.0,1500,-20.513499204205218,False,True,4.090457822205739
2232500.0,-1137500.0,1500,-28.16191652324757,False,True,3.8273407369428734
2237500.0,-1137500.0,1500,-33.94780049752471,False,True,3.697383164338732
2242500.0,-1137500.0,1500,-38.89880519246299,True,True,3.8387953211849206
2247500.0,-1137500.0,1500,-41.336792705331575,True,True,3.823895913038468
2252500.0,-1137500.0,1500,-31.489793068257157,False,True,3.603632528024535
2257500.0,-1137500.0,1500,-22.874720641105522,False,True,3.828932042349679
2262500.0,-1137500.0,1500,-25.391786763098132,True,True,4.040932225165091
2267500.0,-1137500.0,1500,-21.10101665856078,True,True,4.123956491733413
2272500.0,-1137500.0,1500,-12.65293517927499,True,True,3.938467270176985
2277500.0,-1137500.0,1500,-15.571778201884673,True,True,3.47227606662436
2282500.0,-1137500.0,1500,-26.40614953436714,True,True,3.4158764459295137
2287500.0,-1137500.0,1500,-30.61988584975499,True,True,3.757497447727627
2292500.0,-1137500.0,1500,-27.81248897221636,True,True,3.8957227975451425
2297500.0,-1137500.0,1500,-25.32733327293118,True,True,3.7240198615819895
2302500.0,-1137500.0,1500,-19.639158489811102,True,True,3.6552377678314616
2307500.0,-1137500.0,1500,-14.124774305218807,True,True,3.4260055884275182
2312500.0,-1137500.0,1500,-11.193337540154205,True,True,3.263036510949643
2317500.0,-1137500.0,1500,-6.288152706371718,False,True,3.1868806501654308
2322500.0,-1137500.0,1500,-7.199478631944843,False,True,3.2545548699356535
2327500.0,-1137500.0,1500,-12.032125121790129,False,True,3.6418589963342676
2332500.0,-1137500.0,1500,-13.6705812035335,False,True,3.7046859696316097
2337500.0,-1137500.0,1500,-10.672042629711065,False,False,3.5956871493282856
2342500.0,-1137500.0,1500,21.152540302006845,False,False,3.659948443996659
2347500.0,-1137500.0,1500,17.106113531234172,False,False,3.63780428942269
2352500.0,-1137500.0,1500,-17.194119698756193,False,False,3.460805149377185
2357500.0,-1137500.0,1500,-27.601530842571982,False,False,3.5316940167320263
2362500.0,-1137500.0,1500,-34.40289589932334,False,False,3.5672069527326205
2367500.0,-1137500.0,1500,-29.023872933888786,False,False,3.6955735729382666
2372500.0,-1137500.0,1500,-27.437382992768576,False,False,3.692917165266628
2377500.0,-1137500.0,1500,-29.22016056251938,False,False,3.613693232712296
2082500.0,-1132500.0,1500,1.7464556825581143,False,False,11.57171360510976
2087500.0,-1132500.0,1500,5.227510010194549,False,False,11.646509050943378
2092500.0,-1132500.0,1500,7.153370150443477,False,False,11.685560411657564
2097500.0,-1132500.0,1500,8.190088411852427,False,False,11.69543302791751
2102500.0,-1132500.0,1500,7.024503474720943,False,False,11.71379561063098
2107500.0,-1132500.0,1500,5.001191475435555,False,False,11.750521957644988
2112500.0,-1132500.0,1500,3.791408116620311,False,False,11.790862611086098
2117500.0,-1132500.0,1500,1.9159888447721944,False,False,11.809872553249622
2122500.0,-1132500.0,1500,3.8565220599161223,False,False,11.800696434701297
2127500.0,-1132500.0,1500,3.7244933718087383,False,False,11.819559744080554
2132500.0,-1132500.0,1500,-0.4338067629702455,False,False,11.8304184594436
2137500.0,-1132500.0,1500,-3.0583535716527415,False,False,11.792260382277535
2142500.0,-1132500.0,1500,-8.131658955549494,False,False,11.767678869787265
2147500.0,-1132500.0,1500,-13.67190147003806,False,False,11.636968639612812
2152500.0,-1132500.0,1500,-17.102249016680176,False,False,11.21191912608547
2157500.0,-1132500.0,1500,-20.25665029454288,False,False,10.287999798065837
2162500.0,-1132500.0,1500,-22.36147196197462,False,False,8.584893362920672
2167500.0,-1132500.0,1500,-22.331202731324773,False,False,6.119499924110327
2172500.0,-1132500.0,1500,-20.566043068727055,False,False,3.971170234776538
2177500.0,-1132500.0,1500,-19.042161088099903,False,False,3.2333640329253868
2182500.0,-1132500.0,1500,-20.6431423445071,False,False,3.716508623118036
2187500.0,-1132500.0,1500,-24.950650149678786,False,False,4.186241564597127
2192500.0,-1132500.0,1500,-28.794506566524824,False,False,3.7340474720130383
2197500.0,-1132500.0,1500,-33.96918092737393,False,False,3.6027268616789447
2202500.0,-1132500.0,1500,-34.824419738410334,False,False,3.8904373449629537
2207500.0,-1132500.0,1500,-28.982640745307624,False,False,3.54983224309481
2212500.0,-1132500.0,1500,-25.322793334815962,False,False,3.7511075581926496
2217500.0,-1132500.0,1500,-23.341368756085476,False,False,4.741779050814319
2222500.0,-1132500.0,1500,-22.256323643157238,False,True,4.9351690897773235
2227500.0,-1132500.0,1500,-25.320407179541185,False,True,4.437362086298881
2232500.0,-1132500.0,1500,-33.199500157663046,False,True,3.963559009516384
2237500.0,-1132500.0,1500,-40.39163456436818,False,True,3.856888171415741
2242500.0,-1132500.0,1500,-42.75397558146224,True,True,4.117903277259277
2247500.0,-1132500.0,1500,-42.729200368078125,True,True,3.9653824090865055
2252500.0,-1132500.0,1500,-33.898118141039454,True,True,3.7122708722236175
2257500.0,-1132500.0,1500,-28.8352479072489,True,True,3.6636046523419883
2262500.0,-1132500.0,1500,-35.428434833121315,True,True,3.6199072370660828
2267500.0,-1132500.0,1500,-35.88166371635368,True,True,3.768752771848145
2272500.0,-1132500.0,1500,-32.38317145547022,True,True,3.8743157824075674
2277500.0,-1132500.0,1500,-29.952990984232397,True,True,3.5168675873811046
2282500.0,-1132500.0,1500,-33.66493184110337,True,True,3.5550402640412804
2287500.0,-1132500.0,1500,-38.750286915018755,True,True,3.838642052139964
2292500.0,-1132500.0,1500,-35.886991658641534,True,True,3.8659003019930265
2297500.0,-1132500.0,1500,-29.72802869937953,True,True,3.8672780569259797
2302500.0,-1132500.0,1500,-19.280434873081173,True,True,3.911947318133514
2307500.0,-1132500.0,1500,-12.48469240679718,True,True,3.751493250746561
2312500.0,-1132500.0,1500,-8.483575922062307,True,True,3.5700547032845313
2317500.0,-1132500.0,1500,-1.7500094590898887,False,True,3.5895320094765077
2322500.0,-1132500.0,1500,-2.037174840751793,False,True,3.668284859738486
2327500.0,-1132500.0,1500,-6.3329541535844935,False,True,3.6318318554195907
2332500.0,-1132500.0,1500,-10.127801778183306,False,True,3.5371518559010195
2337500.0,-1132500.0,1500,-11.641658067360071,False,False,3.6604996475389804
2342500.0,-1132500.0,1500,-2.1926139316031743,False,False,3.75016740450033
2347500.0,-1132500.0,1500,-3.759590691443571,False,False,3.6138675553810113
2352500.0,-1132500.0,1500,-14.111077479198965,False,False,3.772388376348038
2357500.0,-1132500.0,1500,-24.355490309890868,False,False,3.9288447114582805
2362500.0,-1132500.0,1500,-36.93165478596977,False,False,3.7098093263690486
2367500.0,-1132500.0,1500,-34.9086460212481,False,False,3.6818741714249557
2372500.0,-1132500.0,1500,-28.514204279736,False,False,3.5459137258571705
2377500.0,-1132500.0,1500,-29.719666618866793,False,False,3.5875637281715513
2082500.0,-1127500.0,1500,4.228784336119606,False,False,11.450933958872938
2087500.0,-1127500.0,1500,5.630535042593194,False,False,11.557048616244728
2092500.0,-1127500.0,1500,4.681617682997407,False,False,11.624400079542598
2097500.0,-1127500.0,1500,4.576918928310926,False,False,11.662294827807202
2102500.0,-1127500.0,1500,3.684602809946874,False,False,11.691404825685165
2107500.0,-1127500.0,1500,3.294018006035809,False,False,11.722786639890005
2112500.0,-1127500.0,1500,3.23072658712402,False,False,11.73803320703471
2117500.0,-1127500.0,1500,3.3154419951618017,False,False,11.703599544226696
2122500.0,-1127500.0,1500,8.58978503525427,False,False,11.624648904162003
2127500.0,-1127500.0,1500,10.178500773535387,False,False,11.535346643001038
2132500.0,-1127500.0,1500,6.2325924924993,False,False,11.410622825578779
2137500.0,-1127500.0,1500,3.0011743325067135,False,False,11.288967894615642
2142500.0,-1127500.0,1500,-2.7192276311350057,False,False,11.288446670224214
2147500.0,-1127500.0,1500,-8.859499317786954,False,False,11.269373627751197
2152500.0,-1127500.0,1500,-12.994855388066629,False,False,10.938525806420152
2157500.0,-1127500.0,1500,-16.56953394267208,False,False,9.93004411943866
2162500.0,-1127500.0,1500,-18.87076241621574,False,False,7.80035315465519
2167500.0,-1127500.0,1500,-19.897018576818915,False,False,5.181830808131742
2172500.0,-1127500.0,1500,-21.092986784872572,False,False,3.8189653562855232
2177500.0,-1127500.0,1500,-24.617687386328903,False,False,3.36901855304363
2182500.0,-1127500.0,1500,-27.421903177689288,False,False,3.626539881247335
2187500.0,-1127500.0,1500,-27.53824806864035,False,False,4.639387816857546
2192500.0,-1127500.0,1500,-25.481836033346756,False,False,4.364835130941991
2197500.0,-1127500.0,1500,-23.987201042303116,False,False,3.70745287052375
2202500.0,-1127500.0,1500,-25.943606490149143,False,False,3.8642375589690388
2207500.0,-1127500.0,1500,-26.801966081716575,False,False,3.6725458488481424
2212500.0,-1127500.0,1500,-25.96578588427455,False,False,3.649610556151118
2217500.0,-1127500.0,1500,-26.956149484547552,False,False,4.342747432652981
2222500.0,-1127500.0,1500,-26.607813486650127,False,False,4.269902736770085
2227500.0,-1127500.0,1500,-27.484486168503654,False,True,3.897733585550807
2232500.0,-1127500.0,1500,-36.79713200508899,False,True,3.736170780870415
2237500.0,-1127500.0,1500,-44.11314487876139,False,True,3.598755174557058
2242500.0,-1127500.0,1500,-44.96313158963298,False,True,3.9002640921156635
2247500.0,-1127500.0,1500,-45.636595029199135,True,True,3.851888186711006
2252500.0,-1127500.0,1500,-37.41682887982084,False,True,3.658453880695783
2257500.0,-1127500.0,1500,-33.00147728585149,True,True,3.5860766339280263
2262500.0,-1127500.0,1500,-43.51352755383514,True,True,3.6537239035803566
2267500.0,-1127500.0,1500,-51.45824636880424,True,True,3.623255347480809
2272500.0,-1127500.0,1500,-51.71389744336652,True,True,3.6365221567899964
2277500.0,-1127500.0,1500,-44.953250756973546,True,True,3.55758887008646
2282500.0,-1127500.0,1500,-44.38880440429881,True,True,3.681362213837069
2287500.0,-1127500.0,1500,-51.41320899637815,True,True,3.7628540586682777
2292500.0,-1127500.0,1500,-51.76609876864189,True,True,3.5574549766589803
2297500.0,-1127500.0,1500,-41.58008542862153,True,True,3.5613077165229727
2302500.0,-1127500.0,1500,-22.345233780615388,True,True,3.6037299713751123
2307500.0,-1127500.0,1500,-8.787002252561159,True,True,3.730398241081764
2312500.0,-1127500.0,1500,-1.2714402775109217,True,True,3.7306201767620726
2317500.0,-1127500.0,1500,5.736900874932951,True,True,3.9077934418578373
2322500.0,-1127500.0,1500,5.591081105466044,False,True,4.158616583699305
2327500.0,-1127500.0,1500,0.5365534844403554,False,True,4.060570825508175
2332500.0,-1127500.0,1500,-7.550595177622341,False,True,3.7551581694623795
2337500.0,-1127500.0,1500,-12.352794766000569,False,True,3.626670462378434
2342500.0,-1127500.0,1500,-11.52604348779791,False,False,3.801796351497598
2347500.0,-1127500.0,1500,-10.315396627416888,False,False,3.7757120854421986
2352500.0,-1127500.0,1500,-11.193657795592133,False,False,3.8063121694239697
2357500.0,-1127500.0,1500,-20.849984050738563,False,False,3.9128781641681885
2362500.0,-1127500.0,1500,-33.209673919516305,False,False,3.991426456712915
2367500.0,-1127500.0,1500,-35.69520347070393,False,False,3.807609847678434
2372500.0,-1127500.0,1500,-27.46353851881758,False,False,3.5225726682721064
2377500.0,-1127500.0,1500,-25.772010871626364,False,False,3.5116089865558995
2082500.0,-1122500.0,1500,2.600818190425229,False,False,11.200103609398887
2087500.0,-1122500.0,1500,3.6802688410497364,False,False,11.364194729267695
2092500.0,-1122500.0,1500,3.0204518554247883,False,False,11.484147018694316
2097500.0,-1122500.0,1500,2.914372654618708,False,False,11.579591517335194
2102500.0,-1122500.0,1500,2.693094667354087,False,False,11.636253165956727
2107500.0,-1122500.0,1500,1.7319419437417343,False,False,11.66512120653027
2112500.0,-1122500.0,1500,0.5352900514898333,False,False,11.65676005172698
2117500.0,-1122500.0,1500,3.9083000086370716,False,False,11.567682771995793
2122500.0,-1122500.0,1500,14.439861119913271,False,False,11.376908475542606
2127500.0,-1122500.0,1500,18.80671125648731,False,False,11.056841377658738
2132500.0,-1122500.0,1500,14.694184120310068,False,False,10.577229151190068
2137500.0,-1122500.0,1500,10.115670640004376,False,False,10.185761181454787
2142500.0,-1122500.0,1500,3.680540534955827,False,False,10.224488784501052
2147500.0,-1122500.0,1500,-3.5081669461812055,False,False,10.479643355163816
2152500.0,-1122500.0,1500,-9.78368375810615,False,False,10.407487967772495
2157500.0,-1122500.0,1500,-14.38546521481302,False,False,9.442248343716296
2162500.0,-1122500.0,1500,-17.056788577734995,False,False,6.944752920372231
2167500.0,-1122500.0,1500,-19.7832271076367,False,False,4.357337061355022
2172500.0,-1122500.0,1500,-24.667726250499275,False,False,4.139209774877225
2177500.0,-1122500.0,1500,-32.422334237689114,False,False,3.9770879343509487
2182500.0,-1122500.0,1500,-33.26279736826224,False,False,3.8770732862269544
2187500.0,-1122500.0,1500,-26.780669438234526,False,False,5.38057564551188
2192500.0,-1122500.0,1500,-21.71481378949837,False,False,5.711394540244662
2197500.0,-1122500.0,1500,-17.842745423501093,False,False,4.83881122839338
2202500.0,-1122500.0,1500,-18.850412662587154,False,False,4.407273722425042
2207500.0,-1122500.0,1500,-22.895057182769786,False,False,4.332376288759352
2212500.0,-1122500.0,1500,-24.980587195263674,False,False,3.9301711992554766
2217500.0,-1122500.0,1500,-28.385019944175372,False,False,3.4429207881327386
2222500.0,-1122500.0,1500,-29.554344051284463,False,False,3.290048206713336
2227500.0,-1122500.0,1500,-30.14203806809877,False,True,3.5454671589447946
2232500.0,-1122500.0,1500,-38.47887665479351,False,True,3.763811645867246
2237500.0,-1122500.0,1500,-44.02123413951531,False,True,3.5729779440484974
2242500.0,-1122500.0,1500,-47.42449630821768,False,True,3.7301384802877857
2247500.0,-1122500.0,1500,-51.543860679914644,True,True,3.7074627463499743
2252500.0,-1122500.0,1500,-41.299407855862896,False,True,3.564763643553822
2257500.0,-1122500.0,1500,-35.37532411236248,True,True,4.182937672251848
2262500.0,-1122500.0,1500,-48.53862780897596,True,True,5.018949692160972
2267500.0,-1122500.0,1500,-62.80556748642456,True,True,4.631602912642175
2272500.0,-1122500.0,1500,-66.1778590495638,True,True,3.9496508361176246
2277500.0,-1122500.0,1500,-59.53382025061164,True,True,3.786193638818896
2282500.0,-1122500.0,1500,-59.036863954072864,True,True,3.7206564240629474
2287500.0,-1122500.0,1500,-64.6823493204496,True,True,3.596454522990732
2292500.0,-1122500.0,1500,-64.22698898086408,True,True,3.3635026099616194
2297500.0,-1122500.0,1500,-49.533757320259426,True,True,3.488947050036184
2302500.0,-1122500.0,1500,-23.07146180917832,True,True,3.598846208653694
2307500.0,-1122500.0,1500,-0.18935628778083385,True,True,3.620637147599476
2312500.0,-1122500.0,1500,8.482456021075338,True,True,3.5624596503289556
2317500.0,-1122500.0,1500,9.796609322529825,True,True,3.729607302422177
2322500.0,-1122500.0,1500,9.429983396503033,False,True,4.158761400647981
2327500.0,-1122500.0,1500,2.9954174783256904,False,True,4.108361010365353
2332500.0,-1122500.0,1500,-7.59539362939915,False,True,3.8964337093125923
2337500.0,-1122500.0,1500,-12.862838497636124,False,True,3.8991560757779506
2342500.0,-1122500.0,1500,-10.601738295585442,False,False,3.9195884053598555
2347500.0,-1122500.0,1500,-11.01130186594872,False,False,3.689592677951576
2352500.0,-1122500.0,1500,-13.465873838737544,False,False,3.404460327809712
2357500.0,-1122500.0,1500,-20.292899835407365,False,False,3.6465646887649656
2362500.0,-1122500.0,1500,-33.39576463531226,False,False,4.648749618478269
2367500.0,-1122500.0,1500,-41.297158909936705,False,False,5.328607024407358
2372500.0,-1122500.0,1500,-34.62828184026325,False,False,4.740228681044922
2377500.0,-1122500.0,1500,-26.539636510738614,False,False,3.913495851085585
2087500.0,-1117500.0,1500,1.407039894941122,False,False,10.997618339632387
2092500.0,-1117500.0,1500,3.0879025190730927,False,False,11.21924367783616
2097500.0,-1117500.0,1500,4.05795188631445,False,False,11.39199293560997
2102500.0,-1117500.0,1500,3.322192272904097,False,False,11.503310622306646
2107500.0,-1117500.0,1500,-0.8076669872896718,False,False,11.56189244052253
2112500.0,-1117500.0,1500,-2.724727138976021,False,False,11.538088564467868
2117500.0,-1117500.0,1500,2.859536633851381,False,False,11.410974065998708
2122500.0,-1117500.0,1500,15.025694416873165,False,False,11.103658134123004
2127500.0,-1117500.0,1500,22.61187277106691,False,False,10.424588111869259
2132500.0,-1117500.0,1500,20.090378852234526,False,False,9.229315526926623
2137500.0,-1117500.0,1500,14.690650181927943,False,False,8.11408225123376
2142500.0,-1117500.0,1500,7.831789000439781,False,False,8.179186261229898
2147500.0,-1117500.0,1500,-0.14388518469687345,False,False,9.016411675857482
2152500.0,-1117500.0,1500,-6.998831666554395,False,False,9.46980799827743
2157500.0,-1117500.0,1500,-12.963849860143972,False,False,8.964557319051533
2162500.0,-1117500.0,1500,-17.637452451748086,False,False,6.943522707999607
2167500.0,-1117500.0,1500,-21.563190927162367,False,False,4.441779564397218
2172500.0,-1117500.0,1500,-27.43090767280141,False,False,3.8326469292456906
2177500.0,-1117500.0,1500,-34.92442364855545,False,False,3.7539132368928434
2182500.0,-1117500.0,1500,-31.775695313222094,False,False,3.5185392051581674
2187500.0,-1117500.0,1500,-23.120541904112624,False,False,4.644898412933695
2192500.0,-1117500.0,1500,-21.50296670286228,False,False,5.59914902050954
2197500.0,-1117500.0,1500,-18.92165664976377,False,False,5.3302381977125695
2202500.0,-1117500.0,1500,-17.2466096463259,False,False,4.695097903419572
2207500.0,-1117500.0,1500,-21.996921966701336,False,False,4.376079128506785
2212500.0,-1117500.0,1500,-26.71785473941714,False,False,4.053306977529531
2217500.0,-1117500.0,1500,-29.86187366829316,False,False,3.72970100830233
2222500.0,-1117500.0,1500,-32.55646477202175,False,True,3.7720420306758
2227500.0,-1117500.0,1500,-34.54239325441373,False,True,3.942584940770957
2232500.0,-1117500.0,1500,-39.3774385181161,False,True,3.935811775435047
2237500.0,-1117500.0,1500,-44.358079279761036,False,True,3.887725779756381
2242500.0,-1117500.0,1500,-52.48719513227168,True,True,4.016283152472082
2247500.0,-1117500.0,1500,-58.35271631355481,True,True,3.805557142016327
2252500.0,-1117500.0,1500,-45.42324650347629,False,True,3.7402633734720614
2257500.0,-1117500.0,1500,-37.44137036865779,True,True,4.734557930557077
2262500.0,-1117500.0,1500,-53.31323226293548,True,True,5.840590918052831
2267500.0,-1117500.0,1500,-70.88230726284287,True,True,5.424242285937591
2272500.0,-1117500.0,1500,-74.82802901007443,True,True,5.070479781481672
2277500.0,-1117500.0,1500,-71.3128858843054,True,True,4.527064152664417
2282500.0,-1117500.0,1500,-74.807104375668,True,True,3.7057307714106003
2287500.0,-1117500.0,1500,-77.17079211219867,True,True,3.609368101050523
2292500.0,-1117500.0,1500,-69.48660595149961,True,True,3.4144639935075425
2297500.0,-1117500.0,1500,-51.004190232040685,True,True,3.645347128766918
2302500.0,-1117500.0,1500,-22.817764716922674,True,True,3.8715020809692104
2307500.0,-1117500.0,1500,4.7520355609822165,True,True,3.6463514864824713
2312500.0,-1117500.0,1500,16.330917791424607,True,True,3.3812909688738118
2317500.0,-1117500.0,1500,18.631749701142343,False,True,3.5860508519085093
2322500.0,-1117500.0,1500,17.894190168761426,False,True,3.856812511479411
2327500.0,-1117500.0,1500,8.69910466288992,False,True,3.8667598352391312
2332500.0,-1117500.0,1500,-2.805367596869767,False,True,4.044826712852759
2337500.0,-1117500.0,1500,-9.90322079130701,False,False,4.094945072801861
2342500.0,-1117500.0,1500,-11.926278111045889,False,False,3.812747982044021
2347500.0,-1117500.0,1500,-14.32441208701246,False,False,3.6759150496791593
2352500.0,-1117500.0,1500,-17.1724913690111,False,False,3.8115813558278804
2357500.0,-1117500.0,1500,-26.51199201240747,False,False,4.4897784987010985
2362500.0,-1117500.0,1500,-41.70482400948542,False,False,5.062771381287536
2367500.0,-1117500.0,1500,-50.39645159402165,False,False,5.40308147354509
2372500.0,-1117500.0,1500,-46.28562759218994,False,False,5.610566762268814
2377500.0,-1117500.0,1500,-36.06713164594145,False,False,4.733701136843688
2092500.0,-1112500.0,1500,1.2760225469384618,False,False,10.731370276757513
2097500.0,-1112500.0,1500,2.362904264437172,False,False,11.035076111157835
2102500.0,-1112500.0,1500,1.3563053878810445,False,False,11.242678043156744
2107500.0,-1112500.0,1500,-2.810308763659463,False,False,11.367729661638501
2112500.0,-1112500.0,1500,-3.3742084214811854,False,False,11.374352808347956
2117500.0,-1112500.0,1500,2.987774672933803,False,False,11.240704911311633
2122500.0,-1112500.0,1500,13.408876669125934,False,False,10.8423806696151
2127500.0,-1112500.0,1500,21.01413873013891,False,False,9.874163476577879
2132500.0,-1112500.0,1500,21.08373599295043,False,False,7.978206791977603
2137500.0,-1112500.0,1500,17.753407370856568,False,False,5.70180390233051
2142500.0,-1112500.0,1500,9.971932161115022,False,False,5.295679388456133
2147500.0,-1112500.0,1500,0.1338866619078255,False,False,6.678419896678804
2152500.0,-1112500.0,1500,-6.09085214113492,False,False,7.826265160687438
2157500.0,-1112500.0,1500,-12.391651715189928,False,False,8.038158597579894
2162500.0,-1112500.0,1500,-19.36656462750658,False,False,6.974958375643634
2167500.0,-1112500.0,1500,-25.05490494500685,False,False,5.048156625013098
2172500.0,-1112500.0,1500,-30.27341560205698,False,False,3.7709787821446294
2177500.0,-1112500.0,1500,-32.30363624693044,False,False,3.504300878152484
2182500.0,-1112500.0,1500,-23.11466388180519,False,False,3.3445057870885586
2187500.0,-1112500.0,1500,-17.47621580186777,False,False,3.5688254235689643
2192500.0,-1112500.0,1500,-22.959205592921805,False,False,4.117204922959734
2197500.0,-1112500.0,1500,-21.313390495924406,False,False,4.447571514915639
2202500.0,-1112500.0,1500,-17.817529884584747,False,False,4.677695020411047
2207500.0,-1112500.0,1500,-22.30224292598174,False,False,4.9582658429756155
2212500.0,-1112500.0,1500,-27.3203411611795,False,False,4.775243570686442
2217500.0,-1112500.0,1500,-29.443512151459462,False,False,4.185759999356363
2222500.0,-1112500.0,1500,-34.26259134226964,False,True,3.902617995715813
2227500.0,-1112500.0,1500,-38.61154670190632,False,True,3.847678651175052
2232500.0,-1112500.0,1500,-40.31593727800678,False,True,3.7137106732146465
2237500.0,-1112500.0,1500,-46.23545103423091,False,True,3.8310854022404834
2242500.0,-1112500.0,1500,-57.041197580571826,True,True,3.916358333009905
2247500.0,-1112500.0,1500,-61.19646530622951,True,True,3.65183412083147
2252500.0,-1112500.0,1500,-50.12296299259395,True,True,3.72015505938785
2257500.0,-1112500.0,1500,-42.62170949674908,False,True,4.257858485079431
2262500.0,-1112500.0,1500,-56.1885889258027,True,True,4.714517517310501
2267500.0,-1112500.0,1500,-72.81289994572738,True,True,4.625101969230713
2272500.0,-1112500.0,1500,-75.90709615048219,True,True,4.8762138381904325
2277500.0,-1112500.0,1500,-77.17447884466851,True,True,4.456712596479334
2282500.0,-1112500.0,1500,-86.74540116043558,True,True,3.642543860348476
2287500.0,-1112500.0,1500,-87.65990082902408,True,True,3.6576835959797758
2292500.0,-1112500.0,1500,-71.29562994732655,True,True,3.601101597192809
2297500.0,-1112500.0,1500,-47.02953002135243,True,True,3.7158629864218637
2302500.0,-1112500.0,1500,-17.122474461547426,True,True,3.8454322191897186
2307500.0,-1112500.0,1500,8.921435688852462,True,True,3.7651224847215046
2312500.0,-1112500.0,1500,19.891806841459648,False,True,3.4256379673186177
2317500.0,-1112500.0,1500,24.750537257649526,False,True,3.350302775448294
2322500.0,-1112500.0,1500,25.508102392703588,False,True,3.385948676493117
2327500.0,-1112500.0,1500,20.435925814989865,False,True,3.6502234881247104
2332500.0,-1112500.0,1500,9.509256871801334,False,True,3.9148986403885657
2337500.0,-1112500.0,1500,-4.332230825442767,False,False,3.7923954474461277
2342500.0,-1112500.0,1500,-12.748909115936717,False,False,3.730580730996074
2347500.0,-1112500.0,1500,-18.387098826555828,False,False,3.836675581757186
2352500.0,-1112500.0,1500,-26.66584570952191,False,False,4.240540992142956
2357500.0,-1112500.0,1500,-39.834309855658454,False,False,5.1372100325831385
2362500.0,-1112500.0,1500,-51.276182387540665,False,False,5.7153346248144725
2367500.0,-1112500.0,1500,-54.50360244471807,False,False,5.427439146903902
2372500.0,-1112500.0,1500,-49.498552039186855,False,False,5.605502294965009
2377500.0,-1112500.0,1500,-40.85921119003974,False,False,5.229531682660331
2092500.0,-1107500.0,1500,-0.945748537225068,False,False,9.806163241496389
2097500.0,-1107500.0,1500,0.5775809014141923,False,False,10.35518706275893
2102500.0,-1107500.0,1500,0.5635795408514932,False,False,10.743231771515319
2107500.0,-1107500.0,1500,-0.9684076892882726,False,False,11.000780413865112
2112500.0,-1107500.0,1500,1.0984989851428104,False,False,11.10731959408903
2117500.0,-1107500.0,1500,7.932769065441878,False,False,11.02532661649951
2122500.0,-1107500.0,1500,14.71803336430975,False,False,10.624555999148846
2127500.0,-1107500.0,1500,17.34577054612646,False,False,9.629945781047779
2132500.0,-1107500.0,1500,16.758418926100322,False,False,7.755985576406175
2137500.0,-1107500.0,1500,15.522572128034604,False,False,5.392920069936663
2142500.0,-1107500.0,1500,6.249224134741931,False,False,4.151845730908501
2147500.0,-1107500.0,1500,-4.166353474388593,False,False,4.414176975540848
2152500.0,-1107500.0,1500,-5.7134859877631765,False,False,5.367206908871397
2157500.0,-1107500.0,1500,-10.579257950596542,False,False,5.95198892545802
2162500.0,-1107500.0,1500,-20.382642076718266,False,False,5.315936390012437
2167500.0,-1107500.0,1500,-28.27472792074937,False,False,4.4202974861469615
2172500.0,-1107500.0,1500,-32.735893523102156,False,False,3.8410944498206216
2177500.0,-1107500.0,1500,-29.39855632829563,False,False,3.8569646177154233
2182500.0,-1107500.0,1500,-17.82244111501231,False,False,4.100900444312359
2187500.0,-1107500.0,1500,-14.89366221504027,False,False,3.7015090203579692
2192500.0,-1107500.0,1500,-20.09216589778493,False,False,3.832587178617817
2197500.0,-1107500.0,1500,-17.996057080054435,False,False,5.2152384431648695
2202500.0,-1107500.0,1500,-16.5485541430729,False,False,6.644362230553169
2207500.0,-1107500.0,1500,-22.755487948837505,False,False,7.185858429932223
2212500.0,-1107500.0,1500,-31.738977859444265,False,False,6.452503596033717
2217500.0,-1107500.0,1500,-34.72245003185835,False,False,4.830563437004506
2222500.0,-1107500.0,1500,-32.37651534022248,False,True,3.855519585636989
2227500.0,-1107500.0,1500,-29.68129045317011,False,True,3.7662962658088626
2232500.0,-1107500.0,1500,-34.93212500103537,False,True,3.9581954507940966
2237500.0,-1107500.0,1500,-50.8524814098204,False,True,4.035676504015632
2242500.0,-1107500.0,1500,-63.06273446137945,True,True,3.9003696585176826
2247500.0,-1107500.0,1500,-63.593859139021085,True,True,3.8229683932158967
2252500.0,-1107500.0,1500,-55.85752145263248,True,True,3.78179168388745
2257500.0,-1107500.0,1500,-46.598028992003364,True,True,3.8029750124397528
2262500.0,-1107500.0,1500,-50.928742905199755,True,True,4.133250974524077
2267500.0,-1107500.0,1500,-63.35289928023709,True,True,4.487525773045984
2272500.0,-1107500.0,1500,-67.05990439111385,True,True,4.290510932689754
2277500.0,-1107500.0,1500,-77.10438137664049,True,True,3.768712563154339
2282500.0,-1107500.0,1500,-90.68314967807584,True,True,4.2134738304143555
2287500.0,-1107500.0,1500,-84.43823572385558,True,True,4.494925951837771
2292500.0,-1107500.0,1500,-62.2978270531661,True,True,4.476487916203387
2297500.0,-1107500.0,1500,-37.49356591115016,True,True,4.773807906239659
2302500.0,-1107500.0,1500,-6.367295587674875,False,True,4.1600680673197035
2307500.0,-1107500.0,1500,19.06673591973791,False,True,3.850241425519443
2312500.0,-1107500.0,1500,27.349325907996,False,True,3.702762870732195
2317500.0,-1107500.0,1500,27.75709124068671,False,True,3.3724564383286455
2322500.0,-1107500.0,1500,25.922095102892992,False,True,3.1721297464042677
2327500.0,-1107500.0,1500,26.603117598174478,False,True,3.258764539645914
2332500.0,-1107500.0,1500,20.10606875143213,False,False,3.6676529108329654
2337500.0,-1107500.0,1500,3.1926600950914574,False,False,3.9394037954053553
2342500.0,-1107500.0,1500,-11.208888893377091,False,False,3.859374393814309
2347500.0,-1107500.0,1500,-22.052310105053287,False,False,3.947032472922329
2352500.0,-1107500.0,1500,-34.60750241811094,False,False,4.873620420545665
2357500.0,-1107500.0,1500,-48.039008452863925,False,False,5.435128236212816
2362500.0,-1107500.0,1500,-57.21052343572492,False,False,5.412096502313289
2367500.0,-1107500.0,1500,-57.67221138120099,False,False,6.261716926734131
2372500.0,-1107500.0,1500,-51.948324228007706,False,False,7.135925168837657
2377500.0,-1107500.0,1500,-44.82517992135266,False,False,6.471586226073711
2092500.0,-1102500.0,1500,-2.2195453469660014,False,False,8.117166408738365
2097500.0,-1102500.0,1500,0.9677951268253407,False,False,9.077303992001786
2102500.0,-1102500.0,1500,1.882221235483588,False,False,9.799709145358563
2107500.0,-1102500.0,1500,1.6945201081170824,False,False,10.316568812639495
2112500.0,-1102500.0,1500,4.766273306889791,False,False,10.615959553086606
2117500.0,-1102500.0,1500,10.838564368365928,False,False,10.66899382898369
2122500.0,-1102500.0,1500,15.539626197566758,False,False,10.351016740020235
2127500.0,-1102500.0,1500,15.359990362688846,False,False,9.432759763854092
2132500.0,-1102500.0,1500,12.89009340297454,False,False,7.770668901479271
2137500.0,-1102500.0,1500,11.777612084100145,False,False,5.969687687422927
2142500.0,-1102500.0,1500,2.3723851009478167,False,False,4.727373061270439
2147500.0,-1102500.0,1500,-4.570471121765894,False,False,3.6568092750621233
2152500.0,-1102500.0,1500,-1.6375949737743885,False,False,3.381152865909593
2157500.0,-1102500.0,1500,-8.235657396743306,False,False,3.9480919330157516
2162500.0,-1102500.0,1500,-20.36725933678973,False,False,4.098965636640554
2167500.0,-1102500.0,1500,-26.889995928905098,False,False,4.243599025379643
2172500.0,-1102500.0,1500,-27.849600541113663,False,False,4.677853819500127
2177500.0,-1102500.0,1500,-23.295263082462363,False,False,5.3919658992824
2182500.0,-1102500.0,1500,-15.245076525519972,False,False,6.009232146585322
2187500.0,-1102500.0,1500,-10.781571524670785,False,False,5.308402843921424
2192500.0,-1102500.0,1500,-10.406524993227578,False,False,4.405564292418461
2197500.0,-1102500.0,1500,-10.054108376589651,False,False,5.573489335662955
2202500.0,-1102500.0,1500,-12.728637575921386,False,False,7.2824287807791865
2207500.0,-1102500.0,1500,-23.585449780169974,False,False,7.231181410095388
2212500.0,-1102500.0,1500,-37.97114157436081,False,False,5.809139633569195
2217500.0,-1102500.0,1500,-39.97116097949744,False,False,4.688526874993398
2222500.0,-1102500.0,1500,-28.379820230542784,False,True,4.6333183761259775
2227500.0,-1102500.0,1500,-19.912540435509953,False,True,4.475664285697684
2232500.0,-1102500.0,1500,-32.71996097414767,False,True,4.194963732295237
2237500.0,-1102500.0,1500,-56.87898474504808,False,True,4.058147754998654
2242500.0,-1102500.0,1500,-67.90578047070257,True,True,3.967863115099448
2247500.0,-1102500.0,1500,-64.2964851463091,True,True,3.925224495513815
2252500.0,-1102500.0,1500,-53.188032373476695,True,True,3.9494806708676635
2257500.0,-1102500.0,1500,-39.518772158726705,False,True,3.9797627400907767
2262500.0,-1102500.0,1500,-39.79817754353954,True,True,4.449803515098939
2267500.0,-1102500.0,1500,-50.54398679837636,True,True,4.7168241459486
2272500.0,-1102500.0,1500,-55.57915408638173,True,True,4.204435010420218
2277500.0,-1102500.0,1500,-74.71902619835782,True,True,3.6069404940037293
2282500.0,-1102500.0,1500,-88.18516810983081,True,True,4.646937792059466
2287500.0,-1102500.0,1500,-69.23211446823453,True,True,4.969935612465368
2292500.0,-1102500.0,1500,-44.081356335770266,True,True,5.307828024419919
2297500.0,-1102500.0,1500,-23.066250659182764,True,True,6.7169032734546
2302500.0,-1102500.0,1500,4.795381360146261,False,True,5.77856341641112
2307500.0,-1102500.0,1500,28.28868064460413,False,True,4.277278457684271
2312500.0,-1102500.0,1500,40.257189773444274,False,True,3.61630291201459
2317500.0,-1102500.0,1500,42.324719792726874,False,True,3.4915523507883677
2322500.0,-1102500.0,1500,35.31042859961534,False,True,3.1734538894216873
2327500.0,-1102500.0,1500,30.39367313452828,False,False,3.366020285930003
2332500.0,-1102500.0,1500,22.431662519229224,False,False,4.019855384237254
2337500.0,-1102500.0,1500,7.7191244449665986,False,False,3.9639745303982874
2342500.0,-1102500.0,1500,-7.850051548698352,False,False,3.558088373543754
2347500.0,-1102500.0,1500,-24.108314024684784,False,False,3.8435520592342933
2352500.0,-1102500.0,1500,-35.56602633919569,False,False,4.649766807755803
2357500.0,-1102500.0,1500,-45.02309109225171,False,False,5.284768604628501
2362500.0,-1102500.0,1500,-57.40293805928305,False,False,4.811436653699797
2367500.0,-1102500.0,1500,-61.506002799647476,False,False,5.809366926454742
2372500.0,-1102500.0,1500,-56.56201520304234,False,False,8.336595265556209
2377500.0,-1102500.0,1500,-51.131863970289146,False,False,8.285934904042358
2092500.0,-1097500.0,1500,-1.5230531163144674,False,False,5.442989730899272
2097500.0,-1097500.0,1500,2.963274677962677,False,False,6.864228324498992
2102500.0,-1097500.0,1500,3.083299370835699,False,False,8.08690404941096
2107500.0,-1097500.0,1500,2.1987981550256173,False,False,9.034956482650706
2112500.0,-1097500.0,1500,3.3791297165951852,False,False,9.699755988590361
2117500.0,-1097500.0,1500,6.3534594715531245,False,False,10.038973197972572
2122500.0,-1097500.0,1500,9.757909373761283,False,False,9.917980240175773
2127500.0,-1097500.0,1500,11.107251483739892,False,False,9.09777338887697
2132500.0,-1097500.0,1500,9.736315280262524,False,False,7.297288184671881
2137500.0,-1097500.0,1500,8.44055643606077,False,False,5.128314098513329
2142500.0,-1097500.0,1500,1.7785588910786838,False,False,4.044894146150085
2147500.0,-1097500.0,1500,-0.7902386178418819,False,False,3.6388973512633447
2152500.0,-1097500.0,1500,3.7273145729468298,False,False,3.7601508606046155
2157500.0,-1097500.0,1500,-2.3446938463899354,False,False,4.641184738062918
2162500.0,-1097500.0,1500,-14.119502136648496,False,False,5.221983418439232
2167500.0,-1097500.0,1500,-19.815342594962832,False,False,5.266737307559533
2172500.0,-1097500.0,1500,-18.591116601264325,False,False,5.71626374747167
2177500.0,-1097500.0,1500,-14.966215621488796,False,False,6.752013018210356
2182500.0,-1097500.0,1500,-9.317229015234629,False,False,7.2498566204819745
2187500.0,-1097500.0,1500,-2.397727892954498,False,False,6.506837799317061
2192500.0,-1097500.0,1500,0.29558326092602905,False,False,4.797000785542346
2197500.0,-1097500.0,1500,-0.9974751975690859,False,False,4.6690811931402685
2202500.0,-1097500.0,1500,-7.690455991709018,False,False,5.846203119465917
2207500.0,-1097500.0,1500,-24.72151143737458,False,False,5.429265382447693
2212500.0,-1097500.0,1500,-39.088636260038754,False,False,4.172770355371071
2217500.0,-1097500.0,1500,-35.58912694615888,False,False,3.8940501701965053
2222500.0,-1097500.0,1500,-25.998033517589256,False,True,4.507590224760687
2227500.0,-1097500.0,1500,-26.03566612390221,False,True,4.788604381334158
2232500.0,-1097500.0,1500,-40.9852822305831,False,True,4.494358697784662
2237500.0,-1097500.0,1500,-56.83181887006183,False,True,4.074212647331717
2242500.0,-1097500.0,1500,-62.22120408275125,True,True,3.903032932045249
2247500.0,-1097500.0,1500,-58.81215384593924,True,True,3.8009296400393398
2252500.0,-1097500.0,1500,-45.37055521552,False,True,3.9053866172712013
2257500.0,-1097500.0,1500,-33.174900774563454,False,True,4.1991143064022
2262500.0,-1097500.0,1500,-36.91987476812844,True,True,4.366941696868614
2267500.0,-1097500.0,1500,-46.05275693796753,True,True,4.492054445483626
2272500.0,-1097500.0,1500,-52.338179188502814,True,True,4.291081589084136
2277500.0,-1097500.0,1500,-74.8474544073417,True,True,3.7045829047992784
2282500.0,-1097500.0,1500,-83.97579060471342,True,True,4.798172384898999
2287500.0,-1097500.0,1500,-57.39409668846135,True,True,5.162134834255096
2292500.0,-1097500.0,1500,-30.053584958920727,True,True,4.7884925916037515
2297500.0,-1097500.0,1500,-9.954151673714126,False,True,6.093996021567787
2302500.0,-1097500.0,1500,13.24772910927259,False,True,6.469166462604625
2307500.0,-1097500.0,1500,34.67554320417583,False,True,5.087366242333378
2312500.0,-1097500.0,1500,48.762945606517356,False,True,3.5715116303007015
2317500.0,-1097500.0,1500,53.04262471151861,False,True,3.1906976233832385
2322500.0,-1097500.0,1500,50.725922785049285,False,False,3.0490770914326246
2327500.0,-1097500.0,1500,44.34692741003453,False,False,3.5002645752922543
2332500.0,-1097500.0,1500,29.776578943454194,False,False,4.554455230745599
2337500.0,-1097500.0,1500,12.891624631848126,False,False,4.823193304055146
2342500.0,-1097500.0,1500,-2.9059495822973123,False,False,4.109865542612775
2347500.0,-1097500.0,1500,-22.451870837253686,False,False,3.6858619484794324
2352500.0,-1097500.0,1500,-36.27536330357447,False,False,3.741499388525397
2357500.0,-1097500.0,1500,-43.13534998445707,False,False,4.195518121501021
2362500.0,-1097500.0,1500,-54.69041437891154,False,False,4.324812022803502
2367500.0,-1097500.0,1500,-62.41890940001574,False,False,5.23419712969195
2372500.0,-1097500.0,1500,-59.93531205263679,False,True,7.671515902436731
2377500.0,-1097500.0,1500,-56.36203454683936,False,True,8.683069617050084
2097500.0,-1092500.0,1500,3.3692630546178894,False,False,4.224600027067759
2102500.0,-1092500.0,1500,1.993038794351168,False,False,5.392245180743292
2107500.0,-1092500.0,1500,-0.03795488846920627,False,False,6.803298145209001
2112500.0,-1092500.0,1500,-1.1884372495342734,False,False,8.021997528543709
2117500.0,-1092500.0,1500,-2.5368914287535302,False,False,8.857073970837204
2122500.0,-1092500.0,1500,-1.3777147984138935,False,False,9.163257240662643
2127500.0,-1092500.0,1500,1.140335655858655,False,False,8.737638568879902
2132500.0,-1092500.0,1500,0.22584779113910164,False,False,7.280309553383075
2137500.0,-1092500.0,1500,-0.863863058287751,False,False,5.079305162331069
2142500.0,-1092500.0,1500,-0.06998736612429682,False,False,3.434588898638532
2147500.0,-1092500.0,1500,3.8882399297591426,False,False,3.7211428967068185
2152500.0,-1092500.0,1500,9.842088611384451,False,False,5.372439171591608
2157500.0,-1092500.0,1500,6.968029637413101,False,False,6.508626892137173
2162500.0,-1092500.0,1500,-4.0823891164230774,False,False,6.344595542828442
2167500.0,-1092500.0,1500,-11.591465635849199,False,False,5.028803082474168
2172500.0,-1092500.0,1500,-10.749791199947603,False,False,4.486704211182543
2177500.0,-1092500.0,1500,-9.211762023783901,False,False,5.5135496330859395
2182500.0,-1092500.0,1500,-5.644110527323409,False,False,6.22179033505066
2187500.0,-1092500.0,1500,2.9357903142286768,False,False,5.742310629941008
2192500.0,-1092500.0,1500,8.301251909934061,False,False,4.508329610617035
2197500.0,-1092500.0,1500,8.467462368883632,False,False,3.8078707621894785
2202500.0,-1092500.0,1500,-3.7899684119226804,False,False,4.076521973651745
2207500.0,-1092500.0,1500,-27.522108410306558,False,False,4.147204495442644
2212500.0,-1092500.0,1500,-38.30272075359792,False,False,4.191865530500952
2217500.0,-1092500.0,1500,-32.841989180566,False,False,4.384067467754951
2222500.0,-1092500.0,1500,-31.32767831182806,False,True,4.451592074440546
2227500.0,-1092500.0,1500,-37.091325377673876,False,True,4.805148203475143
2232500.0,-1092500.0,1500,-45.52498050348528,False,True,4.909186361812877
2237500.0,-1092500.0,1500,-54.021579499609096,False,True,4.439356951256385
2242500.0,-1092500.0,1500,-55.95242197074442,True,True,4.029669814226119
2247500.0,-1092500.0,1500,-48.8811316288645,False,True,3.822911551435454
2252500.0,-1092500.0,1500,-37.73676830684726,False,True,3.749871391869111
2257500.0,-1092500.0,1500,-33.70349286627607,False,True,4.016153588693815
2262500.0,-1092500.0,1500,-40.853737739552585,True,True,4.023968109787575
2267500.0,-1092500.0,1500,-46.34947414846208,True,True,4.197369221087181
2272500.0,-1092500.0,1500,-56.96406518495344,False,True,4.663701529766199
2277500.0,-1092500.0,1500,-82.06825020113958,True,True,4.045167587972018
2282500.0,-1092500.0,1500,-84.43261896496885,True,True,4.745594385750877
2287500.0,-1092500.0,1500,-54.89675494564625,True,True,5.589429289203569
2292500.0,-1092500.0,1500,-24.586445605771708,True,True,4.704299326784244
2297500.0,-1092500.0,1500,-0.39975221901656555,False,True,4.491229374776257
2302500.0,-1092500.0,1500,20.63110190159223,False,True,4.591992294179818
2307500.0,-1092500.0,1500,38.78392826425985,False,True,4.286003230472371
2312500.0,-1092500.0,1500,48.26955499755264,False,True,3.573554579096809
2317500.0,-1092500.0,1500,52.45004464581439,False,False,3.134477512734474
2322500.0,-1092500.0,1500,57.6401337852733,False,False,3.2697326658856483
2327500.0,-1092500.0,1500,53.13103081302075,False,False,3.4078496710356045
2332500.0,-1092500.0,1500,37.241849343875735,False,False,4.117047890038838
2337500.0,-1092500.0,1500,20.21380364855014,False,False,5.372758791450625
2342500.0,-1092500.0,1500,3.5633884849317807,False,False,4.84974256563004
2347500.0,-1092500.0,1500,-18.4083207789031,False,False,4.252321147496101
2352500.0,-1092500.0,1500,-37.784365211778116,False,False,4.441776195456703
2357500.0,-1092500.0,1500,-47.477027132916994,False,False,4.0940355211695225
2362500.0,-1092500.0,1500,-54.442956441491546,False,True,4.214488027818476
2367500.0,-1092500.0,1500,-59.46725275544813,False,True,4.522583905277746
2372500.0,-1092500.0,1500,-59.610188881908016,False,True,5.569077668278147
2377500.0,-1092500.0,1500,-58.69743584830265,False,True,7.138324263100644
2107500.0,-1087500.0,1500,-3.034027274735955,False,False,4.202776776339596
2112500.0,-1087500.0,1500,-5.974058508724935,False,False,5.35762182636198
2117500.0,-1087500.0,1500,-8.075123345102636,False,False,6.7057179541316305
2122500.0,-1087500.0,1500,-9.095689025262365,False,False,7.687800754404345
2127500.0,-1087500.0,1500,-8.494018869709993,False,False,8.027918542417998
2132500.0,-1087500.0,1500,-8.062025174587411,False,False,7.4372771842955
2137500.0,-1087500.0,1500,-5.51652165516166,False,False,5.715884007443324
2142500.0,-1087500.0,1500,3.6602431431137963,False,False,3.7734067324908263
2147500.0,-1087500.0,1500,12.832507904779566,False,False,4.168593892776468
2152500.0,-1087500.0,1500,15.57246409421334,False,False,6.012486376553852
2157500.0,-1087500.0,1500,11.4419244581175,False,False,6.644942056698291
2162500.0,-1087500.0,1500,1.847607000084256,False,False,6.0623810983828665
2167500.0,-1087500.0,1500,-6.232655569757105,False,False,4.606089538630434
2172500.0,-1087500.0,1500,-9.878646363153656,False,False,3.5082598058405225
2177500.0,-1087500.0,1500,-11.827533279370225,False,False,3.6065036743449577
2182500.0,-1087500.0,1500,-6.274226264911587,False,False,4.011395126479329
2187500.0,-1087500.0,1500,5.851776985691052,False,False,3.9777836674942026
2192500.0,-1087500.0,1500,10.614376641106926,False,False,3.5853294824451853
2197500.0,-1087500.0,1500,6.8163900858486475,False,False,3.352724908240562
2202500.0,-1087500.0,1500,-7.852557457659747,False,False,3.692052781285505
2207500.0,-1087500.0,1500,-29.65338585583061,False,False,4.68193344090373
2212500.0,-1087500.0,1500,-36.36551867519044,False,False,5.472879461179044
2217500.0,-1087500.0,1500,-35.98542698279737,False,False,4.9647590982323155
2222500.0,-1087500.0,1500,-41.480539398972496,False,True,4.542410269899559
2227500.0,-1087500.0,1500,-44.32503043351848,False,True,4.908656777715205
2232500.0,-1087500.0,1500,-46.77816675855487,False,True,4.7972434977987355
2237500.0,-1087500.0,1500,-56.27858376966516,False,True,4.329632502907215
2242500.0,-1087500.0,1500,-56.51438236037836,True,True,3.9829498268501657
2247500.0,-1087500.0,1500,-39.6183250154236,False,True,3.71663472578933
2252500.0,-1087500.0,1500,-29.87974132550153,False,True,3.6881089565529774
2257500.0,-1087500.0,1500,-35.91735798953195,True,True,3.7959807705018416
2262500.0,-1087500.0,1500,-45.93937241986705,True,True,3.8737887070956947
2267500.0,-1087500.0,1500,-50.136813925406805,True,True,4.042082110231655
2272500.0,-1087500.0,1500,-65.23255844729101,False,True,4.778537047939528
2277500.0,-1087500.0,1500,-91.98945677711393,True,True,4.320622703978993
2282500.0,-1087500.0,1500,-87.9073758368827,True,True,4.381267558263053
2287500.0,-1087500.0,1500,-54.70579992265699,True,True,5.574070715294297
2292500.0,-1087500.0,1500,-23.272407886342926,False,True,5.434016830455495
2297500.0,-1087500.0,1500,5.247576418904899,False,True,4.809572013973604
2302500.0,-1087500.0,1500,28.740851858032205,False,True,3.9914807664411183
2307500.0,-1087500.0,1500,43.17589771529975,False,True,3.6382245533155118
2312500.0,-1087500.0,1500,50.924519890827206,False,False,3.410619120967808
2317500.0,-1087500.0,1500,57.45159133295209,False,False,3.122792331445409
2322500.0,-1087500.0,1500,60.50482422097353,False,False,3.283175744065288
2327500.0,-1087500.0,1500,51.75277544083982,False,False,3.366252092437465
2332500.0,-1087500.0,1500,36.1065368260245,False,False,3.3793099712622277
2337500.0,-1087500.0,1500,23.73307723583973,False,False,4.381315357146093
2342500.0,-1087500.0,1500,13.715784868478837,False,False,4.57257561356695
2347500.0,-1087500.0,1500,-6.226409298175824,False,False,4.818145535855468
2352500.0,-1087500.0,1500,-33.05645830330414,False,True,5.258492524751993
2357500.0,-1087500.0,1500,-50.985309523589244,False,True,4.902283876267382
2362500.0,-1087500.0,1500,-57.03504874693082,False,True,5.871895702522291
2367500.0,-1087500.0,1500,-58.445193128662346,False,True,6.248021027299309
2372500.0,-1087500.0,1500,-59.22800465258453,False,True,5.431474594160733
2377500.0,-1087500.0,1500,-61.0071171273118,False,True,5.124761716393775
2107500.0,-1082500.0,1500,-2.63641557967664,False,False,3.828327167405827
2112500.0,-1082500.0,1500,-7.3039451106994555,False,False,3.7157751725427746
2117500.0,-1082500.0,1500,-7.596515670531062,False,False,4.179934918811377
2122500.0,-1082500.0,1500,-11.955276415080776,False,False,5.208671465674298
2127500.0,-1082500.0,1500,-15.25914119889665,False,False,6.3122843489965925
2132500.0,-1082500.0,1500,-10.048501426556408,False,False,6.66812220517356
2137500.0,-1082500.0,1500,-1.0383598513142829,False,False,5.529014733863205
2142500.0,-1082500.0,1500,9.853151738398324,False,False,3.824250883475785
2147500.0,-1082500.0,1500,16.10002896209243,False,False,3.9990314601421724
2152500.0,-1082500.0,1500,14.610782670714672,False,False,4.885418238764725
2157500.0,-1082500.0,1500,9.543862455767744,False,False,4.778379521309144
2162500.0,-1082500.0,1500,1.4653303728128004,False,False,4.374340784968363
2167500.0,-1082500.0,1500,-6.071181042805784,False,False,4.063817690833688
2172500.0,-1082500.0,1500,-13.653547728242428,False,False,3.9318162403157295
2177500.0,-1082500.0,1500,-16.377454867563817,False,False,3.7899461753611616
2182500.0,-1082500.0,1500,-6.46674472641152,False,False,3.470541717422341
2187500.0,-1082500.0,1500,7.297887921665428,False,False,3.19334592427428
2192500.0,-1082500.0,1500,8.486930334630893,False,False,3.3209739542149563
2197500.0,-1082500.0,1500,-1.150060946258512,False,False,3.9231962857413754
2202500.0,-1082500.0,1500,-15.233122986973525,False,False,4.202602746277647
2207500.0,-1082500.0,1500,-30.698799392510818,False,False,4.931786135614351
2212500.0,-1082500.0,1500,-34.668343280767886,False,False,5.51627874496078
2217500.0,-1082500.0,1500,-37.452111503361515,False,False,4.648035340451732
2222500.0,-1082500.0,1500,-43.45267684993669,False,False,5.091435796551428
2227500.0,-1082500.0,1500,-43.19228840844778,False,True,6.191513589350152
2232500.0,-1082500.0,1500,-47.55652065329186,False,True,5.609934759526119
2237500.0,-1082500.0,1500,-57.05312543772849,False,True,4.458337455682822
2242500.0,-1082500.0,1500,-50.54518091113179,False,True,3.7963709306703413
2247500.0,-1082500.0,1500,-32.14399680774422,False,True,3.562678398267327
2252500.0,-1082500.0,1500,-28.843165293466203,False,True,3.779702226237813
2257500.0,-1082500.0,1500,-38.63657023292228,True,True,3.950880419076312
2262500.0,-1082500.0,1500,-51.53285705409886,True,True,3.90552236310449
2267500.0,-1082500.0,1500,-60.75700015464427,True,True,4.2080656712419025
2272500.0,-1082500.0,1500,-77.78280724286331,False,True,5.282954712879853
2277500.0,-1082500.0,1500,-101.27904034262181,True,True,4.66630108089989
2282500.0,-1082500.0,1500,-93.74011627685869,True,True,4.487993099299034
2287500.0,-1082500.0,1500,-59.25572590381398,True,True,5.6281632407359155
2292500.0,-1082500.0,1500,-25.26149084327831,False,True,5.237161578845445
2297500.0,-1082500.0,1500,2.5791023310757724,False,True,4.633580957291674
2302500.0,-1082500.0,1500,17.760252961434595,False,True,4.179269616044571
2307500.0,-1082500.0,1500,26.12365433527511,False,True,4.023468670955039
2312500.0,-1082500.0,1500,42.060852337132,False,False,3.9860394133760852
2317500.0,-1082500.0,1500,56.57417559628844,False,False,3.5689538891667167
2322500.0,-1082500.0,1500,58.166164616739245,False,False,3.5343858638955146
2327500.0,-1082500.0,1500,50.604659055056814,False,False,3.782565466530566
2332500.0,-1082500.0,1500,38.424360862643105,False,False,3.3502042570828343
2337500.0,-1082500.0,1500,27.215080879002752,False,False,3.459331301918336
2342500.0,-1082500.0,1500,20.42066305276668,False,False,4.1442094676715655
2347500.0,-1082500.0,1500,10.801186827866818,False,True,4.412272271345787
2352500.0,-1082500.0,1500,-15.644835655133878,False,True,5.035282840159162
2357500.0,-1082500.0,1500,-45.91717596254763,False,True,5.23840155713672
2362500.0,-1082500.0,1500,-57.289386363537005,False,True,6.379909748300643
2367500.0,-1082500.0,1500,-58.400539750131244,False,True,8.403064575447912
2372500.0,-1082500.0,1500,-59.78848939615132,False,True,8.199600348403372
2377500.0,-1082500.0,1500,-63.113707480348815,False,True,6.566192097962013
2107500.0,-1077500.0,1500,0.257705651078916,False,False,4.690060281075843
2112500.0,-1077500.0,1500,-4.952473459978901,False,False,4.36270129238034
2117500.0,-1077500.0,1500,-6.037381840405603,False,False,3.852342343491903
2122500.0,-1077500.0,1500,-12.394648021321277,False,False,3.718504000348202
2127500.0,-1077500.0,1500,-15.037191117931267,False,False,4.099222139101861
2132500.0,-1077500.0,1500,-6.402701185396211,False,False,4.782406435514454
2137500.0,-1077500.0,1500,3.8751719030322254,False,False,4.823495818438965
2142500.0,-1077500.0,1500,11.056908704802753,False,False,3.7778905051229836
2147500.0,-1077500.0,1500,12.153058018475344,False,False,3.248089675315351
2152500.0,-1077500.0,1500,9.854096941419975,False,False,3.6931003251596266
2157500.0,-1077500.0,1500,5.9896598599041235,False,False,4.2246977232736125
2162500.0,-1077500.0,1500,-2.293334868162979,False,False,4.688640457841512
2167500.0,-1077500.0,1500,-9.417341715340049,False,False,5.163518645290177
2172500.0,-1077500.0,1500,-15.061596994221384,False,False,5.478647265222036
2177500.0,-1077500.0,1500,-15.888191565484863,False,False,5.097526141683807
2182500.0,-1077500.0,1500,-7.4534025932719095,False,False,4.045732761799322
2187500.0,-1077500.0,1500,3.9163177764279196,False,False,3.4915154059347153
2192500.0,-1077500.0,1500,6.148305957891401,False,False,3.686098551674647
2197500.0,-1077500.0,1500,-0.2621826345452075,False,False,4.203125337675491
2202500.0,-1077500.0,1500,-11.966323899677445,False,False,4.2994766867577
2207500.0,-1077500.0,1500,-28.394481817344005,False,False,4.305928325150904
2212500.0,-1077500.0,1500,-34.19986066054256,False,False,4.33986805844654
2217500.0,-1077500.0,1500,-37.20224476427682,False,False,4.633187265514526
2222500.0,-1077500.0,1500,-43.124731047706575,False,False,6.362182847899103
2227500.0,-1077500.0,1500,-42.81315183364501,False,True,7.368865761817831
2232500.0,-1077500.0,1500,-46.1193504246013,False,True,6.059296851317917
2237500.0,-1077500.0,1500,-49.7130676979031,False,True,4.313759264461844
2242500.0,-1077500.0,1500,-40.91010656833989,False,True,3.520477579966453
2247500.0,-1077500.0,1500,-32.9676167080021,False,True,3.5284276848301457
2252500.0,-1077500.0,1500,-39.79452128017354,False,True,4.0126899121260395
2257500.0,-1077500.0,1500,-45.17613787700091,True,True,4.158063093457141
2262500.0,-1077500.0,1500,-53.134123078271365,False,True,3.91953525116345
2267500.0,-1077500.0,1500,-69.01149907039495,True,True,3.907772765602107
2272500.0,-1077500.0,1500,-90.64690638680364,True,True,4.700380273870336
2277500.0,-1077500.0,1500,-110.83933745960621,True,True,4.398345249533727
2282500.0,-1077500.0,1500,-102.14151039834445,True,True,4.258667632789814
2287500.0,-1077500.0,1500,-68.69839649945851,True,True,4.967458815656505
2292500.0,-1077500.0,1500,-31.72400631064123,False,True,4.4013853776351475
2297500.0,-1077500.0,1500,-5.470519826011466,False,True,4.440252351715041
2302500.0,-1077500.0,1500,0.8413873928475853,False,True,5.143424187009813
2307500.0,-1077500.0,1500,4.183014249917611,False,True,5.650751166910646
2312500.0,-1077500.0,1500,22.365903318748874,False,False,6.0145975904424365
2317500.0,-1077500.0,1500,39.27743632125333,False,False,5.208084597040818
2322500.0,-1077500.0,1500,44.85862636918482,False,False,4.122637074374972
2327500.0,-1077500.0,1500,47.275103138008305,False,False,3.8033998777221223
2332500.0,-1077500.0,1500,42.826190131533366,False,False,3.473099379176174
2337500.0,-1077500.0,1500,32.839616713372045,False,False,3.1147793859882116
2342500.0,-1077500.0,1500,23.29371412158588,False,False,3.5518922503310173
2347500.0,-1077500.0,1500,18.05875898425449,False,True,3.857214894562968
2352500.0,-1077500.0,1500,-2.3045035426213607,False,True,4.230358131256416
2357500.0,-1077500.0,1500,-38.048153559656875,False,True,4.834396246392271
2362500.0,-1077500.0,1500,-53.87008366787586,False,True,5.614469563227434
2367500.0,-1077500.0,1500,-55.52215345397468,False,True,7.879331623951893
2372500.0,-1077500.0,1500,-59.43758004094668,True,True,9.564014015732337
2377500.0,-1077500.0,1500,-62.64863131661378,True,True,9.07135029587632
2107500.0,-1072500.0,1500,2.3662664062346543,False,False,3.81864435413984
2112500.0,-1072500.0,1500,-3.8276726437838517,False,False,4.321040348383688
2117500.0,-1072500.0,1500,-6.983622347202614,False,False,4.6263708358316435
2122500.0,-1072500.0,1500,-10.037739827200383,False,False,4.3642090153930315
2127500.0,-1072500.0,1500,-7.853866343247365,False,False,3.8532070099477647
2132500.0,-1072500.0,1500,0.45515025921975616,False,False,3.67040941292754
2137500.0,-1072500.0,1500,7.054063965146976,False,False,4.046496599733785
2142500.0,-1072500.0,1500,8.32681576818347,False,False,3.7399776322455716
2147500.0,-1072500.0,1500,5.7528737585482626,False,False,3.410487172450187
2152500.0,-1072500.0,1500,3.316967393800745,False,False,4.6588365150395505
2157500.0,-1072500.0,1500,-0.03693699904184806,False,False,6.158212146254328
2162500.0,-1072500.0,1500,-7.057492080810022,False,False,7.0099368314018005
2167500.0,-1072500.0,1500,-12.877470398825292,False,False,7.278435505049701
2172500.0,-1072500.0,1500,-15.153628456541698,False,False,6.604458424148178
2177500.0,-1072500.0,1500,-13.747532882918263,False,False,4.885328033916471
2182500.0,-1072500.0,1500,-8.441668205466954,False,False,4.0795772274873645
2187500.0,-1072500.0,1500,-0.6841056490531264,False,False,4.920106183349366
2192500.0,-1072500.0,1500,5.489555459827911,False,False,5.236852830434634
2197500.0,-1072500.0,1500,8.04572899013276,False,False,4.701455081825041
2202500.0,-1072500.0,1500,1.181919307188953,False,False,4.18709621425408
2207500.0,-1072500.0,1500,-22.715968419621316,False,False,3.8324305733176276
2212500.0,-1072500.0,1500,-39.47064474772384,False,False,3.5572756047084546
2217500.0,-1072500.0,1500,-42.42915250087377,False,False,4.51297347940328
2222500.0,-1072500.0,1500,-44.38975164149805,False,False,6.141607567338618
2227500.0,-1072500.0,1500,-41.973814299694574,False,False,6.0548557749303455
2232500.0,-1072500.0,1500,-39.22768575738092,False,True,4.801246490870531
2237500.0,-1072500.0,1500,-36.700590063433516,False,True,3.8179384660071127
2242500.0,-1072500.0,1500,-35.2425451976462,False,True,3.583926753794804
2247500.0,-1072500.0,1500,-41.42578263717185,False,True,3.8489523792257017
2252500.0,-1072500.0,1500,-52.329570970214114,True,True,4.066882637676863
2257500.0,-1072500.0,1500,-53.08094672330257,True,True,4.029455976786467
2262500.0,-1072500.0,1500,-57.257675659852026,False,True,3.9425134429150894
2267500.0,-1072500.0,1500,-76.19369908543395,True,True,3.701946870314167
2272500.0,-1072500.0,1500,-99.55131045811905,True,True,3.848749408967272
2277500.0,-1072500.0,1500,-119.20908236646198,True,True,3.9356024768746556
2282500.0,-1072500.0,1500,-111.56255784894817,True,True,3.927243196653462
2287500.0,-1072500.0,1500,-77.02610975476519,True,True,4.316155020919592
2292500.0,-1072500.0,1500,-39.011009386684925,False,True,4.5294531226609465
2297500.0,-1072500.0,1500,-11.7906321762894,False,True,5.532551280135899
2302500.0,-1072500.0,1500,-1.8253161909947369,False,True,6.684053974918065
2307500.0,-1072500.0,1500,4.771403618340028,False,True,7.127230241977644
2312500.0,-1072500.0,1500,19.541625682026,False,False,7.340510338966244
2317500.0,-1072500.0,1500,29.286766947338858,False,False,6.55357167335044
2322500.0,-1072500.0,1500,33.129136745955606,False,False,4.526198135087784
2327500.0,-1072500.0,1500,42.95397707961841,False,False,3.2275444533032687
2332500.0,-1072500.0,1500,47.53474761112943,False,False,3.6322548391964276
2337500.0,-1072500.0,1500,40.519663122620294,False,False,3.628972161755674
2342500.0,-1072500.0,1500,25.00490996733363,False,True,3.1904207951448535
2347500.0,-1072500.0,1500,11.234086429784092,False,True,3.4798097096871468
2352500.0,-1072500.0,1500,-5.2900401679596465,False,True,3.730223997551141
2357500.0,-1072500.0,1500,-33.313713717984974,False,True,4.626107519367614
2362500.0,-1072500.0,1500,-47.429543675328226,True,True,5.058051253132009
2367500.0,-1072500.0,1500,-48.73957864339408,False,True,6.209563585830905
2372500.0,-1072500.0,1500,-52.598493971223434,False,True,8.488197850407053
2377500.0,-1072500.0,1500,-53.94329774068847,False,True,8.50197665955585
2112500.0,-1067500.0,1500,-1.5540284131104118,False,False,3.669904055571992
2117500.0,-1067500.0,1500,-4.465684322236006,False,False,3.768126349246269
2122500.0,-1067500.0,1500,-6.246705326427788,False,False,4.17951720865366
2127500.0,-1067500.0,1500,-4.881974411015487,False,False,4.442522177654869
2132500.0,-1067500.0,1500,1.283538218539129,False,False,4.250256844643271
2137500.0,-1067500.0,1500,7.8135326036767925,False,False,4.129753541212566
2142500.0,-1067500.0,1500,7.6881693368546555,False,False,3.6635572045155254
2147500.0,-1067500.0,1500,3.6262517250402824,False,False,4.173664301979439
2152500.0,-1067500.0,1500,-1.0607121172601186,False,False,6.108126098240067
2157500.0,-1067500.0,1500,-6.851815685384842,False,False,7.181272800958952
2162500.0,-1067500.0,1500,-13.401291344052213,False,False,7.50978104891246
2167500.0,-1067500.0,1500,-17.989943614463318,False,False,7.525268064996858
2172500.0,-1067500.0,1500,-16.72411856198274,False,False,6.389043752327225
2177500.0,-1067500.0,1500,-11.619805143351504,False,False,4.114097135543264
2182500.0,-1067500.0,1500,-6.899358686474004,False,False,4.092255344481716
2187500.0,-1067500.0,1500,-0.18900513729591392,False,False,6.148573006077678
2192500.0,-1067500.0,1500,7.581639777333268,False,False,6.939208077872867
2197500.0,-1067500.0,1500,11.896933734193418,False,False,6.29755920301136
2202500.0,-1067500.0,1500,8.851788538459388,False,False,5.070760958537826
2207500.0,-1067500.0,1500,-13.025893458817142,False,False,4.124930890568877
2212500.0,-1067500.0,1500,-33.264450547181774,False,False,3.5482516715575785
2217500.0,-1067500.0,1500,-38.665446114954946,False,False,3.8546506639661167
2222500.0,-1067500.0,1500,-41.40786113210977,False,False,4.443687686165053
2227500.0,-1067500.0,1500,-37.725610637637196,False,False,4.038499680615299
2232500.0,-1067500.0,1500,-33.230741554472786,False,False,3.6116892355042785
2237500.0,-1067500.0,1500,-32.906294086088096,False,True,3.524305164153238
2242500.0,-1067500.0,1500,-37.78251549699163,False,True,3.587922677725018
2247500.0,-1067500.0,1500,-45.75533836726153,False,True,3.77431511163362
2252500.0,-1067500.0,1500,-52.4465968338127,False,True,3.771029108341968
2257500.0,-1067500.0,1500,-57.0069167570768,False,True,3.794322712505924
2262500.0,-1067500.0,1500,-67.25392582588383,False,True,4.061840183753103
2267500.0,-1067500.0,1500,-85.67037439047427,True,True,3.908339385066263
2272500.0,-1067500.0,1500,-106.08369400968394,True,True,3.7293590607044536
2277500.0,-1067500.0,1500,-124.73009234832118,True,True,3.725511938437283
2282500.0,-1067500.0,1500,-118.31968275870689,True,True,3.6849925462443154
2287500.0,-1067500.0,1500,-83.0818929783073,True,True,4.037782475979249
2292500.0,-1067500.0,1500,-42.46536584202784,False,True,4.539463771219378
2297500.0,-1067500.0,1500,-13.75523571537014,False,True,5.0403844391014605
2302500.0,-1067500.0,1500,-1.9244111649966538,False,True,5.188654076711829
2307500.0,-1067500.0,1500,7.649965806415914,False,True,5.2339273483833475
2312500.0,-1067500.0,1500,22.755807986398345,False,False,5.913010310674406
2317500.0,-1067500.0,1500,31.154893077994014,False,False,6.261483325482626
2322500.0,-1067500.0,1500,35.12895479121294,False,False,4.605428345467927
2327500.0,-1067500.0,1500,46.587447741232204,False,False,3.0215487119291344
2332500.0,-1067500.0,1500,51.24386763909809,False,False,3.4724647145105147
2337500.0,-1067500.0,1500,42.508286659825885,False,False,3.739003651463163
2342500.0,-1067500.0,1500,28.731115848685373,False,False,3.1719653152828973
2347500.0,-1067500.0,1500,11.428637557849877,False,True,3.2532212958220637
2352500.0,-1067500.0,1500,-9.746485871947156,False,True,3.8611764021517274
2357500.0,-1067500.0,1500,-31.83837020582723,False,True,4.490808291747804
2362500.0,-1067500.0,1500,-41.28076813297291,False,True,4.579208263393949
2367500.0,-1067500.0,1500,-41.6746180009101,False,True,4.844774504630035
2372500.0,-1067500.0,1500,-41.706470283166645,False,True,5.9961552909884634
2377500.0,-1067500.0,1500,-40.42954812036384,False,True,5.903364875214116
2117500.0,-1062500.0,1500,1.1886872995647575,False,False,4.290038326854027
2122500.0,-1062500.0,1500,-2.6391027280613817,False,False,3.7642290124827458
2127500.0,-1062500.0,1500,-4.431241524076604,False,False,3.6580925489277196
2132500.0,-1062500.0,1500,0.3195203551683662,False,False,3.885828807117102
2137500.0,-1062500.0,1500,7.737831044731091,False,False,3.928006748687012
2142500.0,-1062500.0,1500,9.618243009950792,False,False,3.6382541029697846
2147500.0,-1062500.0,1500,5.4076343900091315,False,False,4.736177360641827
2152500.0,-1062500.0,1500,-2.256503396350633,False,False,6.405297112716754
2157500.0,-1062500.0,1500,-10.750336344134606,False,False,6.318639709584005
2162500.0,-1062500.0,1500,-17.753360772839542,False,False,5.786516942394362
2167500.0,-1062500.0,1500,-20.863625849581307,False,False,6.115110542911726
2172500.0,-1062500.0,1500,-18.218679047884415,False,False,5.9944233868241845
2177500.0,-1062500.0,1500,-12.396851573926071,False,False,4.481216018681275
2182500.0,-1062500.0,1500,-6.2354846303440175,False,False,3.9074389615500142
2187500.0,-1062500.0,1500,2.9131119295797228,False,False,5.406602931851266
2192500.0,-1062500.0,1500,10.137484666076555,False,False,6.662809165240592
2197500.0,-1062500.0,1500,10.232785973294947,False,False,6.5207973064802704
2202500.0,-1062500.0,1500,7.809128678506543,False,False,5.592376452693207
2207500.0,-1062500.0,1500,0.7399809275604481,False,False,4.489797730803402
2212500.0,-1062500.0,1500,-8.145879290466036,False,False,3.622569447157094
2217500.0,-1062500.0,1500,-21.938133186357547,False,False,3.331116919366075
2222500.0,-1062500.0,1500,-33.382113566632576,False,False,3.3723195078991
2227500.0,-1062500.0,1500,-30.763664535202935,False,False,3.6682524076304603
2232500.0,-1062500.0,1500,-29.784302579744804,False,False,3.658539982254667
2237500.0,-1062500.0,1500,-36.9332951765014,False,True,3.4050550754967728
2242500.0,-1062500.0,1500,-43.0228078533792,False,True,3.3885342329237638
2247500.0,-1062500.0,1500,-40.40243023289194,False,True,3.4387469442947083
2252500.0,-1062500.0,1500,-39.6126731056087,False,True,3.53819546102147
2257500.0,-1062500.0,1500,-53.73825106759729,False,True,4.037678712092797
2262500.0,-1062500.0,1500,-74.35698954273606,True,True,4.970167678636287
2267500.0,-1062500.0,1500,-91.65418305620398,True,True,4.885827929804814
2272500.0,-1062500.0,1500,-108.8316641208339,True,True,4.016675321233837
2277500.0,-1062500.0,1500,-123.7298757449167,True,True,3.659155474617605
2282500.0,-1062500.0,1500,-121.13812777034839,True,True,3.9618186406534557
2287500.0,-1062500.0,1500,-92.42215386303864,True,True,4.197149318193347
2292500.0,-1062500.0,1500,-46.35391305437756,False,True,4.453048473686348
2297500.0,-1062500.0,1500,-11.063651024209808,False,True,4.604678364621672
2302500.0,-1062500.0,1500,1.8174775262669425,False,True,4.072562666039225
2307500.0,-1062500.0,1500,7.835299554612815,False,True,3.8273364946077444
2312500.0,-1062500.0,1500,17.407949510803462,False,False,4.329078528378597
2317500.0,-1062500.0,1500,30.544167038906775,False,False,4.842711791394235
2322500.0,-1062500.0,1500,44.050988408481004,False,False,4.0798788978906515
2327500.0,-1062500.0,1500,53.64693870434098,False,False,3.0694678395128263
2332500.0,-1062500.0,1500,51.42244744631874,False,False,3.1140277565674683
2337500.0,-1062500.0,1500,40.85749168011143,False,False,3.5343872973229535
2342500.0,-1062500.0,1500,33.88137966454379,False,False,3.6958088492097363
2347500.0,-1062500.0,1500,20.852644481182622,False,True,3.3903415275177635
2352500.0,-1062500.0,1500,-8.621844160175913,False,True,3.694142035760331
2357500.0,-1062500.0,1500,-30.412964427356382,False,True,4.132718575911822
2362500.0,-1062500.0,1500,-33.65277235921332,False,True,4.280644309324576
2367500.0,-1062500.0,1500,-35.81524880325414,False,True,4.080072211702029
2372500.0,-1062500.0,1500,-36.30533693493062,False,True,4.0223713772464595
2377500.0,-1062500.0,1500,-32.92837499810392,False,True,4.629935577422782
2112500.0,-1057500.0,1500,0.9572371120445604,False,False,7.64046059453103
2117500.0,-1057500.0,1500,0.1456100663942786,False,False,6.828733442879314
2122500.0,-1057500.0,1500,-0.8487917527425668,False,False,5.615909648189771
2127500.0,-1057500.0,1500,0.0032484096391124997,False,False,4.349784481579648
2132500.0,-1057500.0,1500,5.514932498752972,False,False,3.4654897494539068
2137500.0,-1057500.0,1500,11.086061010289377,False,False,3.1362640754152853
2142500.0,-1057500.0,1500,10.670322678988418,False,False,3.3630178087651226
2147500.0,-1057500.0,1500,3.020384501574143,False,False,4.518857859280777
2152500.0,-1057500.0,1500,-6.793306815146208,False,False,5.694834557989396
2157500.0,-1057500.0,1500,-14.85976825318588,False,False,5.249633882036773
2162500.0,-1057500.0,1500,-19.221693699527975,False,False,4.17992123145397
2167500.0,-1057500.0,1500,-17.520459841545065,False,False,4.224856431936619
2172500.0,-1057500.0,1500,-13.44345718160091,False,False,5.077595984314399
2177500.0,-1057500.0,1500,-9.093167715211148,False,False,4.986082853303148
2182500.0,-1057500.0,1500,-2.755910594720988,False,False,3.9228048815544376
2187500.0,-1057500.0,1500,5.3825881005973475,False,False,3.907697756836016
2192500.0,-1057500.0,1500,10.425732383568173,False,False,4.593231522815405
2197500.0,-1057500.0,1500,9.534809515247787,False,False,4.584405734263808
2202500.0,-1057500.0,1500,7.592759291477908,False,False,4.303102717938154
2207500.0,-1057500.0,1500,10.09418860121533,False,False,3.8563713764676373
2212500.0,-1057500.0,1500,5.518737882410423,False,False,3.5009485178514095
2217500.0,-1057500.0,1500,-15.215962354553715,False,False,3.4368909200744127
2222500.0,-1057500.0,1500,-22.429445516007345,False,False,3.537820624506432
2227500.0,-1057500.0,1500,-19.519733186792227,False,False,3.9986383236265577
2232500.0,-1057500.0,1500,-28.3382055595996,False,False,3.7593679234193327
2237500.0,-1057500.0,1500,-38.57867623270617,False,False,3.2660432787097684
2242500.0,-1057500.0,1500,-38.78956943358572,False,True,3.2835627243344483
2247500.0,-1057500.0,1500,-29.201972029092765,False,True,3.3300944996150688
2252500.0,-1057500.0,1500,-28.239974243508062,False,True,3.4928107913831066
2257500.0,-1057500.0,1500,-49.56031506363172,False,True,4.071459705189737
2262500.0,-1057500.0,1500,-77.45870957359725,True,True,4.76902519133662
2267500.0,-1057500.0,1500,-93.72086744866155,True,True,4.71400806016334
2272500.0,-1057500.0,1500,-107.46482074618993,True,True,4.080009754904763
2277500.0,-1057500.0,1500,-121.14667612914748,True,True,3.701229142553201
2282500.0,-1057500.0,1500,-122.17947262367738,True,True,4.143189821004161
2287500.0,-1057500.0,1500,-95.2455764403791,True,True,4.3747655607609595
2292500.0,-1057500.0,1500,-44.270591430169745,False,True,4.348352422880622
2297500.0,-1057500.0,1500,-3.7415475685153936,False,True,4.415315759136714
2302500.0,-1057500.0,1500,9.163201333054683,False,True,3.9945053644454225
2307500.0,-1057500.0,1500,7.639947976522377,False,True,3.6989061485177395
2312500.0,-1057500.0,1500,12.045709780688998,False,False,3.6802651928656824
2317500.0,-1057500.0,1500,28.277786153994178,False,False,3.64941582924447
2322500.0,-1057500.0,1500,46.3275378736543,False,False,3.355202426091961
2327500.0,-1057500.0,1500,55.20926355032882,False,False,3.1141233187996544
2332500.0,-1057500.0,1500,51.499940210648305,False,False,3.0452816444239463
2337500.0,-1057500.0,1500,40.78104586686167,False,False,3.262102265037063
2342500.0,-1057500.0,1500,32.491186223927805,False,False,3.6725556628666896
2347500.0,-1057500.0,1500,17.59511799183733,False,False,3.4900521191907057
2352500.0,-1057500.0,1500,-18.18646868337268,False,True,3.3911503367288924
2357500.0,-1057500.0,1500,-34.27903911438984,False,True,3.833001447515916
2362500.0,-1057500.0,1500,-23.116339529591233,False,True,3.915493038056198
2367500.0,-1057500.0,1500,-22.314648933288442,False,True,3.5895396087079883
2372500.0,-1057500.0,1500,-29.59806323055384,False,True,3.533220149654544
2377500.0,-1057500.0,1500,-31.544805242358027,False,True,5.0317200581518735
2117500.0,-1052500.0,1500,-3.4776181326279128,False,False,8.551663671437373
2122500.0,-1052500.0,1500,-0.3768926670117769,False,False,7.739150244817708
2127500.0,-1052500.0,1500,4.7925690893735435,False,False,6.285062801675535
2132500.0,-1052500.0,1500,11.366701994170178,False,False,4.182413510614366
2137500.0,-1052500.0,1500,14.10193285627443,False,False,3.1312823206975393
2142500.0,-1052500.0,1500,8.355488059436995,False,False,3.3507702510397843
2147500.0,-1052500.0,1500,-3.0899924168949537,False,False,3.612353211318965
2152500.0,-1052500.0,1500,-12.333233543825736,False,False,4.094048225365284
2157500.0,-1052500.0,1500,-17.427821718152764,False,False,4.361102520078598
2162500.0,-1052500.0,1500,-18.14906308043227,False,False,3.9362170274928765
2167500.0,-1052500.0,1500,-12.727574131120708,False,False,3.46004937764042
2172500.0,-1052500.0,1500,-4.721156119719422,False,False,3.7831221279103833
2177500.0,-1052500.0,1500,2.309312923763148,False,False,4.061771239948996
2182500.0,-1052500.0,1500,6.934154584254104,False,False,3.6130594548954114
2187500.0,-1052500.0,1500,10.163875813408858,False,False,3.254577979189869
2192500.0,-1052500.0,1500,12.536130476880684,False,False,3.2746379583416663
2197500.0,-1052500.0,1500,12.083833538237775,False,False,3.4823200912671357
2202500.0,-1052500.0,1500,9.198934064166524,False,False,3.577542193619842
2207500.0,-1052500.0,1500,8.21486019168676,False,False,3.7282274733917102
2212500.0,-1052500.0,1500,-1.6597293852971822,False,False,4.409025789643956
2217500.0,-1052500.0,1500,-19.139949520850774,False,False,4.34676309009334
2222500.0,-1052500.0,1500,-17.44989915104162,False,False,3.7765034524325793
2227500.0,-1052500.0,1500,-14.638865768771552,False,False,3.544533276364455
2232500.0,-1052500.0,1500,-21.906021720341872,False,False,3.2894262598389856
2237500.0,-1052500.0,1500,-26.0852900611695,False,False,3.2655359956487455
2242500.0,-1052500.0,1500,-27.293742422729466,False,True,3.3856079528991714
2247500.0,-1052500.0,1500,-23.69482840054765,False,True,3.373606574906729
2252500.0,-1052500.0,1500,-28.955918090859907,False,True,3.6240322026062404
2257500.0,-1052500.0,1500,-51.447197171957356,False,True,4.2968237131831035
2262500.0,-1052500.0,1500,-76.91725413790515,True,True,4.841789616362924
2267500.0,-1052500.0,1500,-92.76161679660477,True,True,5.111940918012218
2272500.0,-1052500.0,1500,-104.52676913863849,True,True,5.038262226557218
2277500.0,-1052500.0,1500,-119.43624781009224,True,True,4.164656133409343
2282500.0,-1052500.0,1500,-122.93894379946047,True,True,4.17875422848762
2287500.0,-1052500.0,1500,-91.06907288574173,True,True,4.939980563597756
2292500.0,-1052500.0,1500,-35.5473864965962,False,True,4.562674407843539
2297500.0,-1052500.0,1500,4.678374600191803,False,True,3.843613586565519
2302500.0,-1052500.0,1500,15.773960419983231,False,True,3.691466160746197
2307500.0,-1052500.0,1500,11.258753883701978,False,True,3.5686257539467845
2312500.0,-1052500.0,1500,14.21817727085637,False,False,3.2659111129229914
2317500.0,-1052500.0,1500,27.86533975645197,False,False,3.1195586618898625
2322500.0,-1052500.0,1500,44.803550412176925,False,False,2.902699041436973
2327500.0,-1052500.0,1500,56.12679307828689,False,False,2.9621846269916077
2332500.0,-1052500.0,1500,52.00592619846641,False,False,2.9913740512974427
2337500.0,-1052500.0,1500,40.81901032555293,False,False,2.9326373539256085
2342500.0,-1052500.0,1500,33.234140581844294,False,False,3.126321309869136
2347500.0,-1052500.0,1500,17.173313422096218,False,False,3.340632111440487
2352500.0,-1052500.0,1500,-22.213140218980705,False,False,3.3702682531735317
2357500.0,-1052500.0,1500,-36.60891567760786,False,False,3.5661334835999616
2362500.0,-1052500.0,1500,-15.503763781959695,False,True,3.6392188259355094
2367500.0,-1052500.0,1500,-6.962767095258707,False,False,3.522105397468696
2372500.0,-1052500.0,1500,-18.73984289056022,False,False,3.4839478269563067
2377500.0,-1052500.0,1500,-30.259647298057903,False,False,4.671032267620145
2122500.0,-1047500.0,1500,-0.07099894342237167,False,False,8.52929871016162
2127500.0,-1047500.0,1500,7.106643619979623,False,False,7.120711264717
2132500.0,-1047500.0,1500,12.877272963552194,False,False,4.763623494024811
2137500.0,-1047500.0,1500,13.312564194106148,False,False,3.3264639893661094
2142500.0,-1047500.0,1500,5.497517807229336,False,False,3.399129776500722
2147500.0,-1047500.0,1500,-4.450932315831213,False,False,3.2961439711319693
2152500.0,-1047500.0,1500,-9.65073626352389,False,False,3.058393230770567
2157500.0,-1047500.0,1500,-12.969979971465573,False,False,3.242119102416197
2162500.0,-1047500.0,1500,-13.69490708840222,False,False,3.3159282054777157
2167500.0,-1047500.0,1500,-7.504944227501838,False,False,3.2199709052234233
2172500.0,-1047500.0,1500,4.628458472778497,False,False,3.485595156699423
2177500.0,-1047500.0,1500,14.232833834413364,False,False,3.67955001322026
2182500.0,-1047500.0,1500,16.288508424952276,False,False,3.431471807499344
2187500.0,-1047500.0,1500,16.526495015555764,False,False,3.238176228876533
2192500.0,-1047500.0,1500,17.825651208752753,False,False,3.2289261141552155
2197500.0,-1047500.0,1500,14.860998178790943,False,False,3.3046097672182415
2202500.0,-1047500.0,1500,5.143723833099832,False,False,3.654094107159293
2207500.0,-1047500.0,1500,-3.3683725650621716,False,False,4.737571933208826
2212500.0,-1047500.0,1500,-12.570559303595967,False,False,6.122907453326969
2217500.0,-1047500.0,1500,-19.189403037929832,False,False,5.920464404285295
2222500.0,-1047500.0,1500,-15.344652314092917,False,False,4.366740149051095
2227500.0,-1047500.0,1500,-13.411483592776982,False,False,3.3699418752299977
2232500.0,-1047500.0,1500,-12.72923201629156,False,False,3.244063458721179
2237500.0,-1047500.0,1500,-12.912265766231512,False,False,3.337915916400916
2242500.0,-1047500.0,1500,-17.450503332201222,False,True,3.3402256074377195
2247500.0,-1047500.0,1500,-19.490918368886657,False,True,3.303455619593327
2252500.0,-1047500.0,1500,-27.300887259131663,False,True,3.5317776696902863
2257500.0,-1047500.0,1500,-47.047264237039954,False,True,4.16291805176646
2262500.0,-1047500.0,1500,-71.53321263698176,True,True,4.93431242105247
2267500.0,-1047500.0,1500,-90.98967176695103,True,True,5.201168327754511
2272500.0,-1047500.0,1500,-101.40080391398547,True,True,5.001235830353675
2277500.0,-1047500.0,1500,-116.43700993713195,True,True,4.166490916008333
2282500.0,-1047500.0,1500,-125.7154240920672,True,True,3.9917003200178254
2287500.0,-1047500.0,1500,-92.6374514607456,True,True,4.63399605565698
2292500.0,-1047500.0,1500,-28.114780852607808,False,True,4.364153596556715
2297500.0,-1047500.0,1500,14.268599564062514,False,True,3.6182973729170946
2302500.0,-1047500.0,1500,25.795903255682223,False,True,3.4292830138730874
2307500.0,-1047500.0,1500,27.26549619052089,False,True,3.422633205235962
2312500.0,-1047500.0,1500,23.798659478483195,False,False,3.1824696180489322
2317500.0,-1047500.0,1500,26.43065160612631,False,False,3.421717282751387
2322500.0,-1047500.0,1500,41.80413731962914,False,False,3.917198034272829
2327500.0,-1047500.0,1500,52.942573182687575,False,False,4.235523597017028
2332500.0,-1047500.0,1500,48.17940856521041,False,False,3.837546751428711
2337500.0,-1047500.0,1500,38.830781365718295,False,False,3.138283481299307
2342500.0,-1047500.0,1500,34.814837871028196,False,False,3.136658782262034
2347500.0,-1047500.0,1500,18.02892034478501,False,False,3.3440319836344146
2352500.0,-1047500.0,1500,-15.928711458868472,False,False,3.4279513357985985
2357500.0,-1047500.0,1500,-26.846574289963176,False,False,3.3739444012780324
2362500.0,-1047500.0,1500,-12.399816015904616,False,False,3.405325774131302
2367500.0,-1047500.0,1500,-3.671911038226456,False,False,3.4089360590417326
2372500.0,-1047500.0,1500,-13.110319973255148,False,False,3.3953276414952542
2377500.0,-1047500.0,1500,-28.53059343104083,False,False,3.8819718649135555
2127500.0,-1042500.0,1500,8.89842701156531,False,False,6.965520359853372
2132500.0,-1042500.0,1500,13.661266010116258,False,False,4.997067096430107
2137500.0,-1042500.0,1500,13.217643221794088,False,False,3.6721695245131105
2142500.0,-1042500.0,1500,7.6795089898258775,False,False,3.592619339145499
2147500.0,-1042500.0,1500,2.183032401531124,False,False,3.8474842605074047
2152500.0,-1042500.0,1500,-0.44248438480125013,False,False,3.9705696514016626
2157500.0,-1042500.0,1500,-3.6785424001937237,False,False,4.080946553016437
2162500.0,-1042500.0,1500,-4.354587099473721,False,False,3.9195789602245434
2167500.0,-1042500.0,1500,3.7982710338100834,False,False,3.506168665971915
2172500.0,-1042500.0,1500,17.399535643541668,False,False,3.4584773024259623
2177500.0,-1042500.0,1500,21.96034845397543,False,False,3.7618596779558677
2182500.0,-1042500.0,1500,18.1697413649481,False,False,3.837482978654658
2187500.0,-1042500.0,1500,18.751243574746287,False,False,3.4298810458565474
2192500.0,-1042500.0,1500,19.315323224785942,False,False,3.064798694130115
2197500.0,-1042500.0,1500,7.007520871034311,False,False,2.8419578291084293
2202500.0,-1042500.0,1500,-13.070410015628568,False,False,3.1629872160197854
2207500.0,-1042500.0,1500,-19.16608968079275,False,False,4.783686708855866
2212500.0,-1042500.0,1500,-13.715708911254673,False,False,6.524021079589313
2217500.0,-1042500.0,1500,-8.398747225785527,False,False,6.656783770503878
2222500.0,-1042500.0,1500,-4.503766077610725,False,False,5.129679802513078
2227500.0,-1042500.0,1500,-3.624919595332366,False,False,3.871533155964524
2232500.0,-1042500.0,1500,-6.909928053357059,False,False,3.5959589923140176
2237500.0,-1042500.0,1500,-11.465515668479238,False,False,3.3849218668519288
2242500.0,-1042500.0,1500,-11.741906409116188,False,True,3.3387015126448185
2247500.0,-1042500.0,1500,-12.36543559633392,False,True,3.3918611671539107
2252500.0,-1042500.0,1500,-18.232299284257248,False,True,3.5374060781049375
2257500.0,-1042500.0,1500,-35.340940276589556,False,True,4.066842382849691
2262500.0,-1042500.0,1500,-64.40734137889916,True,True,4.706421481384879
2267500.0,-1042500.0,1500,-88.87024015112453,True,True,4.691013358715699
2272500.0,-1042500.0,1500,-100.0602984285739,True,True,4.2429434041443645
2277500.0,-1042500.0,1500,-111.31411188490767,True,True,3.811548001145015
2282500.0,-1042500.0,1500,-121.50759885225033,True,True,3.6169698514834416
2287500.0,-1042500.0,1500,-95.44524510374045,True,True,3.8091064074573433
2292500.0,-1042500.0,1500,-29.25565945784038,False,True,3.975010577247885
2297500.0,-1042500.0,1500,20.24638863359956,False,True,3.8307938061464677
2302500.0,-1042500.0,1500,35.15847829682892,False,True,3.3182058480834216
2307500.0,-1042500.0,1500,44.573009150453856,False,True,3.0786181656758878
2312500.0,-1042500.0,1500,39.871858978792275,False,False,3.0713194108357333
2317500.0,-1042500.0,1500,26.487860128789674,False,False,3.524340401351662
2322500.0,-1042500.0,1500,34.02315750391461,False,False,4.7741072283447785
2327500.0,-1042500.0,1500,46.16564091366763,False,False,5.718525240102331
2332500.0,-1042500.0,1500,42.193225864235195,False,False,5.178246027695373
2337500.0,-1042500.0,1500,32.19216394039628,False,False,3.6820865102380163
2342500.0,-1042500.0,1500,28.264502073359214,False,False,3.1249187274739216
2347500.0,-1042500.0,1500,10.232726685068462,False,False,3.3452280380614785
2352500.0,-1042500.0,1500,-13.459766285164184,False,False,3.5377959761940945
2357500.0,-1042500.0,1500,-14.232260527975576,False,False,3.561902472846814
2362500.0,-1042500.0,1500,-7.678356108487855,False,False,3.29653943120586
2367500.0,-1042500.0,1500,-5.9101871373950035,False,False,3.2072869803635218
2372500.0,-1042500.0,1500,-12.702236314794884,False,False,3.3191582728836098
2377500.0,-1042500.0,1500,-25.308783920223586,False,False,3.32185162420677
2127500.0,-1037500.0,1500,11.056456463498975,False,False,5.6187104248464586
2132500.0,-1037500.0,1500,16.174402974067622,False,False,4.325010705729688
2137500.0,-1037500.0,1500,17.26100584531743,False,False,4.333847126222459
2142500.0,-1037500.0,1500,13.351497723006709,False,False,5.13041491426005
2147500.0,-1037500.0,1500,9.067222027941154,False,False,5.742657660556487
2152500.0,-1037500.0,1500,7.911966099427692,False,False,6.267549407255082
2157500.0,-1037500.0,1500,7.049130088696933,False,False,6.576782327814092
2162500.0,-1037500.0,1500,7.819382500933393,False,False,6.27635451944791
2167500.0,-1037500.0,1500,15.525698275719135,False,False,5.299595379020364
2172500.0,-1037500.0,1500,25.520487730512723,False,False,4.206749479872993
2177500.0,-1037500.0,1500,24.158113912031,False,False,3.5797008588451207
2182500.0,-1037500.0,1500,16.9066471214511,False,False,3.4349428343290773
2187500.0,-1037500.0,1500,18.007124594251117,False,False,3.204042830687289
2192500.0,-1037500.0,1500,17.019767829265536,False,False,3.256693310789742
2197500.0,-1037500.0,1500,-2.6457040532993252,False,False,3.5636988598070243
2202500.0,-1037500.0,1500,-24.41166467980996,False,False,3.4460418772479895
2207500.0,-1037500.0,1500,-22.20582903281813,False,False,3.681120235179547
2212500.0,-1037500.0,1500,-6.370084389480059,False,False,4.845918093569976
2217500.0,-1037500.0,1500,5.859557348809433,False,False,5.342992344649587
2222500.0,-1037500.0,1500,8.615908901657388,False,False,4.503423738199794
2227500.0,-1037500.0,1500,2.3545402545594536,False,False,3.7711210078980466
2232500.0,-1037500.0,1500,-6.565917665255563,False,False,3.5995644946354686
2237500.0,-1037500.0,1500,-11.9069061541024,False,False,3.4360498088473865
2242500.0,-1037500.0,1500,-11.374333441321152,False,False,3.3995210112475927
2247500.0,-1037500.0,1500,-12.957681951349189,False,True,3.438416633560777
2252500.0,-1037500.0,1500,-16.39550890908732,False,True,3.5370735420209507
2257500.0,-1037500.0,1500,-28.053300007776848,False,True,4.073986763179622
2262500.0,-1037500.0,1500,-57.89160800997935,False,True,4.607055257569933
2267500.0,-1037500.0,1500,-86.9981035775333,True,True,4.7341270661002985
2272500.0,-1037500.0,1500,-99.90126319917991,True,True,4.565879112589551
2277500.0,-1037500.0,1500,-103.41006159920538,True,True,4.122531897274451
2282500.0,-1037500.0,1500,-109.65391108957168,True,True,3.9789907979712416
2287500.0,-1037500.0,1500,-96.6303415487401,True,True,4.0588623141230045
2292500.0,-1037500.0,1500,-37.01962307764969,False,True,4.185625015697603
2297500.0,-1037500.0,1500,20.80037531447731,False,True,4.19699146820497
2302500.0,-1037500.0,1500,42.041600368532855,False,True,3.583691479068397
2307500.0,-1037500.0,1500,54.17456450825118,False,True,3.217498783205053
2312500.0,-1037500.0,1500,53.23022672952502,False,False,3.031012180813647
2317500.0,-1037500.0,1500,29.261308384439282,False,False,3.1177582058832765
2322500.0,-1037500.0,1500,27.824857320642042,False,False,3.939700486333683
2327500.0,-1037500.0,1500,46.17594584220579,False,False,5.10104828401108
2332500.0,-1037500.0,1500,42.60992249511758,False,False,5.537144731449601
2337500.0,-1037500.0,1500,27.412285488411243,False,False,4.458096218266283
2342500.0,-1037500.0,1500,19.244866341210088,False,False,3.25015460127848
2347500.0,-1037500.0,1500,8.147695605164875,False,False,3.1529260088668316
2352500.0,-1037500.0,1500,-4.040798396017978,False,False,3.364182546572989
2357500.0,-1037500.0,1500,-2.9564865074558475,False,False,3.68606414965501
2362500.0,-1037500.0,1500,-2.6575403916219127,False,False,3.545753340464399
2367500.0,-1037500.0,1500,-7.232943671231029,False,False,3.119754878115942
2372500.0,-1037500.0,1500,-10.40305380997553,False,False,3.0837583108088547
2377500.0,-1037500.0,1500,-17.693239453688896,False,False,3.145617471226662
2132500.0,-1032500.0,1500,17.06956616383595,False,False,4.177076719593132
2137500.0,-1032500.0,1500,21.380675482827822,False,False,5.50829752531963
2142500.0,-1032500.0,1500,17.881103501413925,False,False,6.980506846573649
2147500.0,-1032500.0,1500,12.54670820356022,False,False,7.772497189835647
2152500.0,-1032500.0,1500,14.237413135552238,False,False,8.120878839653813
2157500.0,-1032500.0,1500,15.981989689185054,False,False,8.151120254512584
2162500.0,-1032500.0,1500,16.574648841747322,False,False,7.681130921701914
2167500.0,-1032500.0,1500,20.052700753054438,False,False,6.618417562033664
2172500.0,-1032500.0,1500,23.738861894170466,False,False,5.10032696452097
2177500.0,-1032500.0,1500,22.072166965194807,False,False,3.6332662098278834
2182500.0,-1032500.0,1500,19.1796909313689,False,False,2.925616431497303
2187500.0,-1032500.0,1500,20.167240708109627,False,False,2.953024137612711
2192500.0,-1032500.0,1500,14.999780398380283,False,False,3.3774196232160936
2197500.0,-1032500.0,1500,-2.2859545767309997,False,False,3.908308938016567
2202500.0,-1032500.0,1500,-15.035383849800366,False,False,4.132801743014438
2207500.0,-1032500.0,1500,-11.231701490000361,False,False,3.7266395226618263
2212500.0,-1032500.0,1500,1.4063060142162254,False,False,3.5553058445592267
2217500.0,-1032500.0,1500,14.257488125397089,False,False,3.577438094816024
2222500.0,-1032500.0,1500,12.872051431783921,False,False,3.572076217235797
2227500.0,-1032500.0,1500,-4.363757384460869,False,False,3.6975546250954516
2232500.0,-1032500.0,1500,-16.70827615068606,False,False,3.497331284212596
2237500.0,-1032500.0,1500,-16.06559718421214,False,False,3.296420698158329
2242500.0,-1032500.0,1500,-13.715382740782191,False,False,3.239536611011432
2247500.0,-1032500.0,1500,-17.46647041519636,False,True,3.2722483888048775
2252500.0,-1032500.0,1500,-20.57642034053473,False,True,3.442224052731503
2257500.0,-1032500.0,1500,-27.863987554950707,False,True,3.9794255551910944
2262500.0,-1032500.0,1500,-53.71934672043893,False,True,4.602675768637499
2267500.0,-1032500.0,1500,-83.83231226513851,True,True,5.05588306704093
2272500.0,-1032500.0,1500,-94.99745761030054,True,True,5.217206119504516
2277500.0,-1032500.0,1500,-91.5646977581251,True,True,4.451828864375771
2282500.0,-1032500.0,1500,-97.36991609646901,True,True,4.35723801373989
2287500.0,-1032500.0,1500,-94.3107334410241,True,True,4.346631713083631
2292500.0,-1032500.0,1500,-39.9648977969729,False,True,3.826719189962962
2297500.0,-1032500.0,1500,22.99547050239089,False,True,4.189975808832944
2302500.0,-1032500.0,1500,51.5642255896741,False,True,4.300646919954874
2307500.0,-1032500.0,1500,62.22900890869583,False,True,4.088451445319877
2312500.0,-1032500.0,1500,61.80648080738641,False,False,3.6923645138775596
2317500.0,-1032500.0,1500,38.77683590234074,False,False,3.1855387988859603
2322500.0,-1032500.0,1500,29.668743720550683,False,False,3.103072664382493
2327500.0,-1032500.0,1500,47.90971244325276,False,False,3.628139721522047
2332500.0,-1032500.0,1500,47.528057267389805,False,False,4.574669472554694
2337500.0,-1032500.0,1500,29.942572767544753,False,False,4.7567784344396085
2342500.0,-1032500.0,1500,14.676855581312061,False,False,3.765417196357141
2347500.0,-1032500.0,1500,6.8515716788397425,False,False,3.02650622836716
2352500.0,-1032500.0,1500,4.461341579330501,False,False,2.9350658910997285
2357500.0,-1032500.0,1500,3.979931347973733,False,False,3.6410665505112805
2362500.0,-1032500.0,1500,-1.6336236258096493,False,False,4.068037908695319
2367500.0,-1032500.0,1500,-6.5907951878616595,False,False,3.323877881441774
2372500.0,-1032500.0,1500,-5.220314082854446,False,False,2.964302625732707
2377500.0,-1032500.0,1500,-9.45700569485436,False,False,3.068141601470533
2137500.0,-1027500.0,1500,19.000611938007808,False,False,6.611058496477877
2142500.0,-1027500.0,1500,18.15347972933761,False,False,7.744745563954126
2147500.0,-1027500.0,1500,14.982585340238185,False,False,8.161208490309095
2152500.0,-1027500.0,1500,18.915497673928137,False,False,8.28523754926589
2157500.0,-1027500.0,1500,20.663027086826492,False,False,8.091261221216904
2162500.0,-1027500.0,1500,19.930191126604832,False,False,7.252923186007848
2167500.0,-1027500.0,1500,20.827267310606363,False,False,5.757585552250165
2172500.0,-1027500.0,1500,20.844448804495304,False,False,4.232858546100906
2177500.0,-1027500.0,1500,19.638645931866627,False,False,3.4190027653426736
2182500.0,-1027500.0,1500,19.032196475019653,False,False,3.1544556355105637
2187500.0,-1027500.0,1500,18.890894557294935,False,False,3.6252612865951743
2192500.0,-1027500.0,1500,12.498563396659968,False,False,4.296613005744906
2197500.0,-1027500.0,1500,2.5353755788532273,False,False,4.229157439245928
2202500.0,-1027500.0,1500,-4.273986282966469,False,False,3.973917870550897
2207500.0,-1027500.0,1500,-4.736096232044428,False,False,3.7988071805997428
2212500.0,-1027500.0,1500,4.282387521808222,False,False,3.628912250056667
2217500.0,-1027500.0,1500,16.291406304759224,False,False,3.201617512771914
2222500.0,-1027500.0,1500,14.281992369485591,False,False,3.3522170489926686
2227500.0,-1027500.0,1500,-0.9229914541339842,False,False,3.7292688045854705
2232500.0,-1027500.0,1500,-11.244502739671743,False,False,3.44535145908647
2237500.0,-1027500.0,1500,-9.688702097967123,False,False,3.2316356265765718
2242500.0,-1027500.0,1500,-5.953892886094855,False,False,3.2465257156421106
2247500.0,-1027500.0,1500,-11.633368667558491,False,True,3.3442396986721397
2252500.0,-1027500.0,1500,-17.796495262073158,False,True,3.4891733519648747
2257500.0,-1027500.0,1500,-26.266910675672246,False,True,4.013186017238916
2262500.0,-1027500.0,1500,-52.84332605520317,False,True,4.673723400170603
2267500.0,-1027500.0,1500,-84.66421520291554,True,True,5.038465775952479
2272500.0,-1027500.0,1500,-94.1098207981522,True,True,5.001851436860766
2277500.0,-1027500.0,1500,-86.9521876555567,True,True,4.3703453993618595
2282500.0,-1027500.0,1500,-92.83082365951967,True,True,4.3071887324363844
2287500.0,-1027500.0,1500,-91.33500843461803,True,True,4.318156998453898
2292500.0,-1027500.0,1500,-39.07128688413114,True,True,3.828466192276497
2297500.0,-1027500.0,1500,26.352578523099478,False,True,4.003786051969795
2302500.0,-1027500.0,1500,56.66111553014579,False,True,4.162155492029128
2307500.0,-1027500.0,1500,63.66993498867158,False,True,4.024369061145952
2312500.0,-1027500.0,1500,61.66041612277356,False,True,3.69129112251834
2317500.0,-1027500.0,1500,43.82565702128826,False,False,3.1446754187901353
2322500.0,-1027500.0,1500,32.250832976712104,False,False,2.8988091451147473
2327500.0,-1027500.0,1500,43.696410598364295,False,False,2.84383118771434
2332500.0,-1027500.0,1500,46.30669094233202,False,False,3.236979532887449
2337500.0,-1027500.0,1500,34.89039522754197,False,False,3.7209546838886896
2342500.0,-1027500.0,1500,21.9900755629036,False,False,3.4338951707197105
2347500.0,-1027500.0,1500,11.28072103547892,False,False,2.8816893328751174
2352500.0,-1027500.0,1500,8.088950430562676,False,False,2.679729244597751
2357500.0,-1027500.0,1500,6.124513000608205,False,False,3.2088337151722093
2362500.0,-1027500.0,1500,-1.1414947005104883,False,False,4.05764890630687
2367500.0,-1027500.0,1500,0.055671398274453957,False,False,3.841851469052337
2372500.0,-1027500.0,1500,3.7906679042319866,False,False,3.076200888457647
2377500.0,-1027500.0,1500,-3.9382592164067387,False,False,2.882997868026825
2137500.0,-1022500.0,1500,15.562556211212975,False,False,6.8002699745347295
2142500.0,-1022500.0,1500,18.740278401291732,False,False,7.301861699006546
2147500.0,-1022500.0,1500,18.77477387823241,False,False,6.951641243617733
2152500.0,-1022500.0,1500,19.819389553513062,False,False,6.829048581704407
2157500.0,-1022500.0,1500,20.00841989740676,False,False,6.529469498075164
2162500.0,-1022500.0,1500,20.811621397873022,False,False,5.273992204342536
2167500.0,-1022500.0,1500,21.832625948961493,False,False,4.114264891816655
2172500.0,-1022500.0,1500,22.099082442448367,False,False,3.803090487644285
2177500.0,-1022500.0,1500,20.960704007237837,False,False,3.5600450736302953
2182500.0,-1022500.0,1500,15.015078326291318,False,False,3.5100847638395942
2187500.0,-1022500.0,1500,10.781360556527485,False,False,4.6522290249285625
2192500.0,-1022500.0,1500,8.71676622067754,False,False,5.9659852962176405
2197500.0,-1022500.0,1500,4.601148022632875,False,False,6.047822571669292
2202500.0,-1022500.0,1500,-2.0446492575914927,False,False,5.269360578355002
2207500.0,-1022500.0,1500,-3.674113224370575,False,False,4.4539728579625875
2212500.0,-1022500.0,1500,2.321532043395713,False,False,3.89988461548962
2217500.0,-1022500.0,1500,10.618323763067943,False,False,3.2735862073518454
2222500.0,-1022500.0,1500,14.774438738941722,False,False,3.12790708416905
2227500.0,-1022500.0,1500,9.64279457181014,False,False,3.5752453453322772
2232500.0,-1022500.0,1500,1.7782276044264074,False,False,3.719100449953305
2237500.0,-1022500.0,1500,2.7323549446816844,False,False,3.3824067747443123
2242500.0,-1022500.0,1500,5.430120782565187,False,False,3.2243127059834267
2247500.0,-1022500.0,1500,-8.236730346343439,False,True,3.377825728672548
2252500.0,-1022500.0,1500,-21.08917073909834,False,True,3.525237905962434
2257500.0,-1022500.0,1500,-30.986828818515416,False,True,4.047805504522524
2262500.0,-1022500.0,1500,-59.9044227035651,False,True,4.569404199538308
2267500.0,-1022500.0,1500,-91.76471798242203,True,True,4.351351842672951
2272500.0,-1022500.0,1500,-100.27004189709265,True,True,4.092298280447661
2277500.0,-1022500.0,1500,-93.07995599300577,True,True,3.931202044767562
2282500.0,-1022500.0,1500,-92.6237791581272,True,True,3.9486061663591654
2287500.0,-1022500.0,1500,-82.8060349693141,True,True,4.492120576931293
2292500.0,-1022500.0,1500,-31.19060160394247,False,True,4.3936710257268
2297500.0,-1022500.0,1500,29.928581157102663,False,True,3.7358308511639193
2302500.0,-1022500.0,1500,55.73883561183482,False,True,3.839220847477935
2307500.0,-1022500.0,1500,58.75228414032564,False,True,4.258930863700754
2312500.0,-1022500.0,1500,55.31276241322131,False,False,4.2056760963683715
2317500.0,-1022500.0,1500,41.09893924194414,False,False,3.9944986754913283
2322500.0,-1022500.0,1500,30.796529585130283,False,False,3.469653750512768
2327500.0,-1022500.0,1500,38.08610519075269,False,False,2.8219471999231
2332500.0,-1022500.0,1500,42.12690731414577,False,False,2.7423114021835575
2337500.0,-1022500.0,1500,38.33498874031873,False,False,2.8101957317342174
2342500.0,-1022500.0,1500,30.934317261339782,False,False,2.9514447883866395
2347500.0,-1022500.0,1500,18.8457517670513,False,False,3.0816646974189448
2352500.0,-1022500.0,1500,11.431104012701281,False,False,2.7983910387537385
2357500.0,-1022500.0,1500,7.611048600667617,False,False,2.6927469797047
2362500.0,-1022500.0,1500,0.9137287258214141,False,False,3.275667554614398
2367500.0,-1022500.0,1500,4.74561324433062,False,False,3.852965760652199
2372500.0,-1022500.0,1500,10.519053342838362,False,False,3.420657219568788
2377500.0,-1022500.0,1500,1.0187118747913717,False,False,2.884539846148476
2142500.0,-1017500.0,1500,15.32042911217214,False,False,6.477391704217878
2147500.0,-1017500.0,1500,16.540213674060936,False,False,5.0617891259502725
2152500.0,-1017500.0,1500,15.796422469634196,False,False,4.51221108575606
2157500.0,-1017500.0,1500,16.311657818474693,False,False,4.302040899938018
2162500.0,-1017500.0,1500,19.396594423465864,False,False,3.736721593244316
2167500.0,-1017500.0,1500,20.73851003409992,False,False,4.024677641268116
2172500.0,-1017500.0,1500,23.26045042997531,False,False,4.282992449839657
2177500.0,-1017500.0,1500,22.10120428205629,False,False,3.642135085808401
2182500.0,-1017500.0,1500,12.040558036508697,False,False,3.6498642064022695
2187500.0,-1017500.0,1500,5.664001567974977,False,False,4.615427970441507
2192500.0,-1017500.0,1500,5.205070914516138,False,False,6.00935118992059
2197500.0,-1017500.0,1500,2.5299923099717803,False,False,7.333199693326284
2202500.0,-1017500.0,1500,-2.549099785636629,False,False,7.621145987833518
2207500.0,-1017500.0,1500,-2.8351223489938007,False,False,6.90554727572878
2212500.0,-1017500.0,1500,-1.3611383912451844,False,False,5.716629414202161
2217500.0,-1017500.0,1500,1.6310127513694501,False,False,4.627146708047724
2222500.0,-1017500.0,1500,8.358924535059762,False,False,3.8657172576082184
2227500.0,-1017500.0,1500,6.921236148194127,False,False,3.7203027697116915
2232500.0,-1017500.0,1500,1.852897848116343,False,False,3.8757512227612123
2237500.0,-1017500.0,1500,8.125606247947593,False,False,3.5454429694666025
2242500.0,-1017500.0,1500,8.018319418823806,False,False,3.248318202122787
2247500.0,-1017500.0,1500,-13.654462482904544,False,True,3.3094597355069935
2252500.0,-1017500.0,1500,-27.707568486798774,False,True,3.585807350394899
2257500.0,-1017500.0,1500,-37.00683593978371,False,True,4.49059307673024
2262500.0,-1017500.0,1500,-67.85505239916334,False,True,5.331352061702495
2267500.0,-1017500.0,1500,-98.97324814625176,True,True,4.790349042745116
2272500.0,-1017500.0,1500,-104.88665569106503,True,True,4.256035841703484
2277500.0,-1017500.0,1500,-96.98030536615168,True,True,3.954427638533533
2282500.0,-1017500.0,1500,-90.798234941585,True,True,4.1765727487818705
2287500.0,-1017500.0,1500,-71.09510454477514,True,True,4.988459039662193
2292500.0,-1017500.0,1500,-16.04203113102943,False,True,4.761683372106141
2297500.0,-1017500.0,1500,36.77580982483047,False,True,4.030897497893822
2302500.0,-1017500.0,1500,53.36500010475094,False,True,4.293985072029851
2307500.0,-1017500.0,1500,57.01218655145476,False,True,5.095299028829279
2312500.0,-1017500.0,1500,57.87958259986173,False,False,4.9612036777352335
2317500.0,-1017500.0,1500,47.36483826191903,False,False,4.5260578749547395
2322500.0,-1017500.0,1500,36.643709801428884,False,False,3.8861830179908647
2327500.0,-1017500.0,1500,38.78412755009498,False,False,3.0874949918860817
2332500.0,-1017500.0,1500,41.78571297322778,False,False,2.866331539799874
2337500.0,-1017500.0,1500,39.57654363593919,False,False,2.9011437747170534
2342500.0,-1017500.0,1500,31.33298569113081,False,False,3.0494861940757336
2347500.0,-1017500.0,1500,19.734856220415242,False,False,3.386386378730517
2352500.0,-1017500.0,1500,12.79253742704927,False,False,3.1450537475151434
2357500.0,-1017500.0,1500,9.85594742470954,False,False,2.669468404273641
2362500.0,-1017500.0,1500,5.49081780052485,False,False,2.670017240813538
2367500.0,-1017500.0,1500,5.291003694031054,False,False,3.1913140059811953
2372500.0,-1017500.0,1500,8.60592595347692,False,False,3.42725113671875
2377500.0,-1017500.0,1500,3.582596151247263,False,False,3.0063683350496695
2142500.0,-1012500.0,1500,4.496814742149091,False,False,5.930340398758254
2147500.0,-1012500.0,1500,7.361881076090755,False,False,4.107277131016171
2152500.0,-1012500.0,1500,10.440518145121894,False,False,3.2449840280021194
2157500.0,-1012500.0,1500,13.804099236877326,False,False,3.583557493886701
2162500.0,-1012500.0,1500,17.966923077539803,False,False,4.415244902013394
2167500.0,-1012500.0,1500,19.349283679518027,False,False,5.021479227090699
2172500.0,-1012500.0,1500,21.136733769020232,False,False,4.200075184807493
2177500.0,-1012500.0,1500,19.6309971397898,False,False,3.7292312809652506
2182500.0,-1012500.0,1500,12.564059852197232,False,False,4.336341024878263
2187500.0,-1012500.0,1500,7.420186070032851,False,False,4.423663528147187
2192500.0,-1012500.0,1500,6.23119606724949,False,False,5.5185975725993455
2197500.0,-1012500.0,1500,4.222763446949058,False,False,7.69599310926631
2202500.0,-1012500.0,1500,-0.3572893171931692,False,False,8.915438319776372
2207500.0,-1012500.0,1500,-4.340229656596527,False,False,8.950001505123666
2212500.0,-1012500.0,1500,-5.689335804478709,False,False,8.277353296099353
2217500.0,-1012500.0,1500,-2.7308494758689066,False,False,7.264384124175585
2222500.0,-1012500.0,1500,2.028237834436327,False,False,6.00451449050934
2227500.0,-1012500.0,1500,0.9287659383964859,False,False,4.809805441786763
2232500.0,-1012500.0,1500,2.3331812749955776,False,False,3.8053052075152367
2237500.0,-1012500.0,1500,8.618779736014444,False,False,3.2464861583222273
2242500.0,-1012500.0,1500,0.8113993933605853,False,False,3.205106461617122
2247500.0,-1012500.0,1500,-19.399672742284817,False,True,3.2318900120511094
2252500.0,-1012500.0,1500,-25.232785100633432,False,True,3.3932156625970293
2257500.0,-1012500.0,1500,-29.113242071832634,False,True,4.094138111968817
2262500.0,-1012500.0,1500,-63.178840431828604,False,True,4.802928568375816
2267500.0,-1012500.0,1500,-98.29520379537739,True,True,4.582671987578202
2272500.0,-1012500.0,1500,-102.55465254494842,True,True,4.3278271106149955
2277500.0,-1012500.0,1500,-92.79265158582561,True,True,4.0008441556109355
2282500.0,-1012500.0,1500,-86.86772361280457,True,True,4.136371404872664
2287500.0,-1012500.0,1500,-65.74765720641889,False,True,4.594893161190821
2292500.0,-1012500.0,1500,-13.858090555006582,False,True,4.256203366316089
2297500.0,-1012500.0,1500,34.88843851950815,False,True,3.7037683547161673
2302500.0,-1012500.0,1500,52.99361541919384,False,True,3.572408738151827
2307500.0,-1012500.0,1500,59.40905936346899,False,False,3.91371130086961
2312500.0,-1012500.0,1500,63.22603759092582,False,False,3.8355007138772277
2317500.0,-1012500.0,1500,55.10294738100826,False,False,3.551315503033443
2322500.0,-1012500.0,1500,43.763671205945734,False,False,3.2635072968509555
2327500.0,-1012500.0,1500,40.01204373754377,False,False,2.9275963016047983
2332500.0,-1012500.0,1500,40.910555711357794,False,False,2.9927913660276806
2337500.0,-1012500.0,1500,38.05573888027274,False,False,3.1059875048862473
2342500.0,-1012500.0,1500,28.77137514330296,False,False,2.9463153629449996
2347500.0,-1012500.0,1500,18.737804605828675,False,False,3.089174263004149
2352500.0,-1012500.0,1500,13.128469986297397,False,False,3.1973580463332083
2357500.0,-1012500.0,1500,12.142267457942836,False,False,2.787455633625822
2362500.0,-1012500.0,1500,12.08958563360289,False,False,2.5420942613176
2367500.0,-1012500.0,1500,9.513711607450622,False,False,2.655837735928153
2372500.0,-1012500.0,1500,6.448525673087542,False,False,2.8986283301790974
2377500.0,-1012500.0,1500,4.1235715988459996,False,False,3.0247908408749815
2147500.0,-1007500.0,1500,5.291308997903872,False,False,3.6134294858621328
2152500.0,-1007500.0,1500,11.085554889546277,False,False,3.7452640654500344
2157500.0,-1007500.0,1500,15.490164534355749,False,False,4.884416371337396
2162500.0,-1007500.0,1500,19.578499320480038,False,False,5.74400866987739
2167500.0,-1007500.0,1500,21.580955222603926,False,False,5.09840770564187
2172500.0,-1007500.0,1500,21.604993522611096,False,False,3.8369346487428513
2177500.0,-1007500.0,1500,20.176126197039547,False,False,4.490708646880885
2182500.0,-1007500.0,1500,15.706927495038405,False,False,5.817120947551562
2187500.0,-1007500.0,1500,10.034395968969303,False,False,5.88723391959072
2192500.0,-1007500.0,1500,8.436459320142772,False,False,6.611193254973864
2197500.0,-1007500.0,1500,7.225299454201115,False,False,8.326946382641825
2202500.0,-1007500.0,1500,1.9431425220751712,False,False,9.490046644225314
2207500.0,-1007500.0,1500,-5.00648557650977,False,False,9.773580752535825
2212500.0,-1007500.0,1500,-7.208609279688078,False,False,9.496729543658725
2217500.0,-1007500.0,1500,-2.6696649902799683,False,False,8.906379621800756
2222500.0,-1007500.0,1500,0.8714150026670507,False,False,7.943296164551974
2227500.0,-1007500.0,1500,0.6768501246906892,False,False,6.273319640139766
2232500.0,-1007500.0,1500,2.9601472643362086,False,False,4.111016330033157
2237500.0,-1007500.0,1500,6.630919820284293,False,False,3.020357085053682
2242500.0,-1007500.0,1500,-2.713148575798823,False,False,3.141047205810953
2247500.0,-1007500.0,1500,-19.539265717396166,False,True,3.1954890965225626
2252500.0,-1007500.0,1500,-23.4113472846455,False,True,3.265563570311835
2257500.0,-1007500.0,1500,-23.984179187141503,False,True,3.5999418030772783
2262500.0,-1007500.0,1500,-51.97902253127641,False,True,4.160265067685583
2267500.0,-1007500.0,1500,-88.23163244583728,True,True,4.4159770415913595
2272500.0,-1007500.0,1500,-98.0070599633912,True,True,4.263135187602169
2277500.0,-1007500.0,1500,-86.8728059347581,False,True,3.7511907490611622
2282500.0,-1007500.0,1500,-76.56116180481084,True,True,3.582729940953361
2287500.0,-1007500.0,1500,-56.71646465934197,False,True,4.076510034864986
2292500.0,-1007500.0,1500,-20.641312779273985,False,True,4.0571683643940135
2297500.0,-1007500.0,1500,15.670898103665053,False,True,3.5434528656087845
2302500.0,-1007500.0,1500,47.10568913010783,False,True,3.184310386736217
2307500.0,-1007500.0,1500,62.630562096556055,False,False,3.027144333114347
2312500.0,-1007500.0,1500,64.3770520294777,False,False,3.2034613835109207
2317500.0,-1007500.0,1500,57.17459298218175,False,False,3.6365400213407084
2322500.0,-1007500.0,1500,44.178462377142274,False,False,3.7232413208969324
2327500.0,-1007500.0,1500,36.10940589787423,False,False,3.4455278352205094
2332500.0,-1007500.0,1500,35.4091783814425,False,False,3.2052949636024075
2337500.0,-1007500.0,1500,33.468921503884886,False,False,3.313471912952328
2342500.0,-1007500.0,1500,27.47432570363179,False,False,3.323683837798064
2347500.0,-1007500.0,1500,19.651967041350797,False,False,2.9884099967529645
2352500.0,-1007500.0,1500,16.247627066969702,False,False,2.9227028533281274
2357500.0,-1007500.0,1500,16.926297351917157,False,False,2.8615139725987544
2362500.0,-1007500.0,1500,15.988948493773766,False,False,2.6193973220202738
2367500.0,-1007500.0,1500,13.829581851383713,False,False,2.545126441873492
2372500.0,-1007500.0,1500,10.241520410692141,False,False,2.578397398486241
2377500.0,-1007500.0,1500,7.171604736993201,False,False,2.7859360417616696
2147500.0,-1002500.0,1500,10.83664087215746,False,False,3.6222169083874
2152500.0,-1002500.0,1500,17.3934357547634,False,False,4.803653887023401
2157500.0,-1002500.0,1500,22.203010983102377,False,False,5.9093626694684565
2162500.0,-1002500.0,1500,24.16027227966501,False,False,5.830160066087188
2167500.0,-1002500.0,1500,25.191412823598185,False,False,4.310006416941775
2172500.0,-1002500.0,1500,24.966713121533157,False,False,3.8877782870273565
2177500.0,-1002500.0,1500,22.97669062471982,False,False,5.467642081824198
2182500.0,-1002500.0,1500,18.925420225974115,False,False,6.503505509083726
2187500.0,-1002500.0,1500,13.983431151308823,False,False,6.8175507262626525
2192500.0,-1002500.0,1500,11.004143863281332,False,False,7.610860803600593
2197500.0,-1002500.0,1500,8.306486213053612,False,False,8.708125342689598
2202500.0,-1002500.0,1500,3.255381934971414,False,False,9.369893720369879
2207500.0,-1002500.0,1500,-2.421028439102068,False,False,9.489102596570044
2212500.0,-1002500.0,1500,-2.898129929470608,False,False,9.268755098943101
2217500.0,-1002500.0,1500,1.8903059239606728,False,False,8.796340769810095
2222500.0,-1002500.0,1500,5.533623577708572,False,False,8.000448535622128
2227500.0,-1002500.0,1500,5.274137981643548,False,False,6.488343387787239
2232500.0,-1002500.0,1500,4.625034003695969,False,False,4.234959714219066
2237500.0,-1002500.0,1500,7.3919887243745785,False,False,2.9290095263683145
2242500.0,-1002500.0,1500,-1.7435034399538702,False,False,2.9862124737554256
2247500.0,-1002500.0,1500,-18.081600999048753,False,False,3.106245038457558
2252500.0,-1002500.0,1500,-27.51240853526453,False,True,3.2588566433852444
2257500.0,-1002500.0,1500,-30.836023620658345,False,True,3.381011927209848
2262500.0,-1002500.0,1500,-48.02775131072731,False,True,3.618005009075568
2267500.0,-1002500.0,1500,-84.54523394603287,False,True,4.022858428906486
2272500.0,-1002500.0,1500,-97.80566004057734,False,True,3.971995135683416
2277500.0,-1002500.0,1500,-80.44389338934936,False,True,3.5223188293515735
2282500.0,-1002500.0,1500,-63.23615633702656,False,True,3.512963027605082
2287500.0,-1002500.0,1500,-43.465127961177195,False,True,3.882795321135318
2292500.0,-1002500.0,1500,-12.148413107420902,False,True,3.847048331479255
2297500.0,-1002500.0,1500,16.761714575456256,False,True,3.5730520562175276
2302500.0,-1002500.0,1500,45.17711760824434,False,False,3.6797923358611735
2307500.0,-1002500.0,1500,62.605777149957824,False,False,3.441713340436899
2312500.0,-1002500.0,1500,64.9508576891151,False,False,3.218008824922401
2317500.0,-1002500.0,1500,59.65765898697776,False,False,3.5726343925518274
2322500.0,-1002500.0,1500,46.0371084012704,False,False,4.077729682453181
2327500.0,-1002500.0,1500,35.057583542528,False,False,4.422832222883461
2332500.0,-1002500.0,1500,29.731176367600966,False,False,3.9062056087950623
2337500.0,-1002500.0,1500,26.10838506904724,False,False,3.3489015703971567
2342500.0,-1002500.0,1500,23.76016828315107,False,False,3.288814534470503
2347500.0,-1002500.0,1500,21.656371594573688,False,False,3.0504032201268236
2352500.0,-1002500.0,1500,23.616148686889026,False,False,2.8571685502538555
2357500.0,-1002500.0,1500,25.107922920975057,False,False,2.8545335192540087
2362500.0,-1002500.0,1500,18.355927002463005,False,False,2.720057445521288
2367500.0,-1002500.0,1500,13.551180609381062,False,False,2.608222859543783
2372500.0,-1002500.0,1500,12.996069839685962,False,False,2.528300337412843
2377500.0,-1002500.0,1500,9.318771958008279,False,False,2.5258081176507106
2152500.0,-997500.0,1500,22.369929829936133,False,False,4.4358228250066984
2157500.0,-997500.0,1500,29.902993086988516,False,False,5.098791179471785
2162500.0,-997500.0,1500,29.201520453179164,False,False,4.663058683262322
2167500.0,-997500.0,1500,26.51287373982545,False,False,3.6446147498290666
2172500.0,-997500.0,1500,26.180199014934047,False,False,4.261007377841011
2177500.0,-997500.0,1500,23.829721126743472,False,False,5.486137421640982
2182500.0,-997500.0,1500,20.963504959108196,False,False,5.3281808169077625
2187500.0,-997500.0,1500,18.862095433363624,False,False,5.47589809156187
2192500.0,-997500.0,1500,14.429398346525765,False,False,6.765338279517304
2197500.0,-997500.0,1500,8.796337890974044,False,False,7.829473905253551
2202500.0,-997500.0,1500,2.931462932183117,False,False,8.112476587111304
2207500.0,-997500.0,1500,-1.5198637293782897,False,False,7.902372404445963
2212500.0,-997500.0,1500,1.0225887752244565,False,False,7.43791755096188
2217500.0,-997500.0,1500,7.8619299710521835,False,False,6.773345799947892
2222500.0,-997500.0,1500,11.102085355119007,False,False,5.979656426772375
2227500.0,-997500.0,1500,9.181720330262463,False,False,5.027403467638152
2232500.0,-997500.0,1500,7.186946507657189,False,False,3.6863476096075374
2237500.0,-997500.0,1500,3.8546622219050803,False,False,2.8501738877448344
2242500.0,-997500.0,1500,-7.4430570329294214,False,False,2.933356022159265
2247500.0,-997500.0,1500,-16.405137354874793,False,False,3.0798210101823864
2252500.0,-997500.0,1500,-29.393369894302584,False,True,3.1581083159016448
2257500.0,-997500.0,1500,-41.91116743826276,False,True,3.2387131140208174
2262500.0,-997500.0,1500,-53.173544711759334,False,True,3.251526692759303
2267500.0,-997500.0,1500,-87.43515638703283,False,True,3.5204363933743683
2272500.0,-997500.0,1500,-106.06210703520709,False,True,3.772260639338687
2277500.0,-997500.0,1500,-83.26430609106605,False,True,3.5000173157793464
2282500.0,-997500.0,1500,-57.45488899390557,False,True,3.48829370450712
2287500.0,-997500.0,1500,-37.640826858233886,False,True,3.7780560979300457
2292500.0,-997500.0,1500,-5.248766042609213,False,True,3.953590728617796
2297500.0,-997500.0,1500,29.09891372758062,False,True,3.871459842472105
2302500.0,-997500.0,1500,50.156038951960426,False,False,3.908651011857623
2307500.0,-997500.0,1500,58.06093939925746,False,False,3.7775882815647086
2312500.0,-997500.0,1500,63.357879789256145,False,False,3.4117955410002017
2317500.0,-997500.0,1500,64.37121488987204,False,False,3.3279526945843356
2322500.0,-997500.0,1500,53.20453444720092,False,False,3.3834837170664622
2327500.0,-997500.0,1500,40.073258218709626,False,False,3.747786688366564
2332500.0,-997500.0,1500,30.49959041984466,False,False,3.9380471306397937
2337500.0,-997500.0,1500,22.107084350435684,False,False,3.3582224950335595
2342500.0,-997500.0,1500,17.27975672312945,False,False,2.860072741973594
2347500.0,-997500.0,1500,18.112727760156957,False,False,2.9448508105979725
2352500.0,-997500.0,1500,21.175563176532727,False,False,3.1262476955540093
2357500.0,-997500.0,1500,24.03238348415656,False,False,2.9644230821235613
2362500.0,-997500.0,1500,21.238415199907582,False,False,2.7148935218814887
2367500.0,-997500.0,1500,15.819071306495356,False,False,2.705066895854594
2372500.0,-997500.0,1500,14.039193569453303,False,False,2.594627748478681
2377500.0,-997500.0,1500,8.665180798363846,False,False,2.5176083844721013
2157500.0,-992500.0,1500,33.399681578932245,False,False,3.6751894280025037
2162500.0,-992500.0,1500,32.85938005617857,False,False,3.2956973917665993
2167500.0,-992500.0,1500,27.9271694426946,False,False,3.2235347092901656
2172500.0,-992500.0,1500,26.939303897728394,False,False,4.0216303292262925
2177500.0,-992500.0,1500,23.983143632020916,False,False,4.279108704910758
2182500.0,-992500.0,1500,20.345420894932346,False,False,3.7674831096551324
2187500.0,-992500.0,1500,18.179239610043513,False,False,4.114776353549472
2192500.0,-992500.0,1500,13.270322497949858,False,False,5.144313645769715
2197500.0,-992500.0,1500,7.490254492623616,False,False,5.551488590229912
2202500.0,-992500.0,1500,2.917076132535293,False,False,5.381685156492791
2207500.0,-992500.0,1500,-0.22627057816273935,False,False,5.0296920819231525
2212500.0,-992500.0,1500,3.4551281988678437,False,False,4.6956910507746805
2217500.0,-992500.0,1500,11.005330636286933,False,False,4.4677521417818475
2222500.0,-992500.0,1500,11.253144802623423,False,False,4.27089568589909
2227500.0,-992500.0,1500,10.217307547110241,False,False,3.8563992001661984
2232500.0,-992500.0,1500,6.06752585964676,False,False,3.179819509116046
2237500.0,-992500.0,1500,-8.770427610854371,False,False,2.9025215086937743
2242500.0,-992500.0,1500,-18.04184056916187,False,False,2.98897492826867
2247500.0,-992500.0,1500,-14.500079006898991,False,False,3.015651788922339
2252500.0,-992500.0,1500,-26.061431834100066,False,False,3.0329279380414067
2257500.0,-992500.0,1500,-47.25341081784897,False,True,3.201124387406045
2262500.0,-992500.0,1500,-58.065502931165305,False,True,3.38531152735045
2267500.0,-992500.0,1500,-78.80397888323945,False,True,3.429206835322846
2272500.0,-992500.0,1500,-94.29904776504182,False,True,3.4983532318977755
2277500.0,-992500.0,1500,-79.70710480950437,False,True,3.384599669487826
2282500.0,-992500.0,1500,-60.562508932843116,False,True,3.319609658490754
2287500.0,-992500.0,1500,-44.235244366313374,False,True,3.7269819529675834
2292500.0,-992500.0,1500,-16.73632544561946,False,True,4.218000254872408
2297500.0,-992500.0,1500,14.927597178107948,False,False,3.933153651784701
2302500.0,-992500.0,1500,34.48287735163107,False,False,3.502099852118178
2307500.0,-992500.0,1500,44.398607999895695,False,False,3.5183928181867685
2312500.0,-992500.0,1500,57.1797177718967,False,False,3.4920969186070145
2317500.0,-992500.0,1500,64.06287945361106,False,False,3.6889620899524838
2322500.0,-992500.0,1500,58.274168733601094,False,False,3.6058858065791664
2327500.0,-992500.0,1500,46.7874252562455,False,False,3.1558221304271394
2332500.0,-992500.0,1500,37.20996258702302,False,False,3.098220893269108
2337500.0,-992500.0,1500,26.319480699207645,False,False,3.0882026441074912
2342500.0,-992500.0,1500,16.692861557434913,False,False,2.889580802220717
2347500.0,-992500.0,1500,12.78880231543025,False,False,2.9858358187218403
2352500.0,-992500.0,1500,11.874581060364195,False,False,3.259418538602821
2357500.0,-992500.0,1500,16.51680087901572,False,False,3.2017153314021316
2362500.0,-992500.0,1500,20.619838648519195,False,False,2.804831188015861
2367500.0,-992500.0,1500,19.425986269528327,False,False,2.630261503946019
2372500.0,-992500.0,1500,14.045195795369791,False,False,2.6593834698206864
2377500.0,-992500.0,1500,4.840156325145569,False,False,2.5870361121751957
2157500.0,-987500.0,1500,22.626392411170258,False,False,3.687742445128896
2162500.0,-987500.0,1500,27.462618853368664,False,False,2.994614014115437
2167500.0,-987500.0,1500,24.14651929614631,False,False,3.025623316055362
2172500.0,-987500.0,1500,20.905211399172842,False,False,3.323929767371654
2177500.0,-987500.0,1500,19.638136710577754,False,False,3.1096027003055577
2182500.0,-987500.0,1500,17.88853297779544,False,False,2.989120407141093
2187500.0,-987500.0,1500,15.096523456000408,False,False,3.36423615570203
2192500.0,-987500.0,1500,10.734607094326647,False,False,3.6525970908227823
2197500.0,-987500.0,1500,7.988768332945555,False,False,3.660604337748218
2202500.0,-987500.0,1500,6.24249688243298,False,False,3.7857241416960985
2207500.0,-987500.0,1500,3.200306645994029,False,False,4.10936447164438
2212500.0,-987500.0,1500,4.304242660378016,False,False,4.457331234783044
2217500.0,-987500.0,1500,8.267941432071323,False,False,4.673512691049698
2222500.0,-987500.0,1500,6.623332385895827,False,False,4.4842857210152385
2227500.0,-987500.0,1500,5.314735348007337,False,False,3.7688435959252686
2232500.0,-987500.0,1500,-3.4900442665770104,False,False,3.124347851978226
2237500.0,-987500.0,1500,-18.074727820164018,False,False,2.9830559008186794
2242500.0,-987500.0,1500,-18.0776304061614,False,False,2.9316825392480004
2247500.0,-987500.0,1500,-11.215172682538856,False,False,2.862226555045041
2252500.0,-987500.0,1500,-22.24270875397634,False,False,2.9349939703654293
2257500.0,-987500.0,1500,-40.333528288693834,False,False,3.054731332841926
2262500.0,-987500.0,1500,-47.919974342868116,False,False,3.157540244059418
2267500.0,-987500.0,1500,-63.67691883707471,False,True,3.260705142801866
2272500.0,-987500.0,1500,-73.5550024277976,False,True,3.29559328484995
2277500.0,-987500.0,1500,-64.70243944974109,False,False,3.241891646627431
2282500.0,-987500.0,1500,-54.12335053151461,False,True,3.2572139924574754
2287500.0,-987500.0,1500,-43.310760574283734,False,False,3.5395060206453786
2292500.0,-987500.0,1500,-23.906123214813462,False,False,3.7013572560159895
2297500.0,-987500.0,1500,7.614330615779074,False,False,3.449343049399412
2302500.0,-987500.0,1500,28.18338821457338,False,False,3.1847267983187653
2307500.0,-987500.0,1500,37.51997243450355,False,False,3.2593419107104054
2312500.0,-987500.0,1500,49.99842318400144,False,False,3.3144001007596975
2317500.0,-987500.0,1500,58.0934229322379,False,False,3.4053770822390237
2322500.0,-987500.0,1500,57.99772290793025,False,False,3.4643011948877582
2327500.0,-987500.0,1500,49.77097917302894,False,False,3.0789030994018245
2332500.0,-987500.0,1500,42.106707883448685,False,False,2.6908456983045648
2337500.0,-987500.0,1500,32.67235460999079,False,False,2.720121638949563
2342500.0,-987500.0,1500,21.480045417503117,False,False,2.7756803019580296
2347500.0,-987500.0,1500,12.865922895048852,False,False,2.98755830937051
2352500.0,-987500.0,1500,9.59524952576121,False,False,3.29083112713874
2357500.0,-987500.0,1500,14.32637223077015,False,False,3.279672957553288
2362500.0,-987500.0,1500,17.382981761388418,False,False,3.0811982555713415
2367500.0,-987500.0,1500,16.211471796051175,False,False,2.7586068082820843
2372500.0,-987500.0,1500,9.563877269457535,False,False,2.5823790754188183
2377500.0,-987500.0,1500,2.0670486735952496,False,False,2.576612737541573
2162500.0,-982500.0,1500,5.553803391629595,False,False,2.9602437035285045
2167500.0,-982500.0,1500,7.294561341876796,False,False,2.9010436200658756
2172500.0,-982500.0,1500,7.370365810422572,False,False,2.9909403187275134
2177500.0,-982500.0,1500,11.514649520311982,False,False,2.8060165618968878
2182500.0,-982500.0,1500,14.093872251255673,False,False,2.8985363649889107
2187500.0,-982500.0,1500,14.685247466612664,False,False,3.246869392971915
2192500.0,-982500.0,1500,15.180491015474894,False,False,3.379273237355975
2197500.0,-982500.0,1500,14.945447255429475,False,False,3.4131829570063745
2202500.0,-982500.0,1500,12.634703383551876,False,False,3.763326056418454
2207500.0,-982500.0,1500,7.187120086055058,False,False,4.696884787590697
2212500.0,-982500.0,1500,2.5685381801573453,False,False,5.445686352390035
2217500.0,-982500.0,1500,0.39872163576856373,False,False,5.049577129278747
2222500.0,-982500.0,1500,-0.34746444097468676,False,False,4.215764857897207
2227500.0,-982500.0,1500,2.4060246855417238,False,False,3.5168263562045015
2232500.0,-982500.0,1500,-2.1702428697330576,False,False,3.2213926605421364
2237500.0,-982500.0,1500,-9.088795066528334,False,False,3.156734328895456
2242500.0,-982500.0,1500,-5.783351759144722,False,False,3.108782618292603
2247500.0,-982500.0,1500,-4.733532448754745,False,False,2.9881461690901374
2252500.0,-982500.0,1500,-18.81821390959691,False,False,2.9040648518101997
2257500.0,-982500.0,1500,-33.193607594178204,False,False,2.9539004293826614
2262500.0,-982500.0,1500,-36.256241701822475,False,False,3.0315160863419237
2267500.0,-982500.0,1500,-55.364702791542356,False,False,3.221554454600393
2272500.0,-982500.0,1500,-70.6714737388946,False,False,3.239623061718332
2277500.0,-982500.0,1500,-62.4810985699221,False,False,3.1261028689374757
2282500.0,-982500.0,1500,-52.5176357118044,False,False,3.2302559917713647
2287500.0,-982500.0,1500,-43.55356176357289,False,False,3.7398481291430814
2292500.0,-982500.0,1500,-26.736885944501896,False,False,3.8323575713490303
2297500.0,-982500.0,1500,4.861089186082828,False,False,3.3906725798338466
2302500.0,-982500.0,1500,29.720182433169242,False,False,3.076657676900829
2307500.0,-982500.0,1500,38.7528826908902,False,False,3.1195195687726205
2312500.0,-982500.0,1500,46.7892889199386,False,False,3.340186285249958
2317500.0,-982500.0,1500,58.15276103868729,False,False,3.242976476585905
2322500.0,-982500.0,1500,60.18800309190951,False,False,2.965420326444046
2327500.0,-982500.0,1500,48.23296298663998,False,False,2.8527851446874966
2332500.0,-982500.0,1500,41.137303515304424,False,False,2.73759728884179
2337500.0,-982500.0,1500,37.57051749489833,False,False,2.7113935413158083
2342500.0,-982500.0,1500,27.388837038535474,False,False,2.7248494108887953
2347500.0,-982500.0,1500,15.730001311884447,False,False,2.802086720869523
2352500.0,-982500.0,1500,10.564326560908304,False,False,3.0938671105282154
2357500.0,-982500.0,1500,12.678743295590543,False,False,3.288759234165503
2362500.0,-982500.0,1500,14.216458242294145,False,False,3.1987728323323785
2367500.0,-982500.0,1500,12.6965260849699,False,False,2.985239468019433
2372500.0,-982500.0,1500,7.885868093138801,False,False,2.807954557275518
2377500.0,-982500.0,1500,5.510168748185283,False,False,2.662297038207454
2157500.0,-977500.0,1500,-15.727978593732411,False,False,3.0032972460385765
2162500.0,-977500.0,1500,-10.881239321549838,False,False,3.0327001496321655
2167500.0,-977500.0,1500,-4.755046437203918,False,False,3.414731646850546
2172500.0,-977500.0,1500,1.9059273412118436,False,False,3.343258014930568
2177500.0,-977500.0,1500,8.552003530168786,False,False,2.980877966831634
2182500.0,-977500.0,1500,11.145851338985661,False,False,3.036163196336615
2187500.0,-977500.0,1500,14.652530203292079,False,False,3.4130337355605502
2192500.0,-977500.0,1500,19.019415685188328,False,False,3.642243612546878
2197500.0,-977500.0,1500,18.94614270430675,False,False,3.6856953948982296
2202500.0,-977500.0,1500,15.447461098572036,False,False,3.811015928251095
2207500.0,-977500.0,1500,9.270156557157863,False,False,4.319591030643468
2212500.0,-977500.0,1500,2.4046923564563283,False,False,4.455517938567923
2217500.0,-977500.0,1500,-1.7402533942071063,False,False,4.002758055383397
2222500.0,-977500.0,1500,-0.265455110217458,False,False,4.206055669532094
2227500.0,-977500.0,1500,6.5149456011810125,False,False,4.505948873270658
2232500.0,-977500.0,1500,6.462974698746159,False,False,4.131051419341095
2237500.0,-977500.0,1500,0.3094143675287569,False,False,3.8432374670673095
2242500.0,-977500.0,1500,-2.4835387596114944,False,False,3.9433933089884743
2247500.0,-977500.0,1500,-7.772024653918034,False,False,3.510339140361423
2252500.0,-977500.0,1500,-17.533852283545457,False,False,2.969161533607595
2257500.0,-977500.0,1500,-26.692048367682624,False,False,2.983821793548327
2262500.0,-977500.0,1500,-28.355369789294016,False,False,3.1944735333112644
2267500.0,-977500.0,1500,-44.3093194702615,False,False,3.3022526078058374
2272500.0,-977500.0,1500,-59.62046560120097,False,False,3.1759525826073935
2277500.0,-977500.0,1500,-54.96520604408631,False,False,3.062194628778167
2282500.0,-977500.0,1500,-57.55630225253767,False,False,3.3302993807347194
2287500.0,-977500.0,1500,-55.539011454512284,False,False,3.8827332534776566
2292500.0,-977500.0,1500,-36.767722765683494,False,False,3.9045872609556094
2297500.0,-977500.0,1500,-11.163246755665885,False,False,3.6492994724901022
2302500.0,-977500.0,1500,16.68652696004172,False,False,3.63343290910219
2307500.0,-977500.0,1500,36.77554336818686,False,False,3.3937862148596176
2312500.0,-977500.0,1500,48.23950541626633,False,False,3.197338492479511
2317500.0,-977500.0,1500,60.661340627220184,False,False,3.1666081892811477
2322500.0,-977500.0,1500,61.28473101303971,False,False,3.0328892837379797
2327500.0,-977500.0,1500,48.67393638416083,False,False,3.0265182196160105
2332500.0,-977500.0,1500,42.645718760906774,False,False,3.166773710204363
2337500.0,-977500.0,1500,40.57488216767075,False,False,3.1552173616333765
2342500.0,-977500.0,1500,31.483750199545316,False,False,2.9561687221206103
2347500.0,-977500.0,1500,20.678293469802256,False,False,2.8274650980590845
2352500.0,-977500.0,1500,14.486034857519874,False,False,2.7838668733613514
2357500.0,-977500.0,1500,12.709544637815469,False,False,2.9317464264779094
2362500.0,-977500.0,1500,12.75934228382574,False,False,3.0125610045870825
2367500.0,-977500.0,1500,12.945649375290055,False,False,2.9901626619357744
2372500.0,-977500.0,1500,11.336531045708863,False,False,2.969109319710938
2377500.0,-977500.0,1500,9.537207749780276,False,False,2.845799800362733
2157500.0,-972500.0,1500,-16.668909096030802,False,False,3.248149183417013
2162500.0,-972500.0,1500,-11.8658334732515,False,False,4.105694951306816
2167500.0,-972500.0,1500,-5.269828611590998,False,False,4.970876256027292
2172500.0,-972500.0,1500,2.0674079561937675,False,False,4.926568274932179
2177500.0,-972500.0,1500,7.9083594914513125,False,False,4.454702435270595
2182500.0,-972500.0,1500,9.976252909187085,False,False,4.121382828721231
2187500.0,-972500.0,1500,13.41359603819152,False,False,3.8865442272098214
2192500.0,-972500.0,1500,17.23072884721236,False,False,3.714025748585134
2197500.0,-972500.0,1500,17.645842218912186,False,False,3.5931328145159562
2202500.0,-972500.0,1500,15.31179618523116,False,False,3.524473485963971
2207500.0,-972500.0,1500,10.278631829579796,False,False,3.4597196678054036
2212500.0,-972500.0,1500,5.078075904097081,False,False,3.336629433508442
2217500.0,-972500.0,1500,2.617544801463707,False,False,3.6945725582800617
2222500.0,-972500.0,1500,4.788063916733233,False,False,4.774994011035449
2227500.0,-972500.0,1500,8.578396293512121,False,False,5.481586834169965
2232500.0,-972500.0,1500,6.813305992307045,False,False,5.259854665176764
2237500.0,-972500.0,1500,3.073062532629474,False,False,4.7641772792001875
2242500.0,-972500.0,1500,-0.4352150628716893,False,False,4.1777632699939655
2247500.0,-972500.0,1500,-7.627186783947803,False,False,3.6203055210599753
2252500.0,-972500.0,1500,-10.202846132867421,False,False,3.2803094576555525
2257500.0,-972500.0,1500,-12.719252609823748,False,False,3.113902765000492
2262500.0,-972500.0,1500,-15.528479926654803,False,False,3.1372361202726666
2267500.0,-972500.0,1500,-30.327214784530526,False,False,3.1453046174266515
2272500.0,-972500.0,1500,-45.60238905387495,False,False,3.133390948197907
2277500.0,-972500.0,1500,-44.11872366483365,False,False,3.1127234229137626
2282500.0,-972500.0,1500,-53.29770954254532,False,False,3.3340405756675984
2287500.0,-972500.0,1500,-59.44931947022902,False,False,3.5158681503535325
2292500.0,-972500.0,1500,-45.80049705646234,False,False,3.456579525440417
2297500.0,-972500.0,1500,-22.1772589056336,False,False,3.566385625878268
2302500.0,-972500.0,1500,8.404359410309848,False,False,3.712015284986376
2307500.0,-972500.0,1500,34.108260612556826,False,False,3.5088270371968124
2312500.0,-972500.0,1500,46.53546383366489,False,False,3.1112435677272954
2317500.0,-972500.0,1500,54.8906618557431,False,False,3.2282859587178434
2322500.0,-972500.0,1500,57.852391039931064,False,False,3.378713989576412
2327500.0,-972500.0,1500,55.393487523090464,False,False,3.1233266387323586
2332500.0,-972500.0,1500,53.486750779446886,False,False,3.3371655473132757
2337500.0,-972500.0,1500,46.38144340194622,False,False,3.677281841961365
2342500.0,-972500.0,1500,35.473693959212426,False,False,3.5631114151902636
2347500.0,-972500.0,1500,26.300631262991033,False,False,3.2900079128442647
2352500.0,-972500.0,1500,19.049488225682513,False,False,2.9266961645879164
2357500.0,-972500.0,1500,15.896472694177072,False,False,2.727166501982194
2362500.0,-972500.0,1500,14.60063045630493,False,False,2.828016469535532
2367500.0,-972500.0,1500,15.182849614462443,False,False,2.8320238635516213
2372500.0,-972500.0,1500,15.563741059777342,False,False,2.835534037958251
2377500.0,-972500.0,1500,9.575950906010053,False,False,2.8897323335272285
2162500.0,-967500.0,1500,-7.675055825806301,False,False,4.9293837337687645
2167500.0,-967500.0,1500,-4.165405169781948,False,False,5.833690643478722
2172500.0,-967500.0,1500,1.0235127275950935,False,False,6.293669385704387
2177500.0,-967500.0,1500,6.855513161190301,False,False,6.35781355034713
2182500.0,-967500.0,1500,10.157214503511868,False,False,5.98673410744292
2187500.0,-967500.0,1500,13.461140438750189,False,False,5.310508584035635
2192500.0,-967500.0,1500,17.1951297363862,False,False,4.458009573818286
2197500.0,-967500.0,1500,19.353050325904178,False,False,3.551379169392213
2202500.0,-967500.0,1500,17.51146167243718,False,False,3.1429310479889523
2207500.0,-967500.0,1500,12.063581324030007,False,False,3.4322527279769224
2212500.0,-967500.0,1500,8.045128650538109,False,False,3.763352086504197
2217500.0,-967500.0,1500,6.398899866371293,False,False,3.9299215813391823
2222500.0,-967500.0,1500,9.0285695232388,False,False,4.162497189934492
2227500.0,-967500.0,1500,12.80531394537875,False,False,4.4168717618090305
2232500.0,-967500.0,1500,11.685238537082308,False,False,4.614389502881934
2237500.0,-967500.0,1500,9.683397083805268,False,False,4.338138459180571
2242500.0,-967500.0,1500,6.136577089089549,False,False,3.701916995402204
2247500.0,-967500.0,1500,1.5421398116375418,False,False,3.721789886242425
2252500.0,-967500.0,1500,0.7110826180742333,False,False,3.598814776134234
2257500.0,-967500.0,1500,-4.742254987147475,False,False,3.1180062288032784
2262500.0,-967500.0,1500,-12.634044649819018,False,False,3.0621947540899184
2267500.0,-967500.0,1500,-25.43877109551254,False,False,3.025129984116784
2272500.0,-967500.0,1500,-38.330422652694025,False,False,3.020744772864001
2277500.0,-967500.0,1500,-39.83554577110581,False,False,3.10539977964942
2282500.0,-967500.0,1500,-45.93350866151195,False,False,3.2979755302185176
2287500.0,-967500.0,1500,-53.00250066657798,False,False,3.656399671254467
2292500.0,-967500.0,1500,-45.07290327081054,False,False,3.706115118702655
2297500.0,-967500.0,1500,-24.624082374974574,False,False,3.2992443322143656
2302500.0,-967500.0,1500,-0.4021912013395946,False,False,3.238056948227332
2307500.0,-967500.0,1500,22.578447393136493,False,False,3.3754457767073243
2312500.0,-967500.0,1500,37.94945536394791,False,False,3.0899257776422875
2317500.0,-967500.0,1500,47.49732682139315,False,False,3.175983639119966
2322500.0,-967500.0,1500,55.13130781598415,False,False,3.6326343005726796
2327500.0,-967500.0,1500,59.7603440731238,False,False,3.650212630935126
2332500.0,-967500.0,1500,58.641754279099565,False,False,3.4736707030030947
2337500.0,-967500.0,1500,47.05072019524445,False,False,3.4547944716486203
2342500.0,-967500.0,1500,37.54932971456847,False,False,3.4506530231027464
2347500.0,-967500.0,1500,33.10778372351746,False,False,3.434126149622644
2352500.0,-967500.0,1500,29.34719511081813,False,False,3.2725045626300044
2357500.0,-967500.0,1500,24.844123842863816,False,False,2.981946851798484
2362500.0,-967500.0,1500,17.301957444782207,False,False,2.846733659817107
2367500.0,-967500.0,1500,17.164901285892878,False,False,2.78254175629983
2372500.0,-967500.0,1500,17.347819813481458,False,False,2.7844916329412293
2377500.0,-967500.0,1500,8.35318752374435,False,False,2.730734888750228
2162500.0,-962500.0,1500,-3.859159286473571,False,False,4.041809755208246
2167500.0,-962500.0,1500,-4.602085162744075,False,False,4.732279456565516
2172500.0,-962500.0,1500,0.24562047165905132,False,False,5.827502544390862
2177500.0,-962500.0,1500,7.304136146693441,False,False,6.644560734204164
2182500.0,-962500.0,1500,10.959484633594245,False,False,6.2802571450807125
2187500.0,-962500.0,1500,12.66862248914851,False,False,5.303396664441456
2192500.0,-962500.0,1500,16.64150024210974,False,False,4.214091368634004
2197500.0,-962500.0,1500,20.097614860626386,False,False,3.5526130094412927
2202500.0,-962500.0,1500,18.900011907381305,False,False,3.89803138315615
2207500.0,-962500.0,1500,14.817874864326347,False,False,4.829128326615441
2212500.0,-962500.0,1500,11.503043733271983,False,False,5.274299126403914
2217500.0,-962500.0,1500,11.006043718982072,False,False,5.0851055706063555
2222500.0,-962500.0,1500,14.782092833987944,False,False,4.7961814962053095
2227500.0,-962500.0,1500,18.101793485457815,False,False,4.522957553285956
2232500.0,-962500.0,1500,15.948469721169367,False,False,4.279869556910175
2237500.0,-962500.0,1500,14.155419066724987,False,False,4.021085498898468
2242500.0,-962500.0,1500,10.93385930612013,False,False,3.667194408169248
2247500.0,-962500.0,1500,8.18820347813926,False,False,3.708710993811634
2252500.0,-962500.0,1500,6.326545657205783,False,False,3.789646944315039
2257500.0,-962500.0,1500,-3.3717200751323047,False,False,3.3385851705214056
2262500.0,-962500.0,1500,-14.742668303674243,False,False,3.044853918462857
2267500.0,-962500.0,1500,-24.08909730673878,False,False,2.9606921700158444
2272500.0,-962500.0,1500,-30.73940110029011,False,False,2.9294289372722413
2277500.0,-962500.0,1500,-32.95920686136384,False,False,3.0252508402798446
2282500.0,-962500.0,1500,-38.18169176801153,False,False,3.1113759453634744
2287500.0,-962500.0,1500,-44.92298173609889,False,False,3.4459246410249813
2292500.0,-962500.0,1500,-40.412479583916394,False,False,3.9641601813349316
2297500.0,-962500.0,1500,-25.080936876850867,False,False,3.7944971211406218
2302500.0,-962500.0,1500,-9.296091120938437,False,False,3.38149189280431
2307500.0,-962500.0,1500,10.603250509385742,False,False,3.2962689505938254
2312500.0,-962500.0,1500,33.29160050472127,False,False,3.0567169773691663
2317500.0,-962500.0,1500,49.38989062095049,False,False,2.922994156736815
2322500.0,-962500.0,1500,55.75677535302573,False,False,3.313739735905153
2327500.0,-962500.0,1500,58.169240999394944,False,False,3.6498519902845086
2332500.0,-962500.0,1500,57.38848352260539,False,False,3.4563575384450242
2337500.0,-962500.0,1500,45.045961980237564,False,False,3.241040204511205
2342500.0,-962500.0,1500,33.911072389818024,False,False,3.148068798426874
2347500.0,-962500.0,1500,30.388780196016373,False,False,3.131913315697008
2352500.0,-962500.0,1500,26.24642113157374,False,False,3.0672654762808205
2357500.0,-962500.0,1500,26.97747984659271,False,False,2.9948276468216934
2362500.0,-962500.0,1500,25.09907222556539,False,False,3.1352352264875925
2367500.0,-962500.0,1500,18.275957865680965,False,False,3.2054787608524635
2372500.0,-962500.0,1500,12.35806552903211,False,False,2.9939130876988638
2377500.0,-962500.0,1500,8.846152507736477,False,False,2.7065975868392194
2162500.0,-957500.0,1500,-3.3953293876170973,False,False,4.131813099106623
2167500.0,-957500.0,1500,-5.11307628757884,False,False,4.25550507179405
2172500.0,-957500.0,1500,0.5909397863958927,False,False,5.1734319410159575
2177500.0,-957500.0,1500,8.58979032972098,False,False,5.816502490914665
2182500.0,-957500.0,1500,12.022078734072634,False,False,4.888420473276429
2187500.0,-957500.0,1500,9.932603933584714,False,False,3.7716290445787504
2192500.0,-957500.0,1500,9.785673599322383,False,False,3.2755771362906936
2197500.0,-957500.0,1500,13.388504714866228,False,False,3.411714707156696
2202500.0,-957500.0,1500,15.859512091513196,False,False,4.164421484438732
2207500.0,-957500.0,1500,16.71098955061114,False,False,4.852800452198287
2212500.0,-957500.0,1500,14.699938425788128,False,False,5.297615129901616
2217500.0,-957500.0,1500,14.106272367834356,False,False,5.570499035310332
2222500.0,-957500.0,1500,17.058594651617444,False,False,5.707916177695644
2227500.0,-957500.0,1500,17.947804211207,False,False,5.694926556407564
2232500.0,-957500.0,1500,15.289683498420375,False,False,5.451745138841209
2237500.0,-957500.0,1500,13.986999974103355,False,False,5.218709825879076
2242500.0,-957500.0,1500,12.137708624074191,False,False,4.824436576027312
2247500.0,-957500.0,1500,10.127206834305632,False,False,4.463839738657282
2252500.0,-957500.0,1500,8.426029802180807,False,False,4.186688836641751
2257500.0,-957500.0,1500,2.10071111609629,False,False,3.4814325565635524
2262500.0,-957500.0,1500,-10.447645557623773,False,False,3.024687894968615
2267500.0,-957500.0,1500,-18.732034865168124,False,False,2.9935194360837993
2272500.0,-957500.0,1500,-18.718479117554157,False,False,2.9422896803968035
2277500.0,-957500.0,1500,-21.894943333310113,False,False,2.8876495823334514
2282500.0,-957500.0,1500,-33.22770577828937,False,False,2.9066618677892704
2287500.0,-957500.0,1500,-47.424677117361675,False,False,3.0716995975845283
2292500.0,-957500.0,1500,-48.606159820683985,False,False,3.7332928034528416
2297500.0,-957500.0,1500,-33.858583100953666,False,False,3.942518098648175
2302500.0,-957500.0,1500,-16.634493136689795,False,False,3.3588512917953697
2307500.0,-957500.0,1500,4.0691581538222845,False,False,3.240563650168298
2312500.0,-957500.0,1500,28.40843439386406,False,False,3.2108746343593593
2317500.0,-957500.0,1500,45.970328680562716,False,False,2.923189528512676
2322500.0,-957500.0,1500,51.76919803309909,False,False,2.9133589297492715
2327500.0,-957500.0,1500,55.468777263860424,False,False,3.066236964677925
2332500.0,-957500.0,1500,60.6486122671289,False,False,3.0927618283228138
2337500.0,-957500.0,1500,54.301581742102904,False,False,3.17594824779208
2342500.0,-957500.0,1500,44.66595551324789,False,False,3.206422547600866
2347500.0,-957500.0,1500,36.66274360900084,False,False,2.9566873264114317
2352500.0,-957500.0,1500,13.014205284349917,False,False,2.852704979600816
2357500.0,-957500.0,1500,12.445354027452657,False,False,3.100163364169704
2362500.0,-957500.0,1500,32.19897280965499,False,False,3.3228524046937036
2367500.0,-957500.0,1500,24.849980206717827,False,False,3.3529740036069478
2372500.0,-957500.0,1500,9.067332983573555,False,False,3.240397983714841
2377500.0,-957500.0,1500,9.488868279513888,False,False,2.978358834774139
2167500.0,-952500.0,1500,0.9860557987156364,False,False,5.463711772196614
2172500.0,-952500.0,1500,4.922516646329157,False,False,5.119107596956161
2177500.0,-952500.0,1500,8.865933069251405,False,False,4.501468974127172
2182500.0,-952500.0,1500,10.330925399619373,False,False,3.672649794360953
2187500.0,-952500.0,1500,7.667016262598283,False,False,3.7444576775859195
2192500.0,-952500.0,1500,4.782750702252733,False,False,4.199216226901695
2197500.0,-952500.0,1500,7.540617349859705,False,False,4.304084217173555
2202500.0,-952500.0,1500,13.491891523177202,False,False,4.319466083274318
2207500.0,-952500.0,1500,18.72674909296812,False,False,4.254159362445039
2212500.0,-952500.0,1500,17.8359560135883,False,False,4.289134748617953
2217500.0,-952500.0,1500,14.941133540104339,False,False,4.448150154923485
2222500.0,-952500.0,1500,14.5139468705023,False,False,4.575750478773288
2227500.0,-952500.0,1500,13.273267372072658,False,False,4.733635242445663
2232500.0,-952500.0,1500,10.732491311839052,False,False,4.84754103837944
2237500.0,-952500.0,1500,9.141210165445527,False,False,5.206115491802708
2242500.0,-952500.0,1500,10.00667503662931,False,False,5.814507714456991
2247500.0,-952500.0,1500,11.055556511938114,False,False,5.605874181717734
2252500.0,-952500.0,1500,10.477110487294016,False,False,4.215609494812174
2257500.0,-952500.0,1500,7.930568259948193,False,False,3.401692753613167
2262500.0,-952500.0,1500,-0.15780556569051124,False,False,3.310223020964986
2267500.0,-952500.0,1500,-6.963530882784793,False,False,3.0734738817060396
2272500.0,-952500.0,1500,-9.410976121190464,False,False,2.928966448420816
2277500.0,-952500.0,1500,-10.578076844588587,False,False,2.850548536495935
2282500.0,-952500.0,1500,-21.569362928761787,False,False,2.928314186386132
2287500.0,-952500.0,1500,-49.13941041150526,False,False,2.998555317677618
2292500.0,-952500.0,1500,-63.1467336634224,False,False,3.1495661570852387
2297500.0,-952500.0,1500,-53.685092951482986,False,False,3.301791212398076
2302500.0,-952500.0,1500,-35.965557419694036,False,False,3.233215688558917
2307500.0,-952500.0,1500,-10.23781850457509,False,False,3.148343838936738
2312500.0,-952500.0,1500,16.619419842444064,False,False,3.2508281566798143
2317500.0,-952500.0,1500,34.75480108531076,False,False,3.435613567411082
2322500.0,-952500.0,1500,44.37909560358333,False,False,3.3887141255119553
2327500.0,-952500.0,1500,50.680974174295365,False,False,3.1422478373036915
2332500.0,-952500.0,1500,56.481651346877065,False,False,2.9411885154978643
2337500.0,-952500.0,1500,55.2524425284964,False,False,2.8788990513645456
2342500.0,-952500.0,1500,51.50695324950128,False,False,2.944763327296603
2347500.0,-952500.0,1500,47.41935274802861,False,False,3.0788647663285795
2352500.0,-952500.0,1500,27.972573322346665,False,False,3.2376705520190394
2357500.0,-952500.0,1500,22.1524430713992,False,False,3.1406071086389935
2362500.0,-952500.0,1500,37.54552096240348,False,False,2.990363500637772
2367500.0,-952500.0,1500,33.83809987726095,False,False,3.111505809837232
2372500.0,-952500.0,1500,13.762995900966523,False,False,3.193468478179458
2377500.0,-952500.0,1500,8.516679324983446,False,False,3.0025721561044474
2172500.0,-947500.0,1500,11.667199163541213,False,False,4.254047218464423
2177500.0,-947500.0,1500,9.053632565614423,False,False,3.7878934111609803
2182500.0,-947500.0,1500,7.245001027030823,False,False,4.435989522100559
2187500.0,-947500.0,1500,7.350019536964615,False,False,5.661516754231128
2192500.0,-947500.0,1500,7.925217506853658,False,False,6.2740816527921
2197500.0,-947500.0,1500,11.311207972129234,False,False,6.178641702232834
2202500.0,-947500.0,1500,17.610453287058178,False,False,5.888961298642842
2207500.0,-947500.0,1500,22.5549643125923,False,False,5.509050718136217
2212500.0,-947500.0,1500,21.63759077655724,False,False,5.161783870144755
2217500.0,-947500.0,1500,17.748462777937807,False,False,4.881054567467775
2222500.0,-947500.0,1500,14.357889090939965,False,False,4.587939709834844
2227500.0,-947500.0,1500,11.804341313546647,False,False,4.366286012059782
2232500.0,-947500.0,1500,9.513459098373463,False,False,4.172112426395437
2237500.0,-947500.0,1500,8.257136253288024,False,False,4.440369950659306
2242500.0,-947500.0,1500,9.666478882141508,False,False,5.248393662344101
2247500.0,-947500.0,1500,11.31442746412299,False,False,5.1502746553553695
2252500.0,-947500.0,1500,10.11827529122249,False,False,3.775024423571701
2257500.0,-947500.0,1500,7.041700956557113,False,False,3.1357867443227496
2262500.0,-947500.0,1500,4.090424779771544,False,False,3.135420125458746
2267500.0,-947500.0,1500,-0.18873123435833172,False,False,2.926683368590413
2272500.0,-947500.0,1500,-6.756700978058876,False,False,2.9100845237499917
2277500.0,-947500.0,1500,-3.289443458447551,False,False,2.921805176081521
2282500.0,-947500.0,1500,-4.686823623739296,False,False,2.9344028586275415
2287500.0,-947500.0,1500,-35.7827611363977,False,False,2.904271177519688
2292500.0,-947500.0,1500,-64.81330773265046,False,False,2.89552638865573
2297500.0,-947500.0,1500,-72.00709320869584,False,False,3.111301227824398
2302500.0,-947500.0,1500,-65.00368028376572,False,False,3.434257429754946
2307500.0,-947500.0,1500,-40.48397345461489,False,False,3.396803594075731
2312500.0,-947500.0,1500,-7.318774288489599,False,False,3.324457651764597
2317500.0,-947500.0,1500,19.995666218736066,False,False,3.5837688329085853
2322500.0,-947500.0,1500,36.82438184593445,False,False,3.6968092298480326
2327500.0,-947500.0,1500,43.52958199857835,False,False,3.524658111768806
2332500.0,-947500.0,1500,45.42348427399547,False,False,3.405337812955202
2337500.0,-947500.0,1500,47.12882754381645,False,False,3.240253495683453
2342500.0,-947500.0,1500,47.13512214799197,False,False,3.112831903845247
2347500.0,-947500.0,1500,49.5199159627837,False,False,3.2203602283985173
2352500.0,-947500.0,1500,49.67672436420508,False,False,3.1552870516255016
2357500.0,-947500.0,1500,46.506854295309665,False,False,2.803576501510496
2362500.0,-947500.0,1500,46.146981403614326,False,False,2.642133742216353
2367500.0,-947500.0,1500,41.02228795662712,False,False,2.848614775015962
2372500.0,-947500.0,1500,23.515207237568575,False,False,3.039065612086994
2377500.0,-947500.0,1500,10.382713157257363,False,False,2.9290021193419813
2172500.0,-942500.0,1500,16.329016350583213,False,False,3.791915502955856
2177500.0,-942500.0,1500,10.578713151560859,False,False,4.746761318351219
2182500.0,-942500.0,1500,7.8156377302189135,False,False,6.093545557546756
2187500.0,-942500.0,1500,10.976202122203256,False,False,7.000040834260499
2192500.0,-942500.0,1500,15.6194862553619,False,False,7.204954988876007
2197500.0,-942500.0,1500,20.081180539167857,False,False,6.99779023045592
2202500.0,-942500.0,1500,24.778204754167223,False,False,6.673305793915159
2207500.0,-942500.0,1500,26.6323793384772,False,False,6.3078342669540115
2212500.0,-942500.0,1500,24.805013518247073,False,False,5.89913115642628
2217500.0,-942500.0,1500,21.45258742661262,False,False,5.447125055756182
2222500.0,-942500.0,1500,16.706023644233902,False,False,4.9646074381081435
2227500.0,-942500.0,1500,13.632085626845274,False,False,4.458989859623412
2232500.0,-942500.0,1500,12.99386017656784,False,False,3.964860286437898
2237500.0,-942500.0,1500,13.276203196282257,False,False,3.755070617623831
2242500.0,-942500.0,1500,12.470496365780374,False,False,3.93630042729872
2247500.0,-942500.0,1500,11.870180261765642,False,False,3.9548965814113783
2252500.0,-942500.0,1500,9.952785231200833,False,False,3.483185368449162
2257500.0,-942500.0,1500,6.878343481303204,False,False,3.059243434277297
2262500.0,-942500.0,1500,6.177597868850759,False,False,3.0365868456175975
2267500.0,-942500.0,1500,4.457983360516211,False,False,2.988322313055344
2272500.0,-942500.0,1500,0.2931787293644174,False,False,2.9096223582337823
2277500.0,-942500.0,1500,2.7020892204288263,False,False,2.9270533322557246
2282500.0,-942500.0,1500,5.446742298440024,False,False,2.8595354754297886
2287500.0,-942500.0,1500,-15.328968598705611,False,False,2.844275579769277
2292500.0,-942500.0,1500,-47.66894572777632,False,False,2.9151252310887243
2297500.0,-942500.0,1500,-69.63286060506911,False,False,3.14539092057859
2302500.0,-942500.0,1500,-77.52417786867834,False,False,3.7898912416772514
2307500.0,-942500.0,1500,-68.39117280726074,False,False,4.085577655097905
2312500.0,-942500.0,1500,-46.318531274320726,False,False,3.8602513991740173
2317500.0,-942500.0,1500,-20.747276563790557,False,False,3.6775044483185115
2322500.0,-942500.0,1500,-0.17379012543993583,False,False,3.655000987467824
2327500.0,-942500.0,1500,14.571881430165613,False,False,3.8504957150425088
2332500.0,-942500.0,1500,25.99065874324512,False,False,3.827364361022259
2337500.0,-942500.0,1500,39.21667681208344,False,False,3.449054482838803
2342500.0,-942500.0,1500,48.55596510803776,False,False,3.2163697218999547
2347500.0,-942500.0,1500,55.752449428889264,False,False,3.2770356215983716
2352500.0,-942500.0,1500,61.009471795277406,False,False,3.0345401688352647
2357500.0,-942500.0,1500,57.95836480163006,False,False,2.86954227117599
2362500.0,-942500.0,1500,52.428991276053814,False,False,3.082585704726142
2367500.0,-942500.0,1500,46.192181803498045,False,False,3.1922679485162284
2372500.0,-942500.0,1500,35.26574207511422,False,False,3.1233769547824215
2377500.0,-942500.0,1500,19.869575207915705,False,False,2.9290750037207007
2182500.0,-937500.0,1500,9.755012257313771,False,False,6.206505468655398
2187500.0,-937500.0,1500,16.67788886727254,False,False,6.399136464624231
2192500.0,-937500.0,1500,22.737778959464833,False,False,6.068663674042509
2197500.0,-937500.0,1500,26.080636358781774,False,False,5.545549553736869
2202500.0,-937500.0,1500,28.984604761994547,False,False,5.034892311491381
2207500.0,-937500.0,1500,29.186058981164578,False,False,4.592513232983571
2212500.0,-937500.0,1500,26.033980625986068,False,False,4.248653816265637
2217500.0,-937500.0,1500,22.098728091667116,False,False,3.9970688565408223
2222500.0,-937500.0,1500,17.09747528678949,False,False,3.845007517428618
2227500.0,-937500.0,1500,14.27885295179813,False,False,3.7597724398062637
2232500.0,-937500.0,1500,15.29912445028659,False,False,3.7609922016271495
2237500.0,-937500.0,1500,16.984758807520254,False,False,3.881150835473361
2242500.0,-937500.0,1500,15.947720594708471,False,False,4.089716124790813
2247500.0,-937500.0,1500,14.250679399399463,False,False,4.049031660769447
2252500.0,-937500.0,1500,11.395085731351504,False,False,3.6021204049880486
2257500.0,-937500.0,1500,10.317178085395781,False,False,3.4022765088974602
2262500.0,-937500.0,1500,16.910435196592417,False,False,3.4223277968917043
2267500.0,-937500.0,1500,19.881083853606576,False,False,3.3068910509782667
2272500.0,-937500.0,1500,12.835801493250415,False,False,3.1140799926564906
2277500.0,-937500.0,1500,7.19258516858509,False,False,2.91044837264633
2282500.0,-937500.0,1500,6.842347616030534,False,False,2.7851969643106016
2287500.0,-937500.0,1500,-3.4160079312814884,False,False,2.772128725092141
2292500.0,-937500.0,1500,-28.475674233565588,False,False,2.9052777074263774
2297500.0,-937500.0,1500,-55.61335724705243,False,False,3.0740482156848348
2302500.0,-937500.0,1500,-74.03088977225157,False,False,3.6944717948896413
2307500.0,-937500.0,1500,-79.90407779764163,False,False,4.205485052564798
2312500.0,-937500.0,1500,-77.08088399347879,False,False,4.160551493421427
2317500.0,-937500.0,1500,-69.3634332592406,False,False,3.8932587578708087
2322500.0,-937500.0,1500,-58.44964797124603,False,False,3.716095284846778
2327500.0,-937500.0,1500,-40.13923044717795,False,False,4.098719599012026
2332500.0,-937500.0,1500,-9.782978629697867,False,False,3.991986649447368
2337500.0,-937500.0,1500,27.54829462099984,False,False,3.3348379935225925
2342500.0,-937500.0,1500,47.12193962094367,False,False,3.25822633107333
2347500.0,-937500.0,1500,53.82842888488639,False,False,3.6408769300854904
2352500.0,-937500.0,1500,63.94670061648299,False,False,3.612628960613395
2357500.0,-937500.0,1500,64.43915558165011,False,False,3.3282000532205274
2362500.0,-937500.0,1500,56.17445665030502,False,False,3.5911403590425133
2367500.0,-937500.0,1500,48.146544133466676,False,False,4.338717872877287
2372500.0,-937500.0,1500,39.47153553873289,False,False,4.628640229689182
2377500.0,-937500.0,1500,23.99742647933264,False,False,4.167953205756337
2182500.0,-932500.0,1500,11.427173673191943,False,False,4.293919923868813
2187500.0,-932500.0,1500,20.060550572690943,False,False,4.179509671594587
2192500.0,-932500.0,1500,23.464215497863318,False,False,3.778349865420881
2197500.0,-932500.0,1500,24.018643707826584,False,False,3.4534709315107204
2202500.0,-932500.0,1500,26.183190881148843,False,False,3.215420743031907
2207500.0,-932500.0,1500,27.94480653250224,False,False,3.085136731862641
2212500.0,-932500.0,1500,24.671264879700548,False,False,3.100180059593833
2217500.0,-932500.0,1500,16.82203092232549,False,False,3.2322191213533307
2222500.0,-932500.0,1500,10.395206471342858,False,False,3.4472398349875313
2227500.0,-932500.0,1500,9.320875782892887,False,False,3.729288287505475
2232500.0,-932500.0,1500,12.429241548779606,False,False,4.105451816814738
2237500.0,-932500.0,1500,15.086068620854096,False,False,4.5369921388590875
2242500.0,-932500.0,1500,15.652555476631264,False,False,4.892801944935006
2247500.0,-932500.0,1500,15.445110626317987,False,False,4.7183797832515175
2252500.0,-932500.0,1500,11.934522412908317,False,False,4.053685762878912
2257500.0,-932500.0,1500,12.193899327166859,False,False,3.7297761700541385
2262500.0,-932500.0,1500,23.63781640674261,False,False,3.4894000681203226
2267500.0,-932500.0,1500,28.540866525492078,False,False,3.4972537139441098
2272500.0,-932500.0,1500,18.699605677180138,False,False,3.2998130286866703
2277500.0,-932500.0,1500,10.061943755001412,False,False,2.7874405983791655
2282500.0,-932500.0,1500,3.7822789296778074,False,False,2.7872551556068075
2287500.0,-932500.0,1500,-7.9677808498331615,False,False,2.7724289210076822
2292500.0,-932500.0,1500,-26.551751204374778,False,False,2.8109904489297217
2297500.0,-932500.0,1500,-52.04923707400213,False,False,2.940940426251751
2302500.0,-932500.0,1500,-71.04477496417218,False,False,3.2915280462653884
2307500.0,-932500.0,1500,-76.44948608736343,False,False,4.154643781904462
2312500.0,-932500.0,1500,-78.1751853841447,False,False,4.541449894271853
2317500.0,-932500.0,1500,-80.89076052865445,False,False,4.0638320855132175
2322500.0,-932500.0,1500,-83.62522863827502,False,False,3.651005484246637
2327500.0,-932500.0,1500,-81.15702100879993,False,False,3.7194356973460976
2332500.0,-932500.0,1500,-53.38140569634562,False,False,3.818078165402281
2337500.0,-932500.0,1500,-5.175377698345187,False,False,4.007723303919954
2342500.0,-932500.0,1500,23.805063017856607,False,False,4.599423042541149
2347500.0,-932500.0,1500,30.86309801419752,False,False,5.203556906743632
2352500.0,-932500.0,1500,38.2688242431034,False,False,5.242864344508977
2357500.0,-932500.0,1500,49.59740333735185,False,False,4.305520866742912
2362500.0,-932500.0,1500,55.950957094932384,False,False,3.7206381515136506
2367500.0,-932500.0,1500,52.3074348923865,False,False,4.546142409844164
2372500.0,-932500.0,1500,40.29363718497043,False,False,5.369778043459874
2377500.0,-932500.0,1500,24.80420020533536,False,False,5.234873993378941
2187500.0,-927500.0,1500,19.13925327108619,False,False,3.6446942357791703
2192500.0,-927500.0,1500,17.59577411233165,False,False,3.478978263364383
2197500.0,-927500.0,1500,16.8726673427184,False,False,3.3174217331784974
2202500.0,-927500.0,1500,19.368403325403513,False,False,3.181688512413746
2207500.0,-927500.0,1500,22.996241614847424,False,False,3.1952810862201075
2212500.0,-927500.0,1500,21.436718487437595,False,False,3.309229770299049
2217500.0,-927500.0,1500,11.67349850600086,False,False,3.4131876549628535
2222500.0,-927500.0,1500,4.2626706001770565,False,False,3.50527406818512
2227500.0,-927500.0,1500,4.715623219596682,False,False,3.5781737756008876
2232500.0,-927500.0,1500,9.48056321534652,False,False,3.6123266555849805
2237500.0,-927500.0,1500,12.831017884430327,False,False,3.687413652899361
2242500.0,-927500.0,1500,13.96219726140848,False,False,3.8879808095189574
2247500.0,-927500.0,1500,15.553789037445997,False,False,3.9262225533615234
2252500.0,-927500.0,1500,12.85000646900543,False,False,3.7990297875499413
2257500.0,-927500.0,1500,9.746784691129786,False,False,3.6458855777035657
2262500.0,-927500.0,1500,14.524233876123267,False,False,3.274279991327581
2267500.0,-927500.0,1500,19.0947318515958,False,False,3.1667757004919124
2272500.0,-927500.0,1500,15.947362095724237,False,False,3.1253849258321487
2277500.0,-927500.0,1500,9.26037362343487,False,False,2.8391933296056684
2282500.0,-927500.0,1500,-4.267366841764548,False,False,2.8149336882076685
2287500.0,-927500.0,1500,-22.588437888470505,False,False,2.8654821829464616
2292500.0,-927500.0,1500,-39.31875397094413,False,False,2.7875620564125825
2297500.0,-927500.0,1500,-61.41891868432227,False,False,2.8559286148264578
2302500.0,-927500.0,1500,-74.66421599292214,False,False,3.0510588738442252
2307500.0,-927500.0,1500,-69.84639871301373,False,False,3.6718804764949597
2312500.0,-927500.0,1500,-63.33471399420457,False,False,4.120640085632609
2317500.0,-927500.0,1500,-64.82630892289325,False,False,3.902948744107504
2322500.0,-927500.0,1500,-74.81065543988758,False,False,3.7715119807318525
2327500.0,-927500.0,1500,-86.2731346793814,False,False,3.7400930952750286
2332500.0,-927500.0,1500,-77.80790488438188,False,False,3.998101447839347
2337500.0,-927500.0,1500,-50.100883408744664,False,False,4.776909647581856
2342500.0,-927500.0,1500,-28.29567146081824,False,False,5.621074171796272
2347500.0,-927500.0,1500,-20.99671782796275,False,False,5.96099385736814
2352500.0,-927500.0,1500,-14.73140607248213,False,False,5.6445234719834065
2357500.0,-927500.0,1500,6.516424725050997,False,False,4.942277814937448
2362500.0,-927500.0,1500,28.03531436905545,False,False,4.47033297141977
2367500.0,-927500.0,1500,34.58516372612796,False,False,4.519938357244193
2372500.0,-927500.0,1500,31.467248338715283,False,False,4.7893651237094375
2377500.0,-927500.0,1500,25.522691681977886,False,False,4.731605051120998
2197500.0,-922500.0,1500,10.782672073174014,False,False,4.87778125666698
2202500.0,-922500.0,1500,14.524840527508424,False,False,3.7537874927936716
2207500.0,-922500.0,1500,17.81417182692051,False,False,3.1537138020849236
2212500.0,-922500.0,1500,19.346961286275082,False,False,3.091620039785852
2217500.0,-922500.0,1500,15.475786763849383,False,False,3.087893430051976
2222500.0,-922500.0,1500,10.56281219569713,False,False,3.1035385523055563
2227500.0,-922500.0,1500,9.365141103798601,False,False,3.070258829994942
2232500.0,-922500.0,1500,12.472194539908209,False,False,2.917943089490632
2237500.0,-922500.0,1500,16.271329796988798,False,False,2.9554872714501013
2242500.0,-922500.0,1500,15.909186744273661,False,False,3.7109373523282105
2247500.0,-922500.0,1500,13.942632896533883,False,False,4.450828629354007
2252500.0,-922500.0,1500,9.31847373865012,False,False,4.643205955398205
2257500.0,-922500.0,1500,1.263408622669132,False,False,4.603126628900247
2262500.0,-922500.0,1500,-2.095058808555824,False,False,4.4093831246740915
2267500.0,-922500.0,1500,2.178602360221678,False,False,4.222194368915757
2272500.0,-922500.0,1500,3.598180318519473,False,False,4.191357042818398
2277500.0,-922500.0,1500,-3.629622494054301,False,False,3.719579468584195
2282500.0,-922500.0,1500,-15.330771170047784,False,False,3.0469040201939848
2287500.0,-922500.0,1500,-24.151863399044114,False,False,2.928378808336005
2292500.0,-922500.0,1500,-35.535910283350596,False,False,2.8860569142776518
2297500.0,-922500.0,1500,-56.06118565102865,False,False,2.860455662940638
2302500.0,-922500.0,1500,-70.556332661756,False,False,2.923969214367316
2307500.0,-922500.0,1500,-69.2438370638042,False,False,3.016343112926385
2312500.0,-922500.0,1500,-60.84992290582188,False,False,3.38310372014137
2317500.0,-922500.0,1500,-57.868837439156174,False,False,3.860495389546901
2322500.0,-922500.0,1500,-64.37041661647199,False,False,4.18939661575854
2327500.0,-922500.0,1500,-76.77982768341839,False,False,4.386837339751119
2332500.0,-922500.0,1500,-85.78259628010134,False,False,4.561281307871363
2337500.0,-922500.0,1500,-84.33236893098325,False,False,4.705096198359632
2342500.0,-922500.0,1500,-78.78223611409074,False,False,4.841621202468165
2347500.0,-922500.0,1500,-75.37125833926324,False,False,4.773541310119887
2352500.0,-922500.0,1500,-64.75454651570722,False,False,4.291910144015928
2357500.0,-922500.0,1500,-40.37579145563198,False,False,4.251373218853045
2362500.0,-922500.0,1500,-20.258715586144568,False,False,4.564779091440645
2367500.0,-922500.0,1500,-8.819578855445688,False,False,4.520282666802015
2372500.0,-922500.0,1500,2.6859852325556237,False,False,4.537206939146277
2377500.0,-922500.0,1500,7.074965172162357,False,False,4.490716960905412
