x,y,height,faa,inv_msk,inv_pad,stdev
-1047500.0,-1377500.0,1500,-79.83205482436776,False,False,15.46186244249011
-1042500.0,-1377500.0,1500,-84.65465461261509,False,False,15.461216933853127
-1037500.0,-1377500.0,1500,-87.41199609836762,False,False,15.460557200873923
-1032500.0,-1377500.0,1500,-86.82061289145008,False,False,15.45989148075683
-1027500.0,-1377500.0,1500,-84.04419746655724,False,False,15.459241280012819
-1022500.0,-1377500.0,1500,-82.35452935345937,False,False,15.458618295637628
-1017500.0,-1377500.0,1500,-83.27434894208227,False,False,15.458045485002101
-1012500.0,-1377500.0,1500,-83.17282068940564,False,False,15.457542869509643
-1007500.0,-1377500.0,1500,-82.07131533961659,False,False,15.457118816958978
-1002500.0,-1377500.0,1500,-81.38757238119632,False,False,15.456758379678655
-997500.0,-1377500.0,1500,-77.90928141983723,False,False,15.45647337143051
-992500.0,-1377500.0,1500,-72.0429617122731,False,False,15.456259582750551
-987500.0,-1377500.0,1500,-67.44576787214179,False,False,15.456097599966462
-982500.0,-1377500.0,1500,-62.63517080338577,False,False,15.45587516466372
-977500.0,-1377500.0,1500,-57.51484067026025,False,False,15.455476251697744
-972500.0,-1377500.0,1500,-60.9570070071323,False,False,15.454868306657145
-967500.0,-1377500.0,1500,-73.77964124901284,False,False,15.45399748334623
-962500.0,-1377500.0,1500,-86.72463541895195,False,False,15.452780937342625
-957500.0,-1377500.0,1500,-95.24806310960065,False,False,15.451182541937797
-952500.0,-1377500.0,1500,-99.29918215477527,False,False,15.449200457491063
-947500.0,-1377500.0,1500,-102.54435240025849,False,False,15.446760698470625
-942500.0,-1377500.0,1500,-106.63544584091561,False,False,15.443831111018053
-937500.0,-1377500.0,1500,-107.871130066489,False,False,15.44044867634159
-932500.0,-1377500.0,1500,-105.33106481975507,False,False,15.436590684464644
-927500.0,-1377500.0,1500,-103.1038688995551,False,False,15.432195177249957
-922500.0,-1377500.0,1500,-102.38983548267782,False,False,15.427243412943664
-917500.0,-1377500.0,1500,-100.3612101462854,False,False,15.421785289539294
-912500.0,-1377500.0,1500,-95.90361845314293,False,False,15.41583790644314
-907500.0,-1377500.0,1500,-93.22941898449427,False,False,15.409372892291165
-902500.0,-1377500.0,1500,-95.13621300221284,False,False,15.40236505790249
-897500.0,-1377500.0,1500,-96.42175475995319,False,False,15.394892346181866
-892500.0,-1377500.0,1500,-94.88876929983931,False,False,15.387084098643701
-887500.0,-1377500.0,1500,-92.9497853527778,False,False,15.379120265850684
-882500.0,-1377500.0,1500,-91.09386271827724,False,False,15.371207851755551
-877500.0,-1377500.0,1500,-90.95524982183717,False,False,15.363508374898043
-872500.0,-1377500.0,1500,-90.9931831425109,False,False,15.356330906846694
-867500.0,-1377500.0,1500,-89.29421779384731,False,False,15.350028496486617
-862500.0,-1377500.0,1500,-90.43570191384137,False,False,15.344922150895156
-857500.0,-1377500.0,1500,-92.49287987156794,False,False,15.341198799954954
-852500.0,-1377500.0,1500,-92.20777535109471,False,False,15.338932858503565
-847500.0,-1377500.0,1500,-94.67778377837044,False,False,15.338148697768583
-842500.0,-1377500.0,1500,-98.18861769218017,False,False,15.338895157178202
-837500.0,-1377500.0,1500,-97.81474495708522,False,False,15.341087209320428
-832500.0,-1377500.0,1500,-97.35612697597183,False,False,15.34453684615016
-827500.0,-1377500.0,1500,-99.55820851281575,False,False,15.348888055716344
-822500.0,-1377500.0,1500,-103.26720385315666,False,False,15.353631543143925
-817500.0,-1377500.0,1500,-108.24352084141242,False,False,15.358499067135579
-812500.0,-1377500.0,1500,-114.07062340538471,False,False,15.36332354044832
-807500.0,-1377500.0,1500,-119.41480035687168,False,False,15.367907627360125
-802500.0,-1377500.0,1500,-123.37067633645485,False,False,15.372170705527346
-797500.0,-1377500.0,1500,-125.27918016231665,False,False,15.376186490705843
-792500.0,-1377500.0,1500,-123.57208004218629,False,False,15.380091781077947
-787500.0,-1377500.0,1500,-118.65909563386074,False,False,15.383961778597577
-782500.0,-1377500.0,1500,-112.61976889572873,False,False,15.3878257445935
-777500.0,-1377500.0,1500,-105.82308691422084,False,False,15.391599858010414
-772500.0,-1377500.0,1500,-97.62836098813567,False,False,15.39518007134124
-767500.0,-1377500.0,1500,-88.52112922314339,False,False,15.398180605188994
-762500.0,-1377500.0,1500,-79.2187981316167,False,False,15.399987654905706
-757500.0,-1377500.0,1500,-70.91186851135006,False,False,15.400127189311899
-752500.0,-1377500.0,1500,-66.87785167709545,False,False,15.398094049429535
-747500.0,-1377500.0,1500,-67.15285366228632,False,False,15.393450229513302
-742500.0,-1377500.0,1500,-68.44963413764997,False,False,15.386135097315844
-737500.0,-1377500.0,1500,-71.12013420302658,False,False,15.376130925280124
-732500.0,-1377500.0,1500,-75.57797753538505,False,False,15.36364954389491
-727500.0,-1377500.0,1500,-78.07470300489823,False,False,15.349134426161864
-722500.0,-1377500.0,1500,-75.39902743913204,False,False,15.333151262215553
-717500.0,-1377500.0,1500,-68.31883455350021,False,False,15.316603375270775
-712500.0,-1377500.0,1500,-61.93238039932014,False,False,15.30080045504963
-707500.0,-1377500.0,1500,-61.46734414631373,False,False,15.287408043186092
-702500.0,-1377500.0,1500,-65.83622465266933,False,False,15.277959691339344
-697500.0,-1377500.0,1500,-70.16156727452727,False,False,15.273809866332314
-692500.0,-1377500.0,1500,-73.68905657068413,False,False,15.27557269770229
-687500.0,-1377500.0,1500,-78.50667082645651,False,False,15.282443608360564
-682500.0,-1377500.0,1500,-83.42482183792931,False,False,15.291272156921435
-677500.0,-1377500.0,1500,-86.02637005424083,False,False,15.296296128059318
-672500.0,-1377500.0,1500,-87.07351196966233,False,False,15.28805314519876
-667500.0,-1377500.0,1500,-86.91943226779448,False,False,15.253231603492303
-662500.0,-1377500.0,1500,-85.58073396258085,False,False,15.172727839354991
-657500.0,-1377500.0,1500,-84.64862060712873,False,False,15.019583955401732
-652500.0,-1377500.0,1500,-83.2495363021414,False,False,14.746928250832811
-647500.0,-1377500.0,1500,-79.47364586608336,False,False,14.273976693406544
-642500.0,-1377500.0,1500,-74.92671530194708,False,False,13.434553611396389
-637500.0,-1377500.0,1500,-70.64368815929917,False,False,11.963439965909087
-632500.0,-1377500.0,1500,-65.91874870275196,False,False,9.254565638303514
-627500.0,-1377500.0,1500,-63.71902907496903,False,False,6.456085339462142
-622500.0,-1377500.0,1500,-64.90245466002519,False,False,6.820679778823288
-617500.0,-1377500.0,1500,-68.09104219847443,False,False,9.794744643336324
-612500.0,-1377500.0,1500,-73.67800166523094,False,False,12.225979608575592
-607500.0,-1377500.0,1500,-79.71137336934336,False,False,13.553876855660837
-602500.0,-1377500.0,1500,-84.08808443112574,False,False,14.307319561539657
-597500.0,-1377500.0,1500,-87.05732089750026,False,False,14.728715196792574
-592500.0,-1377500.0,1500,-89.84816661171934,False,False,14.967397109914868
-587500.0,-1377500.0,1500,-90.37318546110937,False,False,15.09688202763777
-582500.0,-1377500.0,1500,-85.8512402502712,False,False,15.16066395425494
-1047500.0,-1372500.0,1500,-85.8393471802197,False,False,15.459671966316998
-1042500.0,-1372500.0,1500,-94.43888895274527,False,False,15.458992494278197
-1037500.0,-1372500.0,1500,-98.29689074968779,False,False,15.458299326086944
-1032500.0,-1372500.0,1500,-94.90435001106408,False,False,15.45761439662218
-1027500.0,-1372500.0,1500,-87.69774263833955,False,False,15.456967924585056
-1022500.0,-1372500.0,1500,-82.14674615993057,False,False,15.456383682189227
-1017500.0,-1372500.0,1500,-78.9703104748691,False,False,15.455875145208209
-1012500.0,-1372500.0,1500,-75.00566131370564,False,False,15.455433642941493
-1007500.0,-1372500.0,1500,-69.359029446236,False,False,15.455058328050352
-1002500.0,-1372500.0,1500,-64.8657355456742,False,False,15.454710754757125
-997500.0,-1372500.0,1500,-59.82476510906974,False,False,15.454369401897136
-992500.0,-1372500.0,1500,-52.915067222676655,False,False,15.454019863958088
-987500.0,-1372500.0,1500,-49.44392423185279,False,False,15.453584020334915
-982500.0,-1372500.0,1500,-45.99350634839686,False,False,15.452934236976162
-977500.0,-1372500.0,1500,-38.695151847128294,False,False,15.451991752769679
-972500.0,-1372500.0,1500,-44.01997312321667,False,False,15.450675406108706
-967500.0,-1372500.0,1500,-64.03555135859547,False,False,15.44893302949669
-962500.0,-1372500.0,1500,-81.77774575869823,False,False,15.44675738371259
-957500.0,-1372500.0,1500,-92.12793894217101,False,False,15.444061839936957
-952500.0,-1372500.0,1500,-96.2868523829218,False,False,15.440787137956397
-947500.0,-1372500.0,1500,-99.97093849886755,False,False,15.436983796461394
-942500.0,-1372500.0,1500,-105.6003108843919,False,False,15.432633017913647
-937500.0,-1372500.0,1500,-109.30969479521788,False,False,15.427663059023224
-932500.0,-1372500.0,1500,-109.19497821861371,False,False,15.422109261720015
-927500.0,-1372500.0,1500,-107.60722488989545,False,False,15.416002703646674
-922500.0,-1372500.0,1500,-106.279025376579,False,False,15.409280128068511
-917500.0,-1372500.0,1500,-104.16582234447729,False,False,15.40191373951796
-912500.0,-1372500.0,1500,-100.31203950765425,False,False,15.393964832289292
-907500.0,-1372500.0,1500,-97.40883447512577,False,False,15.385528065042475
-902500.0,-1372500.0,1500,-97.72810241837223,False,False,15.376657176703656
-897500.0,-1372500.0,1500,-97.77432205224382,False,False,15.367386873928538
-892500.0,-1372500.0,1500,-96.6912727662172,False,False,15.357810245906634
-887500.0,-1372500.0,1500,-95.45353421967614,False,False,15.348128397306981
-882500.0,-1372500.0,1500,-94.22659925651725,False,False,15.338776593416346
-877500.0,-1372500.0,1500,-95.02737093885817,False,False,15.330139274936156
-872500.0,-1372500.0,1500,-96.30993723893354,False,False,15.322494314444425
-867500.0,-1372500.0,1500,-95.56014856812412,False,False,15.316126202416804
-862500.0,-1372500.0,1500,-95.96711901933452,False,False,15.31127303390766
-857500.0,-1372500.0,1500,-97.51324316429839,False,False,15.308244292576227
-852500.0,-1372500.0,1500,-97.48592050162945,False,False,15.307258144315023
-847500.0,-1372500.0,1500,-98.22628411344282,False,False,15.308305588294903
-842500.0,-1372500.0,1500,-98.06668841294739,False,False,15.311210037497066
-837500.0,-1372500.0,1500,-93.08324617317876,False,False,15.315714036061127
-832500.0,-1372500.0,1500,-87.29927492017566,False,False,15.321394930615451
-827500.0,-1372500.0,1500,-85.47773512795423,False,False,15.327792693112855
-822500.0,-1372500.0,1500,-88.69208928654541,False,False,15.334424138394883
-817500.0,-1372500.0,1500,-95.2837589616658,False,False,15.34068759492175
-812500.0,-1372500.0,1500,-101.79056450389109,False,False,15.346326905216479
-807500.0,-1372500.0,1500,-106.16259963971254,False,False,15.351353885791143
-802500.0,-1372500.0,1500,-108.80214814788677,False,False,15.355847113766044
-797500.0,-1372500.0,1500,-110.81801085009353,False,False,15.35993328300249
-792500.0,-1372500.0,1500,-110.2801833556362,False,False,15.363720931172491
-787500.0,-1372500.0,1500,-106.72012687892723,False,False,15.367184452031006
-782500.0,-1372500.0,1500,-102.29956146407906,False,False,15.370329944907626
-777500.0,-1372500.0,1500,-96.29038694382413,False,False,15.373224185830122
-772500.0,-1372500.0,1500,-86.96289165873348,False,False,15.37565039529589
-767500.0,-1372500.0,1500,-75.43569167082887,False,False,15.377226522970878
-762500.0,-1372500.0,1500,-64.8697410432115,False,False,15.377626615248852
-757500.0,-1372500.0,1500,-57.432276256221186,False,False,15.376361133598008
-752500.0,-1372500.0,1500,-54.50201165267768,False,False,15.372947562675302
-747500.0,-1372500.0,1500,-55.73536125982493,False,False,15.367218847693222
-742500.0,-1372500.0,1500,-58.88873387009524,False,False,15.358974944739971
-737500.0,-1372500.0,1500,-64.09038901883007,False,False,15.348374045063354
-732500.0,-1372500.0,1500,-70.97452741084561,False,False,15.335642795512143
-727500.0,-1372500.0,1500,-74.924987770054,False,False,15.321181109619182
-722500.0,-1372500.0,1500,-71.9970406276522,False,False,15.305907406390538
-717500.0,-1372500.0,1500,-62.48987428766239,False,False,15.290965240489298
-712500.0,-1372500.0,1500,-52.60989664468532,False,False,15.277833182202379
-707500.0,-1372500.0,1500,-52.53539697586108,False,False,15.268133668918054
-702500.0,-1372500.0,1500,-60.568814842710395,False,False,15.26326463587028
-697500.0,-1372500.0,1500,-67.15214806035603,False,False,15.263943894718878
-692500.0,-1372500.0,1500,-71.67857171994382,False,False,15.269638344009444
-687500.0,-1372500.0,1500,-76.73241555729865,False,False,15.277602993220679
-682500.0,-1372500.0,1500,-81.13546786730656,False,False,15.282340451086194
-677500.0,-1372500.0,1500,-82.56781823374789,False,False,15.274663664183171
-672500.0,-1372500.0,1500,-82.09086312594113,False,False,15.241647283311838
-667500.0,-1372500.0,1500,-80.97144858909476,False,False,15.1642007620747
-662500.0,-1372500.0,1500,-79.67007003889624,False,False,15.015558074312978
-657500.0,-1372500.0,1500,-79.25366593367428,False,False,14.750512347646758
-652500.0,-1372500.0,1500,-78.01488315218933,False,False,14.290507442312741
-647500.0,-1372500.0,1500,-73.46895721993869,False,False,13.470333916132542
-642500.0,-1372500.0,1500,-67.15049532154231,False,False,12.02478242261243
-637500.0,-1372500.0,1500,-61.208161242217386,False,False,9.371954105482137
-632500.0,-1372500.0,1500,-57.18032423544181,False,False,6.512444115715379
-627500.0,-1372500.0,1500,-57.71447178286201,False,False,6.71101979623224
-622500.0,-1372500.0,1500,-60.21147249920065,False,False,9.67127084993325
-617500.0,-1372500.0,1500,-64.31079118958958,False,False,12.17311877764601
-612500.0,-1372500.0,1500,-73.16872958939305,False,False,13.529872814948252
-607500.0,-1372500.0,1500,-81.84286674418593,False,False,14.293451085132837
-602500.0,-1372500.0,1500,-86.41818871872478,False,False,14.719130014816422
-597500.0,-1372500.0,1500,-88.00663168489294,False,False,14.961210397862335
-592500.0,-1372500.0,1500,-88.1467604720958,False,False,15.092970529355826
-587500.0,-1372500.0,1500,-85.37638978102534,False,False,15.157628628882044
-582500.0,-1372500.0,1500,-76.57595302003577,False,False,15.181210804911222
-1047500.0,-1367500.0,1500,-87.65283742960396,False,False,15.457378860126711
-1042500.0,-1367500.0,1500,-98.2544669793063,False,False,15.45666091286801
-1037500.0,-1367500.0,1500,-102.55247153238099,False,False,15.455943248522411
-1032500.0,-1367500.0,1500,-97.27896391901739,False,False,15.455244308474485
-1027500.0,-1367500.0,1500,-86.46336375977354,False,False,15.45459093867563
-1022500.0,-1367500.0,1500,-76.56815787716354,False,False,15.45399925105771
-1017500.0,-1367500.0,1500,-67.59499671834793,False,False,15.453483438273535
-1012500.0,-1367500.0,1500,-57.123696134793356,False,False,15.45300347251051
-1007500.0,-1367500.0,1500,-45.46846237764218,False,False,15.452531462292116
-1002500.0,-1367500.0,1500,-36.270635262266005,False,False,15.452022838154369
-997500.0,-1367500.0,1500,-30.088909397324986,False,False,15.451395337925973
-992500.0,-1367500.0,1500,-25.69558539654085,False,False,15.450587112037702
-987500.0,-1367500.0,1500,-27.747540366446902,False,False,15.449545394801927
-982500.0,-1367500.0,1500,-32.755954904459045,False,False,15.448127063776925
-977500.0,-1367500.0,1500,-33.449117999042436,False,False,15.446253614648626
-972500.0,-1367500.0,1500,-42.61087157734014,False,False,15.443921789370357
-967500.0,-1367500.0,1500,-63.01926730069145,False,False,15.441046863097643
-962500.0,-1367500.0,1500,-79.51034888503949,False,False,15.437546422024322
-957500.0,-1367500.0,1500,-87.90933958819434,False,False,15.43344753521134
-952500.0,-1367500.0,1500,-90.44724647252545,False,False,15.428734151367284
-947500.0,-1367500.0,1500,-93.08977615517394,False,False,15.423328949641597
-942500.0,-1367500.0,1500,-98.40918163639407,False,False,15.417269108229837
-937500.0,-1367500.0,1500,-103.28921349618234,False,False,15.410574470667935
-932500.0,-1367500.0,1500,-106.22461399479951,False,False,15.403151284473221
-927500.0,-1367500.0,1500,-107.46981696865183,False,False,15.395014117113027
-922500.0,-1367500.0,1500,-107.32049121657344,False,False,15.386272251061124
-917500.0,-1367500.0,1500,-105.11548720921927,False,False,15.37694917380874
-912500.0,-1367500.0,1500,-100.90114447420417,False,False,15.367026523729283
-907500.0,-1367500.0,1500,-97.54163559991248,False,False,15.356558354401484
-902500.0,-1367500.0,1500,-95.91225513523698,False,False,15.345698115694256
-897500.0,-1367500.0,1500,-94.61972858406858,False,False,15.334650578257733
-892500.0,-1367500.0,1500,-94.25400493688423,False,False,15.323599667200044
-887500.0,-1367500.0,1500,-94.29245283294134,False,False,15.312772155412903
-882500.0,-1367500.0,1500,-94.80630176887458,False,False,15.302474960283655
-877500.0,-1367500.0,1500,-96.6693838048217,False,False,15.293246469629395
-872500.0,-1367500.0,1500,-98.41658337001267,False,False,15.285548825958388
-867500.0,-1367500.0,1500,-99.08617388846407,False,False,15.279726179957366
-862500.0,-1367500.0,1500,-99.62317436983938,False,False,15.276018409031014
-857500.0,-1367500.0,1500,-99.84358230309837,False,False,15.274542127671097
-852500.0,-1367500.0,1500,-99.42823240735872,False,False,15.275505570388571
-847500.0,-1367500.0,1500,-97.92898409752642,False,False,15.278877835305222
-842500.0,-1367500.0,1500,-92.31410300909931,False,False,15.284386149362462
-837500.0,-1367500.0,1500,-80.52487181015924,False,False,15.291464769301722
-832500.0,-1367500.0,1500,-66.8957234589254,False,False,15.299482172882836
-827500.0,-1367500.0,1500,-59.13047947573834,False,False,15.30771520626438
-822500.0,-1367500.0,1500,-60.14135821951295,False,False,15.315512070274643
-817500.0,-1367500.0,1500,-66.49434314678172,False,False,15.32245342033531
-812500.0,-1367500.0,1500,-73.23595948627079,False,False,15.328255002967609
-807500.0,-1367500.0,1500,-77.77050232361866,False,False,15.333084173509139
-802500.0,-1367500.0,1500,-81.50127235884513,False,False,15.33734070177439
-797500.0,-1367500.0,1500,-86.50999398140075,False,False,15.34128477040705
-792500.0,-1367500.0,1500,-89.19061804203349,False,False,15.344937121551062
-787500.0,-1367500.0,1500,-87.92762637655926,False,False,15.348017348879075
-782500.0,-1367500.0,1500,-85.63646409490639,False,False,15.350437107129991
-777500.0,-1367500.0,1500,-81.06199060287219,False,False,15.35207280356163
-772500.0,-1367500.0,1500,-71.12454420325751,False,False,15.352727541129672
-767500.0,-1367500.0,1500,-56.611161743727536,False,False,15.352379779802735
-762500.0,-1367500.0,1500,-43.61699734254607,False,False,15.350813140347121
-757500.0,-1367500.0,1500,-36.37375537867891,False,False,15.347738919760491
-752500.0,-1367500.0,1500,-34.81461167315348,False,False,15.342982660651284
-747500.0,-1367500.0,1500,-36.99640861782337,False,False,15.336192270091784
-742500.0,-1367500.0,1500,-40.541086801127086,False,False,15.327295338834768
-737500.0,-1367500.0,1500,-46.69694624497341,False,False,15.316367460977963
-732500.0,-1367500.0,1500,-54.18121704029847,False,False,15.303736062043303
-727500.0,-1367500.0,1500,-58.08888567213356,False,False,15.290210967352744
-722500.0,-1367500.0,1500,-55.10988053072361,False,False,15.276629457065976
-717500.0,-1367500.0,1500,-45.13073014507938,False,False,15.26439455491456
-712500.0,-1367500.0,1500,-35.881241614678316,False,False,15.255051262571058
-707500.0,-1367500.0,1500,-39.3779154074207,False,False,15.24996397769993
-702500.0,-1367500.0,1500,-53.26196705768112,False,False,15.250079895845811
-697500.0,-1367500.0,1500,-64.0091305471137,False,False,15.255057365930693
-692500.0,-1367500.0,1500,-69.35009955952692,False,False,15.262293326118533
-687500.0,-1367500.0,1500,-73.60619567988732,False,False,15.266719325572703
-682500.0,-1367500.0,1500,-76.41352430497716,False,False,15.259465578510646
-677500.0,-1367500.0,1500,-75.65710993457729,False,False,15.22787925129995
-672500.0,-1367500.0,1500,-72.82127427177315,False,False,15.153465828551388
-667500.0,-1367500.0,1500,-70.27919202847676,False,False,15.00983326658524
-662500.0,-1367500.0,1500,-68.12427096922333,False,False,14.752088065913412
-657500.0,-1367500.0,1500,-66.72279866116251,False,False,14.303667085956844
-652500.0,-1367500.0,1500,-65.16174196867244,False,False,13.505100049971192
-647500.0,-1367500.0,1500,-61.01664350191286,False,False,12.097530046749156
-642500.0,-1367500.0,1500,-55.05077220416564,False,False,9.472733001030312
-637500.0,-1367500.0,1500,-49.85124324001519,False,False,6.579981674937674
-632500.0,-1367500.0,1500,-48.33766476507976,False,False,6.626489860385311
-627500.0,-1367500.0,1500,-52.0250472052744,False,False,9.527282844173703
-622500.0,-1367500.0,1500,-56.070127325861435,False,False,12.105988032118752
-617500.0,-1367500.0,1500,-60.34370242118268,False,False,13.497718073414987
-612500.0,-1367500.0,1500,-70.14583137620136,False,False,14.280696432288188
-607500.0,-1367500.0,1500,-80.31411445089869,False,False,14.715199512970308
-602500.0,-1367500.0,1500,-84.50341462404765,False,False,14.961146862918042
-597500.0,-1367500.0,1500,-83.40971848616744,False,False,15.095301744613916
-592500.0,-1367500.0,1500,-80.0987168137308,False,False,15.161938747687206
-587500.0,-1367500.0,1500,-75.28554200203712,False,False,15.186814496763272
-582500.0,-1367500.0,1500,-64.3917187620209,False,False,15.188328440855564
-1047500.0,-1362500.0,1500,-82.80351509630842,False,False,15.454953940963968
-1042500.0,-1362500.0,1500,-93.10417187052636,False,False,15.454163047301881
-1037500.0,-1362500.0,1500,-96.21069909090554,False,False,15.453385061453684
-1032500.0,-1362500.0,1500,-89.11254639741941,False,False,15.452641987497655
-1027500.0,-1362500.0,1500,-75.72196593468317,False,False,15.451918335117025
-1022500.0,-1362500.0,1500,-60.85324742987343,False,False,15.4511911842073
-1017500.0,-1362500.0,1500,-45.74505574396018,False,False,15.450470837643664
-1012500.0,-1362500.0,1500,-28.83788518934592,False,False,15.44972326175921
-1007500.0,-1362500.0,1500,-11.00959861524456,False,False,15.448876071774858
-1002500.0,-1362500.0,1500,2.4367603709267516,False,False,15.447863244938723
-997500.0,-1362500.0,1500,9.300800032925642,False,False,15.446611913141853
-992500.0,-1362500.0,1500,10.19985855106216,False,False,15.44498278898179
-987500.0,-1362500.0,1500,2.401984747853001,False,False,15.442907988168276
-982500.0,-1362500.0,1500,-13.102003930158633,False,False,15.440368813440923
-977500.0,-1362500.0,1500,-29.28700592180444,False,False,15.437275217310743
-972500.0,-1362500.0,1500,-45.82681342630942,False,False,15.43355239940507
-967500.0,-1362500.0,1500,-61.593995444417146,False,False,15.429219944734255
-962500.0,-1362500.0,1500,-70.01341161890416,False,False,15.424232310525895
-957500.0,-1362500.0,1500,-72.63908279906826,False,False,15.418518289087901
-952500.0,-1362500.0,1500,-73.41739364948572,False,False,15.412129110576117
-947500.0,-1362500.0,1500,-74.83673432702255,False,False,15.405040356948994
-942500.0,-1362500.0,1500,-79.13650735442471,False,False,15.397131264213856
-937500.0,-1362500.0,1500,-85.23221299549806,False,False,15.388439114082153
-932500.0,-1362500.0,1500,-92.01254193817664,False,False,15.379046853699826
-927500.0,-1362500.0,1500,-98.16332033433899,False,False,15.368920538305561
-922500.0,-1362500.0,1500,-100.8865712246378,False,False,15.358084369871701
-917500.0,-1362500.0,1500,-98.42008227964726,False,False,15.346716059054607
-912500.0,-1362500.0,1500,-92.21885972351558,False,False,15.334962642378525
-907500.0,-1362500.0,1500,-85.78045774469145,False,False,15.322863001715882
-902500.0,-1362500.0,1500,-81.25339205260715,False,False,15.310467186080313
-897500.0,-1362500.0,1500,-79.5004285946341,False,False,15.29798990560483
-892500.0,-1362500.0,1500,-80.70074888857042,False,False,15.285763013573858
-887500.0,-1362500.0,1500,-83.48636077669568,False,False,15.274227506577748
-882500.0,-1362500.0,1500,-86.79296333454755,False,False,15.263802525229458
-877500.0,-1362500.0,1500,-90.05352030840609,False,False,15.254809644120925
-872500.0,-1362500.0,1500,-92.85766480959946,False,False,15.247785269354857
-867500.0,-1362500.0,1500,-95.34665570054005,False,False,15.24304778825711
-862500.0,-1362500.0,1500,-96.68290182596965,False,False,15.240944670956033
-857500.0,-1362500.0,1500,-96.39251183488165,False,False,15.24165619610675
-852500.0,-1362500.0,1500,-94.61566891269774,False,False,15.245053708610362
-847500.0,-1362500.0,1500,-89.50837586422789,False,False,15.25096584736017
-842500.0,-1362500.0,1500,-77.70802553998895,False,False,15.258906601291928
-837500.0,-1362500.0,1500,-57.5649019053345,False,False,15.268105869639065
-832500.0,-1362500.0,1500,-35.75580441121138,False,False,15.277468400798323
-827500.0,-1362500.0,1500,-23.18566283259773,False,False,15.286054146324052
-822500.0,-1362500.0,1500,-21.36951887130788,False,False,15.293248908530698
-817500.0,-1362500.0,1500,-25.41576696981977,False,False,15.29890560353283
-812500.0,-1362500.0,1500,-31.496238186818584,False,False,15.30335477937864
-807500.0,-1362500.0,1500,-36.4782757705697,False,False,15.30718198017934
-802500.0,-1362500.0,1500,-41.73192846273818,False,False,15.311142879718163
-797500.0,-1362500.0,1500,-50.40946007954834,False,False,15.315557121378173
-792500.0,-1362500.0,1500,-59.000600741893,False,False,15.320081011164518
-787500.0,-1362500.0,1500,-63.88885264036641,False,False,15.324035510171274
-782500.0,-1362500.0,1500,-64.94265537759793,False,False,15.326656249827584
-777500.0,-1362500.0,1500,-60.44469884495286,False,False,15.327376463583501
-772500.0,-1362500.0,1500,-47.664792952234045,False,False,15.326313253968227
-767500.0,-1362500.0,1500,-30.21906235127036,False,False,15.323705426443855
-762500.0,-1362500.0,1500,-16.954369597030368,False,False,15.31974824339664
-757500.0,-1362500.0,1500,-11.028593559255594,False,False,15.314697141860906
-752500.0,-1362500.0,1500,-10.275314548543221,False,False,15.308339680142954
-747500.0,-1362500.0,1500,-11.549116607514483,False,False,15.300537308227907
-742500.0,-1362500.0,1500,-12.784047868089766,False,False,15.291206591071534
-737500.0,-1362500.0,1500,-16.994711535203848,False,False,15.280354512917128
-732500.0,-1362500.0,1500,-24.31829112530466,False,False,15.268559481652614
-727500.0,-1362500.0,1500,-28.480379905374193,False,False,15.256717220466733
-722500.0,-1362500.0,1500,-28.124833364433165,False,False,15.246059314912216
-717500.0,-1362500.0,1500,-22.228332854557344,False,False,15.237874770540598
-712500.0,-1362500.0,1500,-19.132582165524312,False,False,15.233354597725334
-707500.0,-1362500.0,1500,-28.35258196505746,False,False,15.233482885888517
-702500.0,-1362500.0,1500,-45.333695458172826,False,False,15.237981558660984
-697500.0,-1362500.0,1500,-59.55345695805328,False,False,15.244616876199522
-692500.0,-1362500.0,1500,-65.97960607036825,False,False,15.248797709248405
-687500.0,-1362500.0,1500,-69.03323892031626,False,False,15.242074189469909
-682500.0,-1362500.0,1500,-69.70474284649046,False,False,15.211987251336755
-677500.0,-1362500.0,1500,-66.22276993415556,False,False,15.14029045215307
-672500.0,-1362500.0,1500,-60.442793384956076,False,False,15.001417791025437
-667500.0,-1362500.0,1500,-55.3227074615758,False,False,14.751580662304644
-662500.0,-1362500.0,1500,-50.436225421743906,False,False,14.315295114586025
-657500.0,-1362500.0,1500,-45.49940969903841,False,False,13.535654397371763
-652500.0,-1362500.0,1500,-41.83107095937754,False,False,12.157820120260116
-647500.0,-1362500.0,1500,-39.454608461817735,False,False,9.62945654232671
-642500.0,-1362500.0,1500,-37.40064954006714,False,False,6.6572430317229605
-637500.0,-1362500.0,1500,-36.577188565271534,False,False,6.5162306044533285
-632500.0,-1362500.0,1500,-39.04797165733552,False,False,9.415487034368564
-627500.0,-1362500.0,1500,-45.117215001190594,False,False,12.040604032010735
-622500.0,-1362500.0,1500,-51.45767481472178,False,False,13.46345777153893
-617500.0,-1362500.0,1500,-56.88488189958489,False,False,14.266679504204198
-612500.0,-1362500.0,1500,-65.15026060214012,False,False,14.713211154781458
-607500.0,-1362500.0,1500,-73.99958701906311,False,False,14.966312756053087
-602500.0,-1362500.0,1500,-76.91119665613391,False,False,15.10441013056088
-597500.0,-1362500.0,1500,-72.70049197118699,False,False,15.173305614893732
-592500.0,-1362500.0,1500,-66.06442230992964,False,False,15.199577499372197
-587500.0,-1362500.0,1500,-60.436140495672,False,False,15.201923291726306
-582500.0,-1362500.0,1500,-48.76884904086378,False,False,15.19307041726191
-1047500.0,-1357500.0,1500,-74.12616094804079,False,False,15.452300253656293
-1042500.0,-1357500.0,1500,-81.86070004959033,False,False,15.451402136591762
-1037500.0,-1357500.0,1500,-81.99594189512669,False,False,15.450473421778058
-1032500.0,-1357500.0,1500,-71.47297088102813,False,False,15.449526805266267
-1027500.0,-1357500.0,1500,-53.840496405769805,False,False,15.448557221934651
-1022500.0,-1357500.0,1500,-33.07754676020872,False,False,15.447516188590667
-1017500.0,-1357500.0,1500,-12.15657172804382,False,False,15.446369994124069
-1012500.0,-1357500.0,1500,7.408858552614044,False,False,15.44505591707771
-1007500.0,-1357500.0,1500,24.09563788678584,False,False,15.443493186956196
-1002500.0,-1357500.0,1500,34.04663944647238,False,False,15.441559604035254
-997500.0,-1357500.0,1500,37.43589421899278,False,False,15.439172824505324
-992500.0,-1357500.0,1500,36.75996744087932,False,False,15.436293055126255
-987500.0,-1357500.0,1500,29.94890391516846,False,False,15.432833527228956
-982500.0,-1357500.0,1500,11.886808588313883,False,False,15.428738686695203
-977500.0,-1357500.0,1500,-14.28286423662212,False,False,15.424046406316302
-972500.0,-1357500.0,1500,-35.70769205396299,False,False,15.418703382192072
-967500.0,-1357500.0,1500,-45.4119032679317,False,False,15.412636381747651
-962500.0,-1357500.0,1500,-44.92765222784196,False,False,15.405931003849368
-957500.0,-1357500.0,1500,-41.33111921544497,False,False,15.39855132470172
-952500.0,-1357500.0,1500,-40.530945717054216,False,False,15.390320358937593
-947500.0,-1357500.0,1500,-42.26179307945472,False,False,15.381291487907099
-942500.0,-1357500.0,1500,-45.84477517230082,False,False,15.371522375861053
-937500.0,-1357500.0,1500,-52.8275626268857,False,False,15.360895495759337
-932500.0,-1357500.0,1500,-64.41053012245077,False,False,15.349483000014988
-927500.0,-1357500.0,1500,-76.64451745511555,False,False,15.337510821025742
-922500.0,-1357500.0,1500,-82.86219595019061,False,False,15.325032053065165
-917500.0,-1357500.0,1500,-79.87033232882531,False,False,15.312069161551284
-912500.0,-1357500.0,1500,-69.61576591543111,False,False,15.298796689981984
-907500.0,-1357500.0,1500,-57.86975091415461,False,False,15.28543449070812
-902500.0,-1357500.0,1500,-50.31262727907665,False,False,15.272127081705449
-897500.0,-1357500.0,1500,-48.38906727367189,False,False,15.259054282421884
-892500.0,-1357500.0,1500,-51.54270064737444,False,False,15.246502460886619
-887500.0,-1357500.0,1500,-57.684212433879296,False,False,15.234863707193076
-882500.0,-1357500.0,1500,-63.694033097741325,False,False,15.224790725807738
-877500.0,-1357500.0,1500,-68.76070531757541,False,False,15.216704110673323
-872500.0,-1357500.0,1500,-73.97341447671423,False,False,15.210898041079913
-867500.0,-1357500.0,1500,-78.92701615403159,False,False,15.207815953127076
-862500.0,-1357500.0,1500,-81.79314560060946,False,False,15.20752804495549
-857500.0,-1357500.0,1500,-81.91483753453805,False,False,15.210236309700754
-852500.0,-1357500.0,1500,-78.86210826330256,False,False,15.21567039900969
-847500.0,-1357500.0,1500,-71.08832694720239,False,False,15.223148623382949
-842500.0,-1357500.0,1500,-54.24251686651089,False,False,15.231967868875318
-837500.0,-1357500.0,1500,-27.330802055860953,False,False,15.241119757366597
-832500.0,-1357500.0,1500,-3.409638918472319,False,False,15.249480488248116
-827500.0,-1357500.0,1500,7.031708677465336,False,False,15.255662897880075
-822500.0,-1357500.0,1500,8.640829811882117,False,False,15.258858443756782
-817500.0,-1357500.0,1500,5.8505400140088515,False,False,15.259426683616095
-812500.0,-1357500.0,1500,0.905026031208599,False,False,15.259143001189615
-807500.0,-1357500.0,1500,-3.363125048722767,False,False,15.260340988793986
-802500.0,-1357500.0,1500,-7.546871100092536,False,False,15.264572532703323
-797500.0,-1357500.0,1500,-14.290294574941495,False,False,15.27201377513706
-792500.0,-1357500.0,1500,-22.97269579345132,False,False,15.281442422787043
-787500.0,-1357500.0,1500,-32.22093538872895,False,False,15.290333873503972
-782500.0,-1357500.0,1500,-38.257186115401865,False,False,15.296010996260556
-777500.0,-1357500.0,1500,-34.941813510818825,False,False,15.297675066116085
-772500.0,-1357500.0,1500,-21.885653280446096,False,False,15.295679753127423
-767500.0,-1357500.0,1500,-9.494353199396615,False,False,15.290960475094469
-762500.0,-1357500.0,1500,-3.265388549504377,False,False,15.284716510231199
-757500.0,-1357500.0,1500,0.3356020758607039,False,False,15.277432757670983
-752500.0,-1357500.0,1500,2.4803970472168158,False,False,15.269463144860632
-747500.0,-1357500.0,1500,4.917134799679891,False,False,15.260801962486006
-742500.0,-1357500.0,1500,8.710961932834408,False,False,15.251182462934104
-737500.0,-1357500.0,1500,10.452962321814725,False,False,15.240982179017465
-732500.0,-1357500.0,1500,7.066613851048691,False,False,15.23086350706162
-727500.0,-1357500.0,1500,4.599338230559266,False,False,15.221695643834193
-722500.0,-1357500.0,1500,1.2305606782336416,False,False,15.214930814060134
-717500.0,-1357500.0,1500,-1.875869757399014,False,False,15.211879918214294
-712500.0,-1357500.0,1500,-6.262775570751223,False,False,15.213065630116747
-707500.0,-1357500.0,1500,-17.941385321427383,False,False,15.218138635909163
-702500.0,-1357500.0,1500,-34.77860955418378,False,False,15.225053294453705
-697500.0,-1357500.0,1500,-51.42635412841914,False,False,15.229327837873834
-692500.0,-1357500.0,1500,-60.07061642230169,False,False,15.22278604163901
-687500.0,-1357500.0,1500,-62.37590694036288,False,False,15.193685049385833
-682500.0,-1357500.0,1500,-60.6770999120739,False,False,15.124445582914078
-677500.0,-1357500.0,1500,-53.72185710302506,False,False,14.989963481976714
-672500.0,-1357500.0,1500,-43.46534502656775,False,False,14.747661657546532
-667500.0,-1357500.0,1500,-33.63702456540595,False,False,14.324306293409608
-662500.0,-1357500.0,1500,-23.513941353706176,False,False,13.566433159651947
-657500.0,-1357500.0,1500,-12.753465846506002,False,False,12.221675950597804
-652500.0,-1357500.0,1500,-5.4871598685895195,False,False,9.742941371088053
-647500.0,-1357500.0,1500,-5.39088140240041,False,False,6.771156760290963
-642500.0,-1357500.0,1500,-9.450458970736923,False,False,6.467566874174464
-637500.0,-1357500.0,1500,-15.258398663723243,False,False,9.266728846990533
-632500.0,-1357500.0,1500,-23.28382719438473,False,False,11.956919227553977
-627500.0,-1357500.0,1500,-32.924667379212025,False,False,13.426813095663757
-622500.0,-1357500.0,1500,-43.36718662577792,False,False,14.252657664727625
-617500.0,-1357500.0,1500,-52.64482662917835,False,False,14.711869172186141
-612500.0,-1357500.0,1500,-60.18969466884049,False,False,14.973110872829704
-607500.0,-1357500.0,1500,-65.78705801679074,False,False,15.11671520263194
-602500.0,-1357500.0,1500,-65.68645637444217,False,False,15.188970375833428
-597500.0,-1357500.0,1500,-57.477463859173184,False,False,15.216901128279606
-592500.0,-1357500.0,1500,-46.413119945049004,False,False,15.219564726155241
-587500.0,-1357500.0,1500,-39.18113883920769,False,False,15.209888325643522
-582500.0,-1357500.0,1500,-28.90030232641787,False,False,15.196974134037152
-1047500.0,-1352500.0,1500,-60.73683622541546,False,False,15.44931287347953
-1042500.0,-1352500.0,1500,-64.85477414562526,False,False,15.448178048682239
-1037500.0,-1352500.0,1500,-61.30484715529135,False,False,15.446968807942664
-1032500.0,-1352500.0,1500,-46.02346574348977,False,False,15.445637807209911
-1027500.0,-1352500.0,1500,-22.651562048040503,False,False,15.444130890330257
-1022500.0,-1352500.0,1500,2.4995456417710926,False,False,15.442428234670569
-1017500.0,-1352500.0,1500,22.32402830634332,False,False,15.440532552585383
-1012500.0,-1352500.0,1500,35.19638787024595,False,False,15.438295078327807
-1007500.0,-1352500.0,1500,42.10149084919705,False,False,15.435566734053918
-1002500.0,-1352500.0,1500,42.33383866557972,False,False,15.432284449344165
-997500.0,-1352500.0,1500,41.28407551178028,False,False,15.428359612976434
-992500.0,-1352500.0,1500,41.29647119774578,False,False,15.423737776567576
-987500.0,-1352500.0,1500,39.38192175261483,False,False,15.41847897516442
-982500.0,-1352500.0,1500,27.807775991021913,False,False,15.41255800066158
-977500.0,-1352500.0,1500,6.929373405172707,False,False,15.40590983552209
-972500.0,-1352500.0,1500,-9.165373062364408,False,False,15.398638614158184
-967500.0,-1352500.0,1500,-13.231271278542893,False,False,15.390772555044803
-962500.0,-1352500.0,1500,-8.8014337456773,False,False,15.38213729438095
-957500.0,-1352500.0,1500,-3.4525149537392994,False,False,15.37272910250134
-952500.0,-1352500.0,1500,-1.9886964306551989,False,False,15.362647207823983
-947500.0,-1352500.0,1500,-5.818537235095856,False,False,15.351760534703493
-942500.0,-1352500.0,1500,-12.842955465193524,False,False,15.340060188052213
-937500.0,-1352500.0,1500,-18.533638540644027,False,False,15.32777417113076
-932500.0,-1352500.0,1500,-27.72543503865416,False,False,15.314920689434441
-927500.0,-1352500.0,1500,-42.836033431095615,False,False,15.301573904322874
-922500.0,-1352500.0,1500,-52.998583651292755,False,False,15.287955632565831
-917500.0,-1352500.0,1500,-50.95331426503561,False,False,15.274166830762589
-912500.0,-1352500.0,1500,-37.775095343252076,False,False,15.26026404988057
-907500.0,-1352500.0,1500,-22.449383875343937,False,False,15.246395071837528
-902500.0,-1352500.0,1500,-13.202875245388224,False,False,15.23278955746568
-897500.0,-1352500.0,1500,-9.57623424892852,False,False,15.219718828464483
-892500.0,-1352500.0,1500,-11.796915446000666,False,False,15.207527498909405
-887500.0,-1352500.0,1500,-18.033822780033645,False,False,15.196541971279304
-882500.0,-1352500.0,1500,-24.036974888449816,False,False,15.187238505994745
-877500.0,-1352500.0,1500,-30.787793468250577,False,False,15.180206321385086
-872500.0,-1352500.0,1500,-38.80321269487123,False,False,15.17559658195497
-867500.0,-1352500.0,1500,-46.15997474458001,False,False,15.173588896402629
-862500.0,-1352500.0,1500,-51.320800855092166,False,False,15.174295038931671
-857500.0,-1352500.0,1500,-52.33288452473519,False,False,15.177405149906544
-852500.0,-1352500.0,1500,-49.03852154394489,False,False,15.182833417437326
-847500.0,-1352500.0,1500,-42.29319898391085,False,False,15.189517888888044
-842500.0,-1352500.0,1500,-27.40167176611275,False,False,15.195966471473783
-837500.0,-1352500.0,1500,-3.687006229317866,False,False,15.200707582703915
-832500.0,-1352500.0,1500,13.865467365137775,False,False,15.202403810610598
-827500.0,-1352500.0,1500,18.253985194440464,False,False,15.200399556401212
-822500.0,-1352500.0,1500,17.356163440467142,False,False,15.194353352106289
-817500.0,-1352500.0,1500,14.164175360820437,False,False,15.185116617054288
-812500.0,-1352500.0,1500,9.735451607058618,False,False,15.175594557394554
-807500.0,-1352500.0,1500,6.302485343027563,False,False,15.171309410825987
-802500.0,-1352500.0,1500,3.9948712970631175,False,False,15.177492632791589
-797500.0,-1352500.0,1500,1.9092157414193758,False,False,15.194722758624382
-792500.0,-1352500.0,1500,-0.21053388105795123,False,False,15.217790479342723
-787500.0,-1352500.0,1500,-5.0733570739370215,False,False,15.23896849859563
-782500.0,-1352500.0,1500,-12.02827144852048,False,False,15.253865465468992
-777500.0,-1352500.0,1500,-13.586525463539672,False,False,15.260655250921037
-772500.0,-1352500.0,1500,-7.967974728660751,False,False,15.25988929693558
-767500.0,-1352500.0,1500,-4.044081161391463,False,False,15.25413198807145
-762500.0,-1352500.0,1500,-3.6925069132222585,False,False,15.245653881892533
-757500.0,-1352500.0,1500,-2.0927060295676965,False,False,15.236333932007431
-752500.0,-1352500.0,1500,0.26597040104093517,False,False,15.226944341170475
-747500.0,-1352500.0,1500,4.0993559521698515,False,False,15.217519784360451
-742500.0,-1352500.0,1500,10.515320120391753,False,False,15.208179721953762
-737500.0,-1352500.0,1500,18.437804008616364,False,False,15.19935923043118
-732500.0,-1352500.0,1500,22.516444204809694,False,False,15.191628251551355
-727500.0,-1352500.0,1500,24.43356659526002,False,False,15.186381859666307
-722500.0,-1352500.0,1500,23.231805581451034,False,False,15.184717944846753
-717500.0,-1352500.0,1500,20.3996067015139,False,False,15.187108434745287
-712500.0,-1352500.0,1500,16.16828343061733,False,False,15.193480030674818
-707500.0,-1352500.0,1500,3.363108161287683,False,False,15.201643805697982
-702500.0,-1352500.0,1500,-16.35790055881293,False,False,15.2070848866192
-697500.0,-1352500.0,1500,-35.98984061858254,False,False,15.202048416975401
-692500.0,-1352500.0,1500,-47.09328855558336,False,False,15.174769990136273
-687500.0,-1352500.0,1500,-49.62331117148227,False,False,15.107886195657743
-682500.0,-1352500.0,1500,-46.00163068287416,False,False,14.977135033220772
-677500.0,-1352500.0,1500,-35.49445319518059,False,False,14.74106263622211
-672500.0,-1352500.0,1500,-19.575213011581685,False,False,14.32852999256584
-667500.0,-1352500.0,1500,-3.3083205405178226,False,False,13.592612040383337
-662500.0,-1352500.0,1500,13.381602184522261,False,False,12.28469168092218
-657500.0,-1352500.0,1500,31.429923002016892,False,False,9.868404694289838
-652500.0,-1352500.0,1500,42.9982249992914,False,False,6.842959066677322
-647500.0,-1352500.0,1500,41.60488234004902,False,False,6.3838032725534894
-642500.0,-1352500.0,1500,32.21802995364239,False,False,9.159701216452987
-637500.0,-1352500.0,1500,19.635781608358858,False,False,11.896117414645103
-632500.0,-1352500.0,1500,4.816522874450595,False,False,13.38683469434135
-627500.0,-1352500.0,1500,-10.954218365146069,False,False,14.23392307701796
-622500.0,-1352500.0,1500,-27.64777495714407,False,False,14.707176127957059
-617500.0,-1352500.0,1500,-43.15499862086467,False,False,14.977156604873453
-612500.0,-1352500.0,1500,-52.504340441333696,False,False,15.126285237900365
-607500.0,-1352500.0,1500,-54.67950271301332,False,False,15.201904542046154
-602500.0,-1352500.0,1500,-49.247966092111554,False,False,15.231248189834236
-597500.0,-1352500.0,1500,-35.0267699852155,False,False,15.233319501903537
-592500.0,-1352500.0,1500,-20.36396851844902,False,False,15.221155949871951
-587500.0,-1352500.0,1500,-13.453620075464887,False,False,15.203925145141044
-582500.0,-1352500.0,1500,-7.568619782376572,False,False,15.187121830227321
-1047500.0,-1347500.0,1500,-34.7554806903745,False,False,15.445770358578017
-1042500.0,-1347500.0,1500,-39.04546098497715,False,False,15.444219771021892
-1037500.0,-1347500.0,1500,-34.930201489815424,False,False,15.442482808207913
-1032500.0,-1347500.0,1500,-15.533736587296996,False,False,15.440539320493428
-1027500.0,-1347500.0,1500,9.720441085223936,False,False,15.438307231860993
-1022500.0,-1347500.0,1500,27.95921436790918,False,False,15.43563658921547
-1017500.0,-1347500.0,1500,36.49049063708264,False,False,15.432482815636813
-1012500.0,-1347500.0,1500,38.91073896970785,False,False,15.4288053647401
-1007500.0,-1347500.0,1500,35.724114063603075,False,False,15.42446502703394
-1002500.0,-1347500.0,1500,30.376148717964448,False,False,15.419347131151653
-997500.0,-1347500.0,1500,30.58217516603301,False,False,15.413490728190478
-992500.0,-1347500.0,1500,33.713915660553276,False,False,15.406878579921589
-987500.0,-1347500.0,1500,36.18651295038437,False,False,15.399457645134163
-982500.0,-1347500.0,1500,31.697078736723626,False,False,15.391349707336149
-977500.0,-1347500.0,1500,21.251193219946508,False,False,15.382623755263463
-972500.0,-1347500.0,1500,14.538760935208828,False,False,15.373189384228155
-967500.0,-1347500.0,1500,13.893799293443871,False,False,15.363057794155614
-962500.0,-1347500.0,1500,14.754890448933029,False,False,15.35231664183706
-957500.0,-1347500.0,1500,12.622089669658251,False,False,15.34092778274957
-952500.0,-1347500.0,1500,11.047138370819933,False,False,15.328882350646314
-947500.0,-1347500.0,1500,6.825041149819411,False,False,15.316336753466478
-942500.0,-1347500.0,1500,-4.502549252840454,False,False,15.303318344397473
-937500.0,-1347500.0,1500,-8.438486303660175,False,False,15.289889132403182
-932500.0,-1347500.0,1500,-5.497279578051791,False,False,15.276288160729761
-927500.0,-1347500.0,1500,-9.577187451891321,False,False,15.262562171304701
-922500.0,-1347500.0,1500,-16.082682738500452,False,False,15.248677045646891
-917500.0,-1347500.0,1500,-16.434116145411085,False,False,15.23477828487014
-912500.0,-1347500.0,1500,-7.74514890324043,False,False,15.220996878206934
-907500.0,-1347500.0,1500,2.8535349674127306,False,False,15.207418598148466
-902500.0,-1347500.0,1500,10.252581740951067,False,False,15.194189475736838
-897500.0,-1347500.0,1500,15.37813899926018,False,False,15.181538456664073
-892500.0,-1347500.0,1500,17.05191911513392,False,False,15.169837767311034
-887500.0,-1347500.0,1500,16.941517878264904,False,False,15.15942099021641
-882500.0,-1347500.0,1500,16.37291696056978,False,False,15.15049403181862
-877500.0,-1347500.0,1500,11.021178191345562,False,False,15.14347384532752
-872500.0,-1347500.0,1500,2.9865983472152404,False,False,15.138702779982449
-867500.0,-1347500.0,1500,-3.459628363846406,False,False,15.135956702680016
-862500.0,-1347500.0,1500,-8.823086725618777,False,False,15.135077592022498
-857500.0,-1347500.0,1500,-10.91051223865522,False,False,15.135292491759719
-852500.0,-1347500.0,1500,-9.608993798970957,False,False,15.135669915905591
-847500.0,-1347500.0,1500,-7.856428171011634,False,False,15.135786652480435
-842500.0,-1347500.0,1500,-3.3514797768159132,False,False,15.13400374821019
-837500.0,-1347500.0,1500,7.385138237045911,False,False,15.128284548675547
-832500.0,-1347500.0,1500,16.611440069659707,False,False,15.116127053128505
-827500.0,-1347500.0,1500,17.928395630484008,False,False,15.09588558508438
-822500.0,-1347500.0,1500,15.550441291630287,False,False,15.068686546700308
-817500.0,-1347500.0,1500,11.905489509827353,False,False,15.038282002631714
-812500.0,-1347500.0,1500,7.082046924072269,False,False,15.01167199014022
-807500.0,-1347500.0,1500,3.0669266172400533,False,False,14.999204954964457
-802500.0,-1347500.0,1500,1.2917195931581684,False,False,15.012669350119541
-797500.0,-1347500.0,1500,1.2327912336216948,False,False,15.053492919281824
-792500.0,-1347500.0,1500,1.9944871311686834,False,False,15.10765061000075
-787500.0,-1347500.0,1500,1.4285579395227672,False,False,15.158895595404458
-782500.0,-1347500.0,1500,-2.647496608880319,False,False,15.195265225932435
-777500.0,-1347500.0,1500,-6.869849676073913,False,False,15.213743907829304
-772500.0,-1347500.0,1500,-6.859326440040747,False,False,15.21815687149142
-767500.0,-1347500.0,1500,-5.119195787289337,False,False,15.212994559217789
-762500.0,-1347500.0,1500,-4.2681068905493476,False,False,15.203357593313548
-757500.0,-1347500.0,1500,-3.0125575689610833,False,False,15.192383326529132
-752500.0,-1347500.0,1500,-1.113792601896859,False,False,15.181676146707037
-747500.0,-1347500.0,1500,1.6446835791132557,False,False,15.171958230588373
-742500.0,-1347500.0,1500,6.689761328455346,False,False,15.163692784002734
-737500.0,-1347500.0,1500,15.405940185684738,False,False,15.157073418658936
-732500.0,-1347500.0,1500,22.35697728187828,False,False,15.152894985953008
-727500.0,-1347500.0,1500,26.00486057436973,False,False,15.152383008903676
-722500.0,-1347500.0,1500,28.97296009542425,False,False,15.156079698082927
-717500.0,-1347500.0,1500,33.03813748469208,False,False,15.16373935062189
-712500.0,-1347500.0,1500,35.126795896718036,False,False,15.173431475608503
-707500.0,-1347500.0,1500,28.034405323926492,False,False,15.180821925028132
-702500.0,-1347500.0,1500,11.264239061299465,False,False,15.177958210546715
-697500.0,-1347500.0,1500,-8.858071297855902,False,False,15.153702838069336
-692500.0,-1347500.0,1500,-21.993562335446697,False,False,15.091294562998884
-687500.0,-1347500.0,1500,-25.13322040406078,False,False,14.965893173154683
-682500.0,-1347500.0,1500,-20.34592823879024,False,False,14.735785240046855
-677500.0,-1347500.0,1500,-6.935715130521791,False,False,14.331451380484276
-672500.0,-1347500.0,1500,13.759444073311203,False,False,13.609025000562749
-667500.0,-1347500.0,1500,35.28980726419966,False,False,12.331592320749898
-662500.0,-1347500.0,1500,55.27057726807973,False,False,10.00367521866335
-657500.0,-1347500.0,1500,74.24403127495032,False,False,6.9469698068782675
-652500.0,-1347500.0,1500,84.45579164020153,False,False,6.293529574366697
-647500.0,-1347500.0,1500,81.13821195635077,False,False,9.017347637422432
-642500.0,-1347500.0,1500,70.76306144320003,False,False,11.821159797344656
-637500.0,-1347500.0,1500,57.122466449424884,False,False,13.345187691500175
-632500.0,-1347500.0,1500,40.82616337201227,False,False,14.209235295250187
-627500.0,-1347500.0,1500,21.551149327922438,False,False,14.693050608007756
-622500.0,-1347500.0,1500,-0.03809792373721077,False,False,14.970013016565922
-617500.0,-1347500.0,1500,-20.998245939841073,False,False,15.123589604643854
-612500.0,-1347500.0,1500,-34.30792901228897,False,False,15.201103432081856
-607500.0,-1347500.0,1500,-34.66491293545433,False,False,15.23000230097263
-602500.0,-1347500.0,1500,-23.021020499967413,False,False,15.229528042214366
-597500.0,-1347500.0,1500,-8.52751338618458,False,False,15.21261672133064
-592500.0,-1347500.0,1500,-2.7770686273623895,False,False,15.18821389533633
-587500.0,-1347500.0,1500,-4.401275041313901,False,False,15.161552509872875
-582500.0,-1347500.0,1500,-3.4878848313612774,False,False,15.135261411538902
-1047500.0,-1342500.0,1500,5.24503882060767,False,False,15.441348067511552
-1042500.0,-1342500.0,1500,-3.2820090775984423,False,False,15.439125845605824
-1037500.0,-1342500.0,1500,-4.7415844861822505,False,False,15.436611594178537
-1032500.0,-1342500.0,1500,11.403629056906082,False,False,15.43369800434389
-1027500.0,-1342500.0,1500,28.608419461002644,False,False,15.430358449297103
-1022500.0,-1342500.0,1500,33.309802120036075,False,False,15.4264533045114
-1017500.0,-1342500.0,1500,32.65663815960357,False,False,15.421777514612058
-1012500.0,-1342500.0,1500,25.429656656399022,False,False,15.416238151411191
-1007500.0,-1342500.0,1500,14.432849071754857,False,False,15.409869724187505
-1002500.0,-1342500.0,1500,10.868826243381152,False,False,15.40263124382122
-997500.0,-1342500.0,1500,13.890317255184709,False,False,15.394456171398833
-992500.0,-1342500.0,1500,18.88465615236823,False,False,15.385453819926095
-987500.0,-1342500.0,1500,24.62872638640124,False,False,15.375689547029125
-982500.0,-1342500.0,1500,24.578693478896927,False,False,15.365122434339995
-977500.0,-1342500.0,1500,20.365279821223368,False,False,15.353853525867107
-972500.0,-1342500.0,1500,19.865953242954845,False,False,15.341989656826843
-967500.0,-1342500.0,1500,22.180120663928964,False,False,15.329520327214473
-962500.0,-1342500.0,1500,19.020113007850565,False,False,15.316581582444227
-957500.0,-1342500.0,1500,6.7079124521969105,False,False,15.303321872936621
-952500.0,-1342500.0,1500,-2.6008550562275103,False,False,15.28976679102737
-947500.0,-1342500.0,1500,-4.0803270052755405,False,False,15.27608008269374
-942500.0,-1342500.0,1500,-9.41122660254473,False,False,15.262439909670977
-937500.0,-1342500.0,1500,-11.545998482206759,False,False,15.248919253576359
-932500.0,-1342500.0,1500,-3.9358395294341433,False,False,15.235470729758994
-927500.0,-1342500.0,1500,4.16488791743595,False,False,15.222125398444572
-922500.0,-1342500.0,1500,6.962278911921447,False,False,15.2088414371096
-917500.0,-1342500.0,1500,7.888748548816263,False,False,15.195551781049247
-912500.0,-1342500.0,1500,11.410667486028286,False,False,15.182308978638218
-907500.0,-1342500.0,1500,15.033057289585367,False,False,15.169125750127234
-902500.0,-1342500.0,1500,19.975612288880335,False,False,15.156060777744582
-897500.0,-1342500.0,1500,24.202445395088734,False,False,15.143225297748417
-892500.0,-1342500.0,1500,26.452091571287145,False,False,15.130973900773064
-887500.0,-1342500.0,1500,29.792549241452633,False,False,15.119730950898743
-882500.0,-1342500.0,1500,32.978369768111165,False,False,15.109486862848367
-877500.0,-1342500.0,1500,31.132070241182767,False,False,15.099986329679606
-872500.0,-1342500.0,1500,26.601332488236924,False,False,15.091216804212937
-867500.0,-1342500.0,1500,24.031604356038695,False,False,15.083004592810614
-862500.0,-1342500.0,1500,21.29205462370819,False,False,15.075058074038072
-857500.0,-1342500.0,1500,17.52498053189732,False,False,15.066745092221819
-852500.0,-1342500.0,1500,14.667510549630148,False,False,15.055794314459508
-847500.0,-1342500.0,1500,12.119269078180015,False,False,15.04018758332489
-842500.0,-1342500.0,1500,9.633538754583158,False,False,15.018630376183564
-837500.0,-1342500.0,1500,10.578887543171678,False,False,14.989288055102307
-832500.0,-1342500.0,1500,13.295270707296059,False,False,14.95031045847723
-827500.0,-1342500.0,1500,13.08443906827571,False,False,14.898598946883501
-822500.0,-1342500.0,1500,10.192035167612177,False,False,14.832172332229543
-817500.0,-1342500.0,1500,6.188423919338117,False,False,14.754539525463162
-812500.0,-1342500.0,1500,1.5571209967251787,False,False,14.680268974338063
-807500.0,-1342500.0,1500,-2.694195196685647,False,False,14.640779373550735
-802500.0,-1342500.0,1500,-5.016024077998856,False,False,14.671578694905271
-797500.0,-1342500.0,1500,-5.403931553631784,False,False,14.77752766572063
-792500.0,-1342500.0,1500,-5.113290725647807,False,False,14.917698426033443
-787500.0,-1342500.0,1500,-5.247922627171074,False,False,15.037185565484199
-782500.0,-1342500.0,1500,-7.183621635265289,False,False,15.114747057396112
-777500.0,-1342500.0,1500,-10.17873211220687,False,False,15.156094964638417
-772500.0,-1342500.0,1500,-10.974187882510543,False,False,15.170198675443782
-767500.0,-1342500.0,1500,-9.348872721114125,False,False,15.168430850503249
-762500.0,-1342500.0,1500,-7.431541314588483,False,False,15.158771169955717
-757500.0,-1342500.0,1500,-5.016380481603482,False,False,15.146684707983965
-752500.0,-1342500.0,1500,-1.9828739403640983,False,False,15.135365304028895
-747500.0,-1342500.0,1500,1.524370985262871,False,False,15.12621479010037
-742500.0,-1342500.0,1500,6.3378628604676965,False,False,15.119833998527495
-737500.0,-1342500.0,1500,12.835333599458162,False,False,15.11635817228724
-732500.0,-1342500.0,1500,17.904247414899988,False,False,15.116631150278987
-727500.0,-1342500.0,1500,20.032819989580926,False,False,15.121157379280891
-722500.0,-1342500.0,1500,23.38857447540287,False,False,15.129491006740473
-717500.0,-1342500.0,1500,29.102905211149466,False,False,15.140388436157
-712500.0,-1342500.0,1500,33.953945431359905,False,False,15.149788568271722
-707500.0,-1342500.0,1500,36.26242604271739,False,False,15.149689534286601
-702500.0,-1342500.0,1500,32.450024940647694,False,False,15.12941700296571
-697500.0,-1342500.0,1500,21.869349914031094,False,False,15.072460109187324
-692500.0,-1342500.0,1500,12.338369641018486,False,False,14.954642782502834
-687500.0,-1342500.0,1500,10.553454216494611,False,False,14.734880568755312
-682500.0,-1342500.0,1500,15.988810291656241,False,False,14.341555861682833
-677500.0,-1342500.0,1500,29.770050542173824,False,False,13.632238874679013
-672500.0,-1342500.0,1500,49.6564157846956,False,False,12.370406521454493
-667500.0,-1342500.0,1500,67.728726099848,False,False,10.063149681946715
-662500.0,-1342500.0,1500,81.21001646555844,False,False,7.015331554958073
-657500.0,-1342500.0,1500,91.69602904511873,False,False,6.230648249990739
-652500.0,-1342500.0,1500,96.14188040628191,False,False,8.865510830707752
-647500.0,-1342500.0,1500,90.51422650493903,False,False,11.729154583432287
-642500.0,-1342500.0,1500,80.06689883371452,False,False,13.286204170461215
-637500.0,-1342500.0,1500,69.15004223502814,False,False,14.167036079958743
-632500.0,-1342500.0,1500,57.75178840727577,False,False,14.658936445612936
-627500.0,-1342500.0,1500,44.254860892312834,False,False,14.939769093739567
-622500.0,-1342500.0,1500,27.81719072242363,False,False,15.094797998509563
-617500.0,-1342500.0,1500,8.964609893278173,False,False,15.1716576638194
-612500.0,-1342500.0,1500,-5.816084454565371,False,False,15.19735006857487
-607500.0,-1342500.0,1500,-7.119605079922703,False,False,15.190305097916724
-602500.0,-1342500.0,1500,1.4587557568753162,False,False,15.163232103049083
-597500.0,-1342500.0,1500,3.2402458998332917,False,False,15.125404416296629
-592500.0,-1342500.0,1500,-4.73626979229514,False,False,15.082585584754263
-587500.0,-1342500.0,1500,-13.641936676524654,False,False,15.037672934008379
-582500.0,-1342500.0,1500,-17.965263686411397,False,False,14.990627297293589
-1047500.0,-1337500.0,1500,37.76761389104522,False,False,15.435537915612741
-1042500.0,-1337500.0,1500,28.017045915454723,False,False,15.432393086406204
-1037500.0,-1337500.0,1500,22.908303232759486,False,False,15.428801101618324
-1032500.0,-1337500.0,1500,27.571175605359915,False,False,15.424626083720256
-1027500.0,-1337500.0,1500,25.78466833204131,False,False,15.419719637137426
-1022500.0,-1337500.0,1500,17.578500437652753,False,False,15.414010220818122
-1017500.0,-1337500.0,1500,14.550404448008491,False,False,15.407457798806647
-1012500.0,-1337500.0,1500,4.844188032165814,False,False,15.399923583261257
-1007500.0,-1337500.0,1500,-4.6724919872667625,False,False,15.391286463918403
-1002500.0,-1337500.0,1500,-1.6758554239540207,False,False,15.381623663530924
-997500.0,-1337500.0,1500,2.839456055174187,False,False,15.370980602282824
-992500.0,-1337500.0,1500,6.881098453659122,False,False,15.359321369697588
-987500.0,-1337500.0,1500,14.76366523829471,False,False,15.346796691554307
-982500.0,-1337500.0,1500,17.351418961148262,False,False,15.333565268165945
-977500.0,-1337500.0,1500,14.800340260390119,False,False,15.319617669633598
-972500.0,-1337500.0,1500,15.503947595886487,False,False,15.305201505465828
-967500.0,-1337500.0,1500,16.6902572062465,False,False,15.290651428750163
-962500.0,-1337500.0,1500,14.030948523420781,False,False,15.275905440687445
-957500.0,-1337500.0,1500,5.908975974122332,False,False,15.261102216783996
-952500.0,-1337500.0,1500,-2.946504233206701,False,False,15.246708034137331
-947500.0,-1337500.0,1500,-3.5495285240943044,False,False,15.23289883038016
-942500.0,-1337500.0,1500,-3.7929192686425512,False,False,15.21957552599521
-937500.0,-1337500.0,1500,-6.735839492831002,False,False,15.206738817704343
-932500.0,-1337500.0,1500,-5.170150639270824,False,False,15.194247579780965
-927500.0,-1337500.0,1500,1.7758594527086118,False,False,15.1818509032813
-922500.0,-1337500.0,1500,8.008752821704622,False,False,15.169373083136776
-917500.0,-1337500.0,1500,11.66076855720726,False,False,15.156483847849966
-912500.0,-1337500.0,1500,14.838746642675138,False,False,15.142980817471624
-907500.0,-1337500.0,1500,18.159993990775728,False,False,15.128933426660964
-902500.0,-1337500.0,1500,22.536430338030218,False,False,15.11439391785209
-897500.0,-1337500.0,1500,25.03550436198198,False,False,15.099204836314271
-892500.0,-1337500.0,1500,26.370944473836364,False,False,15.083318522235995
-887500.0,-1337500.0,1500,28.589819972206193,False,False,15.067093827970657
-882500.0,-1337500.0,1500,30.240490568580103,False,False,15.050773241058277
-877500.0,-1337500.0,1500,30.07009252045833,False,False,15.033998973420443
-872500.0,-1337500.0,1500,28.609485920341925,False,False,15.015912544367293
-867500.0,-1337500.0,1500,27.51777235013843,False,False,14.995082939055521
-862500.0,-1337500.0,1500,26.29341683595731,False,False,14.970130701294888
-857500.0,-1337500.0,1500,22.71290667769594,False,False,14.940655501160595
-852500.0,-1337500.0,1500,18.298509412734354,False,False,14.905564307472957
-847500.0,-1337500.0,1500,14.627642676363108,False,False,14.861367562551017
-842500.0,-1337500.0,1500,11.580005469157587,False,False,14.803849174602718
-837500.0,-1337500.0,1500,9.451662116137317,False,False,14.728032268431953
-832500.0,-1337500.0,1500,7.876397706701601,False,False,14.630327906343677
-827500.0,-1337500.0,1500,5.605468106080436,False,False,14.509730511015468
-822500.0,-1337500.0,1500,1.831680317428226,False,False,14.364249191152327
-817500.0,-1337500.0,1500,-2.1395483196605722,False,False,14.191212699692503
-812500.0,-1337500.0,1500,-5.600737167739801,False,False,14.000468448607645
-807500.0,-1337500.0,1500,-8.933638353576987,False,False,13.860062721937565
-802500.0,-1337500.0,1500,-11.421936736044364,False,False,13.923955290212435
-797500.0,-1337500.0,1500,-12.444886445470981,False,False,14.23349462731809
-792500.0,-1337500.0,1500,-12.536485035300409,False,False,14.596201528348361
-787500.0,-1337500.0,1500,-12.688919753333925,False,False,14.85795049223352
-782500.0,-1337500.0,1500,-13.638547690293201,False,False,15.012619988463197
-777500.0,-1337500.0,1500,-15.746055201337068,False,False,15.08836173219417
-772500.0,-1337500.0,1500,-17.017059058482022,False,False,15.117690863610617
-767500.0,-1337500.0,1500,-15.837191808534465,False,False,15.12183372317941
-762500.0,-1337500.0,1500,-13.158135984534796,False,False,15.113034137333392
-757500.0,-1337500.0,1500,-9.591605725365289,False,False,15.100723323492975
-752500.0,-1337500.0,1500,-5.62473328705092,False,False,15.089662527432813
-747500.0,-1337500.0,1500,-0.6518614023846465,False,False,15.082107991079374
-742500.0,-1337500.0,1500,5.132733007147597,False,False,15.078449179690708
-737500.0,-1337500.0,1500,10.486585227520692,False,False,15.079097834785706
-732500.0,-1337500.0,1500,13.833029680745597,False,False,15.084330701089888
-727500.0,-1337500.0,1500,13.77423128054836,False,False,15.093353737910839
-722500.0,-1337500.0,1500,17.047131610778436,False,False,15.10466641177799
-717500.0,-1337500.0,1500,23.604685274179985,False,False,15.114971544476477
-712500.0,-1337500.0,1500,28.017838746601473,False,False,15.116765898308394
-707500.0,-1337500.0,1500,32.32250874608477,False,False,15.099829682363168
-702500.0,-1337500.0,1500,35.81796894409459,False,False,15.048470534762608
-697500.0,-1337500.0,1500,37.19686583514189,False,False,14.939193280225556
-692500.0,-1337500.0,1500,37.02918246013497,False,False,14.733727106884892
-687500.0,-1337500.0,1500,39.39177905632052,False,False,14.362387059503583
-682500.0,-1337500.0,1500,45.82687483192797,False,False,13.677705068610159
-677500.0,-1337500.0,1500,55.5909267209261,False,False,12.434852380953199
-672500.0,-1337500.0,1500,67.16772281330053,False,False,10.179422062019595
-667500.0,-1337500.0,1500,75.52198065339248,False,False,7.085181436102934
-662500.0,-1337500.0,1500,78.97933190150778,False,False,6.159485805209761
-657500.0,-1337500.0,1500,81.83782195921464,False,False,8.740250933381539
-652500.0,-1337500.0,1500,83.69864014282265,False,False,11.61935390201041
-647500.0,-1337500.0,1500,78.26485585061926,False,False,13.205674585535018
-642500.0,-1337500.0,1500,67.83817384701145,False,False,14.099555752630412
-637500.0,-1337500.0,1500,58.185778590612536,False,False,14.594442792053744
-632500.0,-1337500.0,1500,50.092913821286714,False,False,14.872729598181685
-627500.0,-1337500.0,1500,42.54265652481608,False,False,15.022186209277837
-622500.0,-1337500.0,1500,34.45900100963795,False,False,15.091095447085737
-617500.0,-1337500.0,1500,24.927060697788654,False,False,15.10684357784083
-612500.0,-1337500.0,1500,16.394927982585575,False,False,15.087766623177632
-607500.0,-1337500.0,1500,12.498592892177225,False,False,15.045422401048254
-602500.0,-1337500.0,1500,8.848151018393493,False,False,14.987195195816334
-597500.0,-1337500.0,1500,-0.9559269117922131,False,False,14.917466196468439
-592500.0,-1337500.0,1500,-12.436897375670906,False,False,14.838536787713863
-587500.0,-1337500.0,1500,-22.55351466935771,False,False,14.750714409055847
-582500.0,-1337500.0,1500,-31.488840959561166,False,False,14.653810169212946
-1047500.0,-1332500.0,1500,42.11198035473145,False,False,15.427694441899716
-1042500.0,-1332500.0,1500,36.16533177894822,False,False,15.423287372152567
-1037500.0,-1332500.0,1500,34.78593420515246,False,False,15.418283904221827
-1032500.0,-1332500.0,1500,28.05865568516751,False,False,15.41249869555187
-1027500.0,-1332500.0,1500,6.825842560526077,False,False,15.405819273074862
-1022500.0,-1332500.0,1500,-12.455881717886063,False,False,15.398096749388827
-1017500.0,-1332500.0,1500,-14.924801451109476,False,False,15.389259259071169
-1012500.0,-1332500.0,1500,-14.938167451470513,False,False,15.379352716781092
-1007500.0,-1332500.0,1500,-16.0686779412409,False,False,15.36834404804652
-1002500.0,-1332500.0,1500,-11.061291129173139,False,False,15.356104089626934
-997500.0,-1332500.0,1500,-3.81008852469603,False,False,15.342721161774772
-992500.0,-1332500.0,1500,3.8429524461020113,False,False,15.32835178904578
-987500.0,-1332500.0,1500,13.229678418133995,False,False,15.313008559182823
-982500.0,-1332500.0,1500,14.93871832135282,False,False,15.29692502708916
-977500.0,-1332500.0,1500,9.767693577032023,False,False,15.280565826239096
-972500.0,-1332500.0,1500,7.2268894989835335,False,False,15.264091660137666
-967500.0,-1332500.0,1500,4.692948158611026,False,False,15.247603051411248
-962500.0,-1332500.0,1500,2.043043181127601,False,False,15.23166295354045
-957500.0,-1332500.0,1500,0.3453272301067109,False,False,15.216531600916053
-952500.0,-1332500.0,1500,-2.388742953027762,False,False,15.202180742102406
-947500.0,-1332500.0,1500,-4.106453125277802,False,False,15.188975277755384
-942500.0,-1332500.0,1500,-6.325840699431697,False,False,15.176722501923846
-937500.0,-1332500.0,1500,-9.507390954192,False,False,15.165004383545268
-932500.0,-1332500.0,1500,-10.359896508746601,False,False,15.153529499771697
-927500.0,-1332500.0,1500,-6.976450616763384,False,False,15.141591908396325
-922500.0,-1332500.0,1500,-1.7012317758114124,False,False,15.128644456311775
-917500.0,-1332500.0,1500,2.3343997518928745,False,False,15.11430953189325
-912500.0,-1332500.0,1500,6.084178615126616,False,False,15.097859932830362
-907500.0,-1332500.0,1500,11.23612165708097,False,False,15.078893471542415
-902500.0,-1332500.0,1500,15.893437724210774,False,False,15.057846423375885
-897500.0,-1332500.0,1500,18.660056143781837,False,False,15.035130951812107
-892500.0,-1332500.0,1500,20.900036910025978,False,False,15.01050753113411
-887500.0,-1332500.0,1500,22.769664990224094,False,False,14.983282218704128
-882500.0,-1332500.0,1500,23.673362663818853,False,False,14.95258231930141
-877500.0,-1332500.0,1500,23.602009889793067,False,False,14.917678175213355
-872500.0,-1332500.0,1500,22.79736563846199,False,False,14.878207986701275
-867500.0,-1332500.0,1500,21.340551912292643,False,False,14.832548809484038
-862500.0,-1332500.0,1500,19.671861016866192,False,False,14.776818632129734
-857500.0,-1332500.0,1500,17.73252024907453,False,True,14.706735033998955
-852500.0,-1332500.0,1500,14.757509043436373,False,True,14.619079628938064
-847500.0,-1332500.0,1500,11.281877698645076,False,False,14.511040149311553
-842500.0,-1332500.0,1500,8.407091103647172,False,False,14.378642282021016
-837500.0,-1332500.0,1500,5.173867241741682,False,False,14.213542290715065
-832500.0,-1332500.0,1500,0.9145587351223445,False,True,14.000767879923913
-827500.0,-1332500.0,1500,-4.659672010748985,False,True,13.725312101971905
-822500.0,-1332500.0,1500,-11.023936895329307,False,True,13.379551253248076
-817500.0,-1332500.0,1500,-14.580313377570945,False,True,12.967009967916077
-812500.0,-1332500.0,1500,-15.482198331833834,False,True,12.504256891148469
-807500.0,-1332500.0,1500,-16.79987815503628,False,False,12.111696081032749
-802500.0,-1332500.0,1500,-17.62847407255136,False,False,12.299096266016008
-797500.0,-1332500.0,1500,-17.812871612349692,False,False,13.184009556252345
-792500.0,-1332500.0,1500,-18.397603871680648,False,False,14.08961855407797
-787500.0,-1332500.0,1500,-19.316065775658412,False,False,14.631738721613956
-782500.0,-1332500.0,1500,-20.59914279562144,False,False,14.895276837508224
-777500.0,-1332500.0,1500,-22.31850095348219,False,False,15.013783918918982
-772500.0,-1332500.0,1500,-23.588881831283647,False,False,15.063400331882102
-767500.0,-1332500.0,1500,-22.921907167041244,False,False,15.074351515347582
-762500.0,-1332500.0,1500,-20.08654704794646,False,False,15.067679929135064
-757500.0,-1332500.0,1500,-16.121233391570787,False,False,15.055904194145551
-752500.0,-1332500.0,1500,-11.42174988187854,False,False,15.045639826790076
-747500.0,-1332500.0,1500,-5.656862924581142,False,False,15.040300760143957
-742500.0,-1332500.0,1500,0.5647889005492186,False,False,15.04019049588225
-737500.0,-1332500.0,1500,5.805099100380701,False,False,15.045702903717658
-732500.0,-1332500.0,1500,7.8555261830523975,False,False,15.055929987346882
-727500.0,-1332500.0,1500,6.183926342488278,False,False,15.068055965823202
-722500.0,-1332500.0,1500,10.807403760034195,False,False,15.079190008748366
-717500.0,-1332500.0,1500,19.497510039189258,False,False,15.082565116402115
-712500.0,-1332500.0,1500,24.67158125596288,False,False,15.067740450840907
-707500.0,-1332500.0,1500,29.187820951352826,False,False,15.019766557260487
-702500.0,-1332500.0,1500,32.57212616952263,False,False,14.91685966309641
-697500.0,-1332500.0,1500,36.1150289205695,False,False,14.722040015808165
-692500.0,-1332500.0,1500,40.256091232664,False,False,14.372703816664643
-687500.0,-1332500.0,1500,45.66537196031454,False,False,13.74262060612353
-682500.0,-1332500.0,1500,52.808940622750804,False,False,12.572163613360427
-677500.0,-1332500.0,1500,58.23354011903142,False,False,10.34549432947515
-672500.0,-1332500.0,1500,62.26170823092413,False,False,7.144684399601029
-667500.0,-1332500.0,1500,63.92687630259147,False,False,6.067062853947172
-662500.0,-1332500.0,1500,59.51420908847014,False,False,8.625669230477543
-657500.0,-1332500.0,1500,56.78130402449155,False,False,11.52922468958765
-652500.0,-1332500.0,1500,59.461840116070256,False,False,13.107894726095939
-647500.0,-1332500.0,1500,58.107551698179236,False,False,13.994244951278718
-642500.0,-1332500.0,1500,50.68815488101487,False,False,14.480633536764145
-637500.0,-1332500.0,1500,42.99438923905787,False,False,14.747020343175137
-632500.0,-1332500.0,1500,36.21895725947315,False,False,14.882492654457938
-627500.0,-1332500.0,1500,29.822991347736483,False,False,14.934741432028826
-622500.0,-1332500.0,1500,24.9474710382167,False,False,14.929448135619287
-617500.0,-1332500.0,1500,21.427108338329635,False,False,14.883557994914646
-612500.0,-1332500.0,1500,18.233133588455978,False,False,14.808113201322431
-607500.0,-1332500.0,1500,13.319620015688175,False,False,14.710902147258793
-602500.0,-1332500.0,1500,4.497435453418078,False,False,14.596120192536114
-597500.0,-1332500.0,1500,-7.063118572152413,False,False,14.464516703222666
-592500.0,-1332500.0,1500,-18.70339694245678,False,False,14.313335695588112
-587500.0,-1332500.0,1500,-30.01384863877923,False,False,14.13542838552124
-582500.0,-1332500.0,1500,-40.49062101899418,False,False,13.923279109219434
-1047500.0,-1327500.0,1500,30.011158139385262,False,False,15.417066783229174
-1042500.0,-1327500.0,1500,27.880368314775318,False,False,15.41104081769387
-1037500.0,-1327500.0,1500,28.66599022428843,False,False,15.404240882141362
-1032500.0,-1327500.0,1500,18.02623865857315,False,False,15.39658523453518
-1027500.0,-1327500.0,1500,-9.862305689374447,False,False,15.387936801228289
-1022500.0,-1327500.0,1500,-34.79737723406424,False,False,15.378238339759458
-1017500.0,-1327500.0,1500,-38.45804381744658,False,False,15.367328267407782
-1012500.0,-1327500.0,1500,-30.711447232127142,False,False,15.355050615642114
-1007500.0,-1327500.0,1500,-27.167631234408802,False,False,15.341455239031312
-1002500.0,-1327500.0,1500,-24.822292144324017,False,False,15.326626635203565
-997500.0,-1327500.0,1500,-16.24475346805211,False,False,15.310511959106861
-992500.0,-1327500.0,1500,-3.29788442642892,False,False,15.293258444536924
-987500.0,-1327500.0,1500,7.1702197040488045,False,False,15.275282988086493
-982500.0,-1327500.0,1500,7.820303524483539,False,False,15.256869121460731
-977500.0,-1327500.0,1500,2.12849708968421,False,False,15.238281789544823
-972500.0,-1327500.0,1500,-2.864976038225436,False,False,15.220052884573885
-967500.0,-1327500.0,1500,-6.961442303174273,False,False,15.202694246358401
-962500.0,-1327500.0,1500,-10.346383992015737,False,False,15.186500550548272
-957500.0,-1327500.0,1500,-13.338911883403021,False,False,15.171754782119883
-952500.0,-1327500.0,1500,-15.63328810992257,False,False,15.158431560387877
-947500.0,-1327500.0,1500,-17.77592234076083,False,False,15.14629925718132
-942500.0,-1327500.0,1500,-19.98987988243352,False,False,15.135014174266972
-937500.0,-1327500.0,1500,-21.103064516865732,False,False,15.123783712009358
-932500.0,-1327500.0,1500,-20.42620391884038,False,False,15.111748674599621
-927500.0,-1327500.0,1500,-18.009454754341302,False,False,15.098006503494346
-922500.0,-1327500.0,1500,-15.061062139984204,False,False,15.08098142218326
-917500.0,-1327500.0,1500,-12.305228768692894,False,False,15.059736594273938
-912500.0,-1327500.0,1500,-8.117882964716557,False,False,15.034237122458192
-907500.0,-1327500.0,1500,-2.0023748229053653,False,True,15.003805545458398
-902500.0,-1327500.0,1500,4.079791370363697,False,True,14.967805384336707
-897500.0,-1327500.0,1500,8.830319402938354,False,True,14.926544039322758
-892500.0,-1327500.0,1500,12.246036738648773,False,True,14.880725144380282
-887500.0,-1327500.0,1500,14.633118970133385,False,False,14.830307248754783
-882500.0,-1327500.0,1500,15.844215822641374,False,False,14.773022424238706
-877500.0,-1327500.0,1500,15.513996804093935,False,True,14.704205519263002
-872500.0,-1327500.0,1500,14.289265757350826,False,True,14.619657813194324
-867500.0,-1327500.0,1500,12.67708178884,False,True,14.51683896236245
-862500.0,-1327500.0,1500,10.886620307228949,False,True,14.392901201586138
-857500.0,-1327500.0,1500,9.260311129701018,False,True,14.242022484148883
-852500.0,-1327500.0,1500,7.171420998201988,False,True,14.052475231186746
-847500.0,-1327500.0,1500,4.653070287718637,False,True,13.807966170990833
-842500.0,-1327500.0,1500,1.917242149984253,False,True,13.494176173475212
-837500.0,-1327500.0,1500,-2.328399792678064,False,True,13.104662674397954
-832500.0,-1327500.0,1500,-10.061308309336543,False,True,12.633632847141431
-827500.0,-1327500.0,1500,-20.65841822309857,False,True,12.05885233635146
-822500.0,-1327500.0,1500,-30.418631063884924,False,True,11.33254359886538
-817500.0,-1327500.0,1500,-33.708638421915914,False,True,10.394817269866753
-812500.0,-1327500.0,1500,-31.419185491972456,False,True,9.211185194817698
-807500.0,-1327500.0,1500,-28.99298931098731,False,True,7.988138946840539
-802500.0,-1327500.0,1500,-25.937807577878356,False,True,8.963014666410604
-797500.0,-1327500.0,1500,-23.362617940328093,False,False,11.71498984113546
-792500.0,-1327500.0,1500,-23.148895773313832,False,False,13.54021886977287
-787500.0,-1327500.0,1500,-24.814329766190223,False,False,14.41016198001853
-782500.0,-1327500.0,1500,-27.251342315109593,False,False,14.775431828571454
-777500.0,-1327500.0,1500,-28.919261653618506,False,False,14.939170587793324
-772500.0,-1327500.0,1500,-29.851801040517056,False,False,15.008648856680626
-767500.0,-1327500.0,1500,-29.46165124631466,False,False,15.027007592329706
-762500.0,-1327500.0,1500,-27.039155130482325,False,False,15.02271912819127
-757500.0,-1327500.0,1500,-23.401789965957697,False,False,15.011578842468046
-752500.0,-1327500.0,1500,-18.95273974110825,False,False,15.002050547044108
-747500.0,-1327500.0,1500,-13.427826681388904,False,False,14.998733681590851
-742500.0,-1327500.0,1500,-7.199778316768186,False,False,15.002582344520409
-737500.0,-1327500.0,1500,-1.6256193186320052,False,False,15.013381568953665
-732500.0,-1327500.0,1500,-0.6315343535458025,False,False,15.028083946324085
-727500.0,-1327500.0,1500,-2.7722565577295817,False,False,15.04205682881482
-722500.0,-1327500.0,1500,4.979466697922922,False,False,15.048420158964843
-717500.0,-1327500.0,1500,16.14330657051696,False,False,15.036912167900356
-712500.0,-1327500.0,1500,21.661317135399212,False,False,14.992513705059817
-707500.0,-1327500.0,1500,26.41062395936195,False,False,14.893403165480409
-702500.0,-1327500.0,1500,29.568531747483366,False,False,14.703964638185615
-697500.0,-1327500.0,1500,30.84889899050537,False,False,14.363751746330074
-692500.0,-1327500.0,1500,34.04760023212188,False,False,13.749847270010116
-687500.0,-1327500.0,1500,39.613490354973145,False,False,12.658555315231535
-682500.0,-1327500.0,1500,45.209014545406966,False,False,10.707232991514458
-677500.0,-1327500.0,1500,48.72870680781257,False,False,7.417990057246129
-672500.0,-1327500.0,1500,50.37149717427614,False,False,5.9132266582219835
-667500.0,-1327500.0,1500,49.341832018372436,False,False,8.398780533346434
-662500.0,-1327500.0,1500,41.40132496795128,False,False,11.38018180405868
-657500.0,-1327500.0,1500,35.56505638462414,False,False,12.973156647605757
-652500.0,-1327500.0,1500,37.435417460730875,False,False,13.841966540452587
-647500.0,-1327500.0,1500,37.548183327014684,False,False,14.30024742349867
-642500.0,-1327500.0,1500,32.20778162428158,False,False,14.534370181832593
-637500.0,-1327500.0,1500,26.120305106096104,False,False,14.633361061894167
-632500.0,-1327500.0,1500,20.405124666342935,False,False,14.645724995171967
-627500.0,-1327500.0,1500,15.660256493383047,False,False,14.598277481008996
-622500.0,-1327500.0,1500,13.481968022127358,False,False,14.506256706159718
-617500.0,-1327500.0,1500,11.826547824867614,False,False,14.376466199540973
-612500.0,-1327500.0,1500,8.871281455599544,False,False,14.210671910093627
-607500.0,-1327500.0,1500,4.524433488397527,False,False,14.006378911451375
-602500.0,-1327500.0,1500,-2.523019514990173,False,False,13.757185949003528
-597500.0,-1327500.0,1500,-12.515227263958616,False,False,13.461940779862367
-592500.0,-1327500.0,1500,-24.306656910545986,False,False,13.126842695030584
-587500.0,-1327500.0,1500,-36.978994026863155,False,False,12.744336668134547
-582500.0,-1327500.0,1500,-48.51220010414691,False,False,12.29714718628973
-1047500.0,-1322500.0,1500,17.70835678446439,False,False,15.402646894980881
-1042500.0,-1322500.0,1500,15.222611186031727,False,False,15.394880615054644
-1037500.0,-1322500.0,1500,12.022412763543421,False,False,15.386208497706448
-1032500.0,-1322500.0,1500,2.8304811215874017,False,False,15.37660292185
-1027500.0,-1322500.0,1500,-18.74175956009816,False,False,15.366017478805311
-1022500.0,-1322500.0,1500,-43.511211850643555,False,False,15.354281516253858
-1017500.0,-1322500.0,1500,-50.977295454145455,False,False,15.341341286669934
-1012500.0,-1322500.0,1500,-42.163669865484884,False,False,15.327048683454846
-1007500.0,-1322500.0,1500,-36.1046442201949,False,False,15.311187110299345
-1002500.0,-1322500.0,1500,-34.85913314614025,False,False,15.293839551884785
-997500.0,-1322500.0,1500,-28.060447973721896,False,False,15.275286926394205
-992500.0,-1322500.0,1500,-15.043957919598647,False,False,15.255729250298867
-987500.0,-1322500.0,1500,-3.9793059834360656,False,False,15.235496748408465
-982500.0,-1322500.0,1500,-2.4734013169498787,False,False,15.215127050396305
-977500.0,-1322500.0,1500,-7.252312273375048,False,False,15.195111596543192
-972500.0,-1322500.0,1500,-12.485998576025272,False,False,15.176118250208424
-967500.0,-1322500.0,1500,-17.22657302139947,False,False,15.15864628267391
-962500.0,-1322500.0,1500,-20.846780810824924,False,False,15.142837944390108
-957500.0,-1322500.0,1500,-24.006561311162343,False,False,15.128893216212157
-952500.0,-1322500.0,1500,-26.80440379215577,False,False,15.116491017824629
-947500.0,-1322500.0,1500,-28.73886629875825,False,False,15.104815368582074
-942500.0,-1322500.0,1500,-30.1892978724983,False,False,15.092975790368605
-937500.0,-1322500.0,1500,-31.087816317834555,False,False,15.079791424561435
-932500.0,-1322500.0,1500,-31.630891925765617,False,False,15.06331524351433
-927500.0,-1322500.0,1500,-33.260910873790756,False,False,15.041704715771969
-922500.0,-1322500.0,1500,-33.10602313458769,False,False,15.013732959307742
-917500.0,-1322500.0,1500,-29.037230030031377,False,True,14.976998875881822
-912500.0,-1322500.0,1500,-22.87940525484346,False,True,14.929691111824077
-907500.0,-1322500.0,1500,-15.882410125419726,False,True,14.872613318042939
-902500.0,-1322500.0,1500,-9.083570974619839,False,True,14.806431210959811
-897500.0,-1322500.0,1500,-3.1554500053543406,False,True,14.729734176519433
-892500.0,-1322500.0,1500,1.860799065619439,False,True,14.640460669098273
-887500.0,-1322500.0,1500,5.694674721297925,False,True,14.537384559024147
-882500.0,-1322500.0,1500,7.126188383549859,False,True,14.418720657720721
-877500.0,-1322500.0,1500,6.142723078940785,False,True,14.278594802203862
-872500.0,-1322500.0,1500,3.9057058935707505,False,True,14.105634291078516
-867500.0,-1322500.0,1500,1.635405582698586,False,True,13.884787587854944
-862500.0,-1322500.0,1500,-0.16846219304734839,False,True,13.599974961233954
-857500.0,-1322500.0,1500,-1.4702878429548254,False,True,13.241926973008447
-852500.0,-1322500.0,1500,-2.4726827405555536,False,True,12.808013110913523
-847500.0,-1322500.0,1500,-4.157784560879182,False,True,12.28405067629744
-842500.0,-1322500.0,1500,-7.051039261755821,False,True,11.630102795496475
-837500.0,-1322500.0,1500,-12.250171222043875,False,True,10.783719496852592
-832500.0,-1322500.0,1500,-22.590716037108464,False,True,9.683791741646044
-827500.0,-1322500.0,1500,-36.819787378593915,False,True,8.341206133535767
-822500.0,-1322500.0,1500,-47.95256307902017,False,True,7.034842826700716
-817500.0,-1322500.0,1500,-50.54684629438288,False,True,6.324934157821831
-812500.0,-1322500.0,1500,-46.38528797560345,False,True,6.154730726525189
-807500.0,-1322500.0,1500,-40.88780415058206,False,True,6.087887450520118
-802500.0,-1322500.0,1500,-35.72975325426676,False,True,7.97606842603497
-797500.0,-1322500.0,1500,-31.374473172961626,False,True,11.232198274594001
-792500.0,-1322500.0,1500,-29.434016242871042,False,False,13.261283888900213
-787500.0,-1322500.0,1500,-30.767401238884293,False,False,14.238242222945095
-782500.0,-1322500.0,1500,-33.370548983758404,False,False,14.665710847917708
-777500.0,-1322500.0,1500,-35.02487009663718,False,False,14.865418898761785
-772500.0,-1322500.0,1500,-35.44416169480635,False,False,14.952936687094532
-767500.0,-1322500.0,1500,-35.41394249967879,False,False,14.97822747465679
-762500.0,-1322500.0,1500,-34.18554512503939,False,False,14.975636891197086
-757500.0,-1322500.0,1500,-31.185584370009256,False,False,14.963289985092068
-752500.0,-1322500.0,1500,-27.77243090672214,False,False,14.95259241859909
-747500.0,-1322500.0,1500,-22.84697765295896,False,False,14.949658365078662
-742500.0,-1322500.0,1500,-16.349822245785273,False,False,14.957165312946294
-737500.0,-1322500.0,1500,-10.27334920918148,False,False,14.97369366586357
-732500.0,-1322500.0,1500,-8.213563276489921,False,False,14.993342190687263
-727500.0,-1322500.0,1500,-7.020537354976577,False,False,15.007804295675463
-722500.0,-1322500.0,1500,2.4349123945045315,False,False,15.0054393367411
-717500.0,-1322500.0,1500,12.53614286535784,False,False,14.969590890338292
-712500.0,-1322500.0,1500,16.722054381747505,False,False,14.877845102068967
-707500.0,-1322500.0,1500,20.96445446289737,False,False,14.694189669808775
-702500.0,-1322500.0,1500,24.636047098545102,False,False,14.357767754207373
-697500.0,-1322500.0,1500,24.827375193071283,False,False,13.748323124728202
-692500.0,-1322500.0,1500,26.994393564572334,False,False,12.65030799167499
-687500.0,-1322500.0,1500,31.27523864759031,False,False,10.651643980579639
-682500.0,-1322500.0,1500,34.670273341641604,False,False,7.53621701203793
-677500.0,-1322500.0,1500,37.34841694968423,False,False,5.895603770850017
-672500.0,-1322500.0,1500,38.30053496297455,False,False,8.0963810354915
-667500.0,-1322500.0,1500,36.674564237420434,False,False,11.159124960959758
-662500.0,-1322500.0,1500,31.528993191503435,False,False,12.757416337999835
-657500.0,-1322500.0,1500,26.737788831486483,False,False,13.589181473410717
-652500.0,-1322500.0,1500,23.929420385498137,False,False,13.996365171228767
-647500.0,-1322500.0,1500,20.430058698261938,False,False,14.173704702767616
-642500.0,-1322500.0,1500,15.37841421551303,False,False,14.210653643499327
-637500.0,-1322500.0,1500,9.901826597196122,False,False,14.149320914893172
-632500.0,-1322500.0,1500,4.980806769097154,False,False,14.011685822600791
-627500.0,-1322500.0,1500,2.84589344744155,False,False,13.810007893286546
-622500.0,-1322500.0,1500,2.629275165300702,False,False,13.549784309804696
-617500.0,-1322500.0,1500,1.3299017420343273,False,False,13.236701822239969
-612500.0,-1322500.0,1500,-1.005978462943461,False,False,12.872913425072756
-607500.0,-1322500.0,1500,-4.338867146273242,False,False,12.45032070287661
-602500.0,-1322500.0,1500,-9.97343593142043,False,False,11.934242904365965
-597500.0,-1322500.0,1500,-17.237742483218234,False,False,11.295538856655213
-592500.0,-1322500.0,1500,-27.082087340951944,False,False,10.51973805377499
-587500.0,-1322500.0,1500,-41.258681533138635,False,False,9.568779538693525
-582500.0,-1322500.0,1500,-55.71389895148247,False,False,8.42727071441722
-1047500.0,-1317500.0,1500,4.969950398518218,False,False,15.38396294457951
-1042500.0,-1317500.0,1500,1.0097872891986825,False,False,15.374275776663438
-1037500.0,-1317500.0,1500,-5.552892313965621,False,False,15.363895571198707
-1032500.0,-1317500.0,1500,-13.676630437652772,False,False,15.352676058616925
-1027500.0,-1317500.0,1500,-26.924380525574747,False,False,15.340459406222623
-1022500.0,-1317500.0,1500,-45.72889462350337,False,False,15.327065512441251
-1017500.0,-1317500.0,1500,-52.92425872009232,False,False,15.312274062966662
-1012500.0,-1317500.0,1500,-45.36403455903196,False,False,15.29602627463165
-1007500.0,-1317500.0,1500,-39.11271171029752,False,False,15.278337611733335
-1002500.0,-1317500.0,1500,-37.69414285283347,False,False,15.25920560887611
-997500.0,-1317500.0,1500,-32.53372900517365,False,False,15.238827039176284
-992500.0,-1317500.0,1500,-22.01083895132698,False,False,15.217675327346731
-987500.0,-1317500.0,1500,-12.662343719897562,False,False,15.196100464262118
-982500.0,-1317500.0,1500,-11.685195081779307,False,False,15.174622050069763
-977500.0,-1317500.0,1500,-16.321671485870258,False,False,15.154119709795268
-972500.0,-1317500.0,1500,-21.279879894001958,False,False,15.135035200873379
-967500.0,-1317500.0,1500,-26.26562126614906,False,False,15.117645553859502
-962500.0,-1317500.0,1500,-30.30539545118644,False,False,15.10222408087353
-957500.0,-1317500.0,1500,-33.63594231865008,False,False,15.088298173599602
-952500.0,-1317500.0,1500,-37.21114624059267,False,False,15.075042489683018
-947500.0,-1317500.0,1500,-41.24451273310303,False,False,15.061347927903215
-942500.0,-1317500.0,1500,-45.59962477813434,False,False,15.044995885277148
-937500.0,-1317500.0,1500,-47.711343835424856,False,False,15.02377116041512
-932500.0,-1317500.0,1500,-49.33261563896762,False,False,14.99571324870436
-927500.0,-1317500.0,1500,-53.45185841513626,False,True,14.957169519045566
-922500.0,-1317500.0,1500,-51.95306145679447,False,True,14.904094708737857
-917500.0,-1317500.0,1500,-43.39398789548256,False,True,14.834694059680288
-912500.0,-1317500.0,1500,-35.27932309804005,False,True,14.745421110316853
-907500.0,-1317500.0,1500,-28.20193759974862,False,True,14.631611794853999
-902500.0,-1317500.0,1500,-22.1731414035174,False,True,14.494887451233538
-897500.0,-1317500.0,1500,-17.177394392382435,False,True,14.326373344928346
-892500.0,-1317500.0,1500,-10.799599248147029,False,True,14.148331652204984
-887500.0,-1317500.0,1500,-5.355710860136884,False,True,13.951144209162173
-882500.0,-1317500.0,1500,-3.269284957196723,False,True,13.69473287071201
-877500.0,-1317500.0,1500,-4.472972816214852,False,True,13.374239705308767
-872500.0,-1317500.0,1500,-8.784389085634935,False,True,12.976341311180992
-867500.0,-1317500.0,1500,-12.81994532907312,False,True,12.492368227377646
-862500.0,-1317500.0,1500,-14.832224015450524,False,True,11.897237639028116
-857500.0,-1317500.0,1500,-15.646723169611562,False,True,11.134145829141003
-852500.0,-1317500.0,1500,-15.244524246619724,False,True,10.140246284087892
-847500.0,-1317500.0,1500,-15.20771429525874,False,True,8.892059161735434
-842500.0,-1317500.0,1500,-17.368472297846587,False,True,7.515483524244695
-837500.0,-1317500.0,1500,-22.453317204550437,False,True,6.498121100581839
-832500.0,-1317500.0,1500,-32.94557551375296,False,True,6.147106494136987
-827500.0,-1317500.0,1500,-46.97775604877159,False,True,5.9604800609848825
-822500.0,-1317500.0,1500,-56.4716201272025,False,True,5.63319940354737
-817500.0,-1317500.0,1500,-57.65842092833126,False,True,5.633805536981191
-812500.0,-1317500.0,1500,-52.07712656473935,False,True,5.9730320731496604
-807500.0,-1317500.0,1500,-46.710634209322,False,True,7.3028118791074075
-802500.0,-1317500.0,1500,-43.84524460353045,False,True,9.583418607529458
-797500.0,-1317500.0,1500,-40.26302999537127,False,True,11.610936149012884
-792500.0,-1317500.0,1500,-37.8707609095655,False,False,13.11999666982581
-787500.0,-1317500.0,1500,-38.27630025132247,False,False,14.053118607125775
-782500.0,-1317500.0,1500,-40.32424360126708,False,False,14.544846310924672
-777500.0,-1317500.0,1500,-41.56784827240555,False,False,14.787291059344069
-772500.0,-1317500.0,1500,-41.22717814605126,False,False,14.892259197559646
-767500.0,-1317500.0,1500,-41.11181934247798,False,False,14.924194199657379
-762500.0,-1317500.0,1500,-41.170956299992824,False,False,14.919740958271467
-757500.0,-1317500.0,1500,-40.10018837139,False,False,14.900581944606195
-752500.0,-1317500.0,1500,-37.97852052829712,False,False,14.883036920661166
-747500.0,-1317500.0,1500,-33.064170375909626,False,False,14.876906499512875
-742500.0,-1317500.0,1500,-26.259036361005514,False,False,14.886486191190581
-737500.0,-1317500.0,1500,-20.412718195719798,False,False,14.909570680695897
-732500.0,-1317500.0,1500,-19.025608153595133,False,False,14.936651716464848
-727500.0,-1317500.0,1500,-14.56197789273056,False,False,14.953174861479349
-722500.0,-1317500.0,1500,-1.9543658835739173,False,False,14.940353263617386
-717500.0,-1317500.0,1500,7.7967125071725984,False,False,14.87078586916356
-712500.0,-1317500.0,1500,11.439667135802898,False,False,14.70320220060455
-707500.0,-1317500.0,1500,14.639786307587471,False,False,14.37582659374742
-702500.0,-1317500.0,1500,17.912110946748186,False,False,13.7718923845686
-697500.0,-1317500.0,1500,18.530789982713003,False,False,12.678726924029931
-692500.0,-1317500.0,1500,19.818220021522393,False,False,10.701219465261818
-687500.0,-1317500.0,1500,22.60425735553592,False,False,7.570667818606315
-682500.0,-1317500.0,1500,25.298324419532698,False,False,5.836749347689489
-677500.0,-1317500.0,1500,27.154167870908836,False,False,7.853225295474209
-672500.0,-1317500.0,1500,27.037459391075213,False,False,10.807357390988825
-667500.0,-1317500.0,1500,24.580644358573192,False,False,12.404767273735485
-662500.0,-1317500.0,1500,21.115962767200735,False,False,13.174998707981874
-657500.0,-1317500.0,1500,16.823695028282632,False,False,13.48120680940783
-652500.0,-1317500.0,1500,11.116542771284621,False,False,13.537594247638404
-647500.0,-1317500.0,1500,5.2614849776893635,False,False,13.437103087177329
-642500.0,-1317500.0,1500,-0.5211407445734304,False,False,13.220625587794556
-637500.0,-1317500.0,1500,-6.198117609141404,False,False,12.910416148485265
-632500.0,-1317500.0,1500,-9.305426214767184,False,False,12.52388417591078
-627500.0,-1317500.0,1500,-8.526585239627877,False,False,12.0573981565231
-622500.0,-1317500.0,1500,-8.265688921564653,False,False,11.481919267562066
-617500.0,-1317500.0,1500,-9.459990815711532,False,False,10.767903294484782
-612500.0,-1317500.0,1500,-10.186299815875067,False,False,9.863008249088775
-607500.0,-1317500.0,1500,-12.350137265856583,False,False,8.801712915056338
-602500.0,-1317500.0,1500,-16.374207930234572,False,False,7.589628548945377
-597500.0,-1317500.0,1500,-19.72399519190899,False,False,6.663830466849452
-592500.0,-1317500.0,1500,-27.173063025733825,False,False,6.422859694626047
-587500.0,-1317500.0,1500,-42.81562697741879,False,False,6.479829336177577
-582500.0,-1317500.0,1500,-59.49161831774218,False,False,6.477218939772172
-1047500.0,-1312500.0,1500,-7.169622241581322,False,False,15.360656280832304
-1042500.0,-1312500.0,1500,-7.23397034450666,False,False,15.349347874896157
-1037500.0,-1312500.0,1500,-8.94675262904116,False,False,15.337457466790895
-1032500.0,-1312500.0,1500,-13.357264109260043,False,False,15.324985750038778
-1027500.0,-1312500.0,1500,-24.44624388863598,False,False,15.311686920401163
-1022500.0,-1312500.0,1500,-40.795951221305536,False,False,15.297191659310613
-1017500.0,-1312500.0,1500,-47.22188564466905,False,False,15.281175857119006
-1012500.0,-1312500.0,1500,-43.41299482168781,False,False,15.263547692409693
-1007500.0,-1312500.0,1500,-40.50658849221074,False,False,15.244455513519313
-1002500.0,-1312500.0,1500,-39.61003735814826,False,False,15.224192562712185
-997500.0,-1312500.0,1500,-35.43170504868279,False,False,15.203014077288271
-992500.0,-1312500.0,1500,-27.236525321732724,False,False,15.181174631507963
-987500.0,-1312500.0,1500,-19.71577922912434,False,False,15.159325531015934
-982500.0,-1312500.0,1500,-19.512566482037105,False,False,15.138017440599784
-977500.0,-1312500.0,1500,-24.154941988079344,False,False,15.117412769264703
-972500.0,-1312500.0,1500,-29.094800202969008,False,False,15.098024574832024
-967500.0,-1312500.0,1500,-34.419411438572226,False,False,15.080126630512984
-962500.0,-1312500.0,1500,-38.449034880913075,False,False,15.063253938658502
-957500.0,-1312500.0,1500,-41.86338683339296,False,False,15.046694738468375
-952500.0,-1312500.0,1500,-45.69948629595603,False,False,15.028574171046955
-947500.0,-1312500.0,1500,-52.39112586137521,False,False,15.00658473597861
-942500.0,-1312500.0,1500,-63.32381661254483,False,False,14.978553801389083
-937500.0,-1312500.0,1500,-70.49305420042049,False,True,14.940126248583953
-932500.0,-1312500.0,1500,-70.29231673628477,False,True,14.88632354154697
-927500.0,-1312500.0,1500,-67.91428996677733,False,True,14.813427044580605
-922500.0,-1312500.0,1500,-62.306638383760955,False,True,14.713828891884914
-917500.0,-1312500.0,1500,-53.657553529948814,False,True,14.575764299094311
-912500.0,-1312500.0,1500,-46.10165357304958,False,True,14.39261917569656
-907500.0,-1312500.0,1500,-39.5790341993575,False,True,14.129468838048558
-902500.0,-1312500.0,1500,-34.36055744740052,False,True,13.803112757739488
-897500.0,-1312500.0,1500,-29.15035690077368,False,True,13.44181539015322
-892500.0,-1312500.0,1500,-20.22241892681907,False,True,13.073251652226181
-887500.0,-1312500.0,1500,-11.8493911577373,False,True,12.605374402053844
-882500.0,-1312500.0,1500,-10.069906293649076,False,True,12.039407210967017
-877500.0,-1312500.0,1500,-13.877494238329376,False,True,11.405487609739438
-872500.0,-1312500.0,1500,-21.455483024062403,False,True,10.535711400842057
-867500.0,-1312500.0,1500,-28.20194555244587,False,True,9.375101513655212
-862500.0,-1312500.0,1500,-30.680243280805975,False,True,8.01674089987692
-857500.0,-1312500.0,1500,-30.490338581441097,True,True,6.726354381376829
-852500.0,-1312500.0,1500,-28.255002714292296,True,True,6.133742511992201
-847500.0,-1312500.0,1500,-26.16553394202636,False,True,6.0621967451978955
-842500.0,-1312500.0,1500,-27.517081241173766,False,True,5.7827440534923
-837500.0,-1312500.0,1500,-34.01543355939556,False,True,5.565161968244522
-832500.0,-1312500.0,1500,-46.35367009034261,True,True,5.759425270919496
-827500.0,-1312500.0,1500,-59.624778575137576,True,True,5.9157029374478185
-822500.0,-1312500.0,1500,-65.58951605065161,True,True,5.688627199277397
-817500.0,-1312500.0,1500,-62.74249734536316,True,True,5.542171832559619
-812500.0,-1312500.0,1500,-54.56484348316547,True,True,5.722004434658325
-807500.0,-1312500.0,1500,-50.31921625257178,False,True,7.2632962000800445
-802500.0,-1312500.0,1500,-49.28228493484758,False,True,9.393906081879992
-797500.0,-1312500.0,1500,-45.9890467789832,False,True,10.911033171765535
-792500.0,-1312500.0,1500,-44.29538515300121,False,True,12.468116490510887
-787500.0,-1312500.0,1500,-45.00621860319338,False,False,13.703983761820249
-782500.0,-1312500.0,1500,-47.22861363459029,False,False,14.389600955940205
-777500.0,-1312500.0,1500,-48.74580654680718,False,False,14.698329911341592
-772500.0,-1312500.0,1500,-48.47185586326274,False,False,14.823234881671837
-767500.0,-1312500.0,1500,-48.360193355236646,False,False,14.858722471749742
-762500.0,-1312500.0,1500,-49.287100861879516,False,False,14.843023340606939
-757500.0,-1312500.0,1500,-50.715230873890036,False,False,14.803890900715778
-752500.0,-1312500.0,1500,-50.23879019363455,False,False,14.764420424109657
-747500.0,-1312500.0,1500,-44.71791861128052,False,False,14.744252720730971
-742500.0,-1312500.0,1500,-37.39361840964396,False,False,14.75316634230099
-737500.0,-1312500.0,1500,-32.72921063062765,False,False,14.78792192578856
-732500.0,-1312500.0,1500,-33.98311220427034,False,False,14.832132623464398
-727500.0,-1312500.0,1500,-29.05822166439209,False,False,14.860376962332323
-722500.0,-1312500.0,1500,-12.264009288258363,False,False,14.840440305747004
-717500.0,-1312500.0,1500,0.5936633221916205,False,False,14.729356864139389
-712500.0,-1312500.0,1500,5.964342195806657,False,False,14.448841179795487
-707500.0,-1312500.0,1500,8.891782613694915,False,False,13.855634743146974
-702500.0,-1312500.0,1500,10.925091475888554,False,False,12.752159303250089
-697500.0,-1312500.0,1500,12.10637103268332,False,False,10.777862566553535
-692500.0,-1312500.0,1500,13.263815401832732,False,False,7.517052590746276
-687500.0,-1312500.0,1500,15.236011838399687,False,False,5.781983676167666
-682500.0,-1312500.0,1500,17.48198550599323,False,False,7.822236439498632
-677500.0,-1312500.0,1500,18.36606079067272,False,False,10.514814297930902
-672500.0,-1312500.0,1500,16.97341245881907,False,False,11.847759689985885
-667500.0,-1312500.0,1500,13.181902118009294,False,False,12.404904347750556
-662500.0,-1312500.0,1500,8.680177426323223,False,False,12.509847819157075
-657500.0,-1312500.0,1500,3.8043710188639377,False,False,12.356133436372374
-652500.0,-1312500.0,1500,-1.582662771877099,False,False,12.039220861306154
-647500.0,-1312500.0,1500,-7.310335595119152,False,False,11.5748711801062
-642500.0,-1312500.0,1500,-15.23988899839368,False,False,10.93220147536454
-637500.0,-1312500.0,1500,-21.00805898530058,False,False,10.06640678913051
-632500.0,-1312500.0,1500,-20.612008522741107,False,False,9.00820849668466
-627500.0,-1312500.0,1500,-18.30886874340344,False,False,7.868534477668499
-622500.0,-1312500.0,1500,-18.6938569891956,False,False,6.880725676560602
-617500.0,-1312500.0,1500,-19.176953316278293,False,False,6.423320947439012
-612500.0,-1312500.0,1500,-18.251802939664806,False,False,6.442028329095399
-607500.0,-1312500.0,1500,-19.210159134630825,False,False,6.502340840842672
-602500.0,-1312500.0,1500,-21.13596678234913,False,False,6.368047070004784
-597500.0,-1312500.0,1500,-24.069924497967108,False,False,6.485486459241663
-592500.0,-1312500.0,1500,-33.13989386629927,False,False,7.257808484414165
-587500.0,-1312500.0,1500,-48.04075551207439,False,False,8.362313084386926
-582500.0,-1312500.0,1500,-61.764271238233455,False,False,9.50267274421429
-1047500.0,-1307500.0,1500,-13.194310201853645,False,False,15.332637318374864
-1042500.0,-1307500.0,1500,-0.8207259125774183,False,False,15.320140551388352
-1037500.0,-1307500.0,1500,6.829118311507347,False,False,15.307439524789835
-1032500.0,-1307500.0,1500,3.178800963352705,False,False,15.294240788771372
-1027500.0,-1307500.0,1500,-13.917515873054487,False,False,15.280193414937916
-1022500.0,-1307500.0,1500,-35.176400403306914,False,False,15.264893862440246
-1017500.0,-1307500.0,1500,-44.28470565302944,False,False,15.24792567792769
-1012500.0,-1307500.0,1500,-44.6986116632675,False,False,15.229128708676086
-1007500.0,-1307500.0,1500,-44.38686653065442,False,False,15.20891334417936
-1002500.0,-1307500.0,1500,-44.00246180915426,False,False,15.187979282935409
-997500.0,-1307500.0,1500,-40.68227307866089,False,False,15.166961563518088
-992500.0,-1307500.0,1500,-34.05011355054826,False,False,15.146223755765243
-987500.0,-1307500.0,1500,-27.484413675623124,False,False,15.125749113561067
-982500.0,-1307500.0,1500,-26.664466293226923,False,False,15.105223446329456
-977500.0,-1307500.0,1500,-30.959972977820822,False,False,15.084480769813688
-972500.0,-1307500.0,1500,-36.049557181405156,False,False,15.063665496867934
-967500.0,-1307500.0,1500,-41.236952844493125,False,False,15.042622662528448
-962500.0,-1307500.0,1500,-45.56103784931822,False,False,15.020129227810079
-957500.0,-1307500.0,1500,-49.175542884227504,False,False,14.994683088621063
-952500.0,-1307500.0,1500,-52.54817985791248,False,False,14.964330167146809
-947500.0,-1307500.0,1500,-57.457015119799095,False,False,14.924827511719414
-942500.0,-1307500.0,1500,-68.28026392171964,False,True,14.870788867008558
-937500.0,-1307500.0,1500,-78.30282436334699,False,True,14.797792233532027
-932500.0,-1307500.0,1500,-77.39606692966476,False,True,14.697039924143452
-927500.0,-1307500.0,1500,-71.13178873491051,False,True,14.554104854819911
-922500.0,-1307500.0,1500,-66.03702931909325,False,True,14.356152216914612
-917500.0,-1307500.0,1500,-61.233009687362205,False,True,14.081787419526076
-912500.0,-1307500.0,1500,-56.25191802316311,False,True,13.65039403046989
-907500.0,-1307500.0,1500,-51.13922323155425,True,True,13.044631235567024
-902500.0,-1307500.0,1500,-44.860150609670455,True,True,12.359818157124522
-897500.0,-1307500.0,1500,-36.11530902725348,True,True,11.632270309318718
-892500.0,-1307500.0,1500,-24.10180528588016,True,True,10.780110179260891
-887500.0,-1307500.0,1500,-13.381777627050752,False,True,9.694744168829205
-882500.0,-1307500.0,1500,-11.598747995877094,False,True,8.431734143119174
-877500.0,-1307500.0,1500,-19.471464779223464,True,True,7.172857561813183
-872500.0,-1307500.0,1500,-32.07599303849766,True,True,6.338485846477341
-867500.0,-1307500.0,1500,-41.395386298755824,True,True,6.021543433771026
-862500.0,-1307500.0,1500,-43.471039705051986,True,True,5.795121350290355
-857500.0,-1307500.0,1500,-42.040277568279116,True,True,5.46520635847077
-852500.0,-1307500.0,1500,-39.614606564500576,True,True,5.538421347965402
-847500.0,-1307500.0,1500,-36.06986495221363,True,True,5.908591746224291
-842500.0,-1307500.0,1500,-35.5777306397044,False,True,5.848765745255635
-837500.0,-1307500.0,1500,-45.19368846164827,False,True,5.579920205174837
-832500.0,-1307500.0,1500,-61.56694394077345,True,True,5.595307949499335
-827500.0,-1307500.0,1500,-73.45591982239009,True,True,5.706010777273562
-822500.0,-1307500.0,1500,-74.91175839409739,True,True,5.568785937103175
-817500.0,-1307500.0,1500,-68.11600020207139,True,True,5.530778167268844
-812500.0,-1307500.0,1500,-58.92386426007899,True,True,5.765311300328646
-807500.0,-1307500.0,1500,-53.33659561373521,False,True,6.2146924933292835
-802500.0,-1307500.0,1500,-49.583649886384244,False,True,6.509528632051687
-797500.0,-1307500.0,1500,-46.68563907905205,False,True,8.211727397506841
-792500.0,-1307500.0,1500,-47.20638925981067,False,True,11.276251089518677
-787500.0,-1307500.0,1500,-49.54056697385072,False,False,13.299207765984086
-782500.0,-1307500.0,1500,-53.093458788279975,False,True,14.233133228282496
-777500.0,-1307500.0,1500,-56.22506234662348,False,False,14.603451946744602
-772500.0,-1307500.0,1500,-56.996657738240074,False,False,14.746187540869974
-767500.0,-1307500.0,1500,-57.38080437747134,False,False,14.772997104676978
-762500.0,-1307500.0,1500,-59.52417084092487,False,False,14.727730109123778
-757500.0,-1307500.0,1500,-63.97992274316049,False,False,14.64007326182907
-752500.0,-1307500.0,1500,-64.13833167352367,False,False,14.54014765266685
-747500.0,-1307500.0,1500,-55.74408916964758,False,False,14.473827697620404
-742500.0,-1307500.0,1500,-46.961877929394674,False,False,14.47811698119486
-737500.0,-1307500.0,1500,-44.36606982689604,False,False,14.545422329683948
-732500.0,-1307500.0,1500,-46.67357311604704,False,False,14.632748671396069
-727500.0,-1307500.0,1500,-41.622085833982794,False,False,14.694878309339318
-722500.0,-1307500.0,1500,-24.69778784842638,False,False,14.689523599630578
-717500.0,-1307500.0,1500,-8.535497524710793,False,False,14.545058891373529
-712500.0,-1307500.0,1500,-0.17065366096258805,False,False,14.11878021461952
-707500.0,-1307500.0,1500,2.837095641303298,False,False,13.093725424281589
-702500.0,-1307500.0,1500,3.7234460275874506,False,False,11.010723517825324
-697500.0,-1307500.0,1500,4.936980109107836,False,False,7.646681710028431
-692500.0,-1307500.0,1500,6.4952625832717485,False,False,5.664487587453219
-687500.0,-1307500.0,1500,7.65481541624475,False,False,7.493326278592955
-682500.0,-1307500.0,1500,9.095984831105136,False,False,10.024357449054712
-677500.0,-1307500.0,1500,10.10001495222777,False,False,10.936764616806075
-672500.0,-1307500.0,1500,8.501438791226944,False,False,11.074139683816929
-667500.0,-1307500.0,1500,3.551501745041848,False,False,10.756349792404949
-662500.0,-1307500.0,1500,-2.7080277632847247,False,False,10.113364157441476
-657500.0,-1307500.0,1500,-8.606193106168693,False,False,9.205031341245995
-652500.0,-1307500.0,1500,-13.316949848249955,False,False,8.14384881290585
-647500.0,-1307500.0,1500,-19.49003589040127,False,False,7.11894874928334
-642500.0,-1307500.0,1500,-28.84841213591828,False,False,6.416028771766241
-637500.0,-1307500.0,1500,-32.55673551155712,False,False,6.337139886462937
-632500.0,-1307500.0,1500,-28.044352993897885,False,False,6.489416031528122
-627500.0,-1307500.0,1500,-24.071569771280938,False,False,6.433387812922069
-622500.0,-1307500.0,1500,-24.330210654961444,False,False,6.44101713836598
-617500.0,-1307500.0,1500,-24.827469269533346,False,False,6.959341196530168
-612500.0,-1307500.0,1500,-25.29043599833203,False,False,8.005091912034256
-607500.0,-1307500.0,1500,-26.505317541498325,False,False,9.15338776912007
-602500.0,-1307500.0,1500,-25.633002850505825,False,False,10.161224076990035
-597500.0,-1307500.0,1500,-29.66206208982942,False,False,11.024163515072921
-592500.0,-1307500.0,1500,-43.27364649250222,False,False,11.719044935633871
-587500.0,-1307500.0,1500,-57.140967837040414,False,False,12.263750595799351
-582500.0,-1307500.0,1500,-65.42955473702419,False,False,12.71761767760653
-1047500.0,-1302500.0,1500,-22.98309455597076,False,False,15.300325627955601
-1042500.0,-1302500.0,1500,-5.73919071515666,False,False,15.28710748637069
-1037500.0,-1302500.0,1500,0.7968791552435543,False,False,15.274183338979155
-1032500.0,-1302500.0,1500,-7.654407560803287,False,False,15.26088245320732
-1027500.0,-1302500.0,1500,-24.645502564035727,False,False,15.246368435942168
-1022500.0,-1302500.0,1500,-41.590493928057,False,False,15.229855778972631
-1017500.0,-1302500.0,1500,-49.00346689946977,False,False,15.211058499366445
-1012500.0,-1302500.0,1500,-50.503395135532514,False,False,15.190337820265897
-1007500.0,-1302500.0,1500,-50.282805740274874,False,False,15.168467044984977
-1002500.0,-1302500.0,1500,-49.67307072631617,False,False,15.146958212584076
-997500.0,-1302500.0,1500,-47.21658952324155,False,False,15.127167399255047
-992500.0,-1302500.0,1500,-41.96443471155105,False,False,15.10914166073778
-987500.0,-1302500.0,1500,-36.15658538115014,False,False,15.091245173591862
-982500.0,-1302500.0,1500,-33.63424197997826,False,False,15.07191630292644
-977500.0,-1302500.0,1500,-36.63423526363537,False,False,15.050267774596712
-972500.0,-1302500.0,1500,-42.00222957878301,False,False,15.024828820417532
-967500.0,-1302500.0,1500,-47.04189489324085,False,False,14.994847065921492
-962500.0,-1302500.0,1500,-51.607533426683965,False,False,14.959756647981989
-957500.0,-1302500.0,1500,-55.41614611574296,False,False,14.916099581891332
-952500.0,-1302500.0,1500,-58.85808010466759,False,True,14.859254816852392
-947500.0,-1302500.0,1500,-61.35078821040046,False,True,14.784778413402421
-942500.0,-1302500.0,1500,-66.48181842894341,False,True,14.683422657317449
-937500.0,-1302500.0,1500,-72.49040224946836,False,True,14.540147601300344
-932500.0,-1302500.0,1500,-71.1890605852868,False,True,14.326772412693959
-927500.0,-1302500.0,1500,-67.21359430615863,False,True,14.02993739266227
-922500.0,-1302500.0,1500,-66.36016046102996,False,True,13.607861071331882
-917500.0,-1302500.0,1500,-66.36095536219847,True,True,12.996484531317265
-912500.0,-1302500.0,1500,-65.86423982910513,True,True,12.118292456275636
-907500.0,-1302500.0,1500,-62.44731544684461,True,True,10.915479092401513
-902500.0,-1302500.0,1500,-53.76348986422086,True,True,9.380057806117437
-897500.0,-1302500.0,1500,-41.54910640402131,True,True,7.751096261604394
-892500.0,-1302500.0,1500,-26.528134634501416,False,True,6.462638964895054
-887500.0,-1302500.0,1500,-14.597795068722201,False,True,5.918964613944752
-882500.0,-1302500.0,1500,-15.53741598466676,False,True,5.824184045756483
-877500.0,-1302500.0,1500,-28.46317762549412,False,True,5.594119458295092
-872500.0,-1302500.0,1500,-44.40662786392671,True,True,5.523448079261904
-867500.0,-1302500.0,1500,-52.88472709832979,True,True,5.748052541366173
-862500.0,-1302500.0,1500,-51.68109760746516,True,True,5.827146654682751
-857500.0,-1302500.0,1500,-49.769253457820525,True,True,5.552681685470405
-852500.0,-1302500.0,1500,-49.176784459099814,True,True,5.4572320515598545
-847500.0,-1302500.0,1500,-43.94097781919835,True,True,5.674861929726419
-842500.0,-1302500.0,1500,-42.5561989939315,True,True,5.652126350415992
-837500.0,-1302500.0,1500,-55.53819681421863,False,True,5.5044936678741365
-832500.0,-1302500.0,1500,-72.19804791486303,True,True,5.653217909597635
-827500.0,-1302500.0,1500,-78.80102951893889,True,True,5.83340882176372
-822500.0,-1302500.0,1500,-75.97946512705471,True,True,5.698864465434358
-817500.0,-1302500.0,1500,-69.45078162412337,True,True,5.463050956092929
-812500.0,-1302500.0,1500,-63.05461506980358,True,True,5.549334472309243
-807500.0,-1302500.0,1500,-57.68545425065677,False,True,5.752510520036951
-802500.0,-1302500.0,1500,-51.34469417016806,False,True,5.907935272250461
-797500.0,-1302500.0,1500,-47.53524824373489,False,True,7.890193375401733
-792500.0,-1302500.0,1500,-48.48389400229688,False,True,11.107457111580322
-787500.0,-1302500.0,1500,-51.94920967419957,False,True,13.169777267557668
-782500.0,-1302500.0,1500,-57.7721241241328,False,True,14.128676043603303
-777500.0,-1302500.0,1500,-63.86300905749965,False,True,14.516215168475387
-772500.0,-1302500.0,1500,-65.63655140656249,False,True,14.658219861366689
-767500.0,-1302500.0,1500,-65.02132983882031,False,False,14.658976185671406
-762500.0,-1302500.0,1500,-66.83571707765246,False,False,14.551085626927136
-757500.0,-1302500.0,1500,-71.41671837126351,False,False,14.34798827419796
-752500.0,-1302500.0,1500,-69.41929814389918,False,False,14.088418471259306
-747500.0,-1302500.0,1500,-58.63710648756296,False,False,13.89101883335164
-742500.0,-1302500.0,1500,-50.88817226850912,False,False,13.882339790220087
-737500.0,-1302500.0,1500,-51.082300834201874,False,False,14.03905284145072
-732500.0,-1302500.0,1500,-55.424378902786216,False,False,14.238095403411405
-727500.0,-1302500.0,1500,-53.31603091756318,False,False,14.394414031951987
-722500.0,-1302500.0,1500,-40.082778787882226,False,False,14.45351558988549
-717500.0,-1302500.0,1500,-22.507268237454785,False,False,14.32759197550131
-712500.0,-1302500.0,1500,-8.873232820584663,False,False,13.817128772736718
-707500.0,-1302500.0,1500,-3.1122009528364596,False,False,12.462757142719287
-702500.0,-1302500.0,1500,-2.8635064777984383,False,False,9.176053746771236
-697500.0,-1302500.0,1500,-2.4458854671167805,False,False,6.312759313970014
-692500.0,-1302500.0,1500,-0.7820923032576448,False,False,7.57708232410118
-687500.0,-1302500.0,1500,0.21758348877109746,False,False,9.947016588790827
-682500.0,-1302500.0,1500,1.6753825046234465,False,False,9.848824213269978
-677500.0,-1302500.0,1500,3.121408581587774,False,False,8.42495913469513
-672500.0,-1302500.0,1500,1.482931797251181,False,False,7.206287200090397
-667500.0,-1302500.0,1500,-4.9757049204591,False,False,6.5323068804711655
-662500.0,-1302500.0,1500,-13.289580633375294,False,False,6.370182681637436
-657500.0,-1302500.0,1500,-19.596810194361765,False,False,6.462432408664462
-652500.0,-1302500.0,1500,-24.130191010960875,False,False,6.455887871754583
-647500.0,-1302500.0,1500,-30.8880625766876,False,False,6.405663610246176
-642500.0,-1302500.0,1500,-39.55804196878101,False,False,6.670644852043106
-637500.0,-1302500.0,1500,-41.40341630571743,False,False,7.631800366736291
-632500.0,-1302500.0,1500,-33.753062450129434,False,False,8.907166152229575
-627500.0,-1302500.0,1500,-27.360182793522686,False,False,9.957105387668483
-622500.0,-1302500.0,1500,-27.073260979717876,False,False,10.812270188538024
-617500.0,-1302500.0,1500,-28.420703250155068,False,False,11.515242170899265
-612500.0,-1302500.0,1500,-32.003307536029055,False,False,12.077945691913861
-607500.0,-1302500.0,1500,-35.62231279547866,False,False,12.54654039028853
-602500.0,-1302500.0,1500,-33.64596352137787,False,False,12.949795729571102
-597500.0,-1302500.0,1500,-34.07503795971849,False,False,13.308997094195146
-592500.0,-1302500.0,1500,-47.538539225788824,False,False,13.625348046523735
-587500.0,-1302500.0,1500,-62.60296956396293,False,False,13.893058261203059
-582500.0,-1302500.0,1500,-68.20464709592568,False,True,14.117944477238927
-1047500.0,-1297500.0,1500,-42.903965443210176,False,False,15.264140580949363
-1042500.0,-1297500.0,1500,-36.096440075601095,False,False,15.25109562386088
-1037500.0,-1297500.0,1500,-36.64452940257258,False,False,15.238321259391967
-1032500.0,-1297500.0,1500,-43.987075118524714,False,False,15.224902689481764
-1027500.0,-1297500.0,1500,-50.100625064637086,False,False,15.209156299344778
-1022500.0,-1297500.0,1500,-54.32556366777465,False,False,15.189861780529853
-1017500.0,-1297500.0,1500,-56.48767592485783,False,False,15.166462109323684
-1012500.0,-1297500.0,1500,-56.922501448142334,False,False,15.140008847460653
-1007500.0,-1297500.0,1500,-56.192341828536904,False,False,15.11375152766748
-1002500.0,-1297500.0,1500,-55.19309795334875,False,False,15.090608887618055
-997500.0,-1297500.0,1500,-53.484011709322566,False,False,15.072314889951258
-992500.0,-1297500.0,1500,-49.48185311624353,False,False,15.058120540960456
-987500.0,-1297500.0,1500,-44.64983844866427,False,False,15.044723837233224
-982500.0,-1297500.0,1500,-40.96230705502024,False,False,15.027365391994415
-977500.0,-1297500.0,1500,-41.67308713000058,False,False,15.001926384751368
-972500.0,-1297500.0,1500,-46.799946648100665,False,False,14.96674482664951
-967500.0,-1297500.0,1500,-52.209219483311855,False,False,14.919843846717358
-962500.0,-1297500.0,1500,-56.70013388066459,False,False,14.858271687395678
-957500.0,-1297500.0,1500,-60.61392180217022,False,True,14.77937847597703
-952500.0,-1297500.0,1500,-64.23834632933848,False,True,14.67467238034244
-947500.0,-1297500.0,1500,-66.6343111268135,False,True,14.529259551735002
-942500.0,-1297500.0,1500,-68.82146462887115,False,True,14.328946278051413
-937500.0,-1297500.0,1500,-70.21215982635049,False,True,14.048849664213625
-932500.0,-1297500.0,1500,-68.25535817713316,False,True,13.607115671740129
-927500.0,-1297500.0,1500,-65.97712188043988,True,True,12.967775757512506
-922500.0,-1297500.0,1500,-66.99994058653824,True,True,12.105534279343075
-917500.0,-1297500.0,1500,-70.1614180053571,True,True,10.873182402259156
-912500.0,-1297500.0,1500,-73.81321245051723,True,True,9.05164002724135
-907500.0,-1297500.0,1500,-72.32572372071296,True,True,7.003748485013144
-902500.0,-1297500.0,1500,-61.413881329188726,True,True,5.960821304544048
-897500.0,-1297500.0,1500,-46.80780906162978,True,True,5.707734215007936
-892500.0,-1297500.0,1500,-28.119965347868888,False,True,5.299808713605154
-887500.0,-1297500.0,1500,-14.640612409681317,False,True,5.31331873865069
-882500.0,-1297500.0,1500,-24.732306861731065,False,True,5.722446516026247
-877500.0,-1297500.0,1500,-47.009637540586866,True,True,5.704389835388878
-872500.0,-1297500.0,1500,-63.18549492695831,True,True,5.50020089809702
-867500.0,-1297500.0,1500,-66.42398761025026,True,True,5.588092101531828
-862500.0,-1297500.0,1500,-60.8490589144995,True,True,5.660669053169363
-857500.0,-1297500.0,1500,-57.79582999699395,True,True,5.45512436794985
-852500.0,-1297500.0,1500,-55.59305021317281,True,True,5.4894601204898
-847500.0,-1297500.0,1500,-51.25189114519913,True,True,5.80102932891301
-842500.0,-1297500.0,1500,-56.25719173459165,True,True,5.799271912973638
-837500.0,-1297500.0,1500,-73.45209404976642,True,True,5.443092334093032
-832500.0,-1297500.0,1500,-85.37822481202554,True,True,5.4334759515893
-827500.0,-1297500.0,1500,-84.52899152042423,True,True,5.666875728871056
-822500.0,-1297500.0,1500,-77.61096326418652,True,True,5.60041817130686
-817500.0,-1297500.0,1500,-68.79957009577369,True,True,5.475107994485029
-812500.0,-1297500.0,1500,-63.7807394109943,True,True,5.655857278604067
-807500.0,-1297500.0,1500,-64.01286928743181,True,True,5.865488288005695
-802500.0,-1297500.0,1500,-58.41345261041911,False,True,7.127646382748702
-797500.0,-1297500.0,1500,-49.44321583797297,False,True,9.59399394295003
-792500.0,-1297500.0,1500,-47.39850412013503,False,True,11.698565028515166
-787500.0,-1297500.0,1500,-51.2400462698243,False,True,13.191314444077497
-782500.0,-1297500.0,1500,-60.18040440461604,False,True,14.037623952136315
-777500.0,-1297500.0,1500,-69.44797186368959,False,True,14.427079513136224
-772500.0,-1297500.0,1500,-70.82672529105318,False,True,14.556060244449856
-767500.0,-1297500.0,1500,-67.6780578946656,False,True,14.511342287092788
-762500.0,-1297500.0,1500,-66.32514509747593,False,False,14.289494239437646
-757500.0,-1297500.0,1500,-65.03964097149131,False,False,13.845810114596121
-752500.0,-1297500.0,1500,-59.04212916327597,False,False,13.173542764728957
-747500.0,-1297500.0,1500,-51.6001291347719,False,True,12.587298144055996
-742500.0,-1297500.0,1500,-50.419478957338434,False,True,12.544248122786215
-737500.0,-1297500.0,1500,-53.468356571852496,False,True,12.969013214759984
-732500.0,-1297500.0,1500,-60.28136740218155,False,True,13.458302174856076
-727500.0,-1297500.0,1500,-62.84756132715473,False,True,13.826504293144314
-722500.0,-1297500.0,1500,-54.10239239600734,False,False,14.039888210831364
-717500.0,-1297500.0,1500,-39.63652477432537,False,False,14.041341584076566
-712500.0,-1297500.0,1500,-23.879926873880517,False,False,13.676577685033767
-707500.0,-1297500.0,1500,-13.227594091831467,False,False,12.565299109388961
-702500.0,-1297500.0,1500,-9.847774599464627,False,False,10.078148491969065
-697500.0,-1297500.0,1500,-8.491579324152738,False,False,9.114840743927033
-692500.0,-1297500.0,1500,-6.858006847804219,False,False,10.61680689609994
-687500.0,-1297500.0,1500,-5.6881488121507235,False,False,11.185793538576998
-682500.0,-1297500.0,1500,-4.18985909978867,False,False,9.295380639861438
-677500.0,-1297500.0,1500,-3.479195938031231,False,False,6.969843841424935
-672500.0,-1297500.0,1500,-6.473976483270324,False,False,6.321412270924596
-667500.0,-1297500.0,1500,-15.784750177498509,False,False,6.603566727643805
-662500.0,-1297500.0,1500,-25.181173535667565,False,False,7.428521660629444
-657500.0,-1297500.0,1500,-29.954914478610164,False,False,8.576966122989464
-652500.0,-1297500.0,1500,-34.73689513445216,False,False,9.65741984717484
-647500.0,-1297500.0,1500,-41.221733914149844,False,False,10.545191661866214
-642500.0,-1297500.0,1500,-49.31615595116,False,False,11.282480448390775
-637500.0,-1297500.0,1500,-51.002799784014805,False,False,11.89155090167117
-632500.0,-1297500.0,1500,-40.121803262011966,False,False,12.397750236923205
-627500.0,-1297500.0,1500,-31.935529225660602,False,False,12.814140097192027
-622500.0,-1297500.0,1500,-33.053329179498995,False,False,13.168494195302975
-617500.0,-1297500.0,1500,-35.97640514545374,False,False,13.479093815305882
-612500.0,-1297500.0,1500,-39.63762793390009,False,False,13.748823439605237
-607500.0,-1297500.0,1500,-43.47674462282294,False,False,13.979383812441041
-602500.0,-1297500.0,1500,-43.2626707645955,False,False,14.17508396266787
-597500.0,-1297500.0,1500,-41.42189387090575,False,False,14.343074123007193
-592500.0,-1297500.0,1500,-49.77564998777079,False,True,14.488908981047135
-587500.0,-1297500.0,1500,-62.215039452954976,False,True,14.616689440341013
-582500.0,-1297500.0,1500,-67.19561767611879,False,True,14.72968546848017
-1047500.0,-1292500.0,1500,-59.053466331569204,False,False,15.225153665582752
-1042500.0,-1292500.0,1500,-61.18874666848997,False,False,15.212816577990074
-1037500.0,-1292500.0,1500,-63.1849787622048,False,False,15.200357511076612
-1032500.0,-1292500.0,1500,-64.80997673063275,False,False,15.185566092523281
-1027500.0,-1292500.0,1500,-64.27763758303942,False,False,15.166217643099294
-1022500.0,-1292500.0,1500,-63.336208091966725,False,False,15.139762713577552
-1017500.0,-1292500.0,1500,-63.25757481232946,False,False,15.105807360189074
-1012500.0,-1292500.0,1500,-62.66538247316401,False,False,15.066035118550499
-1007500.0,-1292500.0,1500,-61.061966871123616,False,False,15.025367373600636
-1002500.0,-1292500.0,1500,-59.65345299115442,False,False,14.993393575555094
-997500.0,-1292500.0,1500,-58.20399538392653,False,False,14.975785782890863
-992500.0,-1292500.0,1500,-55.40311906472159,False,False,14.96987570113496
-987500.0,-1292500.0,1500,-52.20110048705515,False,False,14.966085306030548
-982500.0,-1292500.0,1500,-49.02602246980959,False,False,14.952187494535377
-977500.0,-1292500.0,1500,-47.77690550606795,False,False,14.919493032907148
-972500.0,-1292500.0,1500,-50.9491305763914,False,False,14.864105229423885
-967500.0,-1292500.0,1500,-56.176849266121486,False,False,14.784790422483226
-962500.0,-1292500.0,1500,-60.933195737806656,False,True,14.676302097654641
-957500.0,-1292500.0,1500,-65.18624550588179,False,True,14.526450066443969
-952500.0,-1292500.0,1500,-69.00993795469311,False,True,14.322202880129943
-947500.0,-1292500.0,1500,-71.45883646751032,False,True,14.03924622173356
-942500.0,-1292500.0,1500,-72.65329724076273,False,True,13.61406058604157
-937500.0,-1292500.0,1500,-72.50757639609164,False,True,13.000432265193895
-932500.0,-1292500.0,1500,-70.47959706103057,True,True,12.138642496831093
-927500.0,-1292500.0,1500,-67.81517980570048,True,True,10.88821311484773
-922500.0,-1292500.0,1500,-67.41515748705406,True,True,9.061603907127637
-917500.0,-1292500.0,1500,-70.91815794598428,True,True,7.013224858893012
-912500.0,-1292500.0,1500,-76.80396825838595,True,True,5.867907079346914
-907500.0,-1292500.0,1500,-76.22780308977705,True,True,5.552019138717826
-902500.0,-1292500.0,1500,-64.84398686892936,True,True,5.704376796247367
-897500.0,-1292500.0,1500,-51.24662284457178,True,True,5.821933329060603
-892500.0,-1292500.0,1500,-34.79679732327347,False,True,5.34840931627201
-887500.0,-1292500.0,1500,-24.42115873470989,False,True,5.204266793374428
-882500.0,-1292500.0,1500,-39.70568961993555,False,True,5.5261180789270234
-877500.0,-1292500.0,1500,-65.61490993329441,True,True,5.558491527038154
-872500.0,-1292500.0,1500,-79.36674946705713,True,True,5.458975942509728
-867500.0,-1292500.0,1500,-78.49102260032006,True,True,5.663268295513736
-862500.0,-1292500.0,1500,-71.78086122345147,True,True,5.824055409534753
-857500.0,-1292500.0,1500,-65.24352663544713,True,True,5.562957630942205
-852500.0,-1292500.0,1500,-58.0845941059824,True,True,5.437138072093466
-847500.0,-1292500.0,1500,-58.039947438264484,True,True,5.6570127597876665
-842500.0,-1292500.0,1500,-71.37611461158774,True,True,5.674908548033351
-837500.0,-1292500.0,1500,-89.22203872645295,True,True,5.401759904266906
-832500.0,-1292500.0,1500,-97.77649676844786,True,True,5.483186464524648
-827500.0,-1292500.0,1500,-96.0425610982864,True,True,5.793685018769764
-822500.0,-1292500.0,1500,-85.16395078747925,True,True,5.71884477085693
-817500.0,-1292500.0,1500,-70.13570845536931,True,True,5.523992894101669
-812500.0,-1292500.0,1500,-66.85310904858008,True,True,5.555592794314699
-807500.0,-1292500.0,1500,-71.72017796935049,True,True,5.638065887929759
-802500.0,-1292500.0,1500,-62.821331328262644,True,True,6.906970694908676
-797500.0,-1292500.0,1500,-45.88674396368643,False,True,9.038104582942204
-792500.0,-1292500.0,1500,-41.996165681662376,False,True,10.965669544565595
-787500.0,-1292500.0,1500,-46.65786492451648,False,True,12.805452500321348
-782500.0,-1292500.0,1500,-59.332439073029924,False,True,13.86993388917386
-777500.0,-1292500.0,1500,-71.83322095896901,False,True,14.31895046337963
-772500.0,-1292500.0,1500,-70.98662588600808,False,True,14.44192445257777
-767500.0,-1292500.0,1500,-65.17332988742659,False,True,14.32770931369075
-762500.0,-1292500.0,1500,-58.92849473099362,False,False,13.939108406801306
-757500.0,-1292500.0,1500,-52.39396086614749,False,True,13.094098806735099
-752500.0,-1292500.0,1500,-46.331272152104084,False,True,11.615497394836115
-747500.0,-1292500.0,1500,-43.49679164265792,False,True,10.035699646377294
-742500.0,-1292500.0,1500,-46.81920764461378,False,True,9.886188121454392
-737500.0,-1292500.0,1500,-51.32452868309741,False,True,10.952087843163557
-732500.0,-1292500.0,1500,-61.62728248971161,False,True,11.93451694896397
-727500.0,-1292500.0,1500,-69.26155003784741,False,True,12.70419693216997
-722500.0,-1292500.0,1500,-62.111662047491585,False,True,13.242828529886243
-717500.0,-1292500.0,1500,-50.83071253412854,False,True,13.522828577413406
-712500.0,-1292500.0,1500,-38.60259459021498,False,False,13.508469166025932
-707500.0,-1292500.0,1500,-27.564538172090277,False,False,13.08238663285795
-702500.0,-1292500.0,1500,-21.06471653981977,False,False,12.413256054111903
-697500.0,-1292500.0,1500,-17.436380843886646,False,False,12.196573233326973
-692500.0,-1292500.0,1500,-15.020072704674464,False,False,12.496907018779785
-687500.0,-1292500.0,1500,-12.940945130470656,False,False,12.314776904099054
-682500.0,-1292500.0,1500,-11.315589584785092,False,False,10.83786346401804
-677500.0,-1292500.0,1500,-11.812784038752646,False,False,9.756706364082874
-672500.0,-1292500.0,1500,-16.647573299399635,False,False,10.224004604637347
-667500.0,-1292500.0,1500,-28.19943992022338,False,False,11.040654448469272
-662500.0,-1292500.0,1500,-37.399702738711945,False,False,11.7064929828085
-657500.0,-1292500.0,1500,-39.96273618024245,False,False,12.225662661305119
-652500.0,-1292500.0,1500,-43.10408866265669,False,False,12.651190446882874
-647500.0,-1292500.0,1500,-50.24524104668867,False,False,13.013375563978151
-642500.0,-1292500.0,1500,-60.448882630351775,False,False,13.3306800476488
-637500.0,-1292500.0,1500,-58.21185958940557,False,False,13.60990969284212
-632500.0,-1292500.0,1500,-43.75968555759775,False,False,13.849141474896197
-627500.0,-1292500.0,1500,-38.01382379101945,False,False,14.04692681431155
-622500.0,-1292500.0,1500,-41.25719427532305,False,False,14.210137324254802
-617500.0,-1292500.0,1500,-44.53448621724293,False,False,14.350220100139326
-612500.0,-1292500.0,1500,-45.98193703777069,False,False,14.474152448727239
-607500.0,-1292500.0,1500,-47.5419339731454,False,False,14.585826418135987
-602500.0,-1292500.0,1500,-49.01321497920074,False,True,14.687468572635398
-597500.0,-1292500.0,1500,-49.45196843154552,False,True,14.779872173277628
-592500.0,-1292500.0,1500,-54.01942456539476,False,True,14.862641003215685
-587500.0,-1292500.0,1500,-61.418017562396216,False,True,14.900910582699495
-582500.0,-1292500.0,1500,-65.93109893971808,False,True,14.965475423329966
-1047500.0,-1287500.0,1500,-67.4716902445055,False,False,15.185013106915022
-1042500.0,-1287500.0,1500,-70.34956713348188,False,False,15.173381029868962
-1037500.0,-1287500.0,1500,-71.51956445741897,False,False,15.160107407063206
-1032500.0,-1287500.0,1500,-71.43415215701886,False,False,15.141366439093735
-1027500.0,-1287500.0,1500,-70.20315353658364,False,False,15.112663077037766
-1022500.0,-1287500.0,1500,-68.70458328555286,False,False,15.071248894553896
-1017500.0,-1287500.0,1500,-67.79363660280418,False,False,15.014427843511431
-1012500.0,-1287500.0,1500,-66.63348454684676,False,False,14.944735079798345
-1007500.0,-1287500.0,1500,-64.41106061823277,False,False,14.871320013756158
-1002500.0,-1287500.0,1500,-62.67441291215583,False,False,14.812297767240027
-997500.0,-1287500.0,1500,-61.243642478427475,False,False,14.791052812746159
-992500.0,-1287500.0,1500,-59.53056773077476,False,False,14.805347917355073
-987500.0,-1287500.0,1500,-58.51041452919807,False,False,14.823002479312047
-982500.0,-1287500.0,1500,-56.903471175919734,False,False,14.815011889844675
-977500.0,-1287500.0,1500,-55.53793465336115,False,False,14.76846438838898
-972500.0,-1287500.0,1500,-56.81743551274846,False,False,14.67612409145179
-967500.0,-1287500.0,1500,-60.49772705576731,False,True,14.530660575987898
-962500.0,-1287500.0,1500,-64.87191463743774,False,True,14.324520736201482
-957500.0,-1287500.0,1500,-69.11911908258884,False,True,14.037334988601359
-952500.0,-1287500.0,1500,-73.27797180860112,False,True,13.619188044571718
-947500.0,-1287500.0,1500,-75.59773103033359,False,True,12.999429755880941
-942500.0,-1287500.0,1500,-76.30245890090877,True,True,12.125111773425404
-937500.0,-1287500.0,1500,-76.10180070064614,True,True,10.891343511773165
-932500.0,-1287500.0,1500,-73.29144330386568,True,True,9.071826670335003
-927500.0,-1287500.0,1500,-68.72882788020283,True,True,6.957509288616764
-922500.0,-1287500.0,1500,-66.43796168213524,True,True,5.836408059766106
-917500.0,-1287500.0,1500,-70.13874858921324,True,True,5.598023034348196
-912500.0,-1287500.0,1500,-76.6420303970833,True,True,5.77141792655569
-907500.0,-1287500.0,1500,-74.74375246909571,True,True,5.819795551310094
-902500.0,-1287500.0,1500,-63.86689195369424,True,True,5.512485585781674
-897500.0,-1287500.0,1500,-53.776670134000256,True,True,5.4872911884242
-892500.0,-1287500.0,1500,-46.64078801707448,True,True,5.412124685738048
-887500.0,-1287500.0,1500,-46.64539719804788,False,True,5.4701131088488175
-882500.0,-1287500.0,1500,-61.87241382458028,True,True,5.726694593361336
-877500.0,-1287500.0,1500,-82.18473601923323,True,True,5.701622941672674
-872500.0,-1287500.0,1500,-90.29304654623891,True,True,5.477593343736496
-867500.0,-1287500.0,1500,-86.32595210400653,True,True,5.49968837278184
-862500.0,-1287500.0,1500,-79.23326794203162,True,True,5.645589247655549
-857500.0,-1287500.0,1500,-69.72803747897838,True,True,5.47793887699132
-852500.0,-1287500.0,1500,-61.039470616325566,True,True,5.452994077789099
-847500.0,-1287500.0,1500,-65.0406776577454,True,True,5.764882138481742
-842500.0,-1287500.0,1500,-81.32374256496155,True,True,5.826556746010252
-837500.0,-1287500.0,1500,-95.50658440204892,True,True,5.562860843356008
-832500.0,-1287500.0,1500,-100.11357820012825,True,True,5.469085807716103
-827500.0,-1287500.0,1500,-98.61198877858622,True,True,5.614416766453275
-822500.0,-1287500.0,1500,-86.52948280446012,True,True,5.589899648745128
-817500.0,-1287500.0,1500,-71.46564224138112,True,True,5.470178817913876
-812500.0,-1287500.0,1500,-76.92073607554697,True,True,5.602110594505962
-807500.0,-1287500.0,1500,-82.39809655576386,True,True,5.81390826877669
-802500.0,-1287500.0,1500,-64.07571924214137,True,True,5.8756162471201066
-797500.0,-1287500.0,1500,-41.03253518611292,False,True,6.385596792803408
-792500.0,-1287500.0,1500,-35.56719516433712,False,True,8.927301142280779
-787500.0,-1287500.0,1500,-43.59943237451085,False,True,12.139215882580867
-782500.0,-1287500.0,1500,-58.06764763694847,True,True,13.688620141893669
-777500.0,-1287500.0,1500,-68.79614090246659,False,True,14.217931642099048
-772500.0,-1287500.0,1500,-65.994570922974,False,True,14.321454527862342
-767500.0,-1287500.0,1500,-56.52593781661987,False,True,13.981872259186447
-762500.0,-1287500.0,1500,-47.36681157069677,False,True,13.240069921869207
-757500.0,-1287500.0,1500,-40.91477312660123,False,True,11.942793151791138
-752500.0,-1287500.0,1500,-37.37768334642083,False,True,9.658774436337714
-747500.0,-1287500.0,1500,-40.17845112635834,False,True,7.260452870790964
-742500.0,-1287500.0,1500,-46.60440162750508,False,True,6.796202412924829
-737500.0,-1287500.0,1500,-51.49327775648486,False,True,7.94226262012994
-732500.0,-1287500.0,1500,-62.4820052913628,False,True,9.29616231964246
-727500.0,-1287500.0,1500,-70.25056448404453,False,True,10.647146728888133
-722500.0,-1287500.0,1500,-63.31910957984369,False,True,11.680621387843303
-717500.0,-1287500.0,1500,-54.339205001429235,False,True,12.381488933236113
-712500.0,-1287500.0,1500,-46.47872475843214,False,True,12.853979577394416
-707500.0,-1287500.0,1500,-39.182090666561,False,False,13.08562697527561
-702500.0,-1287500.0,1500,-33.54746144368094,False,False,13.142461187517807
-697500.0,-1287500.0,1500,-29.75727368337531,False,False,13.231224496947005
-692500.0,-1287500.0,1500,-26.25293355395194,False,False,13.371637905031651
-687500.0,-1287500.0,1500,-23.029512476116235,False,False,13.267636587004457
-682500.0,-1287500.0,1500,-21.64070950898624,False,False,12.882428050212884
-677500.0,-1287500.0,1500,-22.61615473179347,False,False,12.654115070713253
-672500.0,-1287500.0,1500,-28.34606398142851,False,False,12.814776866320427
-667500.0,-1287500.0,1500,-39.50442738049208,False,False,13.141007980916154
-662500.0,-1287500.0,1500,-47.611071820579774,False,False,13.447508720261425
-657500.0,-1287500.0,1500,-49.69592248713173,False,False,13.704841954491586
-652500.0,-1287500.0,1500,-50.80219674502863,False,False,13.914294531829599
-647500.0,-1287500.0,1500,-57.866937003662265,False,False,14.085496881618235
-642500.0,-1287500.0,1500,-69.91503972251905,False,False,14.228468108398765
-637500.0,-1287500.0,1500,-63.03655044172447,False,False,14.351304958035826
-632500.0,-1287500.0,1500,-46.97069688709922,False,False,14.458414054198888
-627500.0,-1287500.0,1500,-45.12256861726947,False,False,14.552962489084798
-622500.0,-1287500.0,1500,-47.561931570701915,False,False,14.63646001101918
-617500.0,-1287500.0,1500,-49.60330290538959,False,False,14.710535999725083
-612500.0,-1287500.0,1500,-49.83499393988285,False,True,14.77757883700354
-607500.0,-1287500.0,1500,-49.56447634838187,False,True,14.839245404489942
-602500.0,-1287500.0,1500,-51.97152937194029,False,True,14.89695582398612
-597500.0,-1287500.0,1500,-54.71520606458646,False,True,14.951738775223939
-592500.0,-1287500.0,1500,-58.44813279719962,False,True,15.003547655269866
-587500.0,-1287500.0,1500,-63.634748370015984,False,True,14.98040707732953
-582500.0,-1287500.0,1500,-66.014787844488,False,True,15.023979158296251
-1047500.0,-1282500.0,1500,-71.97589343932869,False,False,15.145249588331396
-1042500.0,-1282500.0,1500,-72.84361465606683,False,False,15.133686021620838
-1037500.0,-1282500.0,1500,-73.11494152099186,False,False,15.116979360224843
-1032500.0,-1282500.0,1500,-73.85531970403372,False,False,15.089146238104473
-1027500.0,-1282500.0,1500,-73.28265061511397,False,False,15.042863474876565
-1022500.0,-1282500.0,1500,-71.57749087340653,False,False,14.970691567647181
-1017500.0,-1282500.0,1500,-70.45521380461736,False,False,14.868870422515032
-1012500.0,-1282500.0,1500,-68.70064732297877,False,False,14.730425513334337
-1007500.0,-1282500.0,1500,-66.07621483195597,False,False,14.566873817195493
-1002500.0,-1282500.0,1500,-64.38555583842775,False,False,14.434202342700782
-997500.0,-1282500.0,1500,-63.23873602359614,False,False,14.403264654535212
-992500.0,-1282500.0,1500,-62.43360721922509,False,False,14.471987449866685
-987500.0,-1282500.0,1500,-63.36521513199899,False,False,14.554671525935092
-982500.0,-1282500.0,1500,-63.892425806787884,False,False,14.570400908096811
-977500.0,-1282500.0,1500,-63.755835653148765,False,True,14.48949419793136
-972500.0,-1282500.0,1500,-64.62586003106222,False,True,14.314452023302248
-967500.0,-1282500.0,1500,-66.2201430490748,False,True,14.037181415242271
-962500.0,-1282500.0,1500,-69.0257533154184,False,True,13.618999441176861
-957500.0,-1282500.0,1500,-72.80412040345959,False,True,12.993741191872413
-952500.0,-1282500.0,1500,-76.81765337206438,False,True,12.124460017634203
-947500.0,-1282500.0,1500,-79.30127288467794,True,True,10.872741584014324
-942500.0,-1282500.0,1500,-79.60714007501247,True,True,9.013326877498256
-937500.0,-1282500.0,1500,-78.77148703139403,True,True,6.953915672199848
-932500.0,-1282500.0,1500,-75.51285997176065,True,True,5.871486979282548
-927500.0,-1282500.0,1500,-69.85797806596062,True,True,5.57532104338814
-922500.0,-1282500.0,1500,-66.40434173809784,True,True,5.782141584958134
-917500.0,-1282500.0,1500,-70.47235035029091,True,True,5.858435860597829
-912500.0,-1282500.0,1500,-78.415090477656,True,True,5.50245971447873
-907500.0,-1282500.0,1500,-77.34079262572668,True,True,5.39009398107706
-902500.0,-1282500.0,1500,-67.21684097514219,True,True,5.564710981708424
-897500.0,-1282500.0,1500,-57.475134084329795,True,True,5.807827205134661
-892500.0,-1282500.0,1500,-55.381615969331676,True,True,5.589801659371047
-887500.0,-1282500.0,1500,-64.69222248152793,True,True,5.3642033575263595
-882500.0,-1282500.0,1500,-80.65450024593109,True,True,5.483825831248396
-877500.0,-1282500.0,1500,-92.59829588952745,True,True,5.511519487164414
-872500.0,-1282500.0,1500,-92.31279525770789,True,True,5.047898421989528
-867500.0,-1282500.0,1500,-83.78396782568483,True,True,4.925894166469989
-862500.0,-1282500.0,1500,-76.49425598042923,True,True,5.484607857797144
-857500.0,-1282500.0,1500,-69.21600856102141,True,True,5.623501865489736
-852500.0,-1282500.0,1500,-64.07229950598249,True,True,5.45977949402221
-847500.0,-1282500.0,1500,-72.03262740479961,True,True,5.5798294340420815
-842500.0,-1282500.0,1500,-89.2830569522388,True,True,5.646161690973235
-837500.0,-1282500.0,1500,-99.10287686902925,True,True,5.47569273288495
-832500.0,-1282500.0,1500,-94.14714013656743,True,True,5.497431768367389
-827500.0,-1282500.0,1500,-84.31161408725478,True,True,5.764297059647628
-822500.0,-1282500.0,1500,-73.24344769491425,True,True,5.757841904435815
-817500.0,-1282500.0,1500,-66.60837995208801,True,True,5.4881226745154095
-812500.0,-1282500.0,1500,-81.2885579811529,True,True,5.482794630931226
-807500.0,-1282500.0,1500,-85.05297128187472,True,True,5.7687614474419835
-802500.0,-1282500.0,1500,-63.80429198009223,False,True,5.980157679820956
-797500.0,-1282500.0,1500,-46.81673568978252,False,True,6.6667139920182805
-792500.0,-1282500.0,1500,-37.10398382739069,False,True,9.033671208227592
-787500.0,-1282500.0,1500,-40.63136876490219,False,True,11.902235579293524
-782500.0,-1282500.0,1500,-51.643577282183976,False,True,13.420632680244587
-777500.0,-1282500.0,1500,-54.30257778331472,False,True,13.836110964443218
-772500.0,-1282500.0,1500,-50.667852677676315,False,True,13.797665521834226
-767500.0,-1282500.0,1500,-44.82469506168379,False,True,13.324378196253694
-762500.0,-1282500.0,1500,-39.533014008543915,False,True,12.293654378219639
-757500.0,-1282500.0,1500,-32.479520779196996,False,True,10.560316665947699
-752500.0,-1282500.0,1500,-28.813219426062567,False,True,7.801668177815139
-747500.0,-1282500.0,1500,-40.96049251389264,False,True,5.714168741146916
-742500.0,-1282500.0,1500,-57.89214705899123,False,True,5.357253719012551
-737500.0,-1282500.0,1500,-65.24839081421526,False,True,5.76876034781747
-732500.0,-1282500.0,1500,-69.09410452147921,False,True,6.602402719543727
-727500.0,-1282500.0,1500,-67.6967224581654,False,True,7.7368028837408875
-722500.0,-1282500.0,1500,-59.278874446358955,False,True,8.950852376299906
-717500.0,-1282500.0,1500,-53.35007066852124,False,True,10.146226535420045
-712500.0,-1282500.0,1500,-49.71687114793544,False,True,11.249057066525374
-707500.0,-1282500.0,1500,-45.62473587808177,False,False,12.08951720045636
-702500.0,-1282500.0,1500,-41.55292668063822,False,False,12.677353391195785
-697500.0,-1282500.0,1500,-38.46156822803587,False,False,13.099234514764783
-692500.0,-1282500.0,1500,-35.14502832711947,False,False,13.40103463187376
-687500.0,-1282500.0,1500,-32.80556823178394,False,False,13.564676089749314
-682500.0,-1282500.0,1500,-32.777014612135815,False,False,13.614596702359773
-677500.0,-1282500.0,1500,-34.58946080064624,False,False,13.669532605434554
-672500.0,-1282500.0,1500,-40.42715676283379,False,False,13.807735506977387
-667500.0,-1282500.0,1500,-49.60172351842716,False,False,13.981811940730905
-662500.0,-1282500.0,1500,-56.36211219812087,False,False,14.144441600529905
-657500.0,-1282500.0,1500,-58.92326976597523,False,False,14.285090220194466
-652500.0,-1282500.0,1500,-60.10622227800782,False,False,14.40308474463413
-647500.0,-1282500.0,1500,-65.0119807849836,False,False,14.501438708184104
-642500.0,-1282500.0,1500,-73.34311130649928,False,False,14.583493408423237
-637500.0,-1282500.0,1500,-68.23129957195974,False,False,14.651233997115641
-632500.0,-1282500.0,1500,-56.37865204490064,False,False,14.70746344588655
-627500.0,-1282500.0,1500,-53.76634189750468,False,False,14.756089430269972
-622500.0,-1282500.0,1500,-53.20371658510459,False,False,14.799973789571744
-617500.0,-1282500.0,1500,-53.50830063991498,False,True,14.840730882544573
-612500.0,-1282500.0,1500,-52.69409579336462,False,True,14.880222095542326
-607500.0,-1282500.0,1500,-51.60787530025512,False,True,14.919111548990122
-602500.0,-1282500.0,1500,-54.80248636058217,False,True,14.957051506007831
-597500.0,-1282500.0,1500,-58.799639937968344,False,True,14.994254306531012
-592500.0,-1282500.0,1500,-62.461917134889106,False,True,15.030619199386166
-587500.0,-1282500.0,1500,-66.93982348720809,False,True,14.99244736078002
-582500.0,-1282500.0,1500,-67.56720363249869,True,True,14.952868907575075
-1047500.0,-1277500.0,1500,-72.19856337047786,False,False,15.107080221023867
-1042500.0,-1277500.0,1500,-73.08728228320491,False,False,15.093946894014636
-1037500.0,-1277500.0,1500,-73.4020666046158,False,False,15.069810083134625
-1032500.0,-1277500.0,1500,-74.32694753151213,False,False,15.024209434805835
-1027500.0,-1277500.0,1500,-73.88837159479695,False,False,14.94575747175717
-1022500.0,-1277500.0,1500,-72.3490383399284,False,False,14.820103137232467
-1017500.0,-1277500.0,1500,-71.17146679614079,False,False,14.631467172139224
-1012500.0,-1277500.0,1500,-68.97603002860046,False,False,14.357123194979955
-1007500.0,-1277500.0,1500,-65.70817706207133,False,False,13.956841254590973
-1002500.0,-1277500.0,1500,-63.52529532663429,False,False,13.553820109795806
-997500.0,-1277500.0,1500,-62.73515331633798,False,False,13.48600049582979
-992500.0,-1277500.0,1500,-63.36266032856512,False,False,13.780959268436254
-987500.0,-1277500.0,1500,-66.16250241667159,False,False,14.066563680928967
-982500.0,-1277500.0,1500,-68.80408102824666,False,True,14.126995985920159
-977500.0,-1277500.0,1500,-69.77907023918955,False,True,13.967940594926002
-972500.0,-1277500.0,1500,-70.3391404812041,False,True,13.597637808452383
-967500.0,-1277500.0,1500,-70.8367853037166,False,True,13.003507373090526
-962500.0,-1277500.0,1500,-71.6746723142715,False,True,12.122892241248918
-957500.0,-1277500.0,1500,-74.83341823435732,False,True,10.85008450560014
-952500.0,-1277500.0,1500,-80.00474922992431,True,True,8.99662343205602
-947500.0,-1277500.0,1500,-81.84400151902919,True,True,6.956534302909928
-942500.0,-1277500.0,1500,-79.62046099841744,True,True,5.8628440089811695
-937500.0,-1277500.0,1500,-77.50146593825764,True,True,5.561634234715393
-932500.0,-1277500.0,1500,-74.48305591010762,True,True,5.781003123560936
-927500.0,-1277500.0,1500,-69.40141033089071,True,True,5.883172106546373
-922500.0,-1277500.0,1500,-66.12133269655087,True,True,5.565725740636753
-917500.0,-1277500.0,1500,-71.10935397648512,True,True,5.420219994023892
-912500.0,-1277500.0,1500,-82.03154017060784,True,True,5.565822804692344
-907500.0,-1277500.0,1500,-85.08249352686202,True,True,5.794319173771007
-902500.0,-1277500.0,1500,-76.1860556732306,True,True,5.6163218189161705
-897500.0,-1277500.0,1500,-64.3895541118772,True,True,5.487495896897621
-892500.0,-1277500.0,1500,-62.680553648743384,True,True,5.439324946372513
-887500.0,-1277500.0,1500,-74.67383086609583,True,True,5.404053145684376
-882500.0,-1277500.0,1500,-88.75851047045832,True,True,5.60632405887227
-877500.0,-1277500.0,1500,-93.91231262891667,True,True,5.62357921926755
-872500.0,-1277500.0,1500,-87.78714095710946,True,True,5.013110022526294
-867500.0,-1277500.0,1500,-76.97314603410695,True,True,4.569125896119647
-862500.0,-1277500.0,1500,-71.25639299716353,True,True,4.749981479311886
-857500.0,-1277500.0,1500,-69.83565271378995,False,True,4.720955694866381
-852500.0,-1277500.0,1500,-69.15685030226258,True,True,4.831403694273522
-847500.0,-1277500.0,1500,-77.44478002227626,True,True,5.437733594564336
-842500.0,-1277500.0,1500,-95.66181143695023,True,True,5.753007606013756
-837500.0,-1277500.0,1500,-106.1076609193042,True,True,5.5708851579991485
-832500.0,-1277500.0,1500,-92.7301879406871,True,True,5.438475862317553
-827500.0,-1277500.0,1500,-69.35187151901569,True,True,5.554385046952385
-822500.0,-1277500.0,1500,-58.92412481429018,False,True,5.512748237216501
-817500.0,-1277500.0,1500,-63.32664128640508,False,True,5.355586551849915
-812500.0,-1277500.0,1500,-76.92014791304652,True,True,5.889100317106826
-807500.0,-1277500.0,1500,-76.45704782500492,True,True,7.3431461593886524
-802500.0,-1277500.0,1500,-60.30124173027857,False,True,8.874400347899897
-797500.0,-1277500.0,1500,-51.104906166439804,False,True,10.050560163067614
-792500.0,-1277500.0,1500,-39.49935143842309,False,True,11.060353653046098
-787500.0,-1277500.0,1500,-32.53890710942362,False,True,12.152669376433783
-782500.0,-1277500.0,1500,-37.88570451256003,False,True,13.046021004147963
-777500.0,-1277500.0,1500,-40.81854906408754,False,True,13.337236701595156
-772500.0,-1277500.0,1500,-42.02744142347761,False,True,13.207772982457097
-767500.0,-1277500.0,1500,-41.557292729248836,False,True,12.648637607747443
-762500.0,-1277500.0,1500,-39.11886168189954,False,True,11.437000897112647
-757500.0,-1277500.0,1500,-32.42615869504796,False,True,9.291131775624264
-752500.0,-1277500.0,1500,-32.466176765605674,False,True,6.468873391388691
-747500.0,-1277500.0,1500,-54.985594755673546,True,True,5.083438211746779
-742500.0,-1277500.0,1500,-79.67783142912661,True,True,5.136487128540835
-737500.0,-1277500.0,1500,-84.75494675453476,True,True,5.290481087456379
-732500.0,-1277500.0,1500,-77.78652234322237,True,True,5.605229690451019
-727500.0,-1277500.0,1500,-66.97410240910126,True,True,5.745292274567211
-722500.0,-1277500.0,1500,-56.66792408086174,False,True,6.210868302698984
-717500.0,-1277500.0,1500,-52.53798563842072,False,True,7.192155069387365
-712500.0,-1277500.0,1500,-51.691452015248935,False,True,8.463142526563871
-707500.0,-1277500.0,1500,-49.25920122851381,False,True,9.89237284875853
-702500.0,-1277500.0,1500,-46.18331837518151,False,False,11.02662879262865
-697500.0,-1277500.0,1500,-43.87345273819015,False,False,11.862185635658246
-692500.0,-1277500.0,1500,-41.83321479482396,False,False,12.548181204088625
-687500.0,-1277500.0,1500,-41.06997741913189,False,False,13.069273308337765
-682500.0,-1277500.0,1500,-42.01209039748034,False,False,13.436901007768865
-677500.0,-1277500.0,1500,-44.93970481264017,False,False,13.709107648347914
-672500.0,-1277500.0,1500,-50.62714178755894,False,False,13.937935752027013
-667500.0,-1277500.0,1500,-58.10407486368734,False,False,14.137559933836066
-662500.0,-1277500.0,1500,-64.0971190352024,False,False,14.301933627797402
-657500.0,-1277500.0,1500,-66.31687928859184,False,False,14.432532109740933
-652500.0,-1277500.0,1500,-67.39942206870818,False,False,14.536938410161438
-647500.0,-1277500.0,1500,-70.48059584475074,False,False,14.619642130494476
-642500.0,-1277500.0,1500,-73.59318457524135,False,False,14.683985548475876
-637500.0,-1277500.0,1500,-71.6855498853002,False,False,14.73476804094586
-632500.0,-1277500.0,1500,-66.03756581863124,False,False,14.77552605637532
-627500.0,-1277500.0,1500,-61.06032916572925,False,True,14.80852311246393
-622500.0,-1277500.0,1500,-57.86658590029124,False,True,14.836750377665371
-617500.0,-1277500.0,1500,-56.33865614684089,False,True,14.862885905739063
-612500.0,-1277500.0,1500,-53.7882703244197,False,True,14.888849896118806
-607500.0,-1277500.0,1500,-53.30468941236222,False,True,14.915904232310748
-602500.0,-1277500.0,1500,-57.77381808461724,False,True,14.91771032555755
-597500.0,-1277500.0,1500,-61.90393922883406,False,True,14.946681850204532
-592500.0,-1277500.0,1500,-64.9147432481506,False,True,14.94099741957372
-587500.0,-1277500.0,1500,-70.23064200675702,False,True,14.89986755228149
-582500.0,-1277500.0,1500,-71.74585640588224,False,True,14.825162158702637
-1047500.0,-1272500.0,1500,-69.8666567083925,False,False,15.07044365773043
-1042500.0,-1272500.0,1500,-71.45509698957103,False,False,15.05236871920816
-1037500.0,-1272500.0,1500,-72.15272207533278,False,False,15.015650335243347
-1032500.0,-1272500.0,1500,-73.30482366977976,False,False,14.941443037234269
-1027500.0,-1272500.0,1500,-73.07193764306847,False,False,14.805154718119407
-1022500.0,-1272500.0,1500,-71.41939364204535,False,False,14.577624782321145
-1017500.0,-1272500.0,1500,-69.7675842353587,False,False,14.230901122264125
-1012500.0,-1272500.0,1500,-67.20835155182162,False,False,13.724073672135397
-1007500.0,-1272500.0,1500,-63.27182089356152,False,False,12.872920708884141
-1002500.0,-1272500.0,1500,-60.13517299220906,False,False,11.697025905098782
-997500.0,-1272500.0,1500,-59.72305391733584,False,False,11.488665892436174
-992500.0,-1272500.0,1500,-62.009978176890876,False,False,12.456279458184436
-987500.0,-1272500.0,1500,-66.39583126838865,False,False,13.21423464553063
-982500.0,-1272500.0,1500,-70.43446326123713,False,True,13.321448022262338
-977500.0,-1272500.0,1500,-71.63936321163223,False,True,12.91291327622331
-972500.0,-1272500.0,1500,-71.586230992233,False,True,12.12552269332155
-967500.0,-1272500.0,1500,-72.18898370667,False,True,10.879591328467278
-962500.0,-1272500.0,1500,-73.4397131399066,False,True,8.968986108099962
-957500.0,-1272500.0,1500,-76.65991322238558,False,True,6.929985738761094
-952500.0,-1272500.0,1500,-80.63374960275262,True,True,5.858473960350988
-947500.0,-1272500.0,1500,-78.6940255603304,True,True,5.583185327455552
-942500.0,-1272500.0,1500,-73.16405956297955,True,True,5.81767143641483
-937500.0,-1272500.0,1500,-70.79612797837866,True,True,5.8554922184667815
-932500.0,-1272500.0,1500,-69.69944259709608,True,True,5.514213185407186
-927500.0,-1272500.0,1500,-67.2003775843807,True,True,5.381192685330035
-922500.0,-1272500.0,1500,-66.91631922338279,True,True,5.540736134046336
-917500.0,-1272500.0,1500,-74.52413230317407,False,True,5.837972533168022
-912500.0,-1272500.0,1500,-86.50384968116244,True,True,5.562933253434046
-907500.0,-1272500.0,1500,-90.90652107933504,True,True,5.300790228699871
-902500.0,-1272500.0,1500,-81.37763918519558,True,True,5.466178943668588
-897500.0,-1272500.0,1500,-67.68930513175131,True,True,5.816848716795026
-892500.0,-1272500.0,1500,-66.78093102238333,True,True,5.765055054499896
-887500.0,-1272500.0,1500,-78.82294428892624,True,True,5.448752149190597
-882500.0,-1272500.0,1500,-88.43085864017922,True,True,5.519952480153659
-877500.0,-1272500.0,1500,-86.57423894993734,True,True,5.224521538363874
-872500.0,-1272500.0,1500,-77.301674022375,True,True,4.447050570367148
-867500.0,-1272500.0,1500,-71.10559378929563,True,True,4.099445972919617
-862500.0,-1272500.0,1500,-69.17210014105943,False,True,4.235313113512917
-857500.0,-1272500.0,1500,-71.01172700678252,False,True,4.416213477165453
-852500.0,-1272500.0,1500,-75.13840173571243,False,True,4.753369284294249
-847500.0,-1272500.0,1500,-79.49200056752058,False,True,5.103987069270724
-842500.0,-1272500.0,1500,-93.25888429149654,True,True,5.185539026198793
-837500.0,-1272500.0,1500,-113.00965155170341,True,True,5.149588296542864
-832500.0,-1272500.0,1500,-105.73340310634751,True,True,5.3226038827966216
-827500.0,-1272500.0,1500,-70.19586495350337,False,True,5.5363705364243065
-822500.0,-1272500.0,1500,-54.760221335914395,False,True,5.59159191033987
-817500.0,-1272500.0,1500,-66.70564523430117,False,True,5.509267252357792
-812500.0,-1272500.0,1500,-74.8561820537957,True,True,6.61178538354525
-807500.0,-1272500.0,1500,-69.78441722638318,False,True,9.038592488287339
-802500.0,-1272500.0,1500,-55.68457084279412,False,True,10.731879626645725
-797500.0,-1272500.0,1500,-43.11798537844031,False,True,11.506505438259982
-792500.0,-1272500.0,1500,-33.37808071915686,False,True,11.989919327820717
-787500.0,-1272500.0,1500,-28.19805588178937,False,True,12.44261036272593
-782500.0,-1272500.0,1500,-34.25767048887689,False,True,12.9164851015774
-777500.0,-1272500.0,1500,-43.77743487544471,False,True,13.161364301774913
-772500.0,-1272500.0,1500,-49.76508168811232,False,True,12.98780654444662
-767500.0,-1272500.0,1500,-47.63316536656592,False,True,12.223231160315212
-762500.0,-1272500.0,1500,-45.96296268290459,False,True,10.723496274947705
-757500.0,-1272500.0,1500,-47.33492354508158,False,True,8.19330444327329
-752500.0,-1272500.0,1500,-58.64693840957543,True,True,5.769599256058876
-747500.0,-1272500.0,1500,-84.21226709984992,True,True,4.963545852624718
-742500.0,-1272500.0,1500,-99.58803103509754,True,True,5.024505860043384
-737500.0,-1272500.0,1500,-93.76549965403287,True,True,5.226140586076443
-732500.0,-1272500.0,1500,-80.03074026632203,False,True,5.437202028721559
-727500.0,-1272500.0,1500,-68.09753215879809,False,True,5.225265755035247
-722500.0,-1272500.0,1500,-59.413494010779225,False,True,5.139877089617645
-717500.0,-1272500.0,1500,-56.02643496274223,False,True,5.470998619657605
-712500.0,-1272500.0,1500,-54.91750414643934,False,True,6.099499482961622
-707500.0,-1272500.0,1500,-51.62074746660222,False,True,7.051434496702129
-702500.0,-1272500.0,1500,-48.0598451426381,False,False,8.087241983074868
-697500.0,-1272500.0,1500,-47.24362100947066,False,False,9.304108771286064
-692500.0,-1272500.0,1500,-47.35861095495904,False,False,10.556549942959336
-687500.0,-1272500.0,1500,-47.46474013842154,False,False,11.584018146503777
-682500.0,-1272500.0,1500,-48.90277596496331,False,False,12.378173377816033
-677500.0,-1272500.0,1500,-52.45840361101522,False,False,12.993149278599894
-672500.0,-1272500.0,1500,-58.27308317290335,False,False,13.461907586766756
-667500.0,-1272500.0,1500,-65.96242759110358,False,False,13.811633273082188
-662500.0,-1272500.0,1500,-71.51168796503958,False,False,14.076243287700514
-657500.0,-1272500.0,1500,-72.6496952333759,False,False,14.27946034847031
-652500.0,-1272500.0,1500,-73.26459121365743,False,False,14.432414767511917
-647500.0,-1272500.0,1500,-75.22104334880397,False,False,14.545193191657216
-642500.0,-1272500.0,1500,-76.00153931367595,False,False,14.62901737346641
-637500.0,-1272500.0,1500,-74.98054011562145,False,False,14.691962364221114
-632500.0,-1272500.0,1500,-71.66535668188703,False,True,14.73898650341612
-627500.0,-1272500.0,1500,-65.82172600212829,False,True,14.774647495266871
-622500.0,-1272500.0,1500,-60.878278580632085,False,True,14.803748806443451
-617500.0,-1272500.0,1500,-56.48142646042426,False,True,14.829500448753288
-612500.0,-1272500.0,1500,-47.64897765541404,False,True,14.687888693879792
-607500.0,-1272500.0,1500,-47.92759366636484,False,True,14.669376176312857
-602500.0,-1272500.0,1500,-58.584714189445094,True,True,14.80344486544356
-597500.0,-1272500.0,1500,-63.793415047906194,False,True,14.773213119916392
-592500.0,-1272500.0,1500,-65.32312397820468,False,True,14.63988086871839
-587500.0,-1272500.0,1500,-69.17767484652437,False,True,14.587697704792769
-582500.0,-1272500.0,1500,-70.35908213298185,False,True,14.560228921630385
-1047500.0,-1267500.0,1500,-67.09931848350415,False,False,15.031812138584261
-1042500.0,-1267500.0,1500,-68.92250407456523,False,False,15.004749444705487
-1037500.0,-1267500.0,1500,-69.71403180367138,False,False,14.947721649008404
-1032500.0,-1267500.0,1500,-70.8510041422868,False,False,14.834547671481863
-1027500.0,-1267500.0,1500,-70.74595614207277,False,False,14.607478943213325
-1022500.0,-1267500.0,1500,-68.93707268365908,False,False,14.183271441095929
-1017500.0,-1267500.0,1500,-66.929308216406,False,False,13.482627047645332
-1012500.0,-1267500.0,1500,-63.90028725928463,False,False,12.606220871314997
-1007500.0,-1267500.0,1500,-59.94885932267905,False,False,11.421674831279246
-1002500.0,-1267500.0,1500,-56.482829085955586,False,False,8.800687529764588
-997500.0,-1267500.0,1500,-57.130113995940164,False,False,7.997023606372352
-992500.0,-1267500.0,1500,-61.10494227125341,False,False,10.289019172291217
-987500.0,-1267500.0,1500,-64.69059244181305,False,True,11.796870318586496
-982500.0,-1267500.0,1500,-67.60497665963922,False,True,11.799422316890176
-977500.0,-1267500.0,1500,-67.95432073875645,False,True,10.814875626459381
-972500.0,-1267500.0,1500,-67.74623501197094,False,True,9.008402153216394
-967500.0,-1267500.0,1500,-69.68831013426117,True,True,7.023626423539672
-962500.0,-1267500.0,1500,-73.34397996929009,True,True,5.892487213482246
-957500.0,-1267500.0,1500,-76.49883865229897,True,True,5.548770493107326
-952500.0,-1267500.0,1500,-75.52931491743574,True,True,5.789203414928982
-947500.0,-1267500.0,1500,-69.15945786175007,True,True,5.820534825885234
-942500.0,-1267500.0,1500,-62.17539783729672,True,True,5.4534499554447065
-937500.0,-1267500.0,1500,-60.760072464967635,False,True,5.249941226020245
-932500.0,-1267500.0,1500,-64.8191911864786,False,True,5.41726571221064
-927500.0,-1267500.0,1500,-63.75482649448899,False,True,5.617300697915071
-922500.0,-1267500.0,1500,-65.31052976089033,False,True,5.3977772677509765
-917500.0,-1267500.0,1500,-76.56826023811361,False,True,5.335531596457851
-912500.0,-1267500.0,1500,-86.95678541368854,True,True,5.357194925946373
-907500.0,-1267500.0,1500,-89.52773597101631,True,True,5.609350184613128
-902500.0,-1267500.0,1500,-78.45857881476744,True,True,5.656348750724849
-897500.0,-1267500.0,1500,-64.6308292969992,True,True,5.431034666898565
-892500.0,-1267500.0,1500,-63.765951068491106,True,True,5.385227596233547
-887500.0,-1267500.0,1500,-73.46483612452083,True,True,5.372431088125321
-882500.0,-1267500.0,1500,-79.44467259274033,True,True,5.554318907191129
-877500.0,-1267500.0,1500,-77.56324922352756,True,True,5.208489815430909
-872500.0,-1267500.0,1500,-73.21318865481986,False,True,4.369801149126301
-867500.0,-1267500.0,1500,-71.21302929564526,False,True,3.9844685341031973
-862500.0,-1267500.0,1500,-68.98213680336515,False,True,3.9504766105328604
-857500.0,-1267500.0,1500,-69.33179016619972,False,True,3.8714833838924516
-852500.0,-1267500.0,1500,-76.35792549876447,False,True,3.882608622715613
-847500.0,-1267500.0,1500,-74.23381346517371,False,True,3.996768627408309
-842500.0,-1267500.0,1500,-79.8688149077715,False,True,4.433100196127276
-837500.0,-1267500.0,1500,-113.612560776385,True,True,4.993509052520692
-832500.0,-1267500.0,1500,-122.0373362353175,True,True,5.263109528650914
-827500.0,-1267500.0,1500,-79.5369513297685,False,True,5.304874929899884
-822500.0,-1267500.0,1500,-55.52390902175093,False,True,5.338491383996004
-817500.0,-1267500.0,1500,-68.5755049119509,False,True,5.527346677423817
-812500.0,-1267500.0,1500,-71.74707471017327,False,True,6.88586609967093
-807500.0,-1267500.0,1500,-63.60772072400269,False,True,9.393530578865265
-802500.0,-1267500.0,1500,-52.25698039689345,False,True,11.144144012830395
-797500.0,-1267500.0,1500,-39.6382967277742,False,True,11.871178537901194
-792500.0,-1267500.0,1500,-32.880994642756505,False,True,12.233843429802823
-787500.0,-1267500.0,1500,-34.0546195188023,False,True,12.589277603302858
-782500.0,-1267500.0,1500,-43.870726838704606,False,True,12.963172484509196
-777500.0,-1267500.0,1500,-55.60067974335295,False,True,13.111260761739375
-772500.0,-1267500.0,1500,-60.4748318881374,False,True,12.823650539419162
-767500.0,-1267500.0,1500,-57.95248285670264,False,True,11.876468339529703
-762500.0,-1267500.0,1500,-61.1450195719261,False,True,9.96952542807486
-757500.0,-1267500.0,1500,-74.8558600625557,True,True,7.139172974959381
-752500.0,-1267500.0,1500,-90.63581837475267,True,True,5.373231213964205
-747500.0,-1267500.0,1500,-100.22331171346556,True,True,5.1290332841730555
-742500.0,-1267500.0,1500,-97.86011095883501,True,True,5.110150871798095
-737500.0,-1267500.0,1500,-86.93017245131534,True,True,5.135970025939606
-732500.0,-1267500.0,1500,-76.0037036462553,True,True,5.0830151743946015
-727500.0,-1267500.0,1500,-68.88567679995015,False,True,5.054547147976546
-722500.0,-1267500.0,1500,-63.100435730807874,False,True,5.063837798419167
-717500.0,-1267500.0,1500,-56.92064248357499,False,True,5.114848825423404
-712500.0,-1267500.0,1500,-52.01576913369082,False,True,5.152723546559903
-707500.0,-1267500.0,1500,-46.60787724498186,False,True,5.386378103234577
-702500.0,-1267500.0,1500,-43.70720117635222,False,True,5.875608766601481
-697500.0,-1267500.0,1500,-47.16546216118962,False,False,6.597811393674389
-692500.0,-1267500.0,1500,-50.806787973155444,False,False,7.608692027262933
-687500.0,-1267500.0,1500,-51.847012402029385,False,True,8.853453981927675
-682500.0,-1267500.0,1500,-53.259777393971454,False,True,10.175946005498988
-677500.0,-1267500.0,1500,-56.97280671095311,False,True,11.300838748711136
-672500.0,-1267500.0,1500,-64.06643594079654,False,True,12.183727105409863
-667500.0,-1267500.0,1500,-73.7924824328543,False,False,12.871051350942043
-662500.0,-1267500.0,1500,-79.40082381617785,False,False,13.396033913943192
-657500.0,-1267500.0,1500,-79.36075217376019,False,False,13.781565056154092
-652500.0,-1267500.0,1500,-79.10585811169359,False,False,14.062355351145468
-647500.0,-1267500.0,1500,-80.09591151094958,False,False,14.270276819015574
-642500.0,-1267500.0,1500,-79.94080314762417,False,False,14.423363106330536
-637500.0,-1267500.0,1500,-78.20424690192527,False,True,14.533677821207691
-632500.0,-1267500.0,1500,-74.6000259868966,False,True,14.6143308057733
-627500.0,-1267500.0,1500,-68.66686267249428,False,True,14.675697010741667
-622500.0,-1267500.0,1500,-63.33708148339399,False,True,14.711218709513663
-617500.0,-1267500.0,1500,-57.75692630684687,False,True,14.710031910846052
-612500.0,-1267500.0,1500,-47.518618834115635,False,True,14.523338192354675
-607500.0,-1267500.0,1500,-49.53613118612379,False,True,14.517893513821557
-602500.0,-1267500.0,1500,-59.65303268859039,False,True,14.685809978633138
-597500.0,-1267500.0,1500,-62.248294713060375,False,True,14.535984196895363
-592500.0,-1267500.0,1500,-61.7648918474304,False,True,14.268808133901599
-587500.0,-1267500.0,1500,-61.92102679741586,False,True,14.1845507544007
-582500.0,-1267500.0,1500,-63.21152104459904,False,True,14.197311085087344
-1047500.0,-1262500.0,1500,-64.64818897057269,False,False,14.98120642800345
-1042500.0,-1262500.0,1500,-66.51210687334154,False,False,14.940181916336968
-1037500.0,-1262500.0,1500,-67.12577644220893,False,False,14.857108146720725
-1032500.0,-1262500.0,1500,-67.97734225950012,False,False,14.695025762678146
-1027500.0,-1262500.0,1500,-67.98406577671378,False,False,14.360650991565716
-1022500.0,-1262500.0,1500,-66.23372922042027,False,False,13.62796589589356
-1017500.0,-1262500.0,1500,-63.71748754023812,False,False,12.205601793068107
-1012500.0,-1262500.0,1500,-60.48245784517269,False,False,10.504289308200299
-1007500.0,-1262500.0,1500,-57.936419019083786,False,False,9.70268558205424
-1002500.0,-1262500.0,1500,-57.50079563694325,False,False,7.905377529228751
-997500.0,-1262500.0,1500,-60.82280680108667,False,True,5.7966268215534456
-992500.0,-1262500.0,1500,-64.24074612713906,False,True,7.429976114722255
-987500.0,-1262500.0,1500,-63.54713206290613,False,True,9.52567234893414
-982500.0,-1262500.0,1500,-61.643521277908306,False,True,8.740242022724384
-977500.0,-1262500.0,1500,-59.40984058559553,False,True,6.949455938113306
-972500.0,-1262500.0,1500,-58.3039564690584,False,True,5.864455115225707
-967500.0,-1262500.0,1500,-61.207749011377864,True,True,5.604655284535496
-962500.0,-1262500.0,1500,-67.96158283091827,True,True,5.8033222723792335
-957500.0,-1262500.0,1500,-73.04588136720584,True,True,5.7691558572238835
-952500.0,-1262500.0,1500,-70.28765707207774,True,True,5.46092297205043
-947500.0,-1262500.0,1500,-61.64460953921295,True,True,5.25441148631629
-942500.0,-1262500.0,1500,-53.83149271558298,False,True,5.1962232484319815
-937500.0,-1262500.0,1500,-52.41609370129286,False,True,5.360483479256708
-932500.0,-1262500.0,1500,-58.480096347522434,False,True,5.271600263178426
-927500.0,-1262500.0,1500,-58.220031027049934,False,True,4.993135123454402
-922500.0,-1262500.0,1500,-58.19346907729257,False,True,4.947310513881219
-917500.0,-1262500.0,1500,-67.92678719555224,False,True,5.373896790020735
-912500.0,-1262500.0,1500,-78.668927792937,False,True,5.566574210589047
-907500.0,-1262500.0,1500,-82.540627930459,True,True,5.366486175063907
-902500.0,-1262500.0,1500,-72.31611468218516,False,True,5.270781055881743
-897500.0,-1262500.0,1500,-60.64577705134334,True,True,5.521210093637746
-892500.0,-1262500.0,1500,-60.41157832702487,False,True,5.680829972770505
-887500.0,-1262500.0,1500,-65.18688720581915,False,True,5.400965338081594
-882500.0,-1262500.0,1500,-66.51727134190953,False,True,5.164816548085169
-877500.0,-1262500.0,1500,-70.72573939185354,False,True,4.624624554899155
-872500.0,-1262500.0,1500,-74.45052030079799,False,True,3.9678886977640513
-867500.0,-1262500.0,1500,-72.18800920707542,False,True,3.7461786193771855
-862500.0,-1262500.0,1500,-69.33881045021376,False,True,3.750902623494576
-857500.0,-1262500.0,1500,-68.80606331503608,False,True,3.7052369051249086
-852500.0,-1262500.0,1500,-73.02479247111478,False,True,3.6951807115498188
-847500.0,-1262500.0,1500,-66.86268628639974,False,True,3.720996652427914
-842500.0,-1262500.0,1500,-71.42214527983936,False,True,4.001328418545299
-837500.0,-1262500.0,1500,-109.27531428683568,True,True,4.269110133617184
-832500.0,-1262500.0,1500,-122.05936980904202,True,True,4.259972593730149
-827500.0,-1262500.0,1500,-78.48806485151577,True,True,4.617288540262379
-822500.0,-1262500.0,1500,-54.20977982504796,False,True,5.414262536696487
-817500.0,-1262500.0,1500,-66.89048623748931,False,True,6.513112869694604
-812500.0,-1262500.0,1500,-63.654978037189615,False,True,7.807464260374407
-807500.0,-1262500.0,1500,-50.8761735925486,False,True,9.22767209220878
-802500.0,-1262500.0,1500,-41.95444732726541,False,True,10.497918018990058
-797500.0,-1262500.0,1500,-35.54148817856814,False,True,11.332899321143909
-792500.0,-1262500.0,1500,-33.39097665229065,False,True,11.887566271514187
-787500.0,-1262500.0,1500,-40.600972053588315,False,True,12.417310746998925
-782500.0,-1262500.0,1500,-54.972750216874445,False,True,12.875233136247743
-777500.0,-1262500.0,1500,-64.60326302335312,False,True,13.006974547486202
-772500.0,-1262500.0,1500,-64.86615532636075,False,True,12.605987773195851
-767500.0,-1262500.0,1500,-65.9782704964119,False,True,11.367037384927986
-762500.0,-1262500.0,1500,-82.99686048687757,True,True,8.880652660024548
-757500.0,-1262500.0,1500,-105.86924536909218,True,True,6.168946649856601
-752500.0,-1262500.0,1500,-109.02820398524095,True,True,5.198684240732316
-747500.0,-1262500.0,1500,-95.73440320292924,True,True,5.278906217781032
-742500.0,-1262500.0,1500,-77.88515688481812,True,True,5.180413086057063
-737500.0,-1262500.0,1500,-68.7278356795993,True,True,5.080201922069839
-732500.0,-1262500.0,1500,-70.34842323078772,True,True,4.963150659722009
-727500.0,-1262500.0,1500,-70.13426261307548,True,True,4.993838920931005
-722500.0,-1262500.0,1500,-64.17455439542427,True,True,5.0298089787925075
-717500.0,-1262500.0,1500,-53.049095264785684,False,True,4.895631527006359
-712500.0,-1262500.0,1500,-42.06811331232917,False,True,4.745045835370773
-707500.0,-1262500.0,1500,-36.23724492666916,False,True,4.961397654839662
-702500.0,-1262500.0,1500,-38.196861666092865,False,True,5.33050681379814
-697500.0,-1262500.0,1500,-45.683770128564234,False,True,5.461818890867448
-692500.0,-1262500.0,1500,-52.12782685807897,False,True,5.693817673412052
-687500.0,-1262500.0,1500,-53.80503369502128,False,True,6.292654740430534
-682500.0,-1262500.0,1500,-53.611819047407444,False,True,7.222598710233942
-677500.0,-1262500.0,1500,-57.21004393042776,False,True,8.42086777419373
-672500.0,-1262500.0,1500,-67.14043564163197,False,True,9.769239963568872
-667500.0,-1262500.0,1500,-78.21891547105946,False,True,10.979030949885232
-662500.0,-1262500.0,1500,-83.60802162297887,False,True,11.939891005802679
-657500.0,-1262500.0,1500,-83.96830269105848,False,False,12.68620706926804
-652500.0,-1262500.0,1500,-83.42418419685359,False,False,13.258839157847245
-647500.0,-1262500.0,1500,-83.5683349137111,False,False,13.680663904422936
-642500.0,-1262500.0,1500,-83.09605327501045,False,False,13.983650601443802
-637500.0,-1262500.0,1500,-80.55009858823331,False,True,14.2050286943531
-632500.0,-1262500.0,1500,-75.75390706986627,False,True,14.369066631963053
-627500.0,-1262500.0,1500,-69.65804863064717,False,True,14.479629029125014
-622500.0,-1262500.0,1500,-65.00074946140079,False,True,14.533345388082953
-617500.0,-1262500.0,1500,-61.40169877318839,True,True,14.541959772970884
-612500.0,-1262500.0,1500,-57.26268957472894,False,True,14.535500102156213
-607500.0,-1262500.0,1500,-57.47757905225422,False,True,14.547318953618234
-602500.0,-1262500.0,1500,-58.83734665532323,False,True,14.514059246688852
-597500.0,-1262500.0,1500,-57.946316278650244,False,True,14.27564775713465
-592500.0,-1262500.0,1500,-54.55842978145154,False,True,13.95695495048992
-587500.0,-1262500.0,1500,-54.02251670482555,False,True,13.892328488391563
-582500.0,-1262500.0,1500,-57.67112736770151,False,True,13.964782080216695
-1047500.0,-1257500.0,1500,-62.15003802093102,False,False,14.901719292422072
-1042500.0,-1257500.0,1500,-63.852240057306446,False,False,14.835477013622754
-1037500.0,-1257500.0,1500,-64.42327994862352,False,False,14.718807798938197
-1032500.0,-1257500.0,1500,-65.47889637760333,False,False,14.506529331997566
-1027500.0,-1257500.0,1500,-66.18455807474503,False,False,14.08553378008303
-1022500.0,-1257500.0,1500,-64.50668368468338,False,False,13.121081552133248
-1017500.0,-1257500.0,1500,-61.34063922364224,False,False,11.031733567983483
-1012500.0,-1257500.0,1500,-57.89653997529989,False,False,7.722821112362659
-1007500.0,-1257500.0,1500,-57.412212054022,False,False,7.251846378230599
-1002500.0,-1257500.0,1500,-62.446351073825745,False,True,8.458012119358603
-997500.0,-1257500.0,1500,-69.3048872918676,False,True,6.394365639298176
-992500.0,-1257500.0,1500,-70.22559388002077,False,True,5.328823840272613
-987500.0,-1257500.0,1500,-64.37776319901896,False,True,5.969904209472025
-982500.0,-1257500.0,1500,-58.54605070631724,False,True,5.757947404726028
-977500.0,-1257500.0,1500,-53.14798547701526,False,True,5.581057064272351
-972500.0,-1257500.0,1500,-47.04860205532559,True,True,5.710287624484667
-967500.0,-1257500.0,1500,-46.228678561424594,False,True,5.663871944870535
-962500.0,-1257500.0,1500,-55.17970902019735,False,True,5.331438968107474
-957500.0,-1257500.0,1500,-65.97509793814912,True,True,5.174572254855987
-952500.0,-1257500.0,1500,-66.996762355552,True,True,5.298942957220588
-947500.0,-1257500.0,1500,-59.49922152926467,False,True,5.55293844116555
-942500.0,-1257500.0,1500,-52.55724550054768,False,True,5.217061184525043
-937500.0,-1257500.0,1500,-50.97043561738697,False,True,4.814823233938569
-932500.0,-1257500.0,1500,-52.07895998308526,False,True,4.78060805425117
-927500.0,-1257500.0,1500,-50.008379898335434,False,True,4.9997876984386584
-922500.0,-1257500.0,1500,-48.03905093764105,False,True,5.066618759712085
-917500.0,-1257500.0,1500,-52.64884693685723,False,True,4.961204769076785
-912500.0,-1257500.0,1500,-63.53339239970023,False,True,5.047216006714791
-907500.0,-1257500.0,1500,-69.02936642376285,True,True,5.332678632270363
-902500.0,-1257500.0,1500,-61.06736078987149,False,True,5.591327545675581
-897500.0,-1257500.0,1500,-51.90489396713879,False,True,5.416153603478798
-892500.0,-1257500.0,1500,-54.345249838341054,False,True,5.052385897796457
-887500.0,-1257500.0,1500,-59.87545330274395,False,True,4.7886106394519015
-882500.0,-1257500.0,1500,-56.8798546356118,False,True,4.44290264350656
-877500.0,-1257500.0,1500,-56.31849398349629,False,True,4.050890025449322
-872500.0,-1257500.0,1500,-61.1073569406463,False,True,3.7955422276706288
-867500.0,-1257500.0,1500,-65.55223391327242,False,True,3.6497880562927714
-862500.0,-1257500.0,1500,-68.6260997287557,False,True,3.5752884723677587
-857500.0,-1257500.0,1500,-68.9056002859622,False,True,3.5153969910197977
-852500.0,-1257500.0,1500,-68.92327824531093,False,True,3.603041418346349
-847500.0,-1257500.0,1500,-64.68516913601628,False,True,3.752411318078077
-842500.0,-1257500.0,1500,-72.68951366513014,False,True,4.226828163582974
-837500.0,-1257500.0,1500,-104.16699882339137,True,True,4.801650914691276
-832500.0,-1257500.0,1500,-117.67318943558281,True,True,4.955044064042192
-827500.0,-1257500.0,1500,-81.30122023014329,True,True,5.01604574312248
-822500.0,-1257500.0,1500,-55.10759326793324,False,True,5.133539605667991
-817500.0,-1257500.0,1500,-61.10886299197664,False,True,5.410600128113111
-812500.0,-1257500.0,1500,-52.951574979288424,False,True,6.028102941722834
-807500.0,-1257500.0,1500,-33.52949629261323,False,True,7.02586699054275
-802500.0,-1257500.0,1500,-20.73773156030104,False,True,8.290189414160261
-797500.0,-1257500.0,1500,-16.91399805613409,False,True,9.490966397809864
-792500.0,-1257500.0,1500,-23.55290868036274,False,True,10.543714816750246
-787500.0,-1257500.0,1500,-43.20524171666183,False,True,11.592647101133801
-782500.0,-1257500.0,1500,-63.394508348488614,False,True,12.401367918845741
-777500.0,-1257500.0,1500,-71.18368731733199,False,True,12.646765952638958
-772500.0,-1257500.0,1500,-69.3596035695894,False,True,12.145651981009927
-767500.0,-1257500.0,1500,-78.86214499344864,False,True,10.509599374559347
-762500.0,-1257500.0,1500,-105.76262346813434,True,True,7.595904468200525
-757500.0,-1257500.0,1500,-122.30609631734653,True,True,5.503102713232363
-752500.0,-1257500.0,1500,-110.68804407843275,True,True,5.167697762488356
-747500.0,-1257500.0,1500,-91.36468704105785,True,True,5.226717511724749
-742500.0,-1257500.0,1500,-70.6510600630466,True,True,5.099327419629981
-737500.0,-1257500.0,1500,-60.84466959183635,True,True,5.032963012347887
-732500.0,-1257500.0,1500,-68.8555015109572,True,True,5.058352807387148
-727500.0,-1257500.0,1500,-72.99340834465723,True,True,4.943073874902771
-722500.0,-1257500.0,1500,-64.8762663538716,False,True,5.012323990000297
-717500.0,-1257500.0,1500,-50.65916035217588,False,True,4.947076205771888
-712500.0,-1257500.0,1500,-36.948858549776865,False,True,4.741184903282362
-707500.0,-1257500.0,1500,-32.466959697515335,False,True,4.874845639874853
-702500.0,-1257500.0,1500,-40.815997961273396,False,True,5.147560464593142
-697500.0,-1257500.0,1500,-48.94485410024473,False,True,5.314652123769288
-692500.0,-1257500.0,1500,-52.29557348589163,False,True,5.371409366962907
-687500.0,-1257500.0,1500,-51.463835594052036,False,True,5.2960470340702654
-682500.0,-1257500.0,1500,-51.512230846255946,False,True,5.428631631491802
-677500.0,-1257500.0,1500,-58.8295005209345,False,True,6.005033569363936
-672500.0,-1257500.0,1500,-70.67143748666915,False,True,6.877441745748316
-667500.0,-1257500.0,1500,-78.92143139339086,False,True,8.008175352970378
-662500.0,-1257500.0,1500,-82.48643641871726,False,True,9.338571208126062
-657500.0,-1257500.0,1500,-84.1152346008829,False,True,10.616936402005575
-652500.0,-1257500.0,1500,-85.00193112917324,False,False,11.65854642649741
-647500.0,-1257500.0,1500,-85.47142644109907,False,False,12.467451687338793
-642500.0,-1257500.0,1500,-84.7945421862427,False,True,13.089684334017319
-637500.0,-1257500.0,1500,-81.48092981515109,False,True,13.552707365606597
-632500.0,-1257500.0,1500,-75.49922091466566,False,True,13.887114172312405
-627500.0,-1257500.0,1500,-68.74647075605247,False,True,14.099825632320275
-622500.0,-1257500.0,1500,-64.63331687931397,True,True,14.22611596595619
-617500.0,-1257500.0,1500,-63.939495016146346,True,True,14.333735620671154
-612500.0,-1257500.0,1500,-64.34913945166662,True,True,14.423322814359558
-607500.0,-1257500.0,1500,-61.693807231716384,False,True,14.362141872992186
-602500.0,-1257500.0,1500,-58.055165980332625,False,True,14.170449321825341
-597500.0,-1257500.0,1500,-51.34886738562021,False,True,13.855015936375358
-592500.0,-1257500.0,1500,-43.373176433292286,False,True,13.594762512055889
-587500.0,-1257500.0,1500,-47.76117639728203,False,False,13.67563016563783
-582500.0,-1257500.0,1500,-54.63294237571161,False,False,13.815338375958564
-1047500.0,-1252500.0,1500,-60.614428868452435,False,False,14.759612053039195
-1042500.0,-1252500.0,1500,-62.432838831530425,False,False,14.650153289940379
-1037500.0,-1252500.0,1500,-63.243799659544166,False,False,14.472901632973974
-1032500.0,-1252500.0,1500,-64.50991940474339,False,False,14.187743335653016
-1027500.0,-1252500.0,1500,-66.03056942171868,False,False,13.695974521330696
-1022500.0,-1252500.0,1500,-65.3304344799024,False,False,12.720910705715454
-1017500.0,-1252500.0,1500,-62.71360894917929,False,False,10.774596141579025
-1012500.0,-1252500.0,1500,-59.5813934256626,False,False,7.266438366405926
-1007500.0,-1252500.0,1500,-60.163058459615755,False,True,5.567621806222416
-1002500.0,-1252500.0,1500,-67.73486723396154,False,True,6.441666477867405
-997500.0,-1252500.0,1500,-75.14953023326018,False,True,5.658712120494889
-992500.0,-1252500.0,1500,-75.37338604162433,False,True,4.159092273809169
-987500.0,-1252500.0,1500,-70.4668376028877,False,True,4.459902622093569
-982500.0,-1252500.0,1500,-64.67201282301927,False,True,5.599400389240188
-977500.0,-1252500.0,1500,-55.46279646500253,False,True,5.781045954318309
-972500.0,-1252500.0,1500,-39.70950518423008,False,True,5.2866448229917795
-967500.0,-1252500.0,1500,-30.038768364080962,False,True,4.878809217881274
-962500.0,-1252500.0,1500,-38.14381274064052,False,True,4.884349537664863
-957500.0,-1252500.0,1500,-53.625906240388154,False,True,5.225886549555182
-952500.0,-1252500.0,1500,-59.809845278165035,False,True,5.144805888211463
-947500.0,-1252500.0,1500,-56.20017036446095,False,True,4.981215362051332
-942500.0,-1252500.0,1500,-52.18726723160168,False,True,4.910019619729438
-937500.0,-1252500.0,1500,-49.89954514407641,False,True,4.916997840453709
-932500.0,-1252500.0,1500,-45.88386675680735,False,True,4.847715670168388
-927500.0,-1252500.0,1500,-41.50901115139839,False,True,4.635007606576895
-922500.0,-1252500.0,1500,-40.28759091026522,False,True,4.588556041834609
-917500.0,-1252500.0,1500,-43.217040410496914,False,True,4.8224432282216245
-912500.0,-1252500.0,1500,-51.18703830713371,False,True,5.153777605909785
-907500.0,-1252500.0,1500,-56.36402161734409,False,True,5.13712972827533
-902500.0,-1252500.0,1500,-52.74822386024685,False,True,5.056105807920128
-897500.0,-1252500.0,1500,-47.18615167211474,False,True,5.033160991070923
-892500.0,-1252500.0,1500,-47.969568261713334,False,True,5.074641392577928
-887500.0,-1252500.0,1500,-54.202181010946354,False,True,4.827196365861412
-882500.0,-1252500.0,1500,-54.97610717923553,False,True,4.097861891634195
-877500.0,-1252500.0,1500,-54.83679718086219,False,True,3.5664122640480365
-872500.0,-1252500.0,1500,-58.44458274241343,False,True,3.334164338873724
-867500.0,-1252500.0,1500,-57.47652988802145,False,True,3.2828531388660833
-862500.0,-1252500.0,1500,-59.15546105761234,False,False,3.4030557284188157
-857500.0,-1252500.0,1500,-65.1895361758751,False,True,3.5929016750812828
-852500.0,-1252500.0,1500,-67.4319143939817,False,True,3.9539811478474958
-847500.0,-1252500.0,1500,-64.759212994477,False,True,4.2228862692404325
-842500.0,-1252500.0,1500,-73.01770443756932,False,True,4.516921416245964
-837500.0,-1252500.0,1500,-102.35720304401002,True,True,4.8324223724663895
-832500.0,-1252500.0,1500,-118.19164124656797,True,True,4.889460147622582
-827500.0,-1252500.0,1500,-91.9079191755411,True,True,4.899030536877407
-822500.0,-1252500.0,1500,-61.989047484735046,False,True,4.934133183710763
-817500.0,-1252500.0,1500,-53.031097666080306,False,True,4.809029778436781
-812500.0,-1252500.0,1500,-41.3674734272329,False,True,4.725656146009836
-807500.0,-1252500.0,1500,-20.921124748993957,False,True,4.993180009116799
-802500.0,-1252500.0,1500,-1.5782882668058358,False,True,5.639917791638625
-797500.0,-1252500.0,1500,-2.3766047317415646,False,True,6.676966981182967
-792500.0,-1252500.0,1500,-28.668623193437718,False,True,8.152265468067203
-787500.0,-1252500.0,1500,-59.77250684515138,True,True,9.772306896149786
-782500.0,-1252500.0,1500,-80.04661086919349,True,True,10.960463107860381
-777500.0,-1252500.0,1500,-87.9977335534438,True,True,11.540359955293457
-772500.0,-1252500.0,1500,-91.31729818315172,True,True,11.175280563766544
-767500.0,-1252500.0,1500,-104.03704476737694,True,True,9.233564314331751
-762500.0,-1252500.0,1500,-118.6768601211799,True,True,6.433873865961018
-757500.0,-1252500.0,1500,-111.7799173489763,True,True,5.136388403001339
-752500.0,-1252500.0,1500,-89.48684381417418,True,True,5.071979904685627
-747500.0,-1252500.0,1500,-80.29119809237869,True,True,5.107003523974815
-742500.0,-1252500.0,1500,-74.70531735496222,True,True,5.045160512768837
-737500.0,-1252500.0,1500,-69.60439026693659,True,True,4.950191520206931
-732500.0,-1252500.0,1500,-75.87152271356328,True,True,5.085528664001822
-727500.0,-1252500.0,1500,-79.73412033105758,True,True,4.956657067344858
-722500.0,-1252500.0,1500,-67.89361141330394,True,True,4.952222635196632
-717500.0,-1252500.0,1500,-49.02145959459551,True,True,5.050907490990519
-712500.0,-1252500.0,1500,-39.009843007393194,True,True,5.000087782974908
-707500.0,-1252500.0,1500,-42.95279299565812,False,True,4.988258056249266
-702500.0,-1252500.0,1500,-56.39418234078936,False,True,4.99639686156924
-697500.0,-1252500.0,1500,-58.20828379385058,False,True,5.152565656504242
-692500.0,-1252500.0,1500,-50.032223473510804,False,True,5.360305015377482
-687500.0,-1252500.0,1500,-45.11381719828717,False,True,5.284991975154773
-682500.0,-1252500.0,1500,-49.55429663600268,False,True,5.162642589405886
-677500.0,-1252500.0,1500,-63.869739954777835,False,True,5.234737859779024
-672500.0,-1252500.0,1500,-75.19367881395286,False,True,5.386525120514621
-667500.0,-1252500.0,1500,-78.01281389779938,False,True,5.80755263280853
-662500.0,-1252500.0,1500,-79.30786109282361,False,True,6.580493918724476
-657500.0,-1252500.0,1500,-81.77251287837441,False,True,7.614412965993949
-652500.0,-1252500.0,1500,-85.06990722322273,False,False,8.902701793894167
-647500.0,-1252500.0,1500,-88.49140100156792,False,True,10.231373165153467
-642500.0,-1252500.0,1500,-89.32464307222246,False,True,11.354862713750062
-637500.0,-1252500.0,1500,-84.62512024223334,False,True,12.227636298819938
-632500.0,-1252500.0,1500,-74.70423132760124,False,True,12.903092391191768
-627500.0,-1252500.0,1500,-64.12973354507302,False,True,13.394597423835414
-622500.0,-1252500.0,1500,-61.06776720374778,True,True,13.703407740134722
-617500.0,-1252500.0,1500,-62.63965873014681,True,True,13.887800754074696
-612500.0,-1252500.0,1500,-63.60117602240703,True,True,13.988302173821815
-607500.0,-1252500.0,1500,-63.343224389003936,False,True,13.926801410742533
-602500.0,-1252500.0,1500,-57.872547029254015,False,True,13.715675925984641
-597500.0,-1252500.0,1500,-43.902750508232984,False,True,13.425906654815535
-592500.0,-1252500.0,1500,-35.932557331477774,False,True,13.324367190910499
-587500.0,-1252500.0,1500,-45.07010773407577,False,False,13.520478982430586
-582500.0,-1252500.0,1500,-52.28025087846775,False,False,13.662659112764127
-1047500.0,-1247500.0,1500,-60.430254474158524,False,False,14.491703587401368
-1042500.0,-1247500.0,1500,-62.78022944786482,False,False,14.290893632668556
-1037500.0,-1247500.0,1500,-64.09460152022898,False,False,13.990302415398155
-1032500.0,-1247500.0,1500,-66.04969817648853,False,False,13.52472870143541
-1027500.0,-1247500.0,1500,-68.7373022237089,False,False,12.80961241278354
-1022500.0,-1247500.0,1500,-69.87652346589991,False,True,11.729147355308891
-1017500.0,-1247500.0,1500,-69.35333570021659,False,False,10.04753648219673
-1012500.0,-1247500.0,1500,-67.90291120500943,False,False,7.395346499698353
-1007500.0,-1247500.0,1500,-68.38057000596996,False,True,4.722322765084862
-1002500.0,-1247500.0,1500,-73.67157049684154,False,True,4.372084193460866
-997500.0,-1247500.0,1500,-77.50855872240223,False,True,5.184232048654369
-992500.0,-1247500.0,1500,-78.0966186149964,False,True,4.775752750386114
-987500.0,-1247500.0,1500,-77.90914761243802,True,True,4.59810378942891
-982500.0,-1247500.0,1500,-74.14538170725386,True,True,5.181593836607735
-977500.0,-1247500.0,1500,-60.218346192293026,False,True,5.232177672765129
-972500.0,-1247500.0,1500,-29.58735955489421,False,True,4.9545293451531345
-967500.0,-1247500.0,1500,-9.35217149115797,False,True,4.876567450833555
-962500.0,-1247500.0,1500,-20.445845080755507,False,True,4.783184790245416
-957500.0,-1247500.0,1500,-35.44781430022712,False,True,4.656045750007587
-952500.0,-1247500.0,1500,-42.67483834031926,False,True,4.661375441967083
-947500.0,-1247500.0,1500,-47.24948060768033,False,True,4.88707158213499
-942500.0,-1247500.0,1500,-48.61107664785222,False,True,4.837864574446769
-937500.0,-1247500.0,1500,-44.66111412758636,False,True,4.542308769066218
-932500.0,-1247500.0,1500,-35.24057152022488,False,False,4.4022538637394035
-927500.0,-1247500.0,1500,-33.4827256757753,False,False,4.533657128093156
-922500.0,-1247500.0,1500,-38.64433348948779,False,True,4.744445229638672
-917500.0,-1247500.0,1500,-42.93261518744236,False,True,4.646592704459381
-912500.0,-1247500.0,1500,-49.20313860984354,False,True,4.583576135055223
-907500.0,-1247500.0,1500,-55.35756823743108,False,True,4.748380817277029
-902500.0,-1247500.0,1500,-58.42562439354456,False,True,5.12829914568789
-897500.0,-1247500.0,1500,-51.336355221942355,False,True,5.023075608183956
-892500.0,-1247500.0,1500,-40.951743324598446,False,True,4.56627817330002
-887500.0,-1247500.0,1500,-48.454978937363634,False,True,4.070284144593759
-882500.0,-1247500.0,1500,-61.241894885750014,False,True,3.5266776276221425
-877500.0,-1247500.0,1500,-61.88424231087074,False,True,3.4171397789014066
-872500.0,-1247500.0,1500,-49.44905154035649,False,False,3.412724576028793
-867500.0,-1247500.0,1500,-29.665944886023812,False,False,3.4201005326955745
-862500.0,-1247500.0,1500,-40.69533184451295,False,False,3.5487120703421673
-857500.0,-1247500.0,1500,-62.72444104291427,False,True,3.6032100593727163
-852500.0,-1247500.0,1500,-58.17041921605757,False,True,3.7192734141795056
-847500.0,-1247500.0,1500,-48.82862091528172,False,True,3.98438546415503
-842500.0,-1247500.0,1500,-65.68370827439615,False,True,4.49287119111933
-837500.0,-1247500.0,1500,-105.17887383501841,True,True,4.867546143655361
-832500.0,-1247500.0,1500,-118.08345729185504,True,True,4.90026387884182
-827500.0,-1247500.0,1500,-93.92926765321847,True,True,4.874045167038695
-822500.0,-1247500.0,1500,-67.05061587326178,True,True,4.854257599611672
-817500.0,-1247500.0,1500,-51.12719930049721,False,True,4.7292739209891685
-812500.0,-1247500.0,1500,-38.809361074174156,False,True,4.623933212089925
-807500.0,-1247500.0,1500,-29.781253081170174,False,True,4.625476512869514
-802500.0,-1247500.0,1500,-21.358146604310424,False,True,4.732548771596555
-797500.0,-1247500.0,1500,-27.416475330547414,False,True,5.08722104571471
-792500.0,-1247500.0,1500,-53.71219227842875,True,True,5.889893752932905
-787500.0,-1247500.0,1500,-81.46383795393261,True,True,7.041911603372835
-782500.0,-1247500.0,1500,-96.96095201921946,True,True,8.22824924304884
-777500.0,-1247500.0,1500,-102.11770303956054,True,True,9.333920207930614
-772500.0,-1247500.0,1500,-113.2887676824766,True,True,9.504955179731173
-767500.0,-1247500.0,1500,-126.94078419564886,True,True,7.688164210325865
-762500.0,-1247500.0,1500,-122.252508139163,True,True,5.612957769706514
-757500.0,-1247500.0,1500,-89.42436983816492,True,True,5.013850922530713
-752500.0,-1247500.0,1500,-65.5406360657811,False,True,4.925065584357882
-747500.0,-1247500.0,1500,-70.82291924513392,True,True,5.041670025623482
-742500.0,-1247500.0,1500,-74.59273460269044,True,True,5.032806028203961
-737500.0,-1247500.0,1500,-73.6933655244119,True,True,4.862850282898749
-732500.0,-1247500.0,1500,-77.99044254493018,True,True,4.991939083239205
-727500.0,-1247500.0,1500,-80.88960320453867,True,True,5.030928594292746
-722500.0,-1247500.0,1500,-69.63468087458476,True,True,4.982752953796924
-717500.0,-1247500.0,1500,-50.927612005201425,True,True,4.996782173477292
-712500.0,-1247500.0,1500,-45.444913999162566,True,True,5.078880992602408
-707500.0,-1247500.0,1500,-53.14466581627583,False,True,5.1537718323103086
-702500.0,-1247500.0,1500,-62.05402782720687,False,True,5.147242762037476
-697500.0,-1247500.0,1500,-56.59246366810024,False,True,5.154007257373905
-692500.0,-1247500.0,1500,-43.50518024386728,False,True,5.242251033967593
-687500.0,-1247500.0,1500,-41.50398669882261,True,True,5.265049817668299
-682500.0,-1247500.0,1500,-51.934959618269616,True,True,5.081991226898335
-677500.0,-1247500.0,1500,-69.30490608461663,True,True,5.056647628742489
-672500.0,-1247500.0,1500,-78.6750972233972,True,True,5.161610913997766
-667500.0,-1247500.0,1500,-78.51854533185144,False,True,5.263424693874063
-662500.0,-1247500.0,1500,-78.56513579120285,False,True,5.2775146061273235
-657500.0,-1247500.0,1500,-80.07314664918793,False,True,5.548029848699534
-652500.0,-1247500.0,1500,-84.77840563332963,False,True,6.251113951949194
-647500.0,-1247500.0,1500,-91.4496856532964,False,True,7.217047321850078
-642500.0,-1247500.0,1500,-94.4901503037106,False,True,8.476071511387424
-637500.0,-1247500.0,1500,-87.36532455524518,False,True,9.820046675677961
-632500.0,-1247500.0,1500,-69.38232948356588,False,True,10.98766874701596
-627500.0,-1247500.0,1500,-56.246305848443306,False,True,11.897672782585786
-622500.0,-1247500.0,1500,-58.485018556348315,True,True,12.560937354779753
-617500.0,-1247500.0,1500,-52.73088640250952,False,True,12.816207518357235
-612500.0,-1247500.0,1500,-41.31855842120059,False,True,12.859516179891342
-607500.0,-1247500.0,1500,-44.44487804575214,False,True,12.95714544678878
-602500.0,-1247500.0,1500,-47.45475013348471,False,True,13.07750452318269
-597500.0,-1247500.0,1500,-43.48470687195843,False,True,13.155645032561983
-592500.0,-1247500.0,1500,-42.69074624725769,False,False,13.246390218102961
-587500.0,-1247500.0,1500,-46.75378601695754,False,False,13.369783300451994
-582500.0,-1247500.0,1500,-47.99623727410609,False,False,13.422414429757772
-1047500.0,-1242500.0,1500,-60.24177765211302,False,False,13.967579402604468
-1042500.0,-1242500.0,1500,-62.716520092872976,False,False,13.563902064623939
-1037500.0,-1242500.0,1500,-64.9157170956465,False,False,12.953917676342249
-1032500.0,-1242500.0,1500,-68.56610850804404,False,True,12.07727132418172
-1027500.0,-1242500.0,1500,-72.96598566363106,False,True,10.788616873761512
-1022500.0,-1242500.0,1500,-76.12548791515702,False,True,8.879314076728136
-1017500.0,-1242500.0,1500,-77.52912650160727,False,True,6.8241322664053925
-1012500.0,-1242500.0,1500,-76.63181387296493,False,True,5.74758550359265
-1007500.0,-1242500.0,1500,-75.30341251317593,False,True,5.2382182090126905
-1002500.0,-1242500.0,1500,-75.82923574860493,False,True,4.594512282009745
-997500.0,-1242500.0,1500,-74.98182563284948,False,True,4.83365903791262
-992500.0,-1242500.0,1500,-75.09104081935153,True,True,5.095834881940821
-987500.0,-1242500.0,1500,-78.91252401672249,True,True,4.163751852738291
-982500.0,-1242500.0,1500,-79.95446618415102,True,True,4.381277608603946
-977500.0,-1242500.0,1500,-63.95328061022761,True,True,5.381633144766442
-972500.0,-1242500.0,1500,-19.40116916701019,False,True,5.000258420981724
-967500.0,-1242500.0,1500,4.577395485925487,False,True,4.460217123840727
-962500.0,-1242500.0,1500,-10.206886067021069,False,True,4.518464852585672
-957500.0,-1242500.0,1500,-15.556001740132912,False,True,4.7332130363070695
-952500.0,-1242500.0,1500,-19.580823689615492,False,True,4.712625356540711
-947500.0,-1242500.0,1500,-33.08457328167025,False,True,4.416486203491049
-942500.0,-1242500.0,1500,-39.12696907493804,False,True,4.0608345072586935
-937500.0,-1242500.0,1500,-30.458411628717254,False,False,4.194249793101903
-932500.0,-1242500.0,1500,-13.166353262943126,False,False,4.464468740749545
-927500.0,-1242500.0,1500,-18.55357340953996,False,False,4.393016808689372
-922500.0,-1242500.0,1500,-36.970175145375066,False,False,4.368349761017946
-917500.0,-1242500.0,1500,-46.544312190718514,False,True,4.421757163565228
-912500.0,-1242500.0,1500,-56.43608538005424,False,True,4.640356932568556
-907500.0,-1242500.0,1500,-64.78873065578188,False,True,4.693631805926538
-902500.0,-1242500.0,1500,-68.30854908981337,False,True,4.684966904417883
-897500.0,-1242500.0,1500,-57.348621146891794,False,True,4.726895311002766
-892500.0,-1242500.0,1500,-42.383899008815376,False,False,4.798293867462945
-887500.0,-1242500.0,1500,-54.52923784830056,False,False,4.442103701092249
-882500.0,-1242500.0,1500,-69.73889668709387,False,False,3.7517112268282826
-877500.0,-1242500.0,1500,-49.04328582620221,False,False,3.4980894855481894
-872500.0,-1242500.0,1500,-14.56142799909364,False,False,3.3362575274304707
-867500.0,-1242500.0,1500,-6.002781823452317,False,False,3.3059475140621775
-862500.0,-1242500.0,1500,-32.23691090879215,False,False,3.5013073791897154
-857500.0,-1242500.0,1500,-48.05801010788481,False,True,3.5696342047169747
-852500.0,-1242500.0,1500,-37.188775811694825,False,True,3.6215464462121685
-847500.0,-1242500.0,1500,-32.149157553679444,False,True,3.873435062867916
-842500.0,-1242500.0,1500,-61.58499674592663,False,True,4.543271729677447
-837500.0,-1242500.0,1500,-106.17441532159954,True,True,4.99108545315402
-832500.0,-1242500.0,1500,-115.18575856746635,True,True,4.954439299070587
-827500.0,-1242500.0,1500,-91.5310783091947,True,True,4.8899860731294
-822500.0,-1242500.0,1500,-66.20527594096386,False,True,4.709059924839464
-817500.0,-1242500.0,1500,-50.196293203177596,False,True,4.498481111885614
-812500.0,-1242500.0,1500,-41.75809285552695,False,True,4.4882984155534835
-807500.0,-1242500.0,1500,-46.37019224275453,False,True,4.679018903637787
-802500.0,-1242500.0,1500,-54.51446814197793,True,True,4.96535368043749
-797500.0,-1242500.0,1500,-57.18087165969495,True,True,5.051031538234416
-792500.0,-1242500.0,1500,-67.98719353927429,True,True,5.062271967984925
-787500.0,-1242500.0,1500,-84.28767982785158,True,True,5.420268494482878
-782500.0,-1242500.0,1500,-84.89615019632876,True,True,5.926267320882293
-777500.0,-1242500.0,1500,-84.33447632528083,False,True,6.559913648223797
-772500.0,-1242500.0,1500,-111.53860165792804,True,True,7.064973327081911
-767500.0,-1242500.0,1500,-138.85336430195423,True,True,6.2231151187987095
-762500.0,-1242500.0,1500,-121.59922867658996,True,True,5.162135469691123
-757500.0,-1242500.0,1500,-76.10358086081192,False,True,5.006701983225831
-752500.0,-1242500.0,1500,-62.89888694520623,False,True,4.954185267663505
-747500.0,-1242500.0,1500,-73.06701030030743,False,True,4.969416921585335
-742500.0,-1242500.0,1500,-70.83872242841277,False,True,4.921543428858534
-737500.0,-1242500.0,1500,-67.462281007037,False,True,4.848730297453989
-732500.0,-1242500.0,1500,-69.52996820560037,True,True,4.985680496846821
-727500.0,-1242500.0,1500,-73.29847951932135,True,True,5.103012745520543
-722500.0,-1242500.0,1500,-67.47299611360967,True,True,5.107924458461396
-717500.0,-1242500.0,1500,-52.34211742394545,True,True,5.125798367867731
-712500.0,-1242500.0,1500,-44.185325266077555,True,True,5.175468791171361
-707500.0,-1242500.0,1500,-45.1998567005277,False,True,5.271598131859755
-702500.0,-1242500.0,1500,-47.73655090496839,False,True,5.2966077808669585
-697500.0,-1242500.0,1500,-44.70506707165019,False,True,5.242449532632588
-692500.0,-1242500.0,1500,-42.105792379266255,False,True,5.146906754940953
-687500.0,-1242500.0,1500,-50.32121579943432,True,True,5.146598365985737
-682500.0,-1242500.0,1500,-63.91516600463427,True,True,5.118679300116035
-677500.0,-1242500.0,1500,-77.37363407553075,True,True,5.082859438960748
-672500.0,-1242500.0,1500,-83.9273238351344,True,True,5.098012866325165
-667500.0,-1242500.0,1500,-83.1685974721327,False,True,5.133042596361637
-662500.0,-1242500.0,1500,-79.62942806984269,False,True,5.078280180013662
-657500.0,-1242500.0,1500,-75.80689333080294,False,True,5.121332781992118
-652500.0,-1242500.0,1500,-79.53838889441495,False,True,5.281017749414524
-647500.0,-1242500.0,1500,-90.32927134819502,False,True,5.509340313356471
-642500.0,-1242500.0,1500,-95.74374224612241,False,True,6.036333492827669
-637500.0,-1242500.0,1500,-84.40782486844358,False,True,6.87119140662005
-632500.0,-1242500.0,1500,-62.67949279231664,False,True,7.972493728941728
-627500.0,-1242500.0,1500,-53.76100193854068,False,True,9.242898159539095
-622500.0,-1242500.0,1500,-58.82138424183476,True,True,10.390263132883929
-617500.0,-1242500.0,1500,-45.85588191333484,False,True,10.927328553742452
-612500.0,-1242500.0,1500,-25.67334333708443,False,True,11.194849791505858
-607500.0,-1242500.0,1500,-28.458911347153826,False,True,11.685631298861807
-602500.0,-1242500.0,1500,-41.905487659050536,False,True,12.323468015066636
-597500.0,-1242500.0,1500,-50.5543065826124,False,True,12.836488994315118
-592500.0,-1242500.0,1500,-51.501118524509685,False,False,13.04511561994967
-587500.0,-1242500.0,1500,-47.66834885345595,False,False,13.08014467644744
-582500.0,-1242500.0,1500,-42.82812584984718,False,False,13.075766442335786
-1047500.0,-1237500.0,1500,-60.27190494754844,False,False,12.820860928859577
-1042500.0,-1237500.0,1500,-63.34608857358645,False,False,12.053871641243173
-1037500.0,-1237500.0,1500,-65.85281678140257,False,True,10.826692342913674
-1032500.0,-1237500.0,1500,-70.22802654043953,False,True,8.953552840887031
-1027500.0,-1237500.0,1500,-75.26050511225945,False,True,6.85735057258746
-1022500.0,-1237500.0,1500,-78.82814797157937,False,True,5.817719020863698
-1017500.0,-1237500.0,1500,-80.53948127750527,False,True,5.672948843482196
-1012500.0,-1237500.0,1500,-79.27433129954866,False,True,5.877535625835122
-1007500.0,-1237500.0,1500,-75.81353242278374,False,True,5.670644782960644
-1002500.0,-1237500.0,1500,-72.25457469524079,False,True,4.470828746530697
-997500.0,-1237500.0,1500,-67.50352410556673,False,True,4.090700601847106
-992500.0,-1237500.0,1500,-65.38462501367435,False,True,5.031838022885644
-987500.0,-1237500.0,1500,-72.29681810528552,True,True,4.831663264370086
-982500.0,-1237500.0,1500,-81.97311289685746,True,True,4.318373595676621
-977500.0,-1237500.0,1500,-73.5234610571848,True,True,4.93263451763751
-972500.0,-1237500.0,1500,-37.37690738625036,False,True,5.16576327969625
-967500.0,-1237500.0,1500,-24.904941837726543,False,True,5.057559655976961
-962500.0,-1237500.0,1500,-33.26611236557121,False,True,4.766419239211725
-957500.0,-1237500.0,1500,-25.415955447653722,False,True,4.421052917165319
-952500.0,-1237500.0,1500,-21.844346582178815,False,True,4.017900083562618
-947500.0,-1237500.0,1500,-28.477503398340204,False,False,3.8378845296125785
-942500.0,-1237500.0,1500,-28.349683740956802,False,False,3.97644543693494
-937500.0,-1237500.0,1500,-7.671924993461568,False,False,4.006414687191041
-932500.0,-1237500.0,1500,12.246447358109027,False,False,4.028587400228149
-927500.0,-1237500.0,1500,-2.4181620415885368,False,False,4.187755696887163
-922500.0,-1237500.0,1500,-30.205525469500163,False,False,4.472986687669913
-917500.0,-1237500.0,1500,-46.5096054076296,False,False,4.4255394302365305
-912500.0,-1237500.0,1500,-59.585916751624005,False,False,4.353881859296085
-907500.0,-1237500.0,1500,-58.273549222399886,False,True,4.683644594411634
-902500.0,-1237500.0,1500,-49.87870314408005,False,False,5.541492402237019
-897500.0,-1237500.0,1500,-54.0546972181257,False,False,6.422516038791743
-892500.0,-1237500.0,1500,-60.316666149585664,False,False,5.956824346911201
-887500.0,-1237500.0,1500,-71.44736755255678,False,False,4.457343814911769
-882500.0,-1237500.0,1500,-78.37926822289589,False,False,3.5874301993706603
-877500.0,-1237500.0,1500,-51.06763315074309,False,False,3.4355499207801046
-872500.0,-1237500.0,1500,-20.791462173261582,False,False,3.3563800077201034
-867500.0,-1237500.0,1500,-19.03664357188225,False,False,3.389488347667312
-862500.0,-1237500.0,1500,-21.05482943881258,False,False,3.4635973157740647
-857500.0,-1237500.0,1500,-20.266283322228826,False,True,3.585804514789041
-852500.0,-1237500.0,1500,-31.926926962005158,False,True,3.8118254153970925
-847500.0,-1237500.0,1500,-46.07529774489923,False,True,4.18264567547243
-842500.0,-1237500.0,1500,-71.30471263558879,False,True,4.710142151464937
-837500.0,-1237500.0,1500,-103.9315856397733,True,True,5.003022490996109
-832500.0,-1237500.0,1500,-108.99397397318921,True,True,5.013794919820157
-827500.0,-1237500.0,1500,-88.16344770553633,True,True,4.901973355694967
-822500.0,-1237500.0,1500,-59.85429629406256,False,True,4.6075273593242985
-817500.0,-1237500.0,1500,-36.77796457918882,False,True,4.29609389906673
-812500.0,-1237500.0,1500,-37.716011612223525,False,True,4.33192357043347
-807500.0,-1237500.0,1500,-55.417651862322664,False,True,4.694346560674175
-802500.0,-1237500.0,1500,-61.60445233637539,True,True,5.0370390757568115
-797500.0,-1237500.0,1500,-54.020500641139925,False,True,5.120074899369143
-792500.0,-1237500.0,1500,-59.730140148811266,True,True,5.093672715846029
-787500.0,-1237500.0,1500,-70.81493219311275,True,True,5.232693238955797
-782500.0,-1237500.0,1500,-61.515966538822475,False,True,5.267379611396654
-777500.0,-1237500.0,1500,-63.344685524567026,False,True,5.206282319934307
-772500.0,-1237500.0,1500,-102.75838376118604,True,True,5.440431502997093
-767500.0,-1237500.0,1500,-138.76686278666511,True,True,5.360922046089016
-762500.0,-1237500.0,1500,-120.72805325193468,True,True,5.063356569001794
-757500.0,-1237500.0,1500,-74.91137197959195,False,True,5.046046050849492
-752500.0,-1237500.0,1500,-63.48430189833823,False,True,4.99849958541488
-747500.0,-1237500.0,1500,-70.5348683751044,False,True,4.897398351245634
-742500.0,-1237500.0,1500,-61.44949254496288,False,True,4.838674082832988
-737500.0,-1237500.0,1500,-57.574421208105974,False,True,4.9189600750999
-732500.0,-1237500.0,1500,-62.87310422834767,True,True,5.031830571716513
-727500.0,-1237500.0,1500,-65.88078045956955,True,True,5.061016183861341
-722500.0,-1237500.0,1500,-59.548227616767356,True,True,5.0861252374422135
-717500.0,-1237500.0,1500,-42.97911235408038,False,True,5.20272692044934
-712500.0,-1237500.0,1500,-30.37161462637402,False,True,5.142981418116212
-707500.0,-1237500.0,1500,-30.676140324913668,False,True,5.015867323933261
-702500.0,-1237500.0,1500,-36.25520313752829,False,True,5.036866832400338
-697500.0,-1237500.0,1500,-39.973364731099196,False,True,5.15953930665163
-692500.0,-1237500.0,1500,-49.35563162984973,True,True,5.144102891765898
-687500.0,-1237500.0,1500,-63.35328620360392,True,True,5.086918788938813
-682500.0,-1237500.0,1500,-71.6609312194494,True,True,5.126921014889533
-677500.0,-1237500.0,1500,-76.50799381919573,True,True,5.094809757293694
-672500.0,-1237500.0,1500,-82.38399021237352,True,True,5.092859167968792
-667500.0,-1237500.0,1500,-82.64271808567646,False,True,5.144759129993183
-662500.0,-1237500.0,1500,-74.96408103581834,False,True,5.109897749586142
-657500.0,-1237500.0,1500,-67.32872443582774,False,True,5.080514443487207
-652500.0,-1237500.0,1500,-73.31538622122861,False,True,5.201042571999065
-647500.0,-1237500.0,1500,-87.27830848520911,False,True,5.360137595984368
-642500.0,-1237500.0,1500,-91.9441209193482,False,True,5.285823940234944
-637500.0,-1237500.0,1500,-82.9530391140413,True,True,5.234375783460359
-632500.0,-1237500.0,1500,-66.64453122919878,False,True,5.649179476804613
-627500.0,-1237500.0,1500,-58.852621709641106,False,True,6.41998886701956
-622500.0,-1237500.0,1500,-61.757481604459485,True,True,7.376935541298499
-617500.0,-1237500.0,1500,-52.63159769087471,False,True,8.221337903877574
-612500.0,-1237500.0,1500,-39.96060653507256,False,True,9.139285523589766
-607500.0,-1237500.0,1500,-45.70749016433058,False,True,10.26040703535397
-602500.0,-1237500.0,1500,-60.92608278734809,False,True,11.394104245466915
-597500.0,-1237500.0,1500,-65.80052490409575,False,True,12.170564528597986
-592500.0,-1237500.0,1500,-56.67969846241728,False,False,12.410815262013287
-587500.0,-1237500.0,1500,-45.862719352330764,False,False,12.467732679204872
-582500.0,-1237500.0,1500,-39.01093668341673,False,False,12.542453804874869
-1047500.0,-1232500.0,1500,-60.27481136053549,False,False,10.339066339696217
-1042500.0,-1232500.0,1500,-62.19509097674626,False,False,8.758657203574325
-1037500.0,-1232500.0,1500,-64.09729816494155,False,True,6.876210588731977
-1032500.0,-1232500.0,1500,-67.45084229177013,False,True,5.8797230843515615
-1027500.0,-1232500.0,1500,-70.2936249323162,False,True,5.589386100532197
-1022500.0,-1232500.0,1500,-74.34343468647126,False,True,5.83077468470464
-1017500.0,-1232500.0,1500,-77.49947885250506,False,True,5.898111350304616
-1012500.0,-1232500.0,1500,-76.76713838611032,False,True,5.571014984375153
-1007500.0,-1232500.0,1500,-72.90050608816003,False,True,5.490476264291359
-1002500.0,-1232500.0,1500,-66.94837631965393,False,True,5.3585757832127205
-997500.0,-1232500.0,1500,-57.884665030491206,False,True,4.737031143212393
-992500.0,-1232500.0,1500,-52.07497921801982,False,True,4.669014435647592
-987500.0,-1232500.0,1500,-61.37137627288481,False,True,5.127273940414686
-982500.0,-1232500.0,1500,-79.39673944031966,True,True,4.509825399529181
-977500.0,-1232500.0,1500,-85.17230280748292,True,True,4.633109199213028
-972500.0,-1232500.0,1500,-73.59615761356847,True,True,5.189400823650163
-967500.0,-1232500.0,1500,-70.1670648277352,False,True,4.918262209121326
-962500.0,-1232500.0,1500,-66.56922010629077,False,True,4.4514347553716
-957500.0,-1232500.0,1500,-53.43636344605303,False,True,4.137619115957964
-952500.0,-1232500.0,1500,-46.331179121733854,False,True,3.976277447415555
-947500.0,-1232500.0,1500,-44.54003490191181,False,False,3.838968492145004
-942500.0,-1232500.0,1500,-33.18710953874678,False,False,3.983970145642532
-937500.0,-1232500.0,1500,-1.1765493588663891,False,False,4.063975846268768
-932500.0,-1232500.0,1500,16.613627099955547,False,False,4.1744863838233215
-927500.0,-1232500.0,1500,0.04031002518301646,False,False,4.210857716745248
-922500.0,-1232500.0,1500,-23.450674238707116,False,False,4.1911791199745565
-917500.0,-1232500.0,1500,-40.204543595477276,False,False,4.539323610481787
-912500.0,-1232500.0,1500,-50.04273957102922,False,False,5.568748458852441
-907500.0,-1232500.0,1500,-36.59731220069591,False,False,7.038602451613999
-902500.0,-1232500.0,1500,-25.57850229075581,False,False,7.890282135153505
-897500.0,-1232500.0,1500,-41.77903796497087,False,False,7.428753827011466
-892500.0,-1232500.0,1500,-57.96923566069745,False,False,5.593451188420724
-887500.0,-1232500.0,1500,-72.2050313026432,False,False,4.02857712995738
-882500.0,-1232500.0,1500,-85.64584906569038,False,False,3.6047033473748322
-877500.0,-1232500.0,1500,-78.18026061278677,False,False,3.4344089505111492
-872500.0,-1232500.0,1500,-56.16596066712223,False,False,3.4084955342751706
-867500.0,-1232500.0,1500,-28.07211279985243,False,False,3.4570697907948884
-862500.0,-1232500.0,1500,0.01083054995619881,False,True,3.413994170413285
-857500.0,-1232500.0,1500,-1.9929758471732988,False,True,3.66878118956679
-852500.0,-1232500.0,1500,-30.427112808004303,False,True,4.109192563388204
-847500.0,-1232500.0,1500,-52.99840650911837,False,True,4.530100608287294
-842500.0,-1232500.0,1500,-72.9894574554992,True,True,4.884953123368246
-837500.0,-1232500.0,1500,-94.00678107606177,True,True,4.951466224590352
-832500.0,-1232500.0,1500,-95.71255011550205,True,True,4.924520710724251
-827500.0,-1232500.0,1500,-75.14367112889263,True,True,4.765478905026955
-822500.0,-1232500.0,1500,-46.39463743628635,False,True,4.410281939330358
-817500.0,-1232500.0,1500,-18.97043666584291,False,True,4.115933780959938
-812500.0,-1232500.0,1500,-29.39841250763922,False,True,4.355887769857954
-807500.0,-1232500.0,1500,-61.97628795075608,True,True,4.864119334138014
-802500.0,-1232500.0,1500,-62.000211892041804,True,True,5.089222312374165
-797500.0,-1232500.0,1500,-45.95096518161205,False,True,5.040292038494092
-792500.0,-1232500.0,1500,-46.691791590370514,False,True,4.963359894712921
-787500.0,-1232500.0,1500,-57.20150253509136,True,True,5.078233227677454
-782500.0,-1232500.0,1500,-55.07151816536828,False,True,5.166572871521565
-777500.0,-1232500.0,1500,-63.64896141736162,False,True,5.199894860711024
-772500.0,-1232500.0,1500,-100.20886203160883,True,True,5.269873164260673
-767500.0,-1232500.0,1500,-130.66524107920188,True,True,5.17095103626346
-762500.0,-1232500.0,1500,-118.34047617325398,True,True,5.11096616366699
-757500.0,-1232500.0,1500,-75.1340343942051,False,True,5.014366932988226
-752500.0,-1232500.0,1500,-59.26814085069056,False,True,4.926710462160557
-747500.0,-1232500.0,1500,-67.19579670561833,False,True,4.943306310114305
-742500.0,-1232500.0,1500,-60.170875329744554,False,True,4.847198709534444
-737500.0,-1232500.0,1500,-59.59749331475856,True,True,4.960000767489746
-732500.0,-1232500.0,1500,-58.96309771113358,True,True,5.021163798875332
-727500.0,-1232500.0,1500,-52.51215739886439,True,True,4.912671027890643
-722500.0,-1232500.0,1500,-46.54436514901904,True,True,5.063939041118038
-717500.0,-1232500.0,1500,-30.28604743352223,False,True,5.155437385136447
-712500.0,-1232500.0,1500,-19.15239792220408,False,True,4.874889236542169
-707500.0,-1232500.0,1500,-22.598911459342013,False,True,4.625373546999395
-702500.0,-1232500.0,1500,-32.914054518264756,False,True,4.628960476534605
-697500.0,-1232500.0,1500,-43.91446345065691,False,True,4.9322303409579735
-692500.0,-1232500.0,1500,-58.09192928827184,True,True,5.128991610687509
-687500.0,-1232500.0,1500,-69.27028316863247,True,True,5.1131305024349585
-682500.0,-1232500.0,1500,-69.29074121707282,True,True,5.107142299643948
-677500.0,-1232500.0,1500,-67.02784495994965,False,True,5.042721761381948
-672500.0,-1232500.0,1500,-69.47924825133146,False,True,5.092138231410315
-667500.0,-1232500.0,1500,-69.3336809641084,False,True,5.2020730726440245
-662500.0,-1232500.0,1500,-63.80444245227287,False,True,5.132304775296856
-657500.0,-1232500.0,1500,-62.256100607328115,False,True,5.11314559278654
-652500.0,-1232500.0,1500,-76.15271393443308,False,True,5.245578746761389
-647500.0,-1232500.0,1500,-87.58398388437706,False,True,5.241956672244183
-642500.0,-1232500.0,1500,-81.37983433955644,False,True,5.10219648650061
-637500.0,-1232500.0,1500,-82.55939282248207,True,True,5.0511106392885265
-632500.0,-1232500.0,1500,-86.19679668981848,True,True,5.082632415953141
-627500.0,-1232500.0,1500,-74.60094921421287,True,True,5.140423610245489
-622500.0,-1232500.0,1500,-69.60054586510378,False,True,5.434175018318264
-617500.0,-1232500.0,1500,-69.3009681030399,False,True,5.908970715053547
-612500.0,-1232500.0,1500,-66.8551191193055,False,True,6.702779392400576
-607500.0,-1232500.0,1500,-74.1889349246456,False,True,7.921967701531455
-602500.0,-1232500.0,1500,-84.59195553500184,False,True,9.324472668092628
-597500.0,-1232500.0,1500,-76.71961270619705,False,True,10.406691264239864
-592500.0,-1232500.0,1500,-54.08634269310285,False,False,10.88723532197008
-587500.0,-1232500.0,1500,-38.4711247355552,False,False,11.193966452475149
-582500.0,-1232500.0,1500,-33.77468753477324,False,False,11.575684250046802
-1047500.0,-1227500.0,1500,-61.730907835346706,False,False,6.157010935122661
-1042500.0,-1227500.0,1500,-59.51524982315116,False,True,5.561464955725896
-1037500.0,-1227500.0,1500,-59.57880924343862,False,True,5.3495013811490155
-1032500.0,-1227500.0,1500,-62.45232475084118,False,True,5.689460393805122
-1027500.0,-1227500.0,1500,-64.64376384604269,False,True,5.840125430974335
-1022500.0,-1227500.0,1500,-67.63373209585754,True,True,5.602395445120202
-1017500.0,-1227500.0,1500,-69.62322479723336,False,True,5.504643122267639
-1012500.0,-1227500.0,1500,-67.97635362573963,False,True,5.698907476085502
-1007500.0,-1227500.0,1500,-65.65578981472338,False,True,5.9462878258024965
-1002500.0,-1227500.0,1500,-61.519285756123935,False,True,5.582778588728446
-997500.0,-1227500.0,1500,-49.84107252267161,False,True,4.591599564677893
-992500.0,-1227500.0,1500,-43.89223552283046,False,True,4.013258833853546
-987500.0,-1227500.0,1500,-57.23227293321646,False,True,4.910520330591533
-982500.0,-1227500.0,1500,-78.8339106368192,True,True,4.856524325427618
-977500.0,-1227500.0,1500,-91.57130735896801,True,True,3.9884963769535897
-972500.0,-1227500.0,1500,-89.73723543692857,True,True,4.119412007169097
-967500.0,-1227500.0,1500,-80.92193699261935,False,True,4.3716620023590895
-962500.0,-1227500.0,1500,-66.5315507159276,False,True,4.36642143952429
-957500.0,-1227500.0,1500,-52.36990015500896,False,True,4.089194089258166
-952500.0,-1227500.0,1500,-50.93684661466495,False,True,4.082489615880691
-947500.0,-1227500.0,1500,-55.37359051736428,False,False,4.328400914647211
-942500.0,-1227500.0,1500,-46.85513453829711,False,False,4.455962457577817
-937500.0,-1227500.0,1500,-21.025181358310984,False,False,4.25018917378557
-932500.0,-1227500.0,1500,-2.085556445865493,False,False,4.042961847179125
-927500.0,-1227500.0,1500,-8.237345445323635,False,False,4.279394183770846
-922500.0,-1227500.0,1500,-24.04337885578559,False,False,5.183889647583876
-917500.0,-1227500.0,1500,-35.11381362588064,False,False,6.786057818486896
-912500.0,-1227500.0,1500,-38.5955888409038,False,False,8.261182821338092
-907500.0,-1227500.0,1500,-27.817744591815735,False,False,8.979587743553093
-902500.0,-1227500.0,1500,-28.18075889842228,False,False,8.65615371190512
-897500.0,-1227500.0,1500,-36.57036180279514,False,False,6.993361186486907
-892500.0,-1227500.0,1500,-38.75887428098132,False,False,4.704830239114508
-887500.0,-1227500.0,1500,-57.98977292612861,False,False,3.61342718109744
-882500.0,-1227500.0,1500,-77.7765089504574,False,False,3.5317011472898807
-877500.0,-1227500.0,1500,-81.49148220638322,False,False,3.3933074423828384
-872500.0,-1227500.0,1500,-62.43892491092814,False,False,3.329615879347066
-867500.0,-1227500.0,1500,-24.049211749901517,False,False,3.398180326553679
-862500.0,-1227500.0,1500,3.66739373194839,False,True,3.5053566715409543
-857500.0,-1227500.0,1500,-10.808913078584405,False,True,3.881745382069249
-852500.0,-1227500.0,1500,-36.37827860277584,False,True,4.236455714137947
-847500.0,-1227500.0,1500,-48.058434660398596,False,True,4.547420109884959
-842500.0,-1227500.0,1500,-66.19856975927718,True,True,4.890682338319349
-837500.0,-1227500.0,1500,-79.89720386283807,True,True,4.803603321010877
-832500.0,-1227500.0,1500,-78.00337407847691,True,True,4.611445412411339
-827500.0,-1227500.0,1500,-47.6683084480418,False,True,4.427719547021605
-822500.0,-1227500.0,1500,-22.917323605733444,False,True,4.17401356547394
-817500.0,-1227500.0,1500,-16.493538997499112,False,True,4.041520568901286
-812500.0,-1227500.0,1500,-34.69649947309506,False,True,4.53703389084042
-807500.0,-1227500.0,1500,-66.08073461669152,True,True,5.042343126513962
-802500.0,-1227500.0,1500,-60.73444002191307,True,True,5.115752125908005
-797500.0,-1227500.0,1500,-44.0305658690726,False,True,5.128312203897847
-792500.0,-1227500.0,1500,-42.72883809079788,False,True,5.046960461076216
-787500.0,-1227500.0,1500,-54.48814075833558,False,True,5.11019875496599
-782500.0,-1227500.0,1500,-63.67356603141894,True,True,5.140215107912573
-777500.0,-1227500.0,1500,-74.42464743282997,True,True,5.211473050841612
-772500.0,-1227500.0,1500,-100.90330708300156,True,True,5.416736849574811
-767500.0,-1227500.0,1500,-124.1380601513981,True,True,5.250900090254492
-762500.0,-1227500.0,1500,-116.57588594659809,True,True,5.115024913736709
-757500.0,-1227500.0,1500,-80.43006470032009,True,True,5.0288388647215685
-752500.0,-1227500.0,1500,-66.0262314201626,True,True,4.929226403887802
-747500.0,-1227500.0,1500,-74.64546920912237,True,True,5.014237770830594
-742500.0,-1227500.0,1500,-70.86506887056188,True,True,4.916565681112592
-737500.0,-1227500.0,1500,-64.43921758025361,True,True,4.916620717822626
-732500.0,-1227500.0,1500,-49.25097974627656,True,True,5.041155445949661
-727500.0,-1227500.0,1500,-37.31897337733706,True,True,5.0331865169791286
-722500.0,-1227500.0,1500,-36.61851510594187,True,True,5.1312426289251345
-717500.0,-1227500.0,1500,-27.063488619310014,False,True,5.066685433435978
-712500.0,-1227500.0,1500,-22.682916948446856,False,True,4.741952656905686
-707500.0,-1227500.0,1500,-27.03855419042565,False,True,4.60503289387775
-702500.0,-1227500.0,1500,-37.33491392935101,False,True,4.672505150434303
-697500.0,-1227500.0,1500,-51.75420239306066,False,True,4.9023345828709095
-692500.0,-1227500.0,1500,-63.955803964980355,True,True,5.010140972303366
-687500.0,-1227500.0,1500,-70.68287194662265,True,True,5.042768684766145
-682500.0,-1227500.0,1500,-69.22017181884858,True,True,5.104992314806564
-677500.0,-1227500.0,1500,-63.922382763311596,True,True,5.00957981213157
-672500.0,-1227500.0,1500,-58.24462424269816,True,True,5.033906462403124
-667500.0,-1227500.0,1500,-55.82921476907593,False,True,5.1395407301897045
-662500.0,-1227500.0,1500,-56.42892119616443,False,True,5.086817804106053
-657500.0,-1227500.0,1500,-66.83253923206047,False,True,5.153469126488403
-652500.0,-1227500.0,1500,-87.34664700961187,False,True,5.282020901348736
-647500.0,-1227500.0,1500,-85.32343020453897,False,True,5.126178765109515
-642500.0,-1227500.0,1500,-59.20211696396815,False,True,5.065985297567426
-637500.0,-1227500.0,1500,-68.23334781686799,True,True,5.129529829382809
-632500.0,-1227500.0,1500,-99.36475049395747,True,True,5.0929955325795735
-627500.0,-1227500.0,1500,-99.4027346186923,True,True,5.1462608132354895
-622500.0,-1227500.0,1500,-90.72362251938172,True,True,5.1770230314038095
-617500.0,-1227500.0,1500,-90.47765395836119,True,True,5.046673961903479
-612500.0,-1227500.0,1500,-82.04333755572537,True,True,5.0599945997503255
-607500.0,-1227500.0,1500,-73.69459970021214,False,True,5.463325042148623
-602500.0,-1227500.0,1500,-76.82308031023312,False,True,6.2927900529930865
-597500.0,-1227500.0,1500,-67.80081545297786,False,True,7.356169666256758
-592500.0,-1227500.0,1500,-41.13966195541121,False,True,8.202025872868136
-587500.0,-1227500.0,1500,-26.454943315703986,False,False,9.001881657014724
-582500.0,-1227500.0,1500,-27.996132137946077,False,False,9.862398433831608
-1047500.0,-1222500.0,1500,-57.8789414589405,False,False,4.907986511912101
-1042500.0,-1222500.0,1500,-50.9192894307073,False,False,5.232421414928253
-1037500.0,-1222500.0,1500,-51.401074551310856,False,True,5.367119439589357
-1032500.0,-1222500.0,1500,-56.84029915895764,False,True,5.232504590191313
-1027500.0,-1222500.0,1500,-60.9779368740265,False,True,5.220510969211053
-1022500.0,-1222500.0,1500,-61.39014377866806,False,True,5.454624701589966
-1017500.0,-1222500.0,1500,-62.10878297033962,False,True,5.754780796417765
-1012500.0,-1222500.0,1500,-61.261640365285714,False,True,5.51158861473206
-1007500.0,-1222500.0,1500,-58.08916175118345,False,True,5.231173112665275
-1002500.0,-1222500.0,1500,-54.16500739709416,False,True,5.196594384787339
-997500.0,-1222500.0,1500,-43.00357726096605,False,True,4.989958844477482
-992500.0,-1222500.0,1500,-40.62033472349582,False,True,4.2612082764554104
-987500.0,-1222500.0,1500,-58.73052069335924,False,True,4.3643045344770695
-982500.0,-1222500.0,1500,-82.54938597301215,True,True,4.686564596913206
-977500.0,-1222500.0,1500,-95.70061936213239,True,True,4.0265879206304325
-972500.0,-1222500.0,1500,-91.38654819785936,True,True,3.977350863671366
-967500.0,-1222500.0,1500,-75.76741733718394,False,True,4.230659100059562
-962500.0,-1222500.0,1500,-55.20381531285693,False,True,4.402627018448165
-957500.0,-1222500.0,1500,-39.68756503609454,False,True,4.6270723945104075
-952500.0,-1222500.0,1500,-40.58002336745586,False,True,4.6388364216943305
-947500.0,-1222500.0,1500,-49.88665294674688,False,False,4.410689146613128
-942500.0,-1222500.0,1500,-51.71325296324898,False,False,4.242674768629411
-937500.0,-1222500.0,1500,-40.705789519567226,False,False,4.414020988868446
-932500.0,-1222500.0,1500,-23.466152817909585,False,False,4.88381895498807
-927500.0,-1222500.0,1500,-22.25555183818431,False,False,5.750438748035382
-922500.0,-1222500.0,1500,-33.19556689553453,False,False,6.881183399918384
-917500.0,-1222500.0,1500,-36.505675512997065,False,False,8.21837859713554
-912500.0,-1222500.0,1500,-32.507793665689746,False,False,9.275613384192674
-907500.0,-1222500.0,1500,-23.899424785186422,False,False,9.40697667685344
-902500.0,-1222500.0,1500,-25.552633150319163,False,False,8.323451895332054
-897500.0,-1222500.0,1500,-31.092145133325843,False,False,5.98855068951624
-892500.0,-1222500.0,1500,-42.94496979510803,False,False,3.9804784615569577
-887500.0,-1222500.0,1500,-60.67484302413044,False,False,3.4307559185393437
-882500.0,-1222500.0,1500,-59.86955771162426,False,False,3.3765761178826024
-877500.0,-1222500.0,1500,-51.00733113205128,False,False,3.340105322699107
-872500.0,-1222500.0,1500,-32.53793024689319,False,False,3.3000801837937295
-867500.0,-1222500.0,1500,1.1910063152793111,False,False,3.3530052967692425
-862500.0,-1222500.0,1500,7.079140985734254,False,False,3.5842093841486413
-857500.0,-1222500.0,1500,-32.99096479647409,False,True,4.10483849036794
-852500.0,-1222500.0,1500,-56.44899724116018,False,True,4.36230562137964
-847500.0,-1222500.0,1500,-55.00580230039452,False,True,4.394875479012198
-842500.0,-1222500.0,1500,-61.83938177668574,False,True,4.636823290125177
-837500.0,-1222500.0,1500,-67.01898840642325,True,True,4.619594142380521
-832500.0,-1222500.0,1500,-59.62602641016248,False,True,4.401878142026182
-827500.0,-1222500.0,1500,-17.40146405207411,False,True,4.084076477114389
-822500.0,-1222500.0,1500,1.6900625026674885,False,True,3.9102027085686544
-817500.0,-1222500.0,1500,-17.83919339398595,False,True,3.9981732061652813
-812500.0,-1222500.0,1500,-41.49480501572464,False,True,4.552704188058417
-807500.0,-1222500.0,1500,-65.01222605347759,True,True,5.04828301887451
-802500.0,-1222500.0,1500,-60.483320699640274,True,True,5.160303031179227
-797500.0,-1222500.0,1500,-46.02641710115297,False,True,5.235926315621688
-792500.0,-1222500.0,1500,-43.33874415320682,False,True,5.250635992134979
-787500.0,-1222500.0,1500,-57.912837724190204,False,True,5.305090989833246
-782500.0,-1222500.0,1500,-78.02884642754655,True,True,5.235262228808891
-777500.0,-1222500.0,1500,-91.07914741660214,True,True,5.228228921551261
-772500.0,-1222500.0,1500,-106.27565207319215,True,True,5.370670186952249
-767500.0,-1222500.0,1500,-122.38421372847253,True,True,5.192787440577971
-762500.0,-1222500.0,1500,-118.19896144059445,True,True,5.051050408652677
-757500.0,-1222500.0,1500,-93.00711269244904,True,True,5.097399575090884
-752500.0,-1222500.0,1500,-81.15325775930995,True,True,4.99843573979011
-747500.0,-1222500.0,1500,-82.23783739706279,True,True,5.050889414829511
-742500.0,-1222500.0,1500,-70.28972323243579,True,True,5.05037680395568
-737500.0,-1222500.0,1500,-50.05118933454428,True,True,4.923101137852899
-732500.0,-1222500.0,1500,-33.783625580623024,False,True,5.009737580005698
-727500.0,-1222500.0,1500,-28.94120560165129,False,True,5.016596967712784
-722500.0,-1222500.0,1500,-31.389762249431772,True,True,4.958543458407371
-717500.0,-1222500.0,1500,-30.05899107524817,False,True,4.88214529402034
-712500.0,-1222500.0,1500,-32.95405436407619,False,True,4.756499794945787
-707500.0,-1222500.0,1500,-38.51804689216153,False,True,4.737203778235182
-702500.0,-1222500.0,1500,-46.17380932038783,False,True,4.930419232838498
-697500.0,-1222500.0,1500,-59.44743002481414,True,True,5.00438025085808
-692500.0,-1222500.0,1500,-66.15871425846014,True,True,4.876646479893542
-687500.0,-1222500.0,1500,-66.67906423906551,True,True,4.917086832034997
-682500.0,-1222500.0,1500,-65.98351737642452,True,True,4.907985305020032
-677500.0,-1222500.0,1500,-60.542596315505214,True,True,4.929630355605439
-672500.0,-1222500.0,1500,-52.431839260644516,True,True,4.983397465689959
-667500.0,-1222500.0,1500,-48.51690848365905,False,True,4.94273434597106
-662500.0,-1222500.0,1500,-54.156363708263854,False,True,5.017791361410387
-657500.0,-1222500.0,1500,-77.13144447390988,True,True,5.177212288037174
-652500.0,-1222500.0,1500,-100.01712887881715,True,True,5.186069084405934
-647500.0,-1222500.0,1500,-83.91806357966706,False,True,5.110038646918143
-642500.0,-1222500.0,1500,-44.543520702257105,False,True,5.097245840027638
-637500.0,-1222500.0,1500,-49.73403351359616,False,True,5.075981997553301
-632500.0,-1222500.0,1500,-92.27310155080397,True,True,5.091684474781534
-627500.0,-1222500.0,1500,-111.92115741625027,True,True,5.198241875898372
-622500.0,-1222500.0,1500,-103.14017773708808,True,True,5.156158557188562
-617500.0,-1222500.0,1500,-86.51619380361863,True,True,4.817500156017282
-612500.0,-1222500.0,1500,-58.47937691872674,False,True,4.3669007573270555
-607500.0,-1222500.0,1500,-35.67700057685434,False,True,4.137251207012773
-602500.0,-1222500.0,1500,-43.25986895175466,False,True,4.329839570282432
-597500.0,-1222500.0,1500,-48.523651835178384,False,True,4.86632636746257
-592500.0,-1222500.0,1500,-28.351346764418686,False,False,5.3716391153660705
-587500.0,-1222500.0,1500,-20.021880871925013,False,False,6.070955910445821
-582500.0,-1222500.0,1500,-27.184360443551206,False,False,7.17510948663533
-1047500.0,-1217500.0,1500,-50.85972470788981,False,False,4.922700911607521
-1042500.0,-1217500.0,1500,-40.072561771454914,False,False,4.849818527313703
-1037500.0,-1217500.0,1500,-41.9747441896625,False,True,4.824303794511836
-1032500.0,-1217500.0,1500,-46.78707389234772,False,True,5.008022657970718
-1027500.0,-1217500.0,1500,-46.8538732983467,False,True,5.329661171488862
-1022500.0,-1217500.0,1500,-50.08422554172716,False,True,5.212764574437024
-1017500.0,-1217500.0,1500,-60.688520643888,False,True,5.069626610716039
-1012500.0,-1217500.0,1500,-63.23662846027725,False,True,4.99457232085269
-1007500.0,-1217500.0,1500,-56.37088831529422,False,True,5.105447012946963
-1002500.0,-1217500.0,1500,-46.86957051102015,False,True,5.0626942132436
-997500.0,-1217500.0,1500,-36.92439652730997,False,True,4.6698106096375
-992500.0,-1217500.0,1500,-39.37588186709311,False,True,4.146026010142916
-987500.0,-1217500.0,1500,-61.85795429804158,False,True,3.961638525893324
-982500.0,-1217500.0,1500,-86.6650044875653,True,True,4.333629594330977
-977500.0,-1217500.0,1500,-94.91355581190166,True,True,4.289444379391376
-972500.0,-1217500.0,1500,-87.13735181573283,True,True,3.869642029474644
-967500.0,-1217500.0,1500,-72.96564234952481,False,True,4.339142724678824
-962500.0,-1217500.0,1500,-55.8677050461261,False,True,5.077111178407293
-957500.0,-1217500.0,1500,-39.85348925535816,False,True,4.822498528595062
-952500.0,-1217500.0,1500,-33.50200064393898,False,True,4.422428520254071
-947500.0,-1217500.0,1500,-36.44284387601049,False,False,4.418237982310449
-942500.0,-1217500.0,1500,-43.0949558378768,False,False,5.051300124426736
-937500.0,-1217500.0,1500,-44.640610107947964,False,False,5.905973626323727
-932500.0,-1217500.0,1500,-37.23909106815856,False,False,6.005644838927437
-927500.0,-1217500.0,1500,-38.82285011213916,False,False,5.572855688212137
-922500.0,-1217500.0,1500,-44.28168571859996,False,False,6.038100740903093
-917500.0,-1217500.0,1500,-39.096004739445796,False,False,7.774265746086011
-912500.0,-1217500.0,1500,-29.271356586261415,False,False,9.137009914699023
-907500.0,-1217500.0,1500,-19.855811231481873,False,False,9.03308565952475
-902500.0,-1217500.0,1500,-18.57540322626381,False,False,7.40745020672786
-897500.0,-1217500.0,1500,-28.273906855367933,False,False,4.946118696401404
-892500.0,-1217500.0,1500,-50.43158977239711,False,False,3.528990426425058
-887500.0,-1217500.0,1500,-47.45584143465675,False,False,3.3366398237107497
-882500.0,-1217500.0,1500,-37.5790379099021,False,False,3.2714283149377303
-877500.0,-1217500.0,1500,-23.382968028394814,False,False,3.2892473961115956
-872500.0,-1217500.0,1500,12.349545417168544,False,False,3.2801915414281004
-867500.0,-1217500.0,1500,35.435640021178614,False,False,3.3390580481691456
-862500.0,-1217500.0,1500,6.853527389790073,False,False,3.6505415816649007
-857500.0,-1217500.0,1500,-48.30210455908784,False,True,4.164777744153356
-852500.0,-1217500.0,1500,-60.81179954756713,False,True,4.4200495589005016
-847500.0,-1217500.0,1500,-50.52239781373839,False,True,4.239373372139343
-842500.0,-1217500.0,1500,-38.59719294176915,False,True,4.13456978805653
-837500.0,-1217500.0,1500,-29.966579307218623,False,True,4.1845110482551195
-832500.0,-1217500.0,1500,-29.33696925586594,False,True,4.141706328872685
-827500.0,-1217500.0,1500,-13.882915817150897,False,True,3.9266556189893076
-822500.0,-1217500.0,1500,-10.009876947341724,False,True,3.8505730375154656
-817500.0,-1217500.0,1500,-24.527698099925615,False,True,4.038770924815506
-812500.0,-1217500.0,1500,-39.64837498506266,False,True,4.565855593942423
-807500.0,-1217500.0,1500,-58.66440115734938,True,True,5.0299491351726955
-802500.0,-1217500.0,1500,-62.205351083231356,True,True,5.101358082243287
-797500.0,-1217500.0,1500,-52.4621931823408,True,True,5.096872928509397
-792500.0,-1217500.0,1500,-48.72858777123381,False,True,5.2222385027121305
-787500.0,-1217500.0,1500,-67.48475841744214,True,True,5.320582585540256
-782500.0,-1217500.0,1500,-92.93752383719732,True,True,5.228505236313273
-777500.0,-1217500.0,1500,-105.62844256483697,True,True,5.18160850697456
-772500.0,-1217500.0,1500,-112.26671064942063,True,True,5.179176120250404
-767500.0,-1217500.0,1500,-119.23368361548339,True,True,5.0756850285263875
-762500.0,-1217500.0,1500,-109.45348539620714,True,True,5.013935238075509
-757500.0,-1217500.0,1500,-89.66697654120004,True,True,5.143099385051741
-752500.0,-1217500.0,1500,-84.45854543146824,True,True,5.195993939369236
-747500.0,-1217500.0,1500,-76.56069335173036,True,True,5.177686069427254
-742500.0,-1217500.0,1500,-51.9713726935142,False,True,5.073370477132152
-737500.0,-1217500.0,1500,-30.634718599950514,False,True,4.876102266665951
-732500.0,-1217500.0,1500,-23.154290537943663,False,True,4.836016785480417
-727500.0,-1217500.0,1500,-23.40203292657437,False,True,4.807142639368773
-722500.0,-1217500.0,1500,-26.89416122772461,True,True,4.819524660874059
-717500.0,-1217500.0,1500,-29.20128860838943,False,True,4.82554999622277
-712500.0,-1217500.0,1500,-33.25443639697877,False,True,4.886524257459115
-707500.0,-1217500.0,1500,-41.64015624549307,False,True,4.917352769989407
-702500.0,-1217500.0,1500,-56.154620385922904,True,True,4.952892189817636
-697500.0,-1217500.0,1500,-71.67131783871378,True,True,4.895460024835675
-692500.0,-1217500.0,1500,-70.98755822029663,True,True,4.874437468406866
-687500.0,-1217500.0,1500,-61.815516614291475,True,True,5.004754243717864
-682500.0,-1217500.0,1500,-57.55352045511737,True,True,4.892623686857519
-677500.0,-1217500.0,1500,-52.44733320840445,True,True,4.941792008089061
-672500.0,-1217500.0,1500,-44.82161006885302,False,True,4.85557462635885
-667500.0,-1217500.0,1500,-41.47990105643238,False,True,4.703403336298207
-662500.0,-1217500.0,1500,-55.349892634046505,False,True,5.011928434731689
-657500.0,-1217500.0,1500,-86.95626713394722,True,True,5.189628524297181
-652500.0,-1217500.0,1500,-103.34620205157519,True,True,5.118690912532369
-647500.0,-1217500.0,1500,-80.52691565945486,False,True,5.101451634387544
-642500.0,-1217500.0,1500,-43.07552191164301,False,True,4.9391246894705905
-637500.0,-1217500.0,1500,-36.673420059292646,False,True,4.7943528154739035
-632500.0,-1217500.0,1500,-68.16748061355547,False,True,4.955229881488638
-627500.0,-1217500.0,1500,-91.88912548392132,True,True,5.140485297874667
-622500.0,-1217500.0,1500,-81.12463575734152,True,True,4.957888909057248
-617500.0,-1217500.0,1500,-55.152610221802306,False,True,4.511524966604599
-612500.0,-1217500.0,1500,-26.940632213029378,False,True,3.975934668537435
-607500.0,-1217500.0,1500,-8.657958905764527,False,True,3.6777129218908136
-602500.0,-1217500.0,1500,-14.521445442428865,False,True,3.7437181560429296
-597500.0,-1217500.0,1500,-23.073600868317058,False,True,3.9145095524597284
-592500.0,-1217500.0,1500,-16.046306546892083,False,False,3.9160300240382644
-587500.0,-1217500.0,1500,-19.77646412766021,False,False,4.034552060355309
-582500.0,-1217500.0,1500,-27.099819014289857,False,False,4.601803146335295
-1047500.0,-1212500.0,1500,-39.774748544708594,False,False,4.667723158632947
-1042500.0,-1212500.0,1500,-26.900710723693813,False,False,4.759064057595862
-1037500.0,-1212500.0,1500,-36.63713713021537,False,False,4.970441650811286
-1032500.0,-1212500.0,1500,-33.91233823322764,False,True,4.874231716877333
-1027500.0,-1212500.0,1500,-24.113898421164976,False,True,4.656495536113164
-1022500.0,-1212500.0,1500,-33.8468040219256,False,True,4.669817935593693
-1017500.0,-1212500.0,1500,-42.07282603444308,False,True,5.005131342863683
-1012500.0,-1212500.0,1500,-41.29772161216432,False,True,5.042869410489233
-1007500.0,-1212500.0,1500,-44.64263345479927,False,False,4.6298897526621
-1002500.0,-1212500.0,1500,-37.32256541643242,False,True,4.165539052423436
-997500.0,-1212500.0,1500,-28.422590111792278,False,True,4.073812867866791
-992500.0,-1212500.0,1500,-38.159366818230225,False,True,4.134839288955495
-987500.0,-1212500.0,1500,-67.25026828153577,False,True,3.831871302657092
-982500.0,-1212500.0,1500,-91.62848247146465,True,True,4.136321651847059
-977500.0,-1212500.0,1500,-85.21834772914792,True,True,4.904536440168128
-972500.0,-1212500.0,1500,-71.45233357871808,False,True,4.727991291586273
-967500.0,-1212500.0,1500,-69.52479805296088,False,True,4.562207476677582
-962500.0,-1212500.0,1500,-59.424657327349266,False,True,4.767432054199089
-957500.0,-1212500.0,1500,-39.75538761056554,False,True,4.562361226263723
-952500.0,-1212500.0,1500,-21.304525480934704,False,False,4.535063872880078
-947500.0,-1212500.0,1500,-12.87277771039637,False,False,5.2602724050909675
-942500.0,-1212500.0,1500,-18.837926290517434,False,False,5.988565471661698
-937500.0,-1212500.0,1500,-31.41558841424871,False,False,5.681661506129697
-932500.0,-1212500.0,1500,-39.219497788196556,False,False,4.851806804213812
-927500.0,-1212500.0,1500,-44.36403333449341,False,False,4.512792074210722
-922500.0,-1212500.0,1500,-43.07901486525189,False,False,5.509151913860192
-917500.0,-1212500.0,1500,-30.463548142602114,False,False,7.489576123016306
-912500.0,-1212500.0,1500,-19.98283184684476,False,False,8.757257519725151
-907500.0,-1212500.0,1500,-20.108252733856816,False,False,8.311585411803284
-902500.0,-1212500.0,1500,-23.706950219708837,False,False,6.238738287849025
-897500.0,-1212500.0,1500,-35.623288345760756,False,False,4.109740206641584
-892500.0,-1212500.0,1500,-41.05348687064143,False,False,3.3870859901281936
-887500.0,-1212500.0,1500,-18.889559515542413,False,False,3.376882553261021
-882500.0,-1212500.0,1500,-14.244942022265105,False,False,3.3406343289398066
-877500.0,-1212500.0,1500,-0.5332573406835274,False,False,3.301572046401681
-872500.0,-1212500.0,1500,25.575865084854758,False,False,3.3094164019274985
-867500.0,-1212500.0,1500,16.575960303805886,False,False,3.5106500370388423
-862500.0,-1212500.0,1500,-28.647951655495778,False,False,3.8080729708924492
-857500.0,-1212500.0,1500,-65.99281864521264,False,False,4.0703433143901355
-852500.0,-1212500.0,1500,-51.20089372482464,False,True,4.202353304223822
-847500.0,-1212500.0,1500,-22.568601578663777,False,True,3.9213174196629383
-842500.0,-1212500.0,1500,3.7970887820609063,False,True,3.604907301012407
-837500.0,-1212500.0,1500,17.301382116060417,False,True,3.623523683262682
-832500.0,-1212500.0,1500,-6.9132647830050376,False,True,3.791788478311271
-827500.0,-1212500.0,1500,-34.792049110477215,False,True,4.0171026519071695
-822500.0,-1212500.0,1500,-39.423969312032575,False,True,4.048611095861452
-817500.0,-1212500.0,1500,-37.176113991788704,False,True,4.154121702334701
-812500.0,-1212500.0,1500,-43.901492992332614,False,True,4.683293080143404
-807500.0,-1212500.0,1500,-57.84393843992234,True,True,4.96904966888724
-802500.0,-1212500.0,1500,-66.2111613417376,True,True,4.9656710371736255
-797500.0,-1212500.0,1500,-63.577780097736145,True,True,5.051171871861493
-792500.0,-1212500.0,1500,-63.412843001646,True,True,5.145906343232259
-787500.0,-1212500.0,1500,-80.58859594033328,True,True,5.089505793096945
-782500.0,-1212500.0,1500,-98.10247403323487,True,True,5.081427034381549
-777500.0,-1212500.0,1500,-106.54075645539723,True,True,5.128636463861049
-772500.0,-1212500.0,1500,-112.58855514849098,True,True,5.084012825530641
-767500.0,-1212500.0,1500,-112.0634847240591,True,True,5.108873776737365
-762500.0,-1212500.0,1500,-88.1759122898601,True,True,5.069955005053322
-757500.0,-1212500.0,1500,-63.161304083929345,True,True,5.159736749477572
-752500.0,-1212500.0,1500,-65.9972172623308,True,True,5.336599260902319
-747500.0,-1212500.0,1500,-63.975673967757,True,True,5.279729336200793
-742500.0,-1212500.0,1500,-41.542399990431655,False,True,5.118999071631103
-737500.0,-1212500.0,1500,-29.347224572688148,False,True,4.960463844922685
-732500.0,-1212500.0,1500,-28.2114220793513,False,True,4.829750472952988
-727500.0,-1212500.0,1500,-27.176610871751254,True,True,4.853487547704652
-722500.0,-1212500.0,1500,-26.915373884504774,True,True,4.919680982693705
-717500.0,-1212500.0,1500,-25.15113440516229,False,True,4.900106025761651
-712500.0,-1212500.0,1500,-29.719813069587726,False,True,4.961617143649791
-707500.0,-1212500.0,1500,-46.323212006915796,True,True,4.985950610601799
-702500.0,-1212500.0,1500,-68.27110236684099,True,True,4.967452435459269
-697500.0,-1212500.0,1500,-80.96924341284756,True,True,4.889697300699817
-692500.0,-1212500.0,1500,-75.4074850112779,True,True,4.969020585133604
-687500.0,-1212500.0,1500,-66.02786993137954,True,True,5.0657174806751595
-682500.0,-1212500.0,1500,-57.60639508929896,True,True,4.934216544707569
-677500.0,-1212500.0,1500,-40.227491578293936,False,True,4.775739968492659
-672500.0,-1212500.0,1500,-31.726403788676514,False,True,4.5803796009139255
-667500.0,-1212500.0,1500,-45.56088429364803,False,True,4.7468618052583205
-662500.0,-1212500.0,1500,-71.17634624994278,True,True,5.173428884214514
-657500.0,-1212500.0,1500,-94.8665705397338,True,True,5.200176914359822
-652500.0,-1212500.0,1500,-87.96787931200319,True,True,4.965842217413373
-647500.0,-1212500.0,1500,-62.30289321536238,False,True,4.833908486936545
-642500.0,-1212500.0,1500,-41.25074515806053,False,True,4.688386839298303
-637500.0,-1212500.0,1500,-29.941679273608738,False,True,4.608631898005902
-632500.0,-1212500.0,1500,-46.27278085215702,False,True,4.809977046487046
-627500.0,-1212500.0,1500,-68.0992094373061,True,True,4.946356702184523
-622500.0,-1212500.0,1500,-65.68558748857893,False,True,4.696388399404105
-617500.0,-1212500.0,1500,-44.04871582056154,False,True,4.2469408927710255
-612500.0,-1212500.0,1500,-23.15901894045828,False,True,3.9128948558792422
-607500.0,-1212500.0,1500,-10.754919141983414,False,True,3.664022712534244
-602500.0,-1212500.0,1500,4.806349950120102,False,True,3.524962437026968
-597500.0,-1212500.0,1500,10.720268735215114,False,False,3.573758543808881
-592500.0,-1212500.0,1500,-2.246087334571489,False,False,3.5418481208436945
-587500.0,-1212500.0,1500,-20.05574111695297,False,False,3.5214042896528737
-582500.0,-1212500.0,1500,-23.20060269054781,False,False,3.5772972386059543
-1047500.0,-1207500.0,1500,-37.63892469481075,False,False,4.8446022082643925
-1042500.0,-1207500.0,1500,-26.955513751040765,False,False,4.576805797964698
-1037500.0,-1207500.0,1500,-40.37281230456279,False,False,4.484238773470059
-1032500.0,-1207500.0,1500,-27.125090924946193,False,False,4.434828315195018
-1027500.0,-1207500.0,1500,-17.698191013565616,False,False,4.559625645588849
-1022500.0,-1207500.0,1500,-27.637631889076065,False,True,4.546348348921992
-1017500.0,-1207500.0,1500,-17.04984185834939,False,False,4.296076041802333
-1012500.0,-1207500.0,1500,-12.993557748638894,False,False,4.079705778856653
-1007500.0,-1207500.0,1500,-23.729406761262233,False,False,3.99102170394985
-1002500.0,-1207500.0,1500,-16.660281274808757,False,True,3.9754675395764014
-997500.0,-1207500.0,1500,-11.033375739195685,False,True,3.940359784598689
-992500.0,-1207500.0,1500,-34.03765923206822,False,True,4.219826683712893
-987500.0,-1207500.0,1500,-69.21592618701767,False,True,4.4997222117159925
-982500.0,-1207500.0,1500,-89.93649090727726,True,True,4.420151708937431
-977500.0,-1207500.0,1500,-55.80579434816721,False,True,4.553896036636723
-972500.0,-1207500.0,1500,-37.29994388029761,False,True,4.723259378961297
-967500.0,-1207500.0,1500,-62.31885636254941,False,True,4.647934272469753
-962500.0,-1207500.0,1500,-60.0992946269235,False,True,4.782728357713519
-957500.0,-1207500.0,1500,-36.15663681990339,False,True,4.702415292639233
-952500.0,-1207500.0,1500,-6.033759089793669,False,False,4.218274192347245
-947500.0,-1207500.0,1500,11.26417310357576,False,False,4.390115445711595
-942500.0,-1207500.0,1500,11.113504060109012,False,False,4.6150563652073355
-937500.0,-1207500.0,1500,-5.7728737388546705,False,False,4.4280295887649075
-932500.0,-1207500.0,1500,-23.647748726017724,False,False,4.719047131694499
-927500.0,-1207500.0,1500,-30.25566536582574,False,False,5.716403262290587
-922500.0,-1207500.0,1500,-29.982824884373457,False,False,7.143796996120185
-917500.0,-1207500.0,1500,-16.563049653904894,False,False,8.302302262630953
-912500.0,-1207500.0,1500,-6.520992551611062,False,False,8.58831051442437
-907500.0,-1207500.0,1500,-17.115360496330847,False,False,7.442629165315539
-902500.0,-1207500.0,1500,-24.167028373277763,False,False,5.074919047249153
-897500.0,-1207500.0,1500,-23.694531130008432,False,False,3.507286926562366
-892500.0,-1207500.0,1500,-8.47912627326828,False,False,3.385279138079939
-887500.0,-1207500.0,1500,-9.690492161865555,False,False,3.460048759188276
-882500.0,-1207500.0,1500,-23.391419171235693,False,False,3.4685759854684814
-877500.0,-1207500.0,1500,-10.10024033159393,False,False,3.4840957039038845
-872500.0,-1207500.0,1500,-13.284197592339671,False,False,3.5909778814423055
-867500.0,-1207500.0,1500,-33.69159147835886,False,False,3.764321548796774
-862500.0,-1207500.0,1500,-61.28194547430224,False,False,3.8407267278355937
-857500.0,-1207500.0,1500,-63.18910684975297,False,False,3.994306705859776
-852500.0,-1207500.0,1500,-19.92551930421625,False,False,3.9307952591760635
-847500.0,-1207500.0,1500,10.809543592211629,False,True,3.484410491701261
-842500.0,-1207500.0,1500,26.98714404377515,False,True,3.3469690253110347
-837500.0,-1207500.0,1500,27.648597858233305,False,True,3.475177401591976
-832500.0,-1207500.0,1500,-12.76439089980755,False,True,3.661861400476498
-827500.0,-1207500.0,1500,-41.36538182701531,False,True,4.002492223450229
-822500.0,-1207500.0,1500,-31.736964427193513,False,True,4.06071410248816
-817500.0,-1207500.0,1500,-25.028860002656575,False,True,4.212809171949956
-812500.0,-1207500.0,1500,-39.995247231285525,False,True,4.766847814743601
-807500.0,-1207500.0,1500,-60.45400214711122,True,True,4.979652259850493
-802500.0,-1207500.0,1500,-72.59247122350736,True,True,4.946878103998159
-797500.0,-1207500.0,1500,-76.1358992470046,True,True,4.973175209620477
-792500.0,-1207500.0,1500,-77.26668117128949,True,True,4.883972984296363
-787500.0,-1207500.0,1500,-76.53404151522506,True,True,4.825128543722088
-782500.0,-1207500.0,1500,-75.11611175569392,True,True,4.921713465781496
-777500.0,-1207500.0,1500,-88.91336133621313,True,True,5.024535184623396
-772500.0,-1207500.0,1500,-109.41874515806775,True,True,5.095425439668885
-767500.0,-1207500.0,1500,-108.84497781246728,True,True,5.1400908697479215
-762500.0,-1207500.0,1500,-76.28332031861183,True,True,5.050122418021518
-757500.0,-1207500.0,1500,-44.05893438084973,True,True,5.086736334908842
-752500.0,-1207500.0,1500,-45.806623112957325,True,True,5.237286816724147
-747500.0,-1207500.0,1500,-56.081538270866325,True,True,5.245801712418459
-742500.0,-1207500.0,1500,-49.60160208289175,True,True,5.240964446271641
-737500.0,-1207500.0,1500,-44.13175607743839,True,True,5.13657534773576
-732500.0,-1207500.0,1500,-40.46836032045406,True,True,4.970762577611353
-727500.0,-1207500.0,1500,-35.057569469098254,True,True,4.962483815372804
-722500.0,-1207500.0,1500,-31.368796445733636,True,True,5.031413797652695
-717500.0,-1207500.0,1500,-28.380160400587158,False,True,5.020884281828382
-712500.0,-1207500.0,1500,-39.919162409013474,True,True,4.988239210100847
-707500.0,-1207500.0,1500,-63.52640902924251,True,True,4.941443732712234
-702500.0,-1207500.0,1500,-78.88741148208176,True,True,4.978916395339759
-697500.0,-1207500.0,1500,-80.49528806863587,True,True,5.011716790476371
-692500.0,-1207500.0,1500,-74.3682590452457,True,True,5.144926377313149
-687500.0,-1207500.0,1500,-68.4480744354655,True,True,5.109822936912712
-682500.0,-1207500.0,1500,-56.50683631558545,True,True,4.919087550337363
-677500.0,-1207500.0,1500,-30.768686259202457,False,True,4.704459826091054
-672500.0,-1207500.0,1500,-32.43562099369378,False,True,4.619628137142714
-667500.0,-1207500.0,1500,-67.21490173126674,True,True,4.904418930753882
-662500.0,-1207500.0,1500,-93.85794939116761,True,True,5.077794393510846
-657500.0,-1207500.0,1500,-93.87469556312571,True,True,5.080190004306936
-652500.0,-1207500.0,1500,-61.138067730511345,False,True,4.740393227753251
-647500.0,-1207500.0,1500,-39.50135979063587,False,True,4.430993808292773
-642500.0,-1207500.0,1500,-41.00799417868609,False,True,4.453589197836014
-637500.0,-1207500.0,1500,-39.67754722758807,False,True,4.504210515252607
-632500.0,-1207500.0,1500,-48.638729589128225,False,True,4.652685884946412
-627500.0,-1207500.0,1500,-65.56244077945728,False,True,4.675608503710825
-622500.0,-1207500.0,1500,-72.34915362259208,False,True,4.487672046442244
-617500.0,-1207500.0,1500,-59.24178923249901,False,True,4.160712910330961
-612500.0,-1207500.0,1500,-35.97059753830152,False,True,3.9477433634166204
-607500.0,-1207500.0,1500,-17.088500891647133,False,True,3.7529309085698443
-602500.0,-1207500.0,1500,13.223324166370897,False,False,3.485246891630322
-597500.0,-1207500.0,1500,25.536354995307487,False,False,3.406264937865756
-592500.0,-1207500.0,1500,4.127672381557055,False,False,3.3735676138685564
-587500.0,-1207500.0,1500,-13.40134002699979,False,False,3.4339435102874307
-582500.0,-1207500.0,1500,-16.004422827852533,False,False,3.5549605938277087
-1047500.0,-1202500.0,1500,-47.7701903807113,False,False,4.622781875130246
-1042500.0,-1202500.0,1500,-42.759887577465925,False,False,4.5949052808606545
-1037500.0,-1202500.0,1500,-38.71554120204154,False,False,4.565762941586596
-1032500.0,-1202500.0,1500,-11.444215116153238,False,False,4.348378450495961
-1027500.0,-1202500.0,1500,7.506487116827229,False,False,4.127869378399511
-1022500.0,-1202500.0,1500,21.839739015063657,False,False,3.806181851938273
-1017500.0,-1202500.0,1500,30.9496914698536,False,False,3.623600141652229
-1012500.0,-1202500.0,1500,16.608423411793726,False,False,3.7594074107257747
-1007500.0,-1202500.0,1500,7.171322496384086,False,False,3.8022769027754744
-1002500.0,-1202500.0,1500,2.86075953889554,False,False,3.9238129654721723
-997500.0,-1202500.0,1500,-11.603447037427726,False,True,4.322942427152676
-992500.0,-1202500.0,1500,-42.128633898953986,False,True,4.7760824291615585
-987500.0,-1202500.0,1500,-71.10483149148402,False,True,4.719547853411111
-982500.0,-1202500.0,1500,-82.76778377684474,False,True,3.988916390364987
-977500.0,-1202500.0,1500,-45.84403351451356,False,True,3.660213885975102
-972500.0,-1202500.0,1500,-24.21017730938445,False,True,4.271148267091014
-967500.0,-1202500.0,1500,-58.37642801566481,False,True,4.684980226341875
-962500.0,-1202500.0,1500,-68.43050736925437,False,True,4.496181037714024
-957500.0,-1202500.0,1500,-44.5842442530063,False,False,4.0299196899984056
-952500.0,-1202500.0,1500,-12.125458155268168,False,False,3.566377212019288
-947500.0,-1202500.0,1500,13.717827510000626,False,False,3.7511643798351155
-942500.0,-1202500.0,1500,27.794370080555478,False,False,4.233615277778674
-937500.0,-1202500.0,1500,18.39619178858375,False,False,5.040241023476643
-932500.0,-1202500.0,1500,-2.0148857474916726,False,False,6.443694276219907
-927500.0,-1202500.0,1500,-10.463968295445921,False,False,7.781435055102365
-922500.0,-1202500.0,1500,-11.809894632523235,False,False,8.710004300114297
-917500.0,-1202500.0,1500,-2.347301952136424,False,False,8.987110281994667
-912500.0,-1202500.0,1500,7.155072856727367,False,False,8.31635655298831
-907500.0,-1202500.0,1500,-1.8853349386122884,False,False,6.406480939998342
-902500.0,-1202500.0,1500,-1.4978440285201917,False,False,4.0987555227151065
-897500.0,-1202500.0,1500,20.179381778451994,False,False,3.117136529582075
-892500.0,-1202500.0,1500,31.17143988083555,False,False,3.2212261877520008
-887500.0,-1202500.0,1500,-10.28463399681927,False,False,3.368131852656484
-882500.0,-1202500.0,1500,-47.11915115708649,False,False,3.4514804710564624
-877500.0,-1202500.0,1500,-45.60096891455312,False,False,3.5861635529022644
-872500.0,-1202500.0,1500,-49.81526220083933,False,False,3.7327284415982986
-867500.0,-1202500.0,1500,-52.174774329024636,False,False,3.74617694068431
-862500.0,-1202500.0,1500,-45.57794010526847,False,False,3.7280291304949844
-857500.0,-1202500.0,1500,-15.66031408905735,False,False,3.805495906362734
-852500.0,-1202500.0,1500,22.69980024810611,False,False,3.6407535127186827
-847500.0,-1202500.0,1500,26.936403876346528,False,False,3.3215139670570535
-842500.0,-1202500.0,1500,10.94106462156581,False,False,3.4413949306395653
-837500.0,-1202500.0,1500,-0.5676934039953001,False,True,3.6734251321160336
-832500.0,-1202500.0,1500,-22.625572435224562,False,True,3.8089540071493193
-827500.0,-1202500.0,1500,-25.072202635305317,False,True,3.9635940912823653
-822500.0,-1202500.0,1500,-14.087778454648571,False,True,4.14442001496186
-817500.0,-1202500.0,1500,-21.660609951424902,False,True,4.480412404338791
-812500.0,-1202500.0,1500,-42.73996184463764,False,True,4.8158248087856315
-807500.0,-1202500.0,1500,-68.51214271952043,True,True,4.998982445024215
-802500.0,-1202500.0,1500,-80.64533450307741,True,True,5.016272030786505
-797500.0,-1202500.0,1500,-81.57441954050744,True,True,4.94311020612609
-792500.0,-1202500.0,1500,-73.11439554081528,True,True,4.768238340116948
-787500.0,-1202500.0,1500,-48.91621484853407,False,True,4.705769673622597
-782500.0,-1202500.0,1500,-36.68422846879643,False,True,4.7631156869146185
-777500.0,-1202500.0,1500,-66.1620673597223,True,True,4.951749719066691
-772500.0,-1202500.0,1500,-103.15749250619508,True,True,5.154911047822013
-767500.0,-1202500.0,1500,-111.08058608589913,True,True,5.027094885446493
-762500.0,-1202500.0,1500,-84.54047105582244,True,True,4.9782234236662
-757500.0,-1202500.0,1500,-51.17079754588402,True,True,5.067665499379687
-752500.0,-1202500.0,1500,-41.70830484329048,True,True,5.105317714010928
-747500.0,-1202500.0,1500,-52.26044124912963,True,True,5.171299301229508
-742500.0,-1202500.0,1500,-56.018681106588225,True,True,5.150427531851874
-737500.0,-1202500.0,1500,-47.78419326675305,True,True,5.022635968064377
-732500.0,-1202500.0,1500,-36.00860089594931,True,True,4.963144113911836
-727500.0,-1202500.0,1500,-29.111861181822086,False,True,4.937032881345702
-722500.0,-1202500.0,1500,-28.568336663282608,True,True,5.001623387069348
-717500.0,-1202500.0,1500,-33.40110218146735,True,True,5.1626374964719455
-712500.0,-1202500.0,1500,-54.468319612094064,True,True,5.148244672918506
-707500.0,-1202500.0,1500,-75.47605358743796,True,True,5.027600527764483
-702500.0,-1202500.0,1500,-79.05780813496067,True,True,5.016446166122035
-697500.0,-1202500.0,1500,-77.13102655800502,True,True,5.0735912225659066
-692500.0,-1202500.0,1500,-74.40928904883252,True,True,5.142153239634637
-687500.0,-1202500.0,1500,-65.56272436888987,True,True,5.07932749203533
-682500.0,-1202500.0,1500,-50.464639262251474,True,True,5.045684104828305
-677500.0,-1202500.0,1500,-40.49666315834376,False,True,5.023999823322091
-672500.0,-1202500.0,1500,-61.09230629051323,True,True,4.979319973875084
-667500.0,-1202500.0,1500,-94.09472354255695,True,True,5.0272271695317965
-662500.0,-1202500.0,1500,-106.12013570805044,True,True,5.005631329902638
-657500.0,-1202500.0,1500,-82.33034421499794,True,True,4.9518033375988315
-652500.0,-1202500.0,1500,-39.854746529746436,False,True,4.58155384095707
-647500.0,-1202500.0,1500,-24.453818880318455,False,True,4.28118441255034
-642500.0,-1202500.0,1500,-37.905370186388744,False,True,4.315123461940818
-637500.0,-1202500.0,1500,-49.56765981029808,False,True,4.255606241774801
-632500.0,-1202500.0,1500,-55.851244612544825,False,True,4.393124988705686
-627500.0,-1202500.0,1500,-71.87525363176374,False,True,4.551889080923841
-622500.0,-1202500.0,1500,-80.2327182314897,False,True,4.450240131760701
-617500.0,-1202500.0,1500,-64.56752339172053,False,True,4.245710492129136
-612500.0,-1202500.0,1500,-39.57801671904033,False,True,4.0869953760772475
-607500.0,-1202500.0,1500,-16.111033444641272,False,False,3.8659216653619475
-602500.0,-1202500.0,1500,8.8521733798311,False,False,3.5647287248019177
-597500.0,-1202500.0,1500,12.801829489908929,False,False,3.44326757410044
-592500.0,-1202500.0,1500,-1.712873538402118,False,False,3.4197578992915654
-587500.0,-1202500.0,1500,-8.194664164021347,False,False,3.492970477980993
-582500.0,-1202500.0,1500,-13.538116548321694,False,False,3.676649047159417
-1047500.0,-1197500.0,1500,-46.18146046687059,False,False,4.642085610182026
-1042500.0,-1197500.0,1500,-40.53438516722638,False,False,4.591778146299843
-1037500.0,-1197500.0,1500,-13.030356745167724,False,False,4.345345133170637
-1032500.0,-1197500.0,1500,39.14763991506656,False,False,3.9494783007167893
-1027500.0,-1197500.0,1500,79.3283603428935,False,False,3.7313897422439144
-1022500.0,-1197500.0,1500,83.0481282515078,False,False,3.631444759550037
-1017500.0,-1197500.0,1500,46.4100117230662,False,False,3.5451478412676667
-1012500.0,-1197500.0,1500,10.885941225322732,False,False,3.701030071886632
-1007500.0,-1197500.0,1500,3.574391875590339,False,False,4.045378826337844
-1002500.0,-1197500.0,1500,-12.629272560616403,False,False,4.34307744089335
-997500.0,-1197500.0,1500,-36.16293417746859,False,True,4.388911979105261
-992500.0,-1197500.0,1500,-54.3059882288357,False,True,4.409809546592134
-987500.0,-1197500.0,1500,-69.33451281490818,False,True,4.5463030240469084
-982500.0,-1197500.0,1500,-70.12207277188554,False,True,4.45903404970393
-977500.0,-1197500.0,1500,-59.954817366855764,False,True,3.9627402107385095
-972500.0,-1197500.0,1500,-47.364348490061275,False,True,3.887577324606586
-967500.0,-1197500.0,1500,-65.18393173132269,False,True,3.990734530708398
-962500.0,-1197500.0,1500,-80.7182514602633,False,False,3.80912719013873
-957500.0,-1197500.0,1500,-53.85087628005574,False,False,3.7733504770423463
-952500.0,-1197500.0,1500,-21.733411494528166,False,False,3.992716506652495
-947500.0,-1197500.0,1500,7.638647359063207,False,False,4.760110890098705
-942500.0,-1197500.0,1500,30.047080402964394,False,False,5.408551349297883
-937500.0,-1197500.0,1500,32.14078798685544,False,False,5.735471627655151
-932500.0,-1197500.0,1500,16.935701112211408,False,False,6.781868107033853
-927500.0,-1197500.0,1500,6.6843699341922465,False,False,8.213566610780084
-922500.0,-1197500.0,1500,4.081408995660945,False,False,9.00087624175436
-917500.0,-1197500.0,1500,8.456810483681835,False,False,8.868216396778472
-912500.0,-1197500.0,1500,17.367731652218065,False,False,7.598842994559615
-907500.0,-1197500.0,1500,12.082010162662613,False,False,5.278966795662458
-902500.0,-1197500.0,1500,18.438823258031594,False,False,3.434693872092556
-897500.0,-1197500.0,1500,37.70918538465564,False,False,3.0501680969045486
-892500.0,-1197500.0,1500,17.211819398465607,False,False,3.155855436584688
-887500.0,-1197500.0,1500,-25.418208728238092,False,False,3.2413816941048927
-882500.0,-1197500.0,1500,-48.09737486618337,False,False,3.35478360326946
-877500.0,-1197500.0,1500,-46.88078187104831,False,False,3.461675436731976
-872500.0,-1197500.0,1500,-35.3497468781815,False,False,3.5461620577908013
-867500.0,-1197500.0,1500,-30.219755694710443,False,False,3.6171665640635466
-862500.0,-1197500.0,1500,-0.24718435532530986,False,False,3.5519834298658965
-857500.0,-1197500.0,1500,31.20752739680728,False,False,3.4519385984988364
-852500.0,-1197500.0,1500,31.13195457599796,False,False,3.4452612489737575
-847500.0,-1197500.0,1500,1.674746480798437,False,False,3.499832374715602
-842500.0,-1197500.0,1500,-36.71995266820494,False,False,3.6403099177149683
-837500.0,-1197500.0,1500,-26.433057035558274,False,False,3.7806896485762898
-832500.0,-1197500.0,1500,-11.807733798959731,False,True,3.9444817293601955
-827500.0,-1197500.0,1500,-18.768649294158944,False,True,4.121371985839947
-822500.0,-1197500.0,1500,-31.72492679572597,False,True,4.478218609906689
-817500.0,-1197500.0,1500,-52.45804304971194,False,True,4.926940778918745
-812500.0,-1197500.0,1500,-70.2886810877817,True,True,5.0241535061502915
-807500.0,-1197500.0,1500,-82.75878559444062,True,True,5.036693797362874
-802500.0,-1197500.0,1500,-82.40466294846232,True,True,5.0276698215422035
-797500.0,-1197500.0,1500,-74.98075944877696,True,True,4.971649723721915
-792500.0,-1197500.0,1500,-58.9776898269321,True,True,4.871123605195097
-787500.0,-1197500.0,1500,-25.974538005745533,False,True,4.541658262388574
-782500.0,-1197500.0,1500,-14.561108868524691,False,True,4.554920261736384
-777500.0,-1197500.0,1500,-47.54394734898908,False,True,4.960807388000552
-772500.0,-1197500.0,1500,-87.86426101624694,True,True,5.146248649597536
-767500.0,-1197500.0,1500,-109.57688312287327,True,True,5.0240600798954675
-762500.0,-1197500.0,1500,-96.21532142098795,True,True,5.0574735169835625
-757500.0,-1197500.0,1500,-64.69550317813776,True,True,5.105090508021751
-752500.0,-1197500.0,1500,-43.46432458088765,True,True,5.100120879186906
-747500.0,-1197500.0,1500,-44.132787952739825,True,True,5.140957825147001
-742500.0,-1197500.0,1500,-47.93636896048654,True,True,4.984562368810612
-737500.0,-1197500.0,1500,-37.40625216559824,True,True,4.819937091164778
-732500.0,-1197500.0,1500,-21.3413301597606,False,True,4.7556910386190845
-727500.0,-1197500.0,1500,-19.20908487043127,False,True,4.759564021428664
-722500.0,-1197500.0,1500,-24.810654341596802,True,True,4.9134400492187735
-717500.0,-1197500.0,1500,-32.60437705326916,True,True,5.214364437899338
-712500.0,-1197500.0,1500,-56.50079219450763,True,True,5.26647347735253
-707500.0,-1197500.0,1500,-69.1423707312938,True,True,5.121796144255093
-702500.0,-1197500.0,1500,-63.44260495231434,True,True,5.075619680305444
-697500.0,-1197500.0,1500,-68.54638211383691,True,True,5.1247941657022755
-692500.0,-1197500.0,1500,-76.10143493834306,True,True,5.070865594211151
-687500.0,-1197500.0,1500,-69.82006793976699,True,True,4.989596436295773
-682500.0,-1197500.0,1500,-58.488094705945386,True,True,5.099895845739465
-677500.0,-1197500.0,1500,-62.576956234174304,True,True,5.2057390198656135
-672500.0,-1197500.0,1500,-88.59405543167439,True,True,5.156857778789881
-667500.0,-1197500.0,1500,-109.91567489688316,True,True,5.120961404515292
-662500.0,-1197500.0,1500,-107.6633838160241,True,True,5.085782585477721
-657500.0,-1197500.0,1500,-72.22265387223914,True,True,4.943208131466267
-652500.0,-1197500.0,1500,-35.561657549420076,False,True,4.642726602704622
-647500.0,-1197500.0,1500,-27.991421966741406,False,True,4.294235621694995
-642500.0,-1197500.0,1500,-35.95241871300511,False,True,4.182636918004929
-637500.0,-1197500.0,1500,-41.74697600557987,False,True,4.146114022215074
-632500.0,-1197500.0,1500,-47.88417760908786,False,True,4.247950351948466
-627500.0,-1197500.0,1500,-62.62304478216128,False,True,4.272564394165004
-622500.0,-1197500.0,1500,-67.20984570792497,False,True,4.167575777491813
-617500.0,-1197500.0,1500,-50.07401352528017,False,True,4.138392964758286
-612500.0,-1197500.0,1500,-26.439593951034205,False,False,4.082585240369931
-607500.0,-1197500.0,1500,-7.055205081834609,False,False,3.852641098627093
-602500.0,-1197500.0,1500,5.61616565663812,False,False,3.5784251300031467
-597500.0,-1197500.0,1500,1.1724008248639362,False,False,3.4925398595430126
-592500.0,-1197500.0,1500,-9.385533094794205,False,False,3.5010149915599715
-587500.0,-1197500.0,1500,-10.194101641436358,False,False,3.6097648087851857
-582500.0,-1197500.0,1500,-13.033600626582816,False,False,3.7059769419635233
-1047500.0,-1192500.0,1500,-37.268002558927066,False,False,4.2577503814901085
-1042500.0,-1192500.0,1500,-20.678892542899995,False,False,4.22559069152955
-1037500.0,-1192500.0,1500,20.632715178822775,False,False,4.147097544328579
-1032500.0,-1192500.0,1500,69.45655617350285,False,False,3.839959649722024
-1027500.0,-1192500.0,1500,80.37388601492744,False,False,3.529353780821174
-1022500.0,-1192500.0,1500,48.45078017072201,False,False,3.528095701848952
-1017500.0,-1192500.0,1500,10.459757172104945,False,False,3.842734020928458
-1012500.0,-1192500.0,1500,-7.005878197139334,False,False,4.127391761105455
-1007500.0,-1192500.0,1500,-12.649108001909216,False,False,4.035763759344716
-1002500.0,-1192500.0,1500,-27.039526057466333,False,False,3.9251373651406536
-997500.0,-1192500.0,1500,-42.99961349962461,False,False,4.0817826130248305
-992500.0,-1192500.0,1500,-51.13012083493887,False,True,4.449382650954154
-987500.0,-1192500.0,1500,-52.88959225766556,False,True,4.679130543593269
-982500.0,-1192500.0,1500,-33.738621098720536,False,True,4.385296576951193
-977500.0,-1192500.0,1500,-40.73222806738129,False,True,3.6785096207096997
-972500.0,-1192500.0,1500,-57.15383490879564,False,True,3.3317292264655687
-967500.0,-1192500.0,1500,-68.0383848488331,False,False,3.591535488056372
-962500.0,-1192500.0,1500,-79.620370569533,False,False,3.7061083797655954
-957500.0,-1192500.0,1500,-51.79649357168417,False,False,3.876261369822048
-952500.0,-1192500.0,1500,-19.01491879147277,False,False,4.94064714912131
-947500.0,-1192500.0,1500,5.574682799155149,False,False,6.347418905090115
-942500.0,-1192500.0,1500,25.694272286017366,False,False,6.326255198244206
-937500.0,-1192500.0,1500,36.54046636493822,False,False,4.860118807355093
-932500.0,-1192500.0,1500,32.28895929299557,False,False,5.038709244461914
-927500.0,-1192500.0,1500,23.36915714954076,False,False,7.01873659595439
-922500.0,-1192500.0,1500,17.788745367726758,False,False,8.27277080356609
-917500.0,-1192500.0,1500,18.881818230937938,False,False,8.121878607778683
-912500.0,-1192500.0,1500,25.604258175547223,False,False,6.493868593092918
-907500.0,-1192500.0,1500,22.24275705217427,False,False,4.3026790442601355
-902500.0,-1192500.0,1500,21.77016484603782,False,False,3.1524112873378245
-897500.0,-1192500.0,1500,16.480052946320924,False,False,3.132790427348791
-892500.0,-1192500.0,1500,-13.26521141280677,False,False,3.2015364177194425
-887500.0,-1192500.0,1500,-14.340150105541582,False,False,3.207079335132744
-882500.0,-1192500.0,1500,-18.55874221589195,False,False,3.2649481364092336
-877500.0,-1192500.0,1500,-16.974787348110745,False,False,3.310958121089535
-872500.0,-1192500.0,1500,6.997804293143982,False,False,3.360251830480344
-867500.0,-1192500.0,1500,9.491564092929815,False,False,3.4855748009822776
-862500.0,-1192500.0,1500,23.58401014639159,False,False,3.489176918196136
-857500.0,-1192500.0,1500,21.069428564115327,False,False,3.4477951356945438
-852500.0,-1192500.0,1500,-4.453628536479667,False,False,3.5285420717101124
-847500.0,-1192500.0,1500,-45.52602975952264,False,False,3.6787009410139175
-842500.0,-1192500.0,1500,-70.9077853144595,False,False,3.8278197977588695
-837500.0,-1192500.0,1500,-39.34879470284425,False,True,3.8667257539958215
-832500.0,-1192500.0,1500,-14.705363959442709,False,True,4.021544784519593
-827500.0,-1192500.0,1500,-30.00686365635989,False,True,4.321922708605776
-822500.0,-1192500.0,1500,-54.19688938974221,False,True,4.738221820378224
-817500.0,-1192500.0,1500,-76.17164485713499,True,True,5.151495609659003
-812500.0,-1192500.0,1500,-88.36940734834967,True,True,5.268868802210451
-807500.0,-1192500.0,1500,-76.85536961773632,True,True,5.167008379862205
-802500.0,-1192500.0,1500,-61.17313507449423,True,True,4.97719240757942
-797500.0,-1192500.0,1500,-57.02453916887615,True,True,5.003855308977266
-792500.0,-1192500.0,1500,-51.807848932734075,False,True,5.011609043582241
-787500.0,-1192500.0,1500,-38.09773356004707,False,True,4.620835495087838
-782500.0,-1192500.0,1500,-33.317238213313225,False,True,4.638199656729749
-777500.0,-1192500.0,1500,-45.201075029322915,False,True,5.016648968684258
-772500.0,-1192500.0,1500,-73.4038367788956,True,True,5.204880001116875
-767500.0,-1192500.0,1500,-105.81830219796939,True,True,5.2007951956363545
-762500.0,-1192500.0,1500,-102.04497561902384,True,True,5.1815336970979295
-757500.0,-1192500.0,1500,-72.11835790615629,True,True,5.1155213554442875
-752500.0,-1192500.0,1500,-47.611796467238555,True,True,5.023761609997698
-747500.0,-1192500.0,1500,-39.87058330780031,True,True,5.049520953731532
-742500.0,-1192500.0,1500,-40.0977391189222,False,True,4.992721646074761
-737500.0,-1192500.0,1500,-34.41086959919673,False,True,4.820170229601086
-732500.0,-1192500.0,1500,-19.202779726326895,False,True,4.629032702452301
-727500.0,-1192500.0,1500,-18.705311847854542,False,True,4.579270462931502
-722500.0,-1192500.0,1500,-29.57297460420341,False,True,4.77530735704901
-717500.0,-1192500.0,1500,-36.678290948114146,True,True,5.094402693756331
-712500.0,-1192500.0,1500,-50.71998237240648,True,True,5.174737426232811
-707500.0,-1192500.0,1500,-54.82908723228031,True,True,5.090622085848313
-702500.0,-1192500.0,1500,-49.919364402527606,False,True,5.089025006805304
-697500.0,-1192500.0,1500,-60.341200645940255,True,True,5.128817236285676
-692500.0,-1192500.0,1500,-73.9482566313863,True,True,5.05227517782177
-687500.0,-1192500.0,1500,-73.8212283643114,True,True,4.951941307710628
-682500.0,-1192500.0,1500,-69.3728543944974,True,True,5.060278319543505
-677500.0,-1192500.0,1500,-75.90659508300641,True,True,5.182671572362797
-672500.0,-1192500.0,1500,-96.95468868228478,True,True,5.1244862517115966
-667500.0,-1192500.0,1500,-112.6670816578151,True,True,5.064443887984476
-662500.0,-1192500.0,1500,-104.57500699388308,True,True,5.047469885981489
-657500.0,-1192500.0,1500,-66.89040563842975,True,True,5.00792550179281
-652500.0,-1192500.0,1500,-36.467192069645876,False,True,4.759168780067941
-647500.0,-1192500.0,1500,-35.562992107273814,False,True,4.345896049035664
-642500.0,-1192500.0,1500,-37.41587032891499,False,True,4.234341623338113
-637500.0,-1192500.0,1500,-25.78685070169808,False,True,4.175228478185183
-632500.0,-1192500.0,1500,-28.100627159972714,False,False,4.071681464615604
-627500.0,-1192500.0,1500,-38.57542104781133,False,True,3.9473105495628547
-622500.0,-1192500.0,1500,-39.198697029176955,False,False,3.8200823485111117
-617500.0,-1192500.0,1500,-34.21826496219431,False,False,3.8208070407814834
-612500.0,-1192500.0,1500,-17.959552897293825,False,False,3.8038291880701234
-607500.0,-1192500.0,1500,-5.88340337147495,False,False,3.6800145466575476
-602500.0,-1192500.0,1500,-4.423129131634307,False,False,3.548381252868769
-597500.0,-1192500.0,1500,-11.79164151800726,False,False,3.5092293923134648
-592500.0,-1192500.0,1500,-15.83061510845669,False,False,3.5287777278162453
-587500.0,-1192500.0,1500,-7.583959101493773,False,False,3.6676554353211657
-582500.0,-1192500.0,1500,-2.5406816709348843,False,False,3.725514539443664
-1047500.0,-1187500.0,1500,-35.47535721451089,False,False,4.228648616281853
-1042500.0,-1187500.0,1500,-17.55835221989916,False,False,4.075582114860627
-1037500.0,-1187500.0,1500,14.723499705479371,False,False,3.8856186249615274
-1032500.0,-1187500.0,1500,36.34858688385372,False,False,3.7076058648460117
-1027500.0,-1187500.0,1500,26.263231650870626,False,False,3.728698938691285
-1022500.0,-1187500.0,1500,11.159417641751318,False,False,3.925708700728633
-1017500.0,-1187500.0,1500,12.773413279378126,False,False,3.8635052053638317
-1012500.0,-1187500.0,1500,14.670063682508655,False,False,3.536755766795859
-1007500.0,-1187500.0,1500,2.816513894994608,False,False,3.3327911812157067
-1002500.0,-1187500.0,1500,-12.094738055515204,False,False,3.663644844113768
-997500.0,-1187500.0,1500,-24.081711410090833,False,False,4.1803485546880195
-992500.0,-1187500.0,1500,-36.36469923799293,False,False,4.246143819258753
-987500.0,-1187500.0,1500,-36.56632719270941,False,False,3.9273711370054776
-982500.0,-1187500.0,1500,-18.784746113632828,False,True,3.6309041014693166
-977500.0,-1187500.0,1500,-32.31363642001336,False,False,3.5303898965950196
-972500.0,-1187500.0,1500,-40.12064212314942,False,False,3.2654105228445918
-967500.0,-1187500.0,1500,-41.004372545504616,False,False,3.364310107091523
-962500.0,-1187500.0,1500,-64.00144270451773,False,False,4.253125646263509
-957500.0,-1187500.0,1500,-53.9969707661464,False,False,5.616078487596798
-952500.0,-1187500.0,1500,-25.783788086054155,False,False,7.188566475965207
-947500.0,-1187500.0,1500,-1.7032986493417435,False,False,8.144965311759686
-942500.0,-1187500.0,1500,19.953805916909754,False,False,7.520218371648689
-937500.0,-1187500.0,1500,34.269022052395144,False,False,5.347058326445914
-932500.0,-1187500.0,1500,36.514872818738446,False,False,3.961565153922053
-927500.0,-1187500.0,1500,31.819599518540322,False,False,5.047517584407108
-922500.0,-1187500.0,1500,27.011744670722184,False,False,6.786080124257497
-917500.0,-1187500.0,1500,28.38230103502043,False,False,6.956028396692313
-912500.0,-1187500.0,1500,33.70796489721511,False,False,5.27004947419874
-907500.0,-1187500.0,1500,36.5288116424166,False,False,3.535089447527362
-902500.0,-1187500.0,1500,29.8816063839226,False,False,3.0357275917786004
-897500.0,-1187500.0,1500,9.416267703613856,False,False,3.1160207961432524
-892500.0,-1187500.0,1500,-10.581187500986111,False,False,3.169119206022164
-887500.0,-1187500.0,1500,-1.9372806421635858,False,False,3.2125680624112025
-882500.0,-1187500.0,1500,-4.164760948530186,False,False,3.2546455545611703
-877500.0,-1187500.0,1500,2.938262656085258,False,False,3.2701655694657408
-872500.0,-1187500.0,1500,20.515821600247254,False,False,3.2934047927222005
-867500.0,-1187500.0,1500,10.167016699863415,False,False,3.4067477673849322
-862500.0,-1187500.0,1500,-5.334389124319923,False,False,3.535239150909801
-857500.0,-1187500.0,1500,-20.38659277185959,False,False,3.5560807266121204
-852500.0,-1187500.0,1500,-32.02636005400373,False,False,3.616970619366506
-847500.0,-1187500.0,1500,-58.58048369714148,False,False,3.761467856755004
-842500.0,-1187500.0,1500,-68.24306290129945,False,False,3.936381796226081
-837500.0,-1187500.0,1500,-49.43931199927559,False,False,3.975884613873996
-832500.0,-1187500.0,1500,-38.37258624810786,False,True,4.08897316239667
-827500.0,-1187500.0,1500,-42.35238415601478,False,True,4.386758644612584
-822500.0,-1187500.0,1500,-53.686932965989556,False,True,4.732567716596352
-817500.0,-1187500.0,1500,-61.23556364573392,False,True,5.016131068232101
-812500.0,-1187500.0,1500,-63.09053546724251,True,True,5.113098209294748
-807500.0,-1187500.0,1500,-33.12344123523405,False,True,4.895363756590237
-802500.0,-1187500.0,1500,-20.49135083128047,False,True,4.841351796625605
-797500.0,-1187500.0,1500,-41.86073685575386,True,True,5.117880770494409
-792500.0,-1187500.0,1500,-51.15919952921254,False,True,5.158585600580424
-787500.0,-1187500.0,1500,-62.137521523275716,False,True,5.0865764163525675
-782500.0,-1187500.0,1500,-68.5595893408888,True,True,5.0521566618020035
-777500.0,-1187500.0,1500,-68.63477889054506,True,True,5.026374256367415
-772500.0,-1187500.0,1500,-81.84096156422049,True,True,5.144622413146395
-767500.0,-1187500.0,1500,-106.01890872917576,True,True,5.160875788049397
-762500.0,-1187500.0,1500,-103.23156079760996,True,True,5.101277426839141
-757500.0,-1187500.0,1500,-75.87687157614687,True,True,4.965249930543943
-752500.0,-1187500.0,1500,-52.96677262358751,True,True,4.869425759973532
-747500.0,-1187500.0,1500,-43.49513619222811,True,True,5.029636412576484
-742500.0,-1187500.0,1500,-43.40485894942204,True,True,5.13494366642147
-737500.0,-1187500.0,1500,-40.29526194020192,True,True,4.903077649461459
-732500.0,-1187500.0,1500,-26.14731255120578,False,True,4.474396922218585
-727500.0,-1187500.0,1500,-20.750247566015453,False,True,4.293119701621431
-722500.0,-1187500.0,1500,-32.369372845054976,False,True,4.503653460698108
-717500.0,-1187500.0,1500,-44.80678822414837,False,True,4.970350832415844
-712500.0,-1187500.0,1500,-49.55355013831033,False,True,5.145530123179833
-707500.0,-1187500.0,1500,-47.29841827782231,False,True,5.0241824035652085
-702500.0,-1187500.0,1500,-50.40719933238584,False,True,5.072031747556928
-697500.0,-1187500.0,1500,-63.92381129744271,True,True,5.120702920850748
-692500.0,-1187500.0,1500,-75.04339399174404,True,True,5.0001799592632645
-687500.0,-1187500.0,1500,-75.32146544605556,True,True,4.987787885292462
-682500.0,-1187500.0,1500,-69.62913327997582,True,True,5.062521429668378
-677500.0,-1187500.0,1500,-75.36698306018178,True,True,5.181561535130323
-672500.0,-1187500.0,1500,-97.75777283087322,True,True,5.131723384824671
-667500.0,-1187500.0,1500,-112.75861710922403,True,True,4.940413412571901
-662500.0,-1187500.0,1500,-99.28240224969996,True,True,4.9449891879821735
-657500.0,-1187500.0,1500,-64.09833838476237,True,True,4.968833849833002
-652500.0,-1187500.0,1500,-39.31759925469052,False,True,4.703591853750578
-647500.0,-1187500.0,1500,-42.38548621234387,False,True,4.4075768604331085
-642500.0,-1187500.0,1500,-43.32501550823044,False,True,4.337810304305573
-637500.0,-1187500.0,1500,-14.272605503503259,False,True,4.099179483391863
-632500.0,-1187500.0,1500,-12.134576381601143,False,False,3.9425936506812325
-627500.0,-1187500.0,1500,-37.13779467199413,False,False,3.961855586344181
-622500.0,-1187500.0,1500,-45.412113073069044,False,False,3.906550034992341
-617500.0,-1187500.0,1500,-40.3014570484073,False,False,3.783554268775767
-612500.0,-1187500.0,1500,-21.729716249332824,False,False,3.610245119884948
-607500.0,-1187500.0,1500,-16.475297156101394,False,False,3.5958388645807937
-602500.0,-1187500.0,1500,-24.192038363802116,False,False,3.557436637716531
-597500.0,-1187500.0,1500,-30.080895086363917,False,False,3.524927128441347
-592500.0,-1187500.0,1500,-28.125351414050645,False,False,3.6118691275223
-587500.0,-1187500.0,1500,-20.255657637116983,False,False,3.6852505658495014
-582500.0,-1187500.0,1500,-14.534201827526378,False,False,3.7793208989292233
-1047500.0,-1182500.0,1500,-39.62694267998822,False,False,3.850831036771595
-1042500.0,-1182500.0,1500,-29.828073984579003,False,False,3.8706367136829227
-1037500.0,-1182500.0,1500,-10.215779324740392,False,False,3.921341917379816
-1032500.0,-1182500.0,1500,7.5831222815950445,False,False,3.8988875200373947
-1027500.0,-1182500.0,1500,15.099481726530742,False,False,3.705831409951377
-1022500.0,-1182500.0,1500,21.48379628957656,False,False,3.405150048980734
-1017500.0,-1182500.0,1500,25.114934615959537,False,False,3.168249691277533
-1012500.0,-1182500.0,1500,14.186918193826248,False,False,3.284850589439406
-1007500.0,-1182500.0,1500,-3.989330656536443,False,False,3.4567552478562416
-1002500.0,-1182500.0,1500,-7.858182249147765,False,False,3.5646451271434625
-997500.0,-1182500.0,1500,-8.194976802862678,False,False,3.640947167707327
-992500.0,-1182500.0,1500,-22.54836727843714,False,False,3.587834914915005
-987500.0,-1182500.0,1500,-30.04156871069574,False,False,3.5300963005502357
-982500.0,-1182500.0,1500,-33.47359581955629,False,False,3.460347487274507
-977500.0,-1182500.0,1500,-43.52643387168939,False,False,3.6287767321799027
-972500.0,-1182500.0,1500,-24.895898098394163,False,False,3.6471320908581273
-967500.0,-1182500.0,1500,-20.94049616137715,False,False,3.6416930540353123
-962500.0,-1182500.0,1500,-52.76921326941301,False,False,5.276927616409768
-957500.0,-1182500.0,1500,-56.25472672819798,False,False,7.645808159865136
-952500.0,-1182500.0,1500,-35.01904163401843,False,False,9.078328395358927
-947500.0,-1182500.0,1500,-11.510091774581824,False,False,9.590344367177583
-942500.0,-1182500.0,1500,12.082507665619946,False,False,9.05077659540101
-937500.0,-1182500.0,1500,26.153118823647226,False,False,7.493369420321834
-932500.0,-1182500.0,1500,30.24060342667056,False,False,5.161398992008474
-927500.0,-1182500.0,1500,27.338434668932656,False,False,3.9634659090311732
-922500.0,-1182500.0,1500,18.66278014528998,False,False,5.006317919730971
-917500.0,-1182500.0,1500,18.48767799565791,False,False,5.570479008082632
-912500.0,-1182500.0,1500,30.48403483014825,False,False,4.187270846859534
-907500.0,-1182500.0,1500,41.471102720118836,False,False,3.0017366367223985
-902500.0,-1182500.0,1500,36.85635094828156,False,False,2.9058909878562096
-897500.0,-1182500.0,1500,21.66290979666701,False,False,3.001258172308727
-892500.0,-1182500.0,1500,6.3059953803087225,False,False,3.036191423995888
-887500.0,-1182500.0,1500,-7.2143809678133,False,False,3.142707306931001
-882500.0,-1182500.0,1500,-13.923349082207986,False,False,3.2564958024866173
-877500.0,-1182500.0,1500,-3.2907347501157758,False,False,3.2997074686066177
-872500.0,-1182500.0,1500,-1.255359033092302,False,False,3.307024219777699
-867500.0,-1182500.0,1500,-23.122430442426236,False,False,3.376365761279841
-862500.0,-1182500.0,1500,-41.07851162997756,False,False,3.4567413841719934
-857500.0,-1182500.0,1500,-43.63544036503769,False,False,3.499907608032854
-852500.0,-1182500.0,1500,-43.11430934349449,False,False,3.6010899321905336
-847500.0,-1182500.0,1500,-53.804116999434456,False,False,3.7267416288589255
-842500.0,-1182500.0,1500,-60.5572048145294,False,False,3.8106489924567595
-837500.0,-1182500.0,1500,-57.489374118904685,False,False,3.9170494613015094
-832500.0,-1182500.0,1500,-59.005027456070046,False,True,4.070768537125874
-827500.0,-1182500.0,1500,-60.68107641816816,False,True,4.261230203446923
-822500.0,-1182500.0,1500,-56.6027363792432,False,True,4.570466106516806
-817500.0,-1182500.0,1500,-51.355627939892614,False,True,4.8320242556176325
-812500.0,-1182500.0,1500,-45.248928376469,False,True,4.905247276431843
-807500.0,-1182500.0,1500,-10.583394007838848,False,True,4.645020626680123
-802500.0,-1182500.0,1500,-11.057537313931988,False,True,4.78177477613467
-797500.0,-1182500.0,1500,-45.981720875671414,True,True,5.174017133619121
-792500.0,-1182500.0,1500,-51.497560226568396,False,True,5.201148774368201
-787500.0,-1182500.0,1500,-60.7233066707843,True,True,5.276901288978147
-782500.0,-1182500.0,1500,-75.34387981858355,True,True,5.189305125916482
-777500.0,-1182500.0,1500,-88.3382612952377,True,True,5.013568937976123
-772500.0,-1182500.0,1500,-99.76411913410263,True,True,4.994320158696496
-767500.0,-1182500.0,1500,-109.78908650480184,True,True,4.964212704291787
-762500.0,-1182500.0,1500,-103.62885806365699,True,True,5.000272825926157
-757500.0,-1182500.0,1500,-77.33009405457612,True,True,4.990888987582064
-752500.0,-1182500.0,1500,-52.09597020135469,True,True,4.9658378419666604
-747500.0,-1182500.0,1500,-46.963732080654836,True,True,5.098906537646722
-742500.0,-1182500.0,1500,-51.13096271041563,True,True,5.118242353749896
-737500.0,-1182500.0,1500,-42.93658768605988,False,True,4.781647817611726
-732500.0,-1182500.0,1500,-23.494727145625244,False,True,4.286582723927438
-727500.0,-1182500.0,1500,-12.425902676419067,False,True,4.1097903356934165
-722500.0,-1182500.0,1500,-25.37708217458333,False,True,4.385407194382885
-717500.0,-1182500.0,1500,-48.85025970090047,False,True,4.8809468778313025
-712500.0,-1182500.0,1500,-56.44874183138352,True,True,5.025291772359362
-707500.0,-1182500.0,1500,-51.30799992972886,False,True,4.869875674369843
-702500.0,-1182500.0,1500,-58.6743546127017,True,True,4.959170774398217
-697500.0,-1182500.0,1500,-73.83131260937144,True,True,5.004933956464644
-692500.0,-1182500.0,1500,-80.50314630405194,True,True,4.951545984071858
-687500.0,-1182500.0,1500,-78.1711569716393,True,True,5.063011550111575
-682500.0,-1182500.0,1500,-69.71554293666553,True,True,5.034316356262172
-677500.0,-1182500.0,1500,-75.2704027052169,True,True,5.049192342310486
-672500.0,-1182500.0,1500,-101.97651040770457,True,True,5.02285923095831
-667500.0,-1182500.0,1500,-114.90665740607209,True,True,4.921335395040953
-662500.0,-1182500.0,1500,-90.21289289505695,True,True,4.945676102780858
-657500.0,-1182500.0,1500,-56.43344641429795,False,True,4.810750770949533
-652500.0,-1182500.0,1500,-45.978825822315635,False,True,4.564799876953943
-647500.0,-1182500.0,1500,-54.433157007827546,False,True,4.3458239349413095
-642500.0,-1182500.0,1500,-43.666333992609815,False,True,4.208346555058375
-637500.0,-1182500.0,1500,-4.188969073716459,False,False,3.984080261838684
-632500.0,-1182500.0,1500,-6.5508116312925715,False,False,3.887065120826598
-627500.0,-1182500.0,1500,-39.44955372396126,False,False,3.8616899514238643
-622500.0,-1182500.0,1500,-46.654742271874646,False,False,3.81210202437953
-617500.0,-1182500.0,1500,-35.166877634788676,False,False,3.7456750026944645
-612500.0,-1182500.0,1500,-20.337505496559107,False,False,3.5375419142661846
-607500.0,-1182500.0,1500,-26.31143055925521,False,False,3.5412373064340485
-602500.0,-1182500.0,1500,-35.936361345925974,False,False,3.5308618420945574
-597500.0,-1182500.0,1500,-35.67778213532272,False,False,3.52432206631273
-592500.0,-1182500.0,1500,-34.05392926490131,False,False,3.6400248517830645
-587500.0,-1182500.0,1500,-34.89652681378709,False,False,3.709397756407126
-582500.0,-1182500.0,1500,-37.76255271784152,False,False,3.851535046815433
-1047500.0,-1177500.0,1500,-36.440182736409035,False,False,3.907096955177836
-1042500.0,-1177500.0,1500,-31.692423865473295,False,False,4.00008520687246
-1037500.0,-1177500.0,1500,-15.986023359136448,False,False,3.754045557171424
-1032500.0,-1177500.0,1500,2.3068129692636736,False,False,3.3249067216129364
-1027500.0,-1177500.0,1500,14.773069844036034,False,False,3.007815779324659
-1022500.0,-1177500.0,1500,25.03649537866919,False,False,3.0143850032948554
-1017500.0,-1177500.0,1500,26.026374290290555,False,False,3.135703058601459
-1012500.0,-1177500.0,1500,4.356356541292327,False,False,3.406023325979182
-1007500.0,-1177500.0,1500,-16.435450123464097,False,False,3.5659310808500995
-1002500.0,-1177500.0,1500,-9.267503435062647,False,False,3.450841225313224
-997500.0,-1177500.0,1500,-2.1422564139205926,False,False,3.428838436959522
-992500.0,-1177500.0,1500,-16.748769352295895,False,False,3.4142117243607437
-987500.0,-1177500.0,1500,-29.83603228985511,False,False,3.572353106618664
-982500.0,-1177500.0,1500,-38.68832550676774,False,False,4.269814343570542
-977500.0,-1177500.0,1500,-41.077320052486265,False,False,5.3228720588693355
-972500.0,-1177500.0,1500,-32.357111939308794,False,False,5.653970840014348
-967500.0,-1177500.0,1500,-42.87318873767259,False,False,4.432177120610144
-962500.0,-1177500.0,1500,-62.95239055783474,False,False,4.866174955784489
-957500.0,-1177500.0,1500,-56.88842686104064,False,False,7.542790057605483
-952500.0,-1177500.0,1500,-36.73654973805911,False,False,9.446965033579072
-947500.0,-1177500.0,1500,-15.905002485367707,False,False,10.199642587402925
-942500.0,-1177500.0,1500,3.7932216001760497,False,False,10.037653836472987
-937500.0,-1177500.0,1500,18.804689465509792,False,False,9.0267365116313
-932500.0,-1177500.0,1500,28.109761862020207,False,False,6.996955367099553
-927500.0,-1177500.0,1500,27.572747299928178,False,False,4.472286376819913
-922500.0,-1177500.0,1500,17.637449113346694,False,False,3.839288395308635
-917500.0,-1177500.0,1500,14.347900226775474,False,False,4.217011121020815
-912500.0,-1177500.0,1500,25.891260057744933,False,False,3.4296522911009726
-907500.0,-1177500.0,1500,35.13805998367055,False,False,2.7996577790986485
-902500.0,-1177500.0,1500,29.35879252720964,False,False,2.792129569480288
-897500.0,-1177500.0,1500,21.328287400354068,False,False,2.893917032217214
-892500.0,-1177500.0,1500,13.022575226206277,False,False,2.9558119743861058
-887500.0,-1177500.0,1500,0.756573894774407,False,False,3.0365533438889085
-882500.0,-1177500.0,1500,-7.0269746768313075,False,False,3.1078020796605275
-877500.0,-1177500.0,1500,-12.096082975466775,False,False,3.204417802598297
-872500.0,-1177500.0,1500,-23.26401671055857,False,False,3.3126892054956625
-867500.0,-1177500.0,1500,-40.00645864825969,False,False,3.3172667581443265
-862500.0,-1177500.0,1500,-46.337906457032766,False,False,3.3343008896136173
-857500.0,-1177500.0,1500,-47.634973210070406,False,False,3.498794067929691
-852500.0,-1177500.0,1500,-54.600048445908726,False,False,3.5835774592402925
-847500.0,-1177500.0,1500,-55.50153377628277,False,False,3.6741610094046004
-842500.0,-1177500.0,1500,-45.74671580024184,False,False,3.7353082309218277
-837500.0,-1177500.0,1500,-45.854890996273696,False,False,3.8140783954114275
-832500.0,-1177500.0,1500,-68.94128697237596,False,False,3.9946935548749836
-827500.0,-1177500.0,1500,-74.3299392735045,False,True,4.156720166713566
-822500.0,-1177500.0,1500,-54.598716539104316,False,True,4.4648275203573755
-817500.0,-1177500.0,1500,-47.11878664419516,False,True,4.6906883985900585
-812500.0,-1177500.0,1500,-47.59058637245323,False,True,4.77911181988413
-807500.0,-1177500.0,1500,-40.83538348677809,False,True,4.71770289561479
-802500.0,-1177500.0,1500,-50.51936548388579,True,True,4.840313903933277
-797500.0,-1177500.0,1500,-63.716591381420756,True,True,5.099432759201644
-792500.0,-1177500.0,1500,-56.42622790183655,True,True,5.172768715172217
-787500.0,-1177500.0,1500,-53.27770734020217,False,True,5.126650953295647
-782500.0,-1177500.0,1500,-66.30425309832083,True,True,5.0054363770706924
-777500.0,-1177500.0,1500,-85.04730722606612,True,True,4.930442942709127
-772500.0,-1177500.0,1500,-100.25341060155466,True,True,4.984812923529934
-767500.0,-1177500.0,1500,-111.22913971523516,True,True,4.984640025333586
-762500.0,-1177500.0,1500,-104.31547705938328,True,True,4.9621693387488826
-757500.0,-1177500.0,1500,-73.47948463039127,True,True,5.1090467572537746
-752500.0,-1177500.0,1500,-44.504371952582574,False,True,5.163750047876067
-747500.0,-1177500.0,1500,-47.171115099076,True,True,5.149960687437232
-742500.0,-1177500.0,1500,-54.30999201485528,True,True,5.047446661163936
-737500.0,-1177500.0,1500,-39.562536662262154,False,True,4.718976674883068
-732500.0,-1177500.0,1500,-17.129589269681883,False,True,4.3477124596592525
-727500.0,-1177500.0,1500,-9.434118925661283,False,True,4.231760304559912
-722500.0,-1177500.0,1500,-29.161558847883665,False,True,4.60161911677341
-717500.0,-1177500.0,1500,-59.60677371298827,False,True,4.950857031186493
-712500.0,-1177500.0,1500,-69.87438818643969,True,True,4.876932247962143
-707500.0,-1177500.0,1500,-58.42443275682667,True,True,4.753367488300659
-702500.0,-1177500.0,1500,-60.2019472809271,True,True,4.864962506146665
-697500.0,-1177500.0,1500,-73.95207210934862,True,True,4.923922238617494
-692500.0,-1177500.0,1500,-77.71557395208265,True,True,4.9116600836420385
-687500.0,-1177500.0,1500,-74.86281305405154,True,True,4.971807355574897
-682500.0,-1177500.0,1500,-71.77728648547426,True,True,4.93621848117888
-677500.0,-1177500.0,1500,-80.96117733055848,True,True,4.905552495436518
-672500.0,-1177500.0,1500,-105.9242255376319,True,True,4.8302781985327075
-667500.0,-1177500.0,1500,-112.28652037392892,True,True,4.900812778199219
-662500.0,-1177500.0,1500,-76.7300918447988,True,True,4.984440691482593
-657500.0,-1177500.0,1500,-40.98053098669624,False,True,4.678115192907043
-652500.0,-1177500.0,1500,-38.52944537863776,False,True,4.289275455883224
-647500.0,-1177500.0,1500,-51.27764048997279,False,True,4.083896011655656
-642500.0,-1177500.0,1500,-32.70838324814155,False,True,3.9859126333553627
-637500.0,-1177500.0,1500,2.84934856653682,False,False,3.8078390218317217
-632500.0,-1177500.0,1500,-7.030323829869786,False,False,3.712860919246414
-627500.0,-1177500.0,1500,-27.031080201895403,False,False,3.6917355722863703
-622500.0,-1177500.0,1500,-19.671708389992876,False,False,3.6336917214247206
-617500.0,-1177500.0,1500,-9.726346691866436,False,False,3.5668617027805367
-612500.0,-1177500.0,1500,-14.51653263488317,False,False,3.4810237207884462
-607500.0,-1177500.0,1500,-34.95104497300543,False,False,3.485188317035423
-602500.0,-1177500.0,1500,-44.23529167364048,False,False,3.5034677262684712
-597500.0,-1177500.0,1500,-35.968212858906284,False,False,3.5427731504100963
-592500.0,-1177500.0,1500,-30.939969533861714,False,False,3.6725324207905974
-587500.0,-1177500.0,1500,-32.37738482409595,False,False,3.8490995852964938
-582500.0,-1177500.0,1500,-38.5738968379582,False,False,3.900877462102171
-1047500.0,-1172500.0,1500,-17.207153360115456,False,False,3.6678381042515267
-1042500.0,-1172500.0,1500,-19.480421559876298,False,False,3.3156618070116775
-1037500.0,-1172500.0,1500,-16.818260185366146,False,False,3.018985451151209
-1032500.0,-1172500.0,1500,-5.642668211115718,False,False,2.998589057968368
-1027500.0,-1172500.0,1500,12.427614424453676,False,False,3.00135487352693
-1022500.0,-1172500.0,1500,28.839377673627002,False,False,3.1501053446389555
-1017500.0,-1172500.0,1500,28.961624660896824,False,False,3.2766579244074925
-1012500.0,-1172500.0,1500,8.709479466974793,False,False,3.3408674697638157
-1007500.0,-1172500.0,1500,-6.472998512156742,False,False,3.4264636469116914
-1002500.0,-1172500.0,1500,-0.11730806034543265,False,False,3.3801204801376685
-997500.0,-1172500.0,1500,1.3987846503984347,False,False,3.4798090568235995
-992500.0,-1172500.0,1500,-14.834342476537117,False,False,4.060437736622239
-987500.0,-1172500.0,1500,-31.114897111933026,False,False,5.277279868405378
-982500.0,-1172500.0,1500,-39.274656549802515,False,False,6.858487454007751
-977500.0,-1172500.0,1500,-39.67680672076802,False,False,7.994592491030323
-972500.0,-1172500.0,1500,-43.204226527910926,False,False,7.903399959663719
-967500.0,-1172500.0,1500,-59.695310505962055,False,False,5.917149267668854
-962500.0,-1172500.0,1500,-68.27336430169306,False,False,4.401869487567938
-957500.0,-1172500.0,1500,-53.01857539939535,False,False,6.157861003076817
-952500.0,-1172500.0,1500,-30.048642123636515,False,False,8.790422178580297
-947500.0,-1172500.0,1500,-9.441361440086522,False,False,10.038632572853379
-942500.0,-1172500.0,1500,5.89952666023239,False,False,10.328527669954742
-937500.0,-1172500.0,1500,19.932432197111417,False,False,9.769173191132872
-932500.0,-1172500.0,1500,34.72133057176911,False,False,8.220293979175107
-927500.0,-1172500.0,1500,43.06336823690144,False,False,5.622653710048894
-922500.0,-1172500.0,1500,40.905453817597106,False,False,3.6503611691603077
-917500.0,-1172500.0,1500,33.735041742224254,False,False,3.1842348374955853
-907500.0,-1172500.0,1500,35.71639222938889,False,False,2.762684624600758
-902500.0,-1172500.0,1500,20.241656723329317,False,False,2.7692418577693356
-897500.0,-1172500.0,1500,7.868650740732542,False,False,2.86386217808042
-892500.0,-1172500.0,1500,5.169530145391205,False,False,2.9439138603956736
-887500.0,-1172500.0,1500,3.535696764294658,False,False,2.966482360695419
-882500.0,-1172500.0,1500,-2.3377613257121164,False,False,3.0033666610377154
-877500.0,-1172500.0,1500,-18.924933155208684,False,False,3.0779058915732618
-872500.0,-1172500.0,1500,-39.26906431608519,False,False,3.242748985032577
-867500.0,-1172500.0,1500,-48.42077722925683,False,False,3.319509801770921
-862500.0,-1172500.0,1500,-45.960325228682976,False,False,3.348220581930465
-857500.0,-1172500.0,1500,-48.086985447364405,False,False,3.543094186344743
-852500.0,-1172500.0,1500,-51.08259279788059,False,False,3.590122412118396
-847500.0,-1172500.0,1500,-46.269861029316274,False,False,3.6800194852553605
-842500.0,-1172500.0,1500,-33.88214214165397,False,False,3.724515704867268
-837500.0,-1172500.0,1500,-23.920922279667586,False,False,3.675669989527606
-832500.0,-1172500.0,1500,-50.37235110197969,False,False,3.8633346637094736
-827500.0,-1172500.0,1500,-60.61957672008439,False,False,4.142622924414491
-822500.0,-1172500.0,1500,-44.97270914126193,False,True,4.416949055620748
-817500.0,-1172500.0,1500,-50.26208496315315,False,True,4.562691793024146
-812500.0,-1172500.0,1500,-51.67416898225532,False,True,4.518608356748697
-807500.0,-1172500.0,1500,-58.062642642372296,False,True,4.576108977915833
-802500.0,-1172500.0,1500,-74.35873211989464,True,True,4.787093275976584
-797500.0,-1172500.0,1500,-74.3873283488156,True,True,4.934598581142524
-792500.0,-1172500.0,1500,-64.12836444242015,False,True,5.03926092663
-787500.0,-1172500.0,1500,-59.010771265185674,False,True,4.9932035129687105
-782500.0,-1172500.0,1500,-62.02959960926927,True,True,4.942420558540574
-777500.0,-1172500.0,1500,-72.43963075985545,True,True,4.930067531731938
-772500.0,-1172500.0,1500,-88.39084178942893,True,True,5.012006670233475
-767500.0,-1172500.0,1500,-105.37204692089921,True,True,5.100703322955351
-762500.0,-1172500.0,1500,-97.38107675704147,True,True,4.964024551089732
-757500.0,-1172500.0,1500,-60.74367988063062,True,True,4.989450293098676
-752500.0,-1172500.0,1500,-37.420711012606525,False,True,5.073082840714568
-747500.0,-1172500.0,1500,-48.7753202624078,True,True,4.994780976748661
-742500.0,-1172500.0,1500,-54.23741122631395,True,True,4.997846843045233
-737500.0,-1172500.0,1500,-35.77670923567013,False,True,4.835893323426265
-732500.0,-1172500.0,1500,-12.563655686977725,False,True,4.490690729793903
-727500.0,-1172500.0,1500,-11.660715231237434,False,True,4.410837731132146
-722500.0,-1172500.0,1500,-41.520912268501746,False,True,4.847256075191835
-717500.0,-1172500.0,1500,-75.12326297615398,True,True,5.053998902656088
-712500.0,-1172500.0,1500,-82.39440704624066,True,True,4.908044907292616
-707500.0,-1172500.0,1500,-64.15246085711637,True,True,4.896476115624981
-702500.0,-1172500.0,1500,-59.85959917567858,True,True,4.936381863708615
-697500.0,-1172500.0,1500,-69.99258456081101,True,True,5.013978246755033
-692500.0,-1172500.0,1500,-68.74102496186848,True,True,4.955703029985149
-687500.0,-1172500.0,1500,-64.83709746711276,True,True,4.84442288869475
-682500.0,-1172500.0,1500,-68.88907948202403,True,True,4.83914195230724
-677500.0,-1172500.0,1500,-83.6674469040769,True,True,4.824019899381529
-672500.0,-1172500.0,1500,-105.964792244335,True,True,4.804865375757925
-667500.0,-1172500.0,1500,-105.00273430962811,True,True,4.857717464395443
-662500.0,-1172500.0,1500,-66.0216426077616,True,True,4.828770511385301
-657500.0,-1172500.0,1500,-35.09057378994694,False,True,4.548634247346351
-652500.0,-1172500.0,1500,-32.9798886017304,False,True,4.169389056793633
-647500.0,-1172500.0,1500,-40.45973145990659,False,True,4.040072508216147
-642500.0,-1172500.0,1500,-23.34045882644138,False,True,3.92389847942381
-637500.0,-1172500.0,1500,0.6734865550429644,False,False,3.7015836285348542
-632500.0,-1172500.0,1500,-11.028688936708052,False,False,3.59933037845342
-627500.0,-1172500.0,1500,-21.292382801417613,False,False,3.6001082195537686
-622500.0,-1172500.0,1500,-11.706761631410453,False,False,3.567962750878181
-617500.0,-1172500.0,1500,-6.982073883694643,False,False,3.550939346166592
-612500.0,-1172500.0,1500,-23.25613312181899,False,False,3.5182807053353864
-607500.0,-1172500.0,1500,-49.6056887441741,False,False,3.5227475613455694
-602500.0,-1172500.0,1500,-56.94108792087962,False,False,3.6278580047982536
-597500.0,-1172500.0,1500,-45.000993753308265,False,False,3.643150725045669
-592500.0,-1172500.0,1500,-35.812462694148444,False,False,3.7781981008599543
-587500.0,-1172500.0,1500,-34.63498020289228,False,False,3.9179161884834373
-582500.0,-1172500.0,1500,-35.65064882555571,False,False,3.8499304714140394
-1047500.0,-1167500.0,1500,17.714155514613346,False,False,3.1491064143863734
-1042500.0,-1167500.0,1500,2.295055460109085,False,False,3.037109744513035
-1037500.0,-1167500.0,1500,-11.604247223212536,False,False,2.9727807784645965
-1032500.0,-1167500.0,1500,-8.406600654453586,False,False,3.2052996091830286
-1027500.0,-1167500.0,1500,9.234229033871971,False,False,3.392593858168498
-1022500.0,-1167500.0,1500,27.142094238990687,False,False,3.357924187328242
-1017500.0,-1167500.0,1500,28.506336107250828,False,False,3.2732513457135815
-1012500.0,-1167500.0,1500,14.608443270075618,False,False,3.1814837991169314
-1007500.0,-1167500.0,1500,6.04456141015599,False,False,3.30610624115435
-1002500.0,-1167500.0,1500,5.828641264072386,False,False,3.7920895202581892
-997500.0,-1167500.0,1500,-1.2106221384770945,False,False,4.474241240489698
-992500.0,-1167500.0,1500,-15.472286218510305,False,False,5.529273547924837
-987500.0,-1167500.0,1500,-28.010184878069815,False,False,7.16181489324566
-982500.0,-1167500.0,1500,-35.39168523147567,False,False,8.737657005324735
-977500.0,-1167500.0,1500,-37.20623320242716,False,False,9.555113417852843
-972500.0,-1167500.0,1500,-41.068384940151546,False,False,9.33123716094275
-967500.0,-1167500.0,1500,-49.482790158483766,False,False,7.673767932898255
-962500.0,-1167500.0,1500,-48.22237022178554,False,False,4.9310540071242634
-957500.0,-1167500.0,1500,-36.02382662181293,False,False,4.780466697162862
-952500.0,-1167500.0,1500,-19.38936529210715,False,False,7.432052407173486
-947500.0,-1167500.0,1500,-1.7633017765051928,False,False,9.377396198143373
-942500.0,-1167500.0,1500,11.7244033116133,False,False,10.151156027782129
-937500.0,-1167500.0,1500,24.398581877532056,False,False,9.983955187984636
-932500.0,-1167500.0,1500,38.822417460406434,False,False,8.828872547074422
-927500.0,-1167500.0,1500,51.72692492097339,False,False,6.593517659507066
-912500.0,-1167500.0,1500,46.04743878693655,False,False,2.7140445513842595
-907500.0,-1167500.0,1500,43.33211968977616,False,False,2.766790173151237
-902500.0,-1167500.0,1500,17.89465433972661,False,False,2.771281293313262
-897500.0,-1167500.0,1500,-4.5627346489597205,False,False,2.8123261193738935
-892500.0,-1167500.0,1500,-6.31189225766941,False,False,2.921923943230002
-887500.0,-1167500.0,1500,-4.845591468998255,False,False,2.9415660056041553
-882500.0,-1167500.0,1500,-12.883700089215688,False,False,3.0363914680236914
-877500.0,-1167500.0,1500,-21.01148354146695,False,False,3.122570043402573
-872500.0,-1167500.0,1500,-31.922841854844005,False,False,3.202175514124119
-867500.0,-1167500.0,1500,-40.94834490477103,False,False,3.3087144775572375
-862500.0,-1167500.0,1500,-43.729802671081686,False,False,3.369674691073538
-857500.0,-1167500.0,1500,-46.300262185003135,False,False,3.498988490549949
-852500.0,-1167500.0,1500,-25.78966194343137,False,False,3.52551361462372
-847500.0,-1167500.0,1500,-2.9358397950514035,False,False,3.504725092942534
-842500.0,-1167500.0,1500,-9.786353466713555,False,False,3.5435788555368917
-837500.0,-1167500.0,1500,-20.25668972027435,False,False,3.578357666335748
-832500.0,-1167500.0,1500,-38.151582810720974,False,False,3.795818448630868
-827500.0,-1167500.0,1500,-39.61093368199742,False,False,4.088750710494299
-822500.0,-1167500.0,1500,-37.601313264004176,False,True,4.263119646544155
-817500.0,-1167500.0,1500,-51.49988056088382,False,True,4.381371357739226
-812500.0,-1167500.0,1500,-44.35225715013629,False,True,4.2745489097323
-807500.0,-1167500.0,1500,-50.13119637560419,False,True,4.430690346052792
-802500.0,-1167500.0,1500,-72.49600489919473,True,True,4.711791111329468
-797500.0,-1167500.0,1500,-63.94337799053675,False,True,4.688832013296453
-792500.0,-1167500.0,1500,-58.649245348588714,False,True,4.807383097397961
-787500.0,-1167500.0,1500,-67.42081223353445,True,True,4.993548327716744
-782500.0,-1167500.0,1500,-60.43864828224285,True,True,5.10192798985412
-777500.0,-1167500.0,1500,-61.0436824612117,True,True,5.154040707051202
-772500.0,-1167500.0,1500,-80.46377996040313,True,True,5.124633958251763
-767500.0,-1167500.0,1500,-102.46469145107272,True,True,5.1361624050693475
-762500.0,-1167500.0,1500,-87.53665711565722,True,True,5.024481415474604
-757500.0,-1167500.0,1500,-43.19615124726247,False,True,4.972928533449563
-752500.0,-1167500.0,1500,-28.940267764015182,False,True,4.977913603568883
-747500.0,-1167500.0,1500,-49.181772760526236,True,True,4.932316364014618
-742500.0,-1167500.0,1500,-54.78467379540733,True,True,5.056095124969018
-737500.0,-1167500.0,1500,-37.355258733260484,False,True,4.98238217809109
-732500.0,-1167500.0,1500,-18.263984896766253,False,True,4.712903847494459
-727500.0,-1167500.0,1500,-21.449928093104862,False,True,4.771497830623021
-722500.0,-1167500.0,1500,-51.943467033162996,False,True,5.0030521380694015
-717500.0,-1167500.0,1500,-80.92784630307135,True,True,4.8967393902178245
-712500.0,-1167500.0,1500,-84.15889006044863,True,True,4.813781066119574
-707500.0,-1167500.0,1500,-69.04945072278343,True,True,4.894810093137095
-702500.0,-1167500.0,1500,-65.60390841720009,True,True,4.916007798298264
-697500.0,-1167500.0,1500,-69.11994470617337,True,True,4.991487969094134
-692500.0,-1167500.0,1500,-60.19631071361663,True,True,4.985221919694803
-687500.0,-1167500.0,1500,-52.58515990840816,True,True,4.89215628718619
-682500.0,-1167500.0,1500,-59.601487898801594,True,True,4.8602904709864365
-677500.0,-1167500.0,1500,-80.01106424423884,True,True,4.863200727333304
-672500.0,-1167500.0,1500,-102.80579844085261,True,True,4.9505393057177205
-667500.0,-1167500.0,1500,-99.48416840540062,True,True,4.893970405121775
-662500.0,-1167500.0,1500,-62.81542557893292,False,True,4.679920768011732
-657500.0,-1167500.0,1500,-33.96232941023842,False,True,4.40674757466366
-652500.0,-1167500.0,1500,-29.667536505909418,False,True,4.1580093002313845
-647500.0,-1167500.0,1500,-29.95029888790584,False,True,4.104716020481211
-642500.0,-1167500.0,1500,-11.789951377214788,False,False,3.9001865667833573
-637500.0,-1167500.0,1500,2.6386137120974866,False,False,3.6468217083881447
-632500.0,-1167500.0,1500,-11.084516181161455,False,False,3.505834269509576
-627500.0,-1167500.0,1500,-24.358293189914857,False,False,3.474367231820687
-622500.0,-1167500.0,1500,-29.798765324087533,False,False,3.54676467126642
-617500.0,-1167500.0,1500,-34.19040342369195,False,False,3.610129111916237
-612500.0,-1167500.0,1500,-44.215867981131005,False,False,3.551826992667722
-607500.0,-1167500.0,1500,-58.38036713155581,False,False,3.588724027359251
-602500.0,-1167500.0,1500,-60.252025240299886,False,False,3.7503215462511656
-597500.0,-1167500.0,1500,-51.413282108507296,False,False,3.744691102120365
-592500.0,-1167500.0,1500,-45.76966509361887,False,False,3.786962125776616
-587500.0,-1167500.0,1500,-43.929616558085954,False,False,3.845798510408726
-582500.0,-1167500.0,1500,-38.74143971447659,False,False,3.935118217563504
-1047500.0,-1162500.0,1500,37.65168961109375,False,False,3.1643764089735393
-1042500.0,-1162500.0,1500,14.856714595930999,False,False,3.4248376918923644
-1037500.0,-1162500.0,1500,-6.483001386573577,False,False,3.630050180863557
-1032500.0,-1162500.0,1500,-9.868887188691296,False,False,3.660288820509764
-1027500.0,-1162500.0,1500,-0.5882475152062828,False,False,3.484895035688112
-1022500.0,-1162500.0,1500,13.193629940123783,False,False,3.253657264844766
-1017500.0,-1162500.0,1500,19.026327376851352,False,False,3.325226149600172
-1012500.0,-1162500.0,1500,14.1243736907174,False,False,3.6637964066179016
-1007500.0,-1162500.0,1500,8.739710342448747,False,False,4.21833719930516
-1002500.0,-1162500.0,1500,2.765338352404149,False,False,4.6772597964520335
-997500.0,-1162500.0,1500,-8.246724402197602,False,False,4.5171224640778656
-992500.0,-1162500.0,1500,-19.427351837174395,False,False,5.06112585097695
-987500.0,-1162500.0,1500,-26.71671799094076,False,False,7.236790177293517
-982500.0,-1162500.0,1500,-29.462549815058413,False,False,9.32646995984721
-977500.0,-1162500.0,1500,-29.03215990199863,False,False,10.246647632292836
-972500.0,-1162500.0,1500,-30.180073967376323,False,False,10.158726417633318
-967500.0,-1162500.0,1500,-31.46672816183475,False,False,8.976627752227392
-962500.0,-1162500.0,1500,-25.797784115635807,False,False,6.359799072495408
-957500.0,-1162500.0,1500,-17.06221970391876,False,False,4.283129994726943
-952500.0,-1162500.0,1500,-7.454764565748469,False,False,5.590271783716976
-947500.0,-1162500.0,1500,4.023107920772833,False,False,8.265893150984768
-942500.0,-1162500.0,1500,13.114419259633344,False,False,9.653211583061465
-937500.0,-1162500.0,1500,21.965408877323515,False,False,9.87137077024489
-932500.0,-1162500.0,1500,32.478452678494435,False,False,8.956186637833351
-927500.0,-1162500.0,1500,42.07232424345341,False,False,6.909691632302218
-907500.0,-1162500.0,1500,40.290397679782004,False,False,2.811506916503734
-902500.0,-1162500.0,1500,9.49384374472464,False,False,2.778946262796897
-897500.0,-1162500.0,1500,-18.915068745611613,False,False,2.7551527418648085
-892500.0,-1162500.0,1500,-19.564791983893425,False,False,2.871942487876499
-887500.0,-1162500.0,1500,-17.149242017246255,False,False,2.9526470880644395
-882500.0,-1162500.0,1500,-25.185767602894302,False,False,3.0193643901812877
-877500.0,-1162500.0,1500,-18.90039682079608,False,False,3.092203117014837
-872500.0,-1162500.0,1500,-14.034936926623981,False,False,3.170658870413757
-867500.0,-1162500.0,1500,-24.484391004796137,False,False,3.2344583037794754
-862500.0,-1162500.0,1500,-32.26823871019641,False,False,3.2378881897852048
-857500.0,-1162500.0,1500,-19.55673365173924,False,False,3.262000334202103
-852500.0,-1162500.0,1500,10.387901341674162,False,False,3.3149366543483123
-847500.0,-1162500.0,1500,21.259484106316766,False,False,3.3491947486266893
-842500.0,-1162500.0,1500,0.8167197771584918,False,False,3.477791195036134
-837500.0,-1162500.0,1500,-27.644805481441516,False,False,3.6359566053951755
-832500.0,-1162500.0,1500,-30.867877759708374,False,False,3.743060829694251
-827500.0,-1162500.0,1500,-19.051706747352615,False,False,3.9090828842790293
-822500.0,-1162500.0,1500,-22.832601320445495,False,False,4.0260168389085464
-817500.0,-1162500.0,1500,-24.735251410617327,False,True,4.106708389924472
-812500.0,-1162500.0,1500,-28.73560093752576,False,True,4.204376455448367
-807500.0,-1162500.0,1500,-47.61245877393173,False,True,4.495388902382729
-802500.0,-1162500.0,1500,-60.154925456410155,False,True,4.647665300360897
-797500.0,-1162500.0,1500,-45.205871566463706,False,True,4.519917793411369
-792500.0,-1162500.0,1500,-53.239211521295076,False,True,4.708973198301448
-787500.0,-1162500.0,1500,-74.13611503753259,True,True,5.016712300079559
-782500.0,-1162500.0,1500,-59.415213816585,True,True,5.123316457359736
-777500.0,-1162500.0,1500,-56.272026983073424,True,True,5.13580457816763
-772500.0,-1162500.0,1500,-80.7992316772505,True,True,5.094281566428547
-767500.0,-1162500.0,1500,-103.55735047032718,True,True,5.0876306054613725
-762500.0,-1162500.0,1500,-82.56996169956525,True,True,4.977963827774912
-757500.0,-1162500.0,1500,-32.54957171721658,False,True,4.905663431846055
-752500.0,-1162500.0,1500,-20.49990699103867,False,True,4.894201824653665
-747500.0,-1162500.0,1500,-44.98570147954738,True,True,4.954374348118274
-742500.0,-1162500.0,1500,-53.57354771947113,True,True,5.121253239130793
-737500.0,-1162500.0,1500,-41.45714988201425,False,True,5.027433585866785
-732500.0,-1162500.0,1500,-35.81340030843336,False,True,4.820434489460028
-727500.0,-1162500.0,1500,-49.49123375375751,False,True,4.969412125256995
-722500.0,-1162500.0,1500,-70.38919324470436,True,True,5.027732115593645
-717500.0,-1162500.0,1500,-80.35435910168563,True,True,4.815148676442001
-712500.0,-1162500.0,1500,-76.23059060848715,True,True,4.869326743201995
-707500.0,-1162500.0,1500,-65.54054522527986,True,True,4.964574400760481
-702500.0,-1162500.0,1500,-65.80000339570432,True,True,5.023457544869733
-697500.0,-1162500.0,1500,-72.9752318370454,True,True,5.0187926848341435
-692500.0,-1162500.0,1500,-62.4123360920577,True,True,5.03811013838926
-687500.0,-1162500.0,1500,-46.98305097865896,False,True,5.030883928012267
-682500.0,-1162500.0,1500,-54.05127592835694,False,True,4.925119378147894
-677500.0,-1162500.0,1500,-79.68428520805045,True,True,4.929734622735821
-672500.0,-1162500.0,1500,-101.8187823713389,True,True,4.89201510710768
-667500.0,-1162500.0,1500,-96.79676979744659,True,True,4.918983874122201
-662500.0,-1162500.0,1500,-61.89500874379473,False,True,4.713751641445022
-657500.0,-1162500.0,1500,-27.533961243287013,False,True,4.26951236134285
-652500.0,-1162500.0,1500,-18.692777836229386,False,True,4.058887607632979
-647500.0,-1162500.0,1500,-18.782874638841545,False,True,3.9549059891957334
-642500.0,-1162500.0,1500,-1.2734178484913565,False,False,3.767168484027969
-637500.0,-1162500.0,1500,9.499357534870832,False,False,3.6021668520865737
-632500.0,-1162500.0,1500,-3.4753924209673106,False,False,3.500513393112268
-627500.0,-1162500.0,1500,-26.352420844410734,False,False,3.5247799199257352
-622500.0,-1162500.0,1500,-52.15358489006974,False,False,3.5731245535969327
-617500.0,-1162500.0,1500,-61.099141272858304,False,False,3.5122313377144745
-612500.0,-1162500.0,1500,-50.57993166776093,False,False,3.4623083440298563
-607500.0,-1162500.0,1500,-44.668974549121074,False,False,3.5672981696059685
-602500.0,-1162500.0,1500,-46.10261085718612,False,False,3.7312070273365956
-597500.0,-1162500.0,1500,-46.18074847953428,False,False,3.781536473162481
-592500.0,-1162500.0,1500,-48.9007218982301,False,False,3.80388148942104
-587500.0,-1162500.0,1500,-50.95797199094754,False,False,3.8384261591478905
-582500.0,-1162500.0,1500,-45.29060165306923,False,False,4.006042400603889
-1047500.0,-1157500.0,1500,31.939078235747466,False,False,3.7192590368726353
-1042500.0,-1157500.0,1500,13.430880293833749,False,False,3.867544241233593
-1037500.0,-1157500.0,1500,-5.330559062171287,False,False,3.8303339415152573
-1032500.0,-1157500.0,1500,-11.558758876089637,False,False,3.726200790701989
-1027500.0,-1157500.0,1500,-7.362419105468459,False,False,3.707152540821439
-1022500.0,-1157500.0,1500,3.2384320224232024,False,False,3.9103714822553215
-1017500.0,-1157500.0,1500,11.891644651999874,False,False,4.426708322464681
-1012500.0,-1157500.0,1500,12.432315695165766,False,False,4.7197151854567885
-1007500.0,-1157500.0,1500,7.825100552357223,False,False,4.425603642052828
-1002500.0,-1157500.0,1500,-0.23009916461397922,False,False,3.9730338779613463
-997500.0,-1157500.0,1500,-10.832443765325994,False,False,3.9412722397299573
-992500.0,-1157500.0,1500,-18.547536607008148,False,False,5.162527760364064
-987500.0,-1157500.0,1500,-21.565746364558343,False,False,7.616746778318511
-982500.0,-1157500.0,1500,-20.45622557190403,False,False,9.686767346320465
-977500.0,-1157500.0,1500,-19.894679516888147,False,False,10.626031081171268
-972500.0,-1157500.0,1500,-20.151643565037915,False,False,10.669877463955796
-967500.0,-1157500.0,1500,-16.480368941405438,False,False,9.839034136789563
-962500.0,-1157500.0,1500,-10.880269693984308,False,False,7.890642081894272
-957500.0,-1157500.0,1500,-6.399831457995858,False,False,4.949275144367773
-952500.0,-1157500.0,1500,-2.3396035697401603,False,False,4.304346244053743
-947500.0,-1157500.0,1500,6.190551415609968,False,False,6.7210413971915735
-942500.0,-1157500.0,1500,14.894852468734337,False,False,8.78941232676908
-937500.0,-1157500.0,1500,20.887436443846685,False,False,9.361325845005847
-932500.0,-1157500.0,1500,25.29658835679952,False,False,8.514354812769913
-927500.0,-1157500.0,1500,27.264740037680674,False,False,6.380614076926971
-912500.0,-1157500.0,1500,28.930854554791324,False,False,2.613200732575703
-907500.0,-1157500.0,1500,21.48916293490993,False,False,2.7453766930479935
-902500.0,-1157500.0,1500,-4.420375428145215,False,False,2.756803310540481
-897500.0,-1157500.0,1500,-20.18867164792999,False,False,2.7701651005850327
-892500.0,-1157500.0,1500,-13.97756094025847,False,False,2.867352662221153
-887500.0,-1157500.0,1500,-12.49448779994763,False,False,2.9630636007997504
-882500.0,-1157500.0,1500,-21.97448455378969,False,False,2.9593095469740978
-877500.0,-1157500.0,1500,-15.36813559767112,False,False,2.9996889447475423
-872500.0,-1157500.0,1500,-7.7074975052246995,False,False,3.0760799194674844
-867500.0,-1157500.0,1500,-9.008418460603982,False,False,3.0909435722562897
-862500.0,-1157500.0,1500,-3.7208083990744143,False,False,3.0555433143578212
-857500.0,-1157500.0,1500,17.143641831204956,False,False,3.092284627856379
-852500.0,-1157500.0,1500,27.77016170358834,False,False,3.2981911983838117
-847500.0,-1157500.0,1500,12.922065987357001,False,False,3.4138141112683233
-842500.0,-1157500.0,1500,-14.953290085334045,False,False,3.5130535370300104
-837500.0,-1157500.0,1500,-36.67779980823406,False,False,3.644369151549609
-832500.0,-1157500.0,1500,-18.58450027416388,False,False,3.586506590512043
-827500.0,-1157500.0,1500,0.07350729394824834,False,False,3.6592853712464013
-822500.0,-1157500.0,1500,-14.598945375407409,False,False,4.008608093279195
-817500.0,-1157500.0,1500,-31.0496509881773,False,True,4.24198561243888
-812500.0,-1157500.0,1500,-47.2308433721073,False,True,4.30503760446228
-807500.0,-1157500.0,1500,-53.860741006972944,False,True,4.462791239228025
-802500.0,-1157500.0,1500,-43.793044116478185,False,True,4.51489820097362
-797500.0,-1157500.0,1500,-34.46527837546082,False,True,4.475951404156466
-792500.0,-1157500.0,1500,-57.24796513981766,False,True,4.780903214531358
-787500.0,-1157500.0,1500,-79.82607488730683,True,True,5.008160360811634
-782500.0,-1157500.0,1500,-64.60160854237697,True,True,4.958653615308928
-777500.0,-1157500.0,1500,-60.44549895372415,True,True,5.016148743891286
-772500.0,-1157500.0,1500,-83.67922985737391,True,True,5.0524527727881505
-767500.0,-1157500.0,1500,-101.83911153659844,True,True,5.059578581936039
-762500.0,-1157500.0,1500,-80.0004277936483,True,True,4.982698310714002
-757500.0,-1157500.0,1500,-34.047130730678894,False,True,4.8449830254562105
-752500.0,-1157500.0,1500,-20.866809832499015,False,True,4.817220350962552
-747500.0,-1157500.0,1500,-43.61643029472544,False,True,4.935497724814854
-742500.0,-1157500.0,1500,-53.428753214315776,False,True,5.064060252656913
-737500.0,-1157500.0,1500,-44.69448738820912,False,True,4.932140810464634
-732500.0,-1157500.0,1500,-44.86815604840726,False,True,4.711162445464178
-727500.0,-1157500.0,1500,-57.89626558958149,True,True,4.829200574079575
-722500.0,-1157500.0,1500,-62.497999691115396,True,True,4.915691484849988
-717500.0,-1157500.0,1500,-63.13300562430963,True,True,4.852029800665715
-712500.0,-1157500.0,1500,-63.72805040986632,True,True,5.018994105350908
-707500.0,-1157500.0,1500,-55.90662006258897,False,True,5.125562079632619
-702500.0,-1157500.0,1500,-61.80171691796332,False,True,5.124380801830709
-697500.0,-1157500.0,1500,-79.49478357783975,True,True,5.017990667021851
-692500.0,-1157500.0,1500,-73.19784431199395,True,True,5.0005780204502415
-687500.0,-1157500.0,1500,-54.7486088193041,False,True,5.0232696644826
-682500.0,-1157500.0,1500,-62.16190290354591,True,True,4.896514283380609
-677500.0,-1157500.0,1500,-87.01488394404717,True,True,4.842980988363051
-672500.0,-1157500.0,1500,-103.75654703715419,True,True,4.778768229599317
-667500.0,-1157500.0,1500,-92.1601058767895,True,True,4.898450896890548
-662500.0,-1157500.0,1500,-54.65390407280428,False,True,4.731162116655734
-657500.0,-1157500.0,1500,-19.917877685049234,False,True,4.2232430355510315
-652500.0,-1157500.0,1500,-8.577248617438471,False,True,4.001695046039637
-647500.0,-1157500.0,1500,-3.185901420622327,False,True,3.8109874354931437
-642500.0,-1157500.0,1500,8.184262577752403,False,False,3.6797475353501223
-637500.0,-1157500.0,1500,10.517265889152313,False,False,3.603424108975017
-632500.0,-1157500.0,1500,-1.0564320111055756,False,False,3.4994736581353334
-627500.0,-1157500.0,1500,-30.98993991393619,False,False,3.46550896301338
-622500.0,-1157500.0,1500,-62.393803128541514,False,False,3.421058808011057
-617500.0,-1157500.0,1500,-64.53314015479475,False,False,3.4528524873361914
-612500.0,-1157500.0,1500,-41.62027177902537,False,False,3.4321656341398166
-607500.0,-1157500.0,1500,-28.588574293334755,False,False,3.501014821742271
-602500.0,-1157500.0,1500,-33.0676042005247,False,False,3.7691288335159285
-597500.0,-1157500.0,1500,-39.5059035009985,False,False,3.910123000196229
-592500.0,-1157500.0,1500,-47.798375044933884,False,False,3.9496463831649478
-587500.0,-1157500.0,1500,-53.73054927171405,False,False,4.019501914311151
-582500.0,-1157500.0,1500,-48.58393495751415,False,False,4.108676333465081
-1047500.0,-1152500.0,1500,20.935548699769868,False,False,3.538358413922028
-1042500.0,-1152500.0,1500,9.804958478616241,False,False,3.5002426673754163
-1037500.0,-1152500.0,1500,-1.3554116787031338,False,False,3.8297642747724003
-1032500.0,-1152500.0,1500,-5.589332833956552,False,False,4.434031655780503
-1027500.0,-1152500.0,1500,-2.0351997927990113,False,False,4.995988405049621
-1022500.0,-1152500.0,1500,7.444525233903277,False,False,5.0841350594862265
-1017500.0,-1152500.0,1500,15.55642701849534,False,False,4.613986537550228
-1012500.0,-1152500.0,1500,15.365028109382736,False,False,3.9679396195014336
-1007500.0,-1152500.0,1500,9.185136843827326,False,False,3.8053970047114927
-1002500.0,-1152500.0,1500,2.288403431517525,False,False,4.40230455015033
-997500.0,-1152500.0,1500,-4.1864942313821105,False,False,5.742029185640275
-992500.0,-1152500.0,1500,-8.527423594493213,False,False,7.425007627282915
-987500.0,-1152500.0,1500,-9.477286954624915,False,False,9.040825199768356
-982500.0,-1152500.0,1500,-8.35314933882315,False,False,10.29281123404066
-977500.0,-1152500.0,1500,-9.99865845830792,False,False,10.952183264179105
-972500.0,-1152500.0,1500,-11.264348957460419,False,False,11.007448536417158
-967500.0,-1152500.0,1500,-6.00642766366575,False,False,10.405792900283622
-962500.0,-1152500.0,1500,0.024858869192420918,False,False,8.99659586594696
-957500.0,-1152500.0,1500,0.17895556292685882,False,False,6.4629117849635245
-952500.0,-1152500.0,1500,0.38566538115400256,False,False,4.186613026857654
-947500.0,-1152500.0,1500,10.844650908069811,False,False,5.045497892293587
-942500.0,-1152500.0,1500,21.035533655823066,False,False,7.525282964206123
-937500.0,-1152500.0,1500,25.412550817492153,False,False,8.4541361731686
-932500.0,-1152500.0,1500,26.32589075241308,False,False,7.579289024546787
-907500.0,-1152500.0,1500,-2.6504640162226565,False,False,2.6552995885374084
-902500.0,-1152500.0,1500,-12.864406203335292,False,False,2.7244394793544915
-897500.0,-1152500.0,1500,-4.975719284530846,False,False,2.8067978567079708
-892500.0,-1152500.0,1500,6.354581478180164,False,False,2.8615946639841794
-887500.0,-1152500.0,1500,4.411476853090151,False,False,2.9134723126894255
-882500.0,-1152500.0,1500,-7.968928571675683,False,False,2.918371284674074
-877500.0,-1152500.0,1500,-14.245091902068634,False,False,2.968753514151623
-872500.0,-1152500.0,1500,-9.444401465289436,False,False,2.9944514893712935
-867500.0,-1152500.0,1500,2.5245673849805965,False,False,2.951305372800687
-862500.0,-1152500.0,1500,20.686842464882822,False,False,3.0015476502357066
-857500.0,-1152500.0,1500,36.84968052499552,False,False,3.1267573588560214
-852500.0,-1152500.0,1500,25.52127417082792,False,False,3.3717321150497717
-847500.0,-1152500.0,1500,6.905509518045782,False,False,3.4844773360052548
-842500.0,-1152500.0,1500,-12.158053156397376,False,False,3.566367128386649
-837500.0,-1152500.0,1500,-26.785829783486808,False,False,3.6324563430547543
-832500.0,-1152500.0,1500,-15.378547310214024,False,False,3.556761746132437
-827500.0,-1152500.0,1500,-11.356075751532211,False,False,3.657403108627271
-822500.0,-1152500.0,1500,-32.60118956176056,False,False,3.9847512127759854
-817500.0,-1152500.0,1500,-62.460938789220364,False,False,4.253881603262588
-812500.0,-1152500.0,1500,-76.59625716980541,False,True,4.335194963744921
-807500.0,-1152500.0,1500,-69.45648123862641,False,True,4.401684637595641
-802500.0,-1152500.0,1500,-47.45136449464519,False,True,4.3899467338348614
-797500.0,-1152500.0,1500,-37.54290648262559,False,True,4.69788149510327
-792500.0,-1152500.0,1500,-62.37961136412945,True,True,5.078984266146673
-787500.0,-1152500.0,1500,-78.88936631809243,True,True,4.972926581570704
-782500.0,-1152500.0,1500,-64.2858078376283,True,True,4.812306905667821
-777500.0,-1152500.0,1500,-62.28850178272059,True,True,4.996301724280987
-772500.0,-1152500.0,1500,-86.20675112700945,True,True,5.147823982469104
-767500.0,-1152500.0,1500,-101.59452665990958,True,True,5.072876677567207
-762500.0,-1152500.0,1500,-81.4253458650677,True,True,5.015446245779753
-757500.0,-1152500.0,1500,-41.769413719620324,False,True,4.864018274326801
-752500.0,-1152500.0,1500,-27.073820515463453,False,True,4.864370874330194
-747500.0,-1152500.0,1500,-40.38360829449408,False,True,5.002623519647006
-742500.0,-1152500.0,1500,-50.56774836912606,False,True,4.947458302676358
-737500.0,-1152500.0,1500,-49.32265475198311,False,True,4.748441740788123
-732500.0,-1152500.0,1500,-46.10066576684325,False,True,4.625809558283235
-727500.0,-1152500.0,1500,-45.932390460086516,False,True,4.699937513399037
-722500.0,-1152500.0,1500,-34.172014756495415,False,True,4.744157382367211
-717500.0,-1152500.0,1500,-39.406036153457634,False,True,4.749053078520761
-712500.0,-1152500.0,1500,-53.54813287932097,False,True,4.910753380303575
-707500.0,-1152500.0,1500,-45.99791716491948,False,True,4.987591229690806
-702500.0,-1152500.0,1500,-53.64139385027469,False,True,4.928770102559352
-697500.0,-1152500.0,1500,-75.59568127121582,True,True,4.910415045608625
-692500.0,-1152500.0,1500,-78.14030850769815,True,True,4.840487324896612
-687500.0,-1152500.0,1500,-69.50044166072789,False,True,4.882934168357097
-682500.0,-1152500.0,1500,-74.94673208404595,True,True,4.911362467922168
-677500.0,-1152500.0,1500,-87.23817891810452,True,True,4.829914779659485
-672500.0,-1152500.0,1500,-95.50033531722967,True,True,4.856347881622726
-667500.0,-1152500.0,1500,-82.97344540750208,True,True,4.863317802579372
-662500.0,-1152500.0,1500,-48.02353985286603,False,True,4.661848731073639
-657500.0,-1152500.0,1500,-20.279820514232355,False,True,4.2602629313337195
-652500.0,-1152500.0,1500,-8.999071408955437,False,True,3.8961573727746246
-647500.0,-1152500.0,1500,2.5841639567342676,False,True,3.6989862976856673
-642500.0,-1152500.0,1500,7.077955501156582,False,False,3.6386769470967595
-637500.0,-1152500.0,1500,1.1961917855610444,False,False,3.5408380833763404
-632500.0,-1152500.0,1500,-10.799731499854877,False,False,3.4447111901594285
-627500.0,-1152500.0,1500,-38.441763585867534,False,False,3.3836792367609725
-622500.0,-1152500.0,1500,-57.57652387938677,False,False,3.4224607090665087
-617500.0,-1152500.0,1500,-50.60757965299465,False,False,3.57207631662334
-612500.0,-1152500.0,1500,-33.529756879995084,False,False,3.505479063073437
-607500.0,-1152500.0,1500,-27.888061290302883,False,False,3.5288351202041235
-602500.0,-1152500.0,1500,-32.90784948182694,False,False,3.781856361852353
-597500.0,-1152500.0,1500,-36.75815183550702,False,False,3.9624473885129396
-592500.0,-1152500.0,1500,-45.92511656317567,False,False,4.046305433710057
-587500.0,-1152500.0,1500,-53.42090525450225,False,False,4.112740712832215
-582500.0,-1152500.0,1500,-47.04169038686457,False,False,4.117552466587118
-1047500.0,-1147500.0,1500,8.485101351265275,False,False,3.5044966658308034
-1042500.0,-1147500.0,1500,6.85272583225105,False,False,4.158230416786965
-1037500.0,-1147500.0,1500,5.15575449492492,False,False,4.977790124045706
-1032500.0,-1147500.0,1500,6.428676476028036,False,False,5.366160712031473
-1027500.0,-1147500.0,1500,11.049319816960482,False,False,4.949572935720809
-1022500.0,-1147500.0,1500,18.37878567267641,False,False,4.12612128964036
-1017500.0,-1147500.0,1500,23.202435237135532,False,False,3.7406162772126748
-1012500.0,-1147500.0,1500,20.99963128627085,False,False,4.183879460832562
-1007500.0,-1147500.0,1500,14.828569115032415,False,False,5.4282984110204735
-1002500.0,-1147500.0,1500,10.060009883427078,False,False,6.997325685654632
-997500.0,-1147500.0,1500,6.7676870763816455,False,False,8.341090699712767
-992500.0,-1147500.0,1500,3.1249195045698586,False,False,9.40864099015018
-987500.0,-1147500.0,1500,2.1116039652807186,False,False,10.253420537063555
-982500.0,-1147500.0,1500,2.7875840486111834,False,False,10.865098556823066
-977500.0,-1147500.0,1500,0.43921583730693853,False,False,11.214880021427376
-972500.0,-1147500.0,1500,-1.1978671437904087,False,False,11.224662963035698
-967500.0,-1147500.0,1500,2.9432801732004177,False,False,10.789080207401511
-962500.0,-1147500.0,1500,7.364752431819574,False,False,9.8052759824707
-957500.0,-1147500.0,1500,8.675659213068528,False,False,7.941169199192346
-952500.0,-1147500.0,1500,15.151386344996757,False,False,5.069830229194765
-947500.0,-1147500.0,1500,26.668472679068337,False,False,4.1411041349414885
-942500.0,-1147500.0,1500,30.302982412018615,False,False,6.135037563997596
-937500.0,-1147500.0,1500,26.99271222524128,False,False,7.429215180295525
-907500.0,-1147500.0,1500,-7.638844568745114,False,False,2.69218679491217
-902500.0,-1147500.0,1500,-5.809129076597134,False,False,2.7400497069302343
-897500.0,-1147500.0,1500,10.239033470563296,False,False,2.797382346449373
-892500.0,-1147500.0,1500,16.91604040065391,False,False,2.8402315226268158
-887500.0,-1147500.0,1500,11.697803916880924,False,False,2.8763185143911327
-882500.0,-1147500.0,1500,-3.476844134626253,False,False,2.904671318704766
-877500.0,-1147500.0,1500,-20.071783166559488,False,False,3.029699471813001
-872500.0,-1147500.0,1500,-14.373808231455557,False,False,3.120141782182626
-867500.0,-1147500.0,1500,7.401965888466357,False,False,3.034851859509244
-862500.0,-1147500.0,1500,23.04496554400068,False,False,3.05436977545898
-857500.0,-1147500.0,1500,24.756624576094822,False,False,3.1239702826230094
-852500.0,-1147500.0,1500,7.489005268578027,False,False,3.296459043095871
-847500.0,-1147500.0,1500,5.829197328991158,False,False,3.4571020624882505
-842500.0,-1147500.0,1500,13.690001760336246,False,False,3.503281343795053
-837500.0,-1147500.0,1500,6.910224026373881,False,False,3.539254421927185
-832500.0,-1147500.0,1500,-10.074345985009222,False,False,3.6218418292783876
-827500.0,-1147500.0,1500,-35.35167972839869,False,False,3.782039248413704
-822500.0,-1147500.0,1500,-55.30610800527502,False,False,3.8612229780025373
-817500.0,-1147500.0,1500,-78.6815075038765,False,False,4.013216084322817
-812500.0,-1147500.0,1500,-83.20113175227708,False,True,4.2251129597988815
-807500.0,-1147500.0,1500,-60.1687201202858,False,True,4.297952085785682
-802500.0,-1147500.0,1500,-34.74412671595003,False,True,4.21936932810918
-797500.0,-1147500.0,1500,-38.165042422924714,False,True,4.651706691799467
-792500.0,-1147500.0,1500,-63.00366653404474,True,True,5.095097468317706
-787500.0,-1147500.0,1500,-60.807715280879,False,True,4.854946884782432
-782500.0,-1147500.0,1500,-46.24657988345147,False,True,4.666784912928207
-777500.0,-1147500.0,1500,-60.1699694989156,False,True,4.932192748341816
-772500.0,-1147500.0,1500,-87.17707775284376,True,True,5.1179222419125265
-767500.0,-1147500.0,1500,-102.70249870567454,True,True,5.0235951917031585
-762500.0,-1147500.0,1500,-93.56362424366321,True,True,4.920599300687655
-757500.0,-1147500.0,1500,-57.88577479311446,True,True,4.7460738877450375
-752500.0,-1147500.0,1500,-34.009906016778096,False,True,4.7756913947828785
-747500.0,-1147500.0,1500,-27.789426200233038,False,True,4.803872439540872
-742500.0,-1147500.0,1500,-43.522883830459854,False,True,4.651195598844003
-737500.0,-1147500.0,1500,-55.7565180982132,False,True,4.495663810850361
-732500.0,-1147500.0,1500,-41.9250532176106,False,True,4.543848209817488
-727500.0,-1147500.0,1500,-33.794868003819154,False,True,4.639440816777986
-722500.0,-1147500.0,1500,-26.61544621850471,False,True,4.636267785106662
-717500.0,-1147500.0,1500,-34.86753105260239,False,True,4.691963062348323
-712500.0,-1147500.0,1500,-45.56826752089275,False,True,4.793203194533428
-707500.0,-1147500.0,1500,-36.747305813598864,False,True,4.739978760554927
-702500.0,-1147500.0,1500,-45.27601055031557,False,True,4.695474080485378
-697500.0,-1147500.0,1500,-69.77353759899694,False,True,4.81829303152022
-692500.0,-1147500.0,1500,-79.76539429097267,False,True,4.766485567896552
-687500.0,-1147500.0,1500,-77.91430660057928,False,True,4.810475084545597
-682500.0,-1147500.0,1500,-74.54661259167383,False,True,4.880707444389319
-677500.0,-1147500.0,1500,-73.84520375388614,False,True,4.7732197965142795
-672500.0,-1147500.0,1500,-79.95376979044384,False,True,4.731703191685482
-667500.0,-1147500.0,1500,-74.24155715223995,False,True,4.679111732046884
-662500.0,-1147500.0,1500,-47.26815234326808,False,True,4.500406664718447
-657500.0,-1147500.0,1500,-24.28534262726328,False,True,4.211171321091014
-652500.0,-1147500.0,1500,-16.81427208795681,False,True,3.871137980236798
-647500.0,-1147500.0,1500,-13.921392482476591,False,False,3.6920820499949993
-642500.0,-1147500.0,1500,-12.758980410805126,False,False,3.5899568286551924
-637500.0,-1147500.0,1500,-13.411658511981729,False,False,3.437335290742128
-632500.0,-1147500.0,1500,-21.119961364056735,False,False,3.4512818842490613
-627500.0,-1147500.0,1500,-37.28871803037981,False,False,3.516133427036045
-622500.0,-1147500.0,1500,-37.299051810373655,False,False,3.5582261804935955
-617500.0,-1147500.0,1500,-23.17934063882299,False,False,3.578819526214644
-612500.0,-1147500.0,1500,-14.96966651554405,False,False,3.514241918151308
-607500.0,-1147500.0,1500,-18.20329064611076,False,False,3.63419059367382
-602500.0,-1147500.0,1500,-26.594290714358575,False,False,3.7690447737970016
-597500.0,-1147500.0,1500,-30.46788784367353,False,False,3.8949380580689414
-592500.0,-1147500.0,1500,-40.82762910997067,False,False,4.030324264499555
-587500.0,-1147500.0,1500,-51.054591587617516,False,False,4.038849992662475
-582500.0,-1147500.0,1500,-48.848961878440065,False,False,4.012218196320896
-1047500.0,-1142500.0,1500,-6.388274838964535,False,False,4.865807559269358
-1042500.0,-1142500.0,1500,0.8116802478770615,False,False,5.223767158293138
-1037500.0,-1142500.0,1500,7.9456100685851005,False,False,4.954594396929945
-1032500.0,-1142500.0,1500,14.889072258089419,False,False,4.244069565512754
-1027500.0,-1142500.0,1500,20.77315330893853,False,False,3.807437026941061
-1022500.0,-1142500.0,1500,25.890852115182486,False,False,4.085744691867324
-1017500.0,-1142500.0,1500,28.53838202960751,False,False,5.165958708116716
-1012500.0,-1142500.0,1500,26.578002428322876,False,False,6.707415801259081
-1007500.0,-1142500.0,1500,21.170871025884065,False,False,8.095736729916311
-1002500.0,-1142500.0,1500,17.147512281433176,False,False,9.13820709271208
-997500.0,-1142500.0,1500,15.260955275030414,False,False,9.89429244145232
-992500.0,-1142500.0,1500,12.618000092102603,False,False,10.474570070924049
-987500.0,-1142500.0,1500,10.997493858480304,False,False,10.913214641307743
-982500.0,-1142500.0,1500,9.832634238388975,False,False,11.221653708718682
-977500.0,-1142500.0,1500,6.824637362585209,False,False,11.400860629683546
-972500.0,-1142500.0,1500,6.476439691592789,False,False,11.356552323145372
-967500.0,-1142500.0,1500,10.530609477038583,False,False,11.031389772901797
-962500.0,-1142500.0,1500,13.850213138441314,False,False,10.36264689203954
-957500.0,-1142500.0,1500,18.31510387381428,False,False,9.045928962232718
-952500.0,-1142500.0,1500,29.05047813202801,False,False,6.803801218412062
-947500.0,-1142500.0,1500,37.605645478639744,False,False,5.265125565884511
-942500.0,-1142500.0,1500,34.464321950703635,False,False,5.99890839116151
-897500.0,-1142500.0,1500,25.315877399340717,False,False,2.773225917352672
-892500.0,-1142500.0,1500,18.477339989376603,False,False,2.940418527665667
-887500.0,-1142500.0,1500,6.646235713406376,False,False,2.9395649470359464
-882500.0,-1142500.0,1500,-5.101024932312782,False,False,2.929805359570643
-877500.0,-1142500.0,1500,-17.6180021042127,False,False,3.102745224604173
-872500.0,-1142500.0,1500,-13.463429400581141,False,False,3.2691153635875647
-867500.0,-1142500.0,1500,5.3268036394930425,False,False,3.193275838902379
-862500.0,-1142500.0,1500,10.886882340788317,False,False,3.1129303442406497
-857500.0,-1142500.0,1500,-2.517823611044178,False,False,3.1215309514286727
-852500.0,-1142500.0,1500,-9.109190927057439,False,False,3.2580902582555056
-847500.0,-1142500.0,1500,4.719677636064047,False,False,3.3780400310620777
-842500.0,-1142500.0,1500,14.79821530400518,False,False,3.4319023467368135
-837500.0,-1142500.0,1500,5.245216269997542,False,False,3.5252626608031727
-832500.0,-1142500.0,1500,-15.489052726755322,False,False,3.5806378566303856
-827500.0,-1142500.0,1500,-32.72901506784065,False,False,3.6538325726868575
-822500.0,-1142500.0,1500,-51.702653195927624,False,False,3.7793898281427403
-817500.0,-1142500.0,1500,-60.853740719245174,False,False,3.93653494212694
-812500.0,-1142500.0,1500,-40.8434132661922,False,False,4.014951175189578
-807500.0,-1142500.0,1500,-25.074362431575647,False,True,4.050040799375556
-802500.0,-1142500.0,1500,-26.117601522717873,False,True,4.074281589802423
-797500.0,-1142500.0,1500,-44.03858236294748,False,True,4.368367132808647
-792500.0,-1142500.0,1500,-61.48922408697411,False,True,4.772417939899853
-787500.0,-1142500.0,1500,-45.65087240514264,False,True,4.664377674203715
-782500.0,-1142500.0,1500,-39.393189684903504,False,True,4.549241564490254
-777500.0,-1142500.0,1500,-66.91588272355797,False,True,4.873180116671337
-772500.0,-1142500.0,1500,-84.75749901495385,True,True,5.015457903049258
-767500.0,-1142500.0,1500,-99.76560194743941,True,True,4.933785470905997
-762500.0,-1142500.0,1500,-105.62171683737391,True,True,4.858876942998757
-757500.0,-1142500.0,1500,-75.59944086754278,True,True,4.753131528670836
-752500.0,-1142500.0,1500,-37.63762206356793,False,True,4.6368668714461645
-747500.0,-1142500.0,1500,-14.88375569377858,False,True,4.438495105101003
-742500.0,-1142500.0,1500,-37.437389396377874,False,True,4.302381420653821
-737500.0,-1142500.0,1500,-54.68916342509748,False,True,4.234170557015417
-732500.0,-1142500.0,1500,-26.36455821887085,False,True,4.3650201749220034
-727500.0,-1142500.0,1500,-16.13254343857203,False,True,4.507930839843632
-722500.0,-1142500.0,1500,-26.20309235488573,False,True,4.540091955202479
-717500.0,-1142500.0,1500,-33.11550372759496,False,True,4.693295656021526
-712500.0,-1142500.0,1500,-33.57994018085741,False,True,4.720514331724374
-707500.0,-1142500.0,1500,-29.602276688992582,False,True,4.602088461924396
-702500.0,-1142500.0,1500,-44.031235707204885,False,True,4.543815773688809
-697500.0,-1142500.0,1500,-70.27432097201205,False,True,4.567444224555322
-692500.0,-1142500.0,1500,-77.31218230917696,False,True,4.646059236222848
-687500.0,-1142500.0,1500,-67.44208036854054,False,True,4.735525117193837
-682500.0,-1142500.0,1500,-52.23514348341383,False,True,4.684875315975796
-677500.0,-1142500.0,1500,-49.82831407924825,False,True,4.498882046196634
-672500.0,-1142500.0,1500,-66.83174447311205,False,True,4.410323931974959
-667500.0,-1142500.0,1500,-72.7625678027173,False,True,4.407272703960498
-662500.0,-1142500.0,1500,-52.501994211581234,False,True,4.304758152233809
-657500.0,-1142500.0,1500,-23.182439350990748,False,True,4.105626828413398
-652500.0,-1142500.0,1500,-11.029250483014893,False,True,3.8843038591992913
-647500.0,-1142500.0,1500,-18.151532730428883,False,False,3.686723850810287
-642500.0,-1142500.0,1500,-20.563195291533525,False,False,3.5821753292880465
-637500.0,-1142500.0,1500,-18.630553120966706,False,False,3.476127286719775
-632500.0,-1142500.0,1500,-25.703691220736655,False,False,3.4887579503881074
-627500.0,-1142500.0,1500,-32.58203559479263,False,False,3.6040363880069046
-622500.0,-1142500.0,1500,-20.73937973832889,False,False,3.510410990586777
-617500.0,-1142500.0,1500,-4.02099503944555,False,False,3.396517132217161
-612500.0,-1142500.0,1500,-1.9769322939180594,False,False,3.3855977702831708
-607500.0,-1142500.0,1500,-9.665348343738962,False,False,3.6135351694569406
-602500.0,-1142500.0,1500,-18.771875557620255,False,False,3.797440614391827
-597500.0,-1142500.0,1500,-23.421075888059953,False,False,3.8368540522414243
-592500.0,-1142500.0,1500,-32.630270930581894,False,False,3.880143734098372
-587500.0,-1142500.0,1500,-44.92339030186625,False,False,3.9056872359487005
-582500.0,-1142500.0,1500,-52.054172230410664,False,False,4.0071984996702525
-1047500.0,-1137500.0,1500,-16.066337014114684,False,False,5.111941649381316
-1042500.0,-1137500.0,1500,-3.538499141807011,False,False,4.3290928640829245
-1037500.0,-1137500.0,1500,7.046081673915269,False,False,3.8012604765421076
-1032500.0,-1137500.0,1500,15.895600811425904,False,False,4.005839628980314
-1027500.0,-1137500.0,1500,22.2479063072829,False,False,5.028020103553521
-1022500.0,-1137500.0,1500,26.825472130489544,False,False,6.529431520662143
-1017500.0,-1137500.0,1500,29.98760927415445,False,False,7.8771656030794315
-1012500.0,-1137500.0,1500,29.553103593701845,False,False,8.934046733365818
-1007500.0,-1137500.0,1500,24.49769099164581,False,False,9.747260611260517
-1002500.0,-1137500.0,1500,20.6110895072128,False,False,10.313620830877161
-997500.0,-1137500.0,1500,20.271375884891434,False,False,10.690039017446868
-992500.0,-1137500.0,1500,19.19537186784765,False,False,10.975359669145504
-987500.0,-1137500.0,1500,16.06351124032116,False,False,11.215655862669967
-982500.0,-1137500.0,1500,12.583993299479491,False,False,11.40308120189555
-977500.0,-1137500.0,1500,10.92946280780216,False,False,11.481404573241656
-972500.0,-1137500.0,1500,12.395311650360451,False,False,11.408526719707703
-967500.0,-1137500.0,1500,15.275042573000206,False,False,11.180789100463489
-962500.0,-1137500.0,1500,18.677069904839275,False,False,10.724343587109004
-957500.0,-1137500.0,1500,24.09672700248724,False,False,9.866982774505361
-892500.0,-1137500.0,1500,23.869479047581226,False,False,2.9670463308919466
-887500.0,-1137500.0,1500,16.090019709291724,False,False,2.9606947859269503
-882500.0,-1137500.0,1500,15.15365789281488,False,False,2.9486622161330196
-877500.0,-1137500.0,1500,9.14715470856899,False,False,3.076611524727842
-872500.0,-1137500.0,1500,8.449687839065959,False,False,3.207507939711966
-867500.0,-1137500.0,1500,14.962911331347364,False,False,3.146384605120661
-862500.0,-1137500.0,1500,16.68522996716065,False,False,3.098857019985525
-857500.0,-1137500.0,1500,7.967311417410954,False,False,3.1662592775820078
-852500.0,-1137500.0,1500,3.945314047944537,False,False,3.266328352454159
-847500.0,-1137500.0,1500,0.4994050633950002,False,False,3.4107496692643
-842500.0,-1137500.0,1500,-23.41748709763833,False,False,3.560074311812979
-837500.0,-1137500.0,1500,-42.56271217725156,False,False,3.578678416456831
-832500.0,-1137500.0,1500,-35.95148693361495,False,False,3.5309184556929116
-827500.0,-1137500.0,1500,-23.28256591674097,False,False,3.590096545151518
-822500.0,-1137500.0,1500,-32.03080448856164,False,False,3.744407078462316
-817500.0,-1137500.0,1500,-19.775689607417974,False,False,3.801715324978848
-812500.0,-1137500.0,1500,8.908761274054935,False,False,3.8127902014052197
-807500.0,-1137500.0,1500,-9.087026622499726,False,True,3.9581121920900353
-802500.0,-1137500.0,1500,-44.1593532904097,False,True,4.146103126696066
-797500.0,-1137500.0,1500,-64.22995815638033,False,True,4.395631593339342
-792500.0,-1137500.0,1500,-69.91089357733529,False,True,4.584785926326111
-787500.0,-1137500.0,1500,-49.5333998411533,False,True,4.441058518159832
-782500.0,-1137500.0,1500,-39.0829894229994,False,True,4.410375573035154
-777500.0,-1137500.0,1500,-64.83746655753257,False,True,4.71604577236495
-772500.0,-1137500.0,1500,-81.26842599137906,True,True,4.9671865056024815
-767500.0,-1137500.0,1500,-95.53549713755633,True,True,4.936605607018016
-762500.0,-1137500.0,1500,-105.9479849919506,True,True,4.828798634723699
-757500.0,-1137500.0,1500,-86.26947117429388,True,True,4.77250303517131
-752500.0,-1137500.0,1500,-46.385894354184614,False,True,4.543859525834357
-747500.0,-1137500.0,1500,-18.917232348502658,False,True,4.249801636495553
-742500.0,-1137500.0,1500,-33.135229660711865,False,True,4.123337221368421
-737500.0,-1137500.0,1500,-43.660844959550005,False,True,4.188340217554684
-732500.0,-1137500.0,1500,-11.272366936773885,False,False,4.245758931608346
-727500.0,-1137500.0,1500,-0.6999204140766604,False,True,4.278221934728247
-722500.0,-1137500.0,1500,-24.980458908760667,False,True,4.3539792390623475
-717500.0,-1137500.0,1500,-30.17667124721737,False,True,4.5389903768182736
-712500.0,-1137500.0,1500,-20.201851598426984,False,True,4.5682301462571395
-707500.0,-1137500.0,1500,-19.51921518336088,False,True,4.441199216756968
-702500.0,-1137500.0,1500,-42.88061183760721,False,True,4.35889482699354
-697500.0,-1137500.0,1500,-69.72350508897216,False,True,4.412159430418475
-692500.0,-1137500.0,1500,-74.20355635526958,False,True,4.568398364370884
-687500.0,-1137500.0,1500,-59.74861776463608,False,True,4.528484767165573
-682500.0,-1137500.0,1500,-41.60565873652159,False,True,4.388270119108352
-677500.0,-1137500.0,1500,-43.01990586333184,False,True,4.273337917167001
-672500.0,-1137500.0,1500,-65.467351999653,False,True,4.251877701538141
-667500.0,-1137500.0,1500,-80.00478407459173,False,True,4.237055631153495
-662500.0,-1137500.0,1500,-70.114581555671,False,True,4.138533226904254
-657500.0,-1137500.0,1500,-38.734408968612655,False,True,4.024500788810278
-652500.0,-1137500.0,1500,-16.040240429297715,False,False,3.868543403848806
-647500.0,-1137500.0,1500,-20.953485261803763,False,False,3.724411187651081
-642500.0,-1137500.0,1500,-26.973629101449937,False,False,3.6490327158039664
-637500.0,-1137500.0,1500,-23.198863280333857,False,False,3.5682865076660457
-632500.0,-1137500.0,1500,-21.926823774576214,False,False,3.5713415075751382
-627500.0,-1137500.0,1500,-24.887389228296918,False,False,3.587543781291479
-622500.0,-1137500.0,1500,-19.258075682201536,False,False,3.4005489682670955
-617500.0,-1137500.0,1500,-6.454953321286753,False,False,3.340213781601598
-612500.0,-1137500.0,1500,-2.1011603457115777,False,False,3.4409875289369447
-607500.0,-1137500.0,1500,-8.534852104669028,False,False,3.5741695683148946
-602500.0,-1137500.0,1500,-17.958273129618544,False,False,3.7294887831828993
-597500.0,-1137500.0,1500,-22.681199974887885,False,False,3.8035713243773723
-592500.0,-1137500.0,1500,-26.839636377883235,False,False,3.811798536278249
-587500.0,-1137500.0,1500,-33.2661544865055,False,False,3.801455716586636
-582500.0,-1137500.0,1500,-41.36274037832789,False,False,3.959484792806944
-1047500.0,-1132500.0,1500,-16.513213624309394,False,False,3.9770646659536384
-1042500.0,-1132500.0,1500,-4.750929007026007,False,False,3.995283326513562
-1037500.0,-1132500.0,1500,4.322636417473533,False,False,4.880494602465481
-1032500.0,-1132500.0,1500,11.721287047737112,False,False,6.380868679229824
-1027500.0,-1132500.0,1500,17.60176408161028,False,False,7.806933467019935
-1022500.0,-1132500.0,1500,23.07695065889651,False,False,8.863618483567667
-987500.0,-1132500.0,1500,18.67673277228448,False,False,11.328410353713895
-982500.0,-1132500.0,1500,14.890520517803527,False,False,11.434322239645471
-977500.0,-1132500.0,1500,13.81983585563855,False,False,11.46748539782205
-972500.0,-1132500.0,1500,16.196387308615495,False,False,11.404133219806539
-967500.0,-1132500.0,1500,18.90892808574387,False,False,11.238681273675667
-962500.0,-1132500.0,1500,22.439142540191778,False,False,10.921469349454554
-892500.0,-1132500.0,1500,28.994724303232726,False,False,2.8419697434409157
-887500.0,-1132500.0,1500,37.84244996119161,False,False,2.8302151220560523
-882500.0,-1132500.0,1500,44.57116588578984,False,False,2.8821719655899125
-877500.0,-1132500.0,1500,39.935374521279044,False,False,2.9906799612381327
-872500.0,-1132500.0,1500,30.947609020377485,False,False,3.06991594618549
-867500.0,-1132500.0,1500,27.25031093017282,False,False,3.0700090528346387
-862500.0,-1132500.0,1500,30.52812758278812,False,False,3.087272872289389
-857500.0,-1132500.0,1500,14.593586518227601,False,False,3.1928134076614163
-852500.0,-1132500.0,1500,-8.012863074003585,False,False,3.2938020664091194
-847500.0,-1132500.0,1500,-16.681107134803735,False,False,3.4652700497351834
-842500.0,-1132500.0,1500,-37.54820989814725,False,False,3.555826351866365
-837500.0,-1132500.0,1500,-51.01849507846461,False,False,3.4913712816404407
-832500.0,-1132500.0,1500,-54.3715349700851,False,False,3.5165567209793114
-827500.0,-1132500.0,1500,-43.82837061994307,False,False,3.5591083957427347
-822500.0,-1132500.0,1500,-21.420703395247703,False,False,3.6498157041952752
-817500.0,-1132500.0,1500,-10.343042153849211,False,False,3.75346253090247
-812500.0,-1132500.0,1500,-2.6178476161096174,False,False,3.849822191197923
-807500.0,-1132500.0,1500,-16.8035341381241,False,False,3.976276824302169
-802500.0,-1132500.0,1500,-52.05608419556074,False,True,4.135360098987963
-797500.0,-1132500.0,1500,-73.26930855245136,False,True,4.343688877145829
-792500.0,-1132500.0,1500,-73.99568140672864,False,True,4.419870638325906
-787500.0,-1132500.0,1500,-54.027250424584324,False,True,4.251975742400417
-782500.0,-1132500.0,1500,-29.198199991127204,False,True,4.253960866402448
-777500.0,-1132500.0,1500,-43.992486497481806,False,True,4.571237872175939
-772500.0,-1132500.0,1500,-76.00429998391078,True,True,4.959534024027072
-767500.0,-1132500.0,1500,-94.19586094850399,True,True,4.984706187050088
-762500.0,-1132500.0,1500,-97.26707246664327,True,True,4.777288401337762
-757500.0,-1132500.0,1500,-77.2000150268825,False,True,4.627637941762093
-752500.0,-1132500.0,1500,-51.16403124862798,False,True,4.36529204528909
-747500.0,-1132500.0,1500,-34.898239379481566,False,True,4.165794506512668
-742500.0,-1132500.0,1500,-33.3183820764813,False,True,4.070116668764918
-737500.0,-1132500.0,1500,-40.87009733095817,False,False,4.11629167880087
-732500.0,-1132500.0,1500,-22.268888805329134,False,False,4.1752291166769915
-727500.0,-1132500.0,1500,-5.813918906676551,False,False,4.1934245241696315
-722500.0,-1132500.0,1500,-23.77672999903326,False,False,4.283137106372066
-717500.0,-1132500.0,1500,-33.71787233104961,False,False,4.357495852815698
-712500.0,-1132500.0,1500,-23.118885050490096,False,False,4.37420445547953
-707500.0,-1132500.0,1500,-19.887321176366562,False,False,4.349830208266801
-702500.0,-1132500.0,1500,-38.64094924024573,False,False,4.280145978046567
-697500.0,-1132500.0,1500,-60.81519909450245,False,True,4.337136666000154
-692500.0,-1132500.0,1500,-75.93921916448491,False,True,4.395752913033388
-687500.0,-1132500.0,1500,-76.91827348078378,False,False,4.328638220234342
-682500.0,-1132500.0,1500,-66.91836476586339,False,True,4.238800542025471
-677500.0,-1132500.0,1500,-63.36316244444746,False,True,4.187349294918551
-672500.0,-1132500.0,1500,-66.01056138008926,False,True,4.229202884544531
-667500.0,-1132500.0,1500,-71.90150963862779,False,True,4.1755129998384675
-662500.0,-1132500.0,1500,-75.40239154273152,False,False,3.9738744377862245
-657500.0,-1132500.0,1500,-63.19356013024856,False,False,3.86195438671234
-652500.0,-1132500.0,1500,-47.19297513264205,False,False,3.8446812576378497
-647500.0,-1132500.0,1500,-48.88973224436175,False,False,3.7882107486897603
-642500.0,-1132500.0,1500,-52.2094798108631,False,False,3.670471076746361
-637500.0,-1132500.0,1500,-38.728805063566995,False,False,3.564829937871817
-632500.0,-1132500.0,1500,-21.413586135405673,False,False,3.6050448104503285
-627500.0,-1132500.0,1500,-22.096506788478937,False,False,3.597812419412505
-622500.0,-1132500.0,1500,-29.998650948640247,False,False,3.4134513238726005
-617500.0,-1132500.0,1500,-22.654684815064996,False,False,3.3783173714131056
-612500.0,-1132500.0,1500,-9.690131879919873,False,False,3.519444298365146
-607500.0,-1132500.0,1500,-8.385379277778968,False,False,3.6037327184808587
-602500.0,-1132500.0,1500,-18.49201597467387,False,False,3.686075569251525
-597500.0,-1132500.0,1500,-25.394181219834568,False,False,3.8073017705338685
-592500.0,-1132500.0,1500,-22.441543464583116,False,False,3.8271628949568526
-587500.0,-1132500.0,1500,-19.012779063329646,False,False,3.80423076736537
-582500.0,-1132500.0,1500,-23.87017636141398,False,False,3.9718810214441804
-1047500.0,-1127500.0,1500,-14.654464673705274,False,False,4.854620361419933
-1042500.0,-1127500.0,1500,-5.885286378311246,False,False,6.271176864672871
-1037500.0,-1127500.0,1500,-0.1720266955366205,False,False,7.735581566279797
-1032500.0,-1127500.0,1500,5.3263722730368,False,False,8.853681070416284
-1027500.0,-1127500.0,1500,12.475709081767404,False,False,9.628887330662518
-892500.0,-1127500.0,1500,22.34259325598764,False,False,2.7736794022896856
-887500.0,-1127500.0,1500,32.51797080530912,False,False,2.7511008806131954
-882500.0,-1127500.0,1500,41.72293370958808,False,False,2.77759707548916
-877500.0,-1127500.0,1500,40.330533920936965,False,False,2.857944386780942
-872500.0,-1127500.0,1500,24.149116935613304,False,False,2.9684324527336394
-867500.0,-1127500.0,1500,9.713371958497465,False,False,3.1530959161983474
-862500.0,-1127500.0,1500,14.871787312404654,False,False,3.253005943861719
-857500.0,-1127500.0,1500,4.81689111461556,False,False,3.289965720017149
-852500.0,-1127500.0,1500,-16.9626263766593,False,False,3.3535966604061684
-847500.0,-1127500.0,1500,-22.366529912444037,False,False,3.4692617330744033
-842500.0,-1127500.0,1500,-25.692490859985295,False,False,3.4877086879537886
-837500.0,-1127500.0,1500,-18.776793009293257,False,False,3.438537519714706
-832500.0,-1127500.0,1500,-41.06433836698475,False,False,3.477181520226484
-827500.0,-1127500.0,1500,-55.84684237049393,False,False,3.552118648238448
-822500.0,-1127500.0,1500,-38.86601093058981,False,False,3.667027106877815
-817500.0,-1127500.0,1500,-46.996861404665346,False,False,3.808846852830561
-812500.0,-1127500.0,1500,-51.06898771004954,False,False,3.976430530584117
-807500.0,-1127500.0,1500,-50.86342043714165,False,False,4.0083548749501245
-802500.0,-1127500.0,1500,-65.57079372134883,False,False,4.086238167302843
-797500.0,-1127500.0,1500,-72.13372199161225,False,False,4.242298564126907
-792500.0,-1127500.0,1500,-66.97095107586088,False,True,4.267149629871902
-787500.0,-1127500.0,1500,-50.930376097867594,False,True,4.221474506896411
-782500.0,-1127500.0,1500,-23.498281944397096,False,True,4.217031140765014
-777500.0,-1127500.0,1500,-32.28441773058702,False,True,4.515855999471174
-772500.0,-1127500.0,1500,-74.6407099760665,True,True,4.862464672713582
-767500.0,-1127500.0,1500,-95.39274147313544,False,True,4.894365262686523
-762500.0,-1127500.0,1500,-83.41005304871265,False,True,4.7283142432764755
-757500.0,-1127500.0,1500,-45.54271422375287,False,True,4.371391744793347
-752500.0,-1127500.0,1500,-22.24495038564818,False,True,4.026584885574981
-747500.0,-1127500.0,1500,-26.631682725811356,False,True,4.032581466318762
-742500.0,-1127500.0,1500,-34.123190276096366,False,True,4.014797496887468
-737500.0,-1127500.0,1500,-45.420951433003864,False,False,3.98131738136733
-732500.0,-1127500.0,1500,-39.34431803572931,False,False,4.1326346748888305
-727500.0,-1127500.0,1500,-19.504806811637547,False,False,4.172078762877744
-722500.0,-1127500.0,1500,-27.94685088570284,False,False,4.259341543933582
-717500.0,-1127500.0,1500,-49.21637371427552,False,False,4.269702319030355
-712500.0,-1127500.0,1500,-48.90102740826186,False,False,4.201758141178582
-707500.0,-1127500.0,1500,-37.14648023543064,False,False,4.299381240621424
-702500.0,-1127500.0,1500,-38.75580504193638,False,False,4.240830532751102
-697500.0,-1127500.0,1500,-44.47524536190005,False,False,4.132834637789939
-692500.0,-1127500.0,1500,-60.094934038401725,False,False,4.165639526518061
-687500.0,-1127500.0,1500,-85.5317799829482,False,False,4.231547328437074
-682500.0,-1127500.0,1500,-93.5181328830989,False,False,4.21227385108215
-677500.0,-1127500.0,1500,-81.80155740851382,False,False,4.150136152268043
-672500.0,-1127500.0,1500,-61.45616609889183,False,False,4.122725905403298
-667500.0,-1127500.0,1500,-52.24230280292003,False,False,4.006557051413835
-662500.0,-1127500.0,1500,-55.77213545366121,False,False,3.854069425855374
-657500.0,-1127500.0,1500,-57.72558917706201,False,False,3.733099231469295
-652500.0,-1127500.0,1500,-58.996464321925664,False,False,3.7901785910394796
-647500.0,-1127500.0,1500,-65.56693982517535,False,False,3.7546320930827584
-642500.0,-1127500.0,1500,-65.12440469102553,False,False,3.627918745741268
-637500.0,-1127500.0,1500,-50.02459251160646,False,False,3.566236670829701
-632500.0,-1127500.0,1500,-34.124814773384614,False,False,3.5989388284278827
-627500.0,-1127500.0,1500,-35.91693274890661,False,False,3.6394002318855665
-622500.0,-1127500.0,1500,-44.121273538186266,False,False,3.519764333892536
-617500.0,-1127500.0,1500,-33.52276656699628,False,False,3.457715692720986
-612500.0,-1127500.0,1500,-16.14494363217889,False,False,3.515829588778305
-607500.0,-1127500.0,1500,-12.07341230731493,False,False,3.6356157281279917
-602500.0,-1127500.0,1500,-21.38772190288307,False,False,3.7567546663073896
-597500.0,-1127500.0,1500,-26.062122024490694,False,False,3.847538600204926
-592500.0,-1127500.0,1500,-15.445789836513299,False,False,3.7936058027357165
-587500.0,-1127500.0,1500,-9.286253246258738,False,False,3.817844712107443
-582500.0,-1127500.0,1500,-21.183843729997065,False,False,4.025965003571122
-1047500.0,-1122500.0,1500,-12.38855910984014,False,False,7.685827633914361
-1042500.0,-1122500.0,1500,-7.876183547469111,False,False,8.864651726915426
-1037500.0,-1122500.0,1500,-5.062704676809797,False,False,9.722081795101422
-1032500.0,-1122500.0,1500,4.381842630693964,False,False,10.225694277426763
-892500.0,-1122500.0,1500,6.096203143420825,False,False,2.757293221632146
-887500.0,-1122500.0,1500,9.853856642810243,False,False,2.7175480615299166
-882500.0,-1122500.0,1500,15.813932227611664,False,False,2.73767700243783
-877500.0,-1122500.0,1500,18.794009416781808,False,False,2.877415526052304
-872500.0,-1122500.0,1500,9.44005009064809,False,False,2.9789523884830356
-867500.0,-1122500.0,1500,1.1789134287420397,False,False,3.1591603559692665
-862500.0,-1122500.0,1500,15.930695724915221,False,False,3.344811431443504
-857500.0,-1122500.0,1500,14.58143606108429,False,False,3.3384451887625923
-852500.0,-1122500.0,1500,-0.597345338239401,False,False,3.3517429464633386
-847500.0,-1122500.0,1500,-8.759465726325208,False,False,3.4921517804261892
-842500.0,-1122500.0,1500,-21.733037020262337,False,False,3.5009240154167895
-837500.0,-1122500.0,1500,-20.619712701538273,False,False,3.4575557734360816
-832500.0,-1122500.0,1500,-30.391867446793352,False,False,3.5563018099620862
-827500.0,-1122500.0,1500,-44.453202913043846,False,False,3.7010637023802433
-822500.0,-1122500.0,1500,-54.129039633889924,False,False,3.8154933099735207
-817500.0,-1122500.0,1500,-68.25962397630774,False,False,3.9163953933075857
-812500.0,-1122500.0,1500,-72.77672987534565,False,False,3.9946384558733516
-807500.0,-1122500.0,1500,-76.02211592883263,False,False,3.9620097021403486
-802500.0,-1122500.0,1500,-76.49106259921378,False,False,4.029603438029291
-797500.0,-1122500.0,1500,-69.8740010479004,False,False,4.078330715213497
-792500.0,-1122500.0,1500,-61.206568045706206,False,True,4.066804521140641
-787500.0,-1122500.0,1500,-43.206247559268945,False,True,4.193673763201145
-782500.0,-1122500.0,1500,-19.41760987904374,False,True,4.2361593711621435
-777500.0,-1122500.0,1500,-33.541032037761475,False,True,4.497960651302057
-772500.0,-1122500.0,1500,-76.1571887973259,True,True,4.830875982879796
-767500.0,-1122500.0,1500,-99.60306913745954,False,True,4.929596646030204
-762500.0,-1122500.0,1500,-85.39537707058807,False,True,4.830549350079806
-757500.0,-1122500.0,1500,-39.89406828456172,False,True,4.425644870829716
-752500.0,-1122500.0,1500,-6.7881990241287955,False,True,3.9642092017965576
-747500.0,-1122500.0,1500,-19.610089822942065,False,True,3.832053479854163
-742500.0,-1122500.0,1500,-47.73471325235084,False,False,3.8602548229576055
-737500.0,-1122500.0,1500,-55.73847534582875,False,False,3.9577067053252115
-732500.0,-1122500.0,1500,-41.423466718743086,False,False,4.064646033564657
-727500.0,-1122500.0,1500,-23.92240284049334,False,False,4.069749394113568
-722500.0,-1122500.0,1500,-37.01441259077402,False,False,4.1627496158581385
-717500.0,-1122500.0,1500,-64.34613638259505,False,False,4.134908435144224
-712500.0,-1122500.0,1500,-66.2606666015574,False,False,4.097730531367497
-707500.0,-1122500.0,1500,-41.30036902692864,False,False,4.105228209894386
-702500.0,-1122500.0,1500,-30.293325630746992,False,False,3.975689498731626
-697500.0,-1122500.0,1500,-29.487847163929025,False,False,3.8340924831052003
-692500.0,-1122500.0,1500,-38.18779342756125,False,False,3.9064161235561228
-687500.0,-1122500.0,1500,-73.09849095605146,False,False,4.093973356535951
-682500.0,-1122500.0,1500,-95.76815427151107,False,False,4.1577100422648705
-677500.0,-1122500.0,1500,-83.7077201515351,False,False,4.055339881281248
-672500.0,-1122500.0,1500,-58.81682323584587,False,False,3.92509021988385
-667500.0,-1122500.0,1500,-45.55862615804553,False,False,3.8347314259321186
-662500.0,-1122500.0,1500,-40.317568733176984,False,False,3.8008724358262462
-657500.0,-1122500.0,1500,-35.97639286107331,False,False,3.730524674129132
-652500.0,-1122500.0,1500,-39.07177299582862,False,False,3.735046555636069
-647500.0,-1122500.0,1500,-50.818767263968084,False,False,3.669031804243349
-642500.0,-1122500.0,1500,-54.654386954153665,False,False,3.55971621113489
-637500.0,-1122500.0,1500,-44.91317508400415,False,False,3.571723167372438
-632500.0,-1122500.0,1500,-39.04675057492623,False,False,3.5903027805420766
-627500.0,-1122500.0,1500,-45.490323395902436,False,False,3.5793401761945636
-622500.0,-1122500.0,1500,-43.595507096651914,False,False,3.4801808290896776
-617500.0,-1122500.0,1500,-16.90335638400465,False,False,3.466484194711424
-612500.0,-1122500.0,1500,2.7128506850720053,False,False,3.5222455861786437
-607500.0,-1122500.0,1500,-4.89308426645838,False,False,3.681469297302328
-602500.0,-1122500.0,1500,-19.094297917373453,False,False,3.8159690409052187
-597500.0,-1122500.0,1500,-22.584221098246935,False,False,3.8622144531896363
-592500.0,-1122500.0,1500,-15.943911437742031,False,False,3.8579778654148127
-587500.0,-1122500.0,1500,-15.14028332710256,False,False,3.870636200879031
-582500.0,-1122500.0,1500,-28.823769818040553,False,False,4.018395050749645
-1047500.0,-1117500.0,1500,-7.239221570205542,False,False,9.686354825088973
-1042500.0,-1117500.0,1500,-7.252344348086533,False,False,10.34940088397728
-1037500.0,-1117500.0,1500,-4.938361973586967,False,False,10.752813228919965
-1032500.0,-1117500.0,1500,5.612505405526192,False,False,10.905372210835251
-887500.0,-1117500.0,1500,4.087763252429423,False,False,2.7551204600574137
-882500.0,-1117500.0,1500,7.846061351049908,False,False,2.8310295064335746
-877500.0,-1117500.0,1500,15.558854362468443,False,False,3.024728237831142
-872500.0,-1117500.0,1500,6.4060208683480555,False,False,3.084975189838295
-867500.0,-1117500.0,1500,1.561115071078781,False,False,3.1269372011140657
-862500.0,-1117500.0,1500,22.468876850005344,False,False,3.25667205874535
-857500.0,-1117500.0,1500,7.083253508264713,False,False,3.258755748926368
-852500.0,-1117500.0,1500,-16.275820820769905,False,False,3.3388676651889653
-847500.0,-1117500.0,1500,-6.280549967822688,False,False,3.534820501147821
-842500.0,-1117500.0,1500,-3.761430804896706,False,False,3.4792433963889224
-837500.0,-1117500.0,1500,-0.392888699113644,False,False,3.4177820246393456
-832500.0,-1117500.0,1500,3.685144155251972,False,False,3.6066391059518197
-827500.0,-1117500.0,1500,-16.226360649104322,False,False,3.7585882646360225
-822500.0,-1117500.0,1500,-46.99004383118263,False,False,3.8407554117674145
-817500.0,-1117500.0,1500,-61.26116813069489,False,False,3.8358294260040866
-812500.0,-1117500.0,1500,-60.36185804875935,False,False,3.7876991299844605
-807500.0,-1117500.0,1500,-60.642305524470025,False,False,3.83294392630938
-802500.0,-1117500.0,1500,-65.18313730965514,False,False,3.9267447822926758
-797500.0,-1117500.0,1500,-67.46762168966184,False,False,3.959167480322219
-792500.0,-1117500.0,1500,-60.199364021637294,False,False,4.039863230857084
-787500.0,-1117500.0,1500,-39.32229765908715,False,True,4.151276096600802
-782500.0,-1117500.0,1500,-19.411381823544765,False,True,4.178893817117602
-777500.0,-1117500.0,1500,-31.484595948677494,False,True,4.413142143152801
-772500.0,-1117500.0,1500,-67.53733520081252,False,True,4.787164234597906
-767500.0,-1117500.0,1500,-98.76698537095152,False,True,5.022944536732232
-762500.0,-1117500.0,1500,-101.95956035751517,False,True,5.002622062668614
-757500.0,-1117500.0,1500,-60.565180437211986,False,True,4.641719322755314
-752500.0,-1117500.0,1500,-20.01865511500031,False,True,4.090927392739271
-747500.0,-1117500.0,1500,-36.158545633332345,False,False,3.6893520961442765
-742500.0,-1117500.0,1500,-69.21794338919447,False,False,3.678071256219577
-737500.0,-1117500.0,1500,-60.15333645460229,False,False,3.842864868664086
-732500.0,-1117500.0,1500,-28.490110702960692,False,False,3.8126254943178886
-727500.0,-1117500.0,1500,-18.865018908891393,False,False,3.876551517689596
-722500.0,-1117500.0,1500,-40.438351384119926,False,False,4.021921965028428
-717500.0,-1117500.0,1500,-64.36360312104607,False,False,4.0008285380275
-712500.0,-1117500.0,1500,-60.60331055122808,False,False,3.9982584457970276
-707500.0,-1117500.0,1500,-30.579399714137658,False,False,3.864808461931922
-702500.0,-1117500.0,1500,-22.902942321665357,False,False,3.6777225305725043
-697500.0,-1117500.0,1500,-37.302480198243025,False,False,3.5919432739959065
-692500.0,-1117500.0,1500,-45.66366306653301,False,False,3.721581464517447
-687500.0,-1117500.0,1500,-60.079989477496326,False,False,3.9851069335885945
-682500.0,-1117500.0,1500,-75.3620525656547,False,False,4.016033897277458
-677500.0,-1117500.0,1500,-72.09066566649615,False,False,3.8723336051769217
-672500.0,-1117500.0,1500,-56.70663017235901,False,False,3.7964744284602845
-667500.0,-1117500.0,1500,-45.94898173856062,False,False,3.734775263918669
-662500.0,-1117500.0,1500,-36.794425909523646,False,False,3.692489403664949
-657500.0,-1117500.0,1500,-28.75933211935716,False,False,3.64227545711343
-652500.0,-1117500.0,1500,-27.115795376514498,False,False,3.652893113581072
-647500.0,-1117500.0,1500,-33.193018497418386,False,False,3.6662171903057894
-642500.0,-1117500.0,1500,-41.03954319519433,False,False,3.5891980060743065
-637500.0,-1117500.0,1500,-37.22338113076297,False,False,3.5631928193954545
-632500.0,-1117500.0,1500,-30.365775608392198,False,False,3.5392291057532703
-627500.0,-1117500.0,1500,-34.42437427269531,False,False,3.4604994400919593
-622500.0,-1117500.0,1500,-24.108504704402648,False,False,3.349432143176991
-617500.0,-1117500.0,1500,9.127985209333039,False,False,3.3645913139164314
-612500.0,-1117500.0,1500,18.16305909696669,False,False,3.4517017828118073
-607500.0,-1117500.0,1500,-4.2971380183651045,False,False,3.678068360140528
-602500.0,-1117500.0,1500,-19.6542817714957,False,False,3.8016045580666322
-597500.0,-1117500.0,1500,-20.039183365784005,False,False,3.7873400479646153
-592500.0,-1117500.0,1500,-21.380004049789505,False,False,3.857539845733587
-587500.0,-1117500.0,1500,-26.835057770479445,False,False,3.881514093215854
-582500.0,-1117500.0,1500,-31.855838787616342,False,False,3.944309902884956
-1047500.0,-1112500.0,1500,0.6609424722339525,False,False,10.707374967728722
-1042500.0,-1112500.0,1500,0.26004246295237327,False,False,11.027496892422269
-1037500.0,-1112500.0,1500,2.6294700834090516,False,False,11.179236371914095
-887500.0,-1112500.0,1500,17.803027546777255,False,False,2.7811981152919
-882500.0,-1112500.0,1500,17.827682031903365,False,False,2.933635123752455
-877500.0,-1112500.0,1500,22.30093152389727,False,False,3.129103114241438
-872500.0,-1112500.0,1500,8.30256419966607,False,False,3.2049329838960063
-867500.0,-1112500.0,1500,-0.9861158743543212,False,False,3.1916800409526105
-862500.0,-1112500.0,1500,9.253999205363526,False,False,3.1575055406174046
-857500.0,-1112500.0,1500,-10.864784467001364,False,False,3.22276523542081
-852500.0,-1112500.0,1500,-31.835367925065313,False,False,3.37930664567494
-847500.0,-1112500.0,1500,-10.116680491865747,False,False,3.4771966565342955
-842500.0,-1112500.0,1500,9.437230256372489,False,False,3.4268604171273864
-837500.0,-1112500.0,1500,23.61226080015269,False,False,3.4826360654525383
-832500.0,-1112500.0,1500,34.62645941330972,False,False,3.6843113279813267
-827500.0,-1112500.0,1500,-8.1841523605664,False,False,3.829980717567075
-822500.0,-1112500.0,1500,-58.444147812860464,False,False,3.8514963601764483
-817500.0,-1112500.0,1500,-60.44775321179431,False,False,3.7381017911887655
-812500.0,-1112500.0,1500,-40.59643637720057,False,False,3.7099421259520957
-807500.0,-1112500.0,1500,-34.26107170227622,False,False,3.7871363635640742
-802500.0,-1112500.0,1500,-49.35038986562052,False,False,3.884475305400551
-797500.0,-1112500.0,1500,-65.18731577523373,False,False,3.9909594148013356
-792500.0,-1112500.0,1500,-57.78293955566762,False,False,4.085383564262223
-787500.0,-1112500.0,1500,-31.72709821772281,False,True,4.047610866071592
-782500.0,-1112500.0,1500,-10.986603869388462,False,True,4.043766553349194
-777500.0,-1112500.0,1500,-21.978315883577423,False,True,4.315823547582176
-772500.0,-1112500.0,1500,-60.84516131803856,False,True,4.682747469616488
-767500.0,-1112500.0,1500,-92.94483892396816,False,True,4.9640786854533605
-762500.0,-1112500.0,1500,-99.15108309809135,False,True,4.9953762533544666
-757500.0,-1112500.0,1500,-62.51285312263725,False,True,4.606273725379079
-752500.0,-1112500.0,1500,-20.847935025764368,False,False,4.056939586729879
-747500.0,-1112500.0,1500,-41.118137429613334,False,False,3.722640438378783
-742500.0,-1112500.0,1500,-72.05333640991773,False,False,3.67086888835975
-737500.0,-1112500.0,1500,-43.438818212029126,False,False,3.734449371027466
-732500.0,-1112500.0,1500,-4.748592216216736,False,False,3.6935492554648133
-727500.0,-1112500.0,1500,-14.331824429385978,False,False,3.736068009516454
-722500.0,-1112500.0,1500,-48.99903570188337,False,False,3.913426106947866
-717500.0,-1112500.0,1500,-63.62841949223242,False,False,3.9531401244394004
-712500.0,-1112500.0,1500,-45.244021336012,False,False,3.84345895180738
-707500.0,-1112500.0,1500,-17.39621085335665,False,False,3.6696963230551805
-702500.0,-1112500.0,1500,-26.975575603955374,False,False,3.535218401547878
-697500.0,-1112500.0,1500,-59.53063617945536,False,False,3.584238143300352
-692500.0,-1112500.0,1500,-67.18627055071441,False,False,3.7379405913083312
-687500.0,-1112500.0,1500,-55.21058200055089,False,False,3.799648391667021
-682500.0,-1112500.0,1500,-49.87885493765862,False,False,3.769317246329023
-677500.0,-1112500.0,1500,-50.946971051726486,False,False,3.7559316735396373
-672500.0,-1112500.0,1500,-49.59048444253282,False,False,3.730202746801244
-667500.0,-1112500.0,1500,-40.638687125350984,False,False,3.6215999500255402
-662500.0,-1112500.0,1500,-28.49123347714279,False,False,3.558209648578841
-657500.0,-1112500.0,1500,-23.432985772010205,False,False,3.4602848603733767
-652500.0,-1112500.0,1500,-21.447005113152606,False,False,3.5348205157033923
-647500.0,-1112500.0,1500,-19.145399654994808,False,False,3.6977401844733517
-642500.0,-1112500.0,1500,-25.15138428074252,False,False,3.6917747186540955
-637500.0,-1112500.0,1500,-26.17191470972048,False,False,3.553805798456512
-632500.0,-1112500.0,1500,-13.875901724654348,False,False,3.4294851534109565
-627500.0,-1112500.0,1500,-11.935953703504618,False,False,3.3811090697018
-622500.0,-1112500.0,1500,-6.454888621768935,False,False,3.332171704398415
-617500.0,-1112500.0,1500,8.622586170324043,False,False,3.3777422466905502
-612500.0,-1112500.0,1500,1.6549567878245122,False,False,3.453492142359682
-607500.0,-1112500.0,1500,-17.84923218416862,False,False,3.61979832977594
-602500.0,-1112500.0,1500,-23.96798980370286,False,False,3.7479804223954147
-597500.0,-1112500.0,1500,-19.69299891616225,False,False,3.7610679479552096
-592500.0,-1112500.0,1500,-22.941175698952666,False,False,3.771370216074294
-587500.0,-1112500.0,1500,-30.574592716351518,False,False,3.7855688235840286
-582500.0,-1112500.0,1500,-30.7351622671125,False,False,3.9008612560301867
-1047500.0,-1107500.0,1500,9.025717343929097,False,False,11.164974664642951
-1042500.0,-1107500.0,1500,8.004353211420096,False,False,11.307739588100667
-887500.0,-1107500.0,1500,23.996134724304603,False,False,2.730885168166586
-882500.0,-1107500.0,1500,15.464833576402606,False,False,2.9686450210448934
-877500.0,-1107500.0,1500,6.609957975378466,False,False,3.129859997549553
-872500.0,-1107500.0,1500,3.457600367646276,False,False,3.148119653006418
-867500.0,-1107500.0,1500,7.484778919975199,False,False,3.1616282307309524
-862500.0,-1107500.0,1500,13.958224064734058,False,False,3.159155363856175
-857500.0,-1107500.0,1500,-2.8409502333083037,False,False,3.2543409155394807
-852500.0,-1107500.0,1500,-31.76178047150102,False,False,3.3278204146863946
-847500.0,-1107500.0,1500,-39.97886071619891,False,False,3.3307963448248605
-842500.0,-1107500.0,1500,-28.944737536465937,False,False,3.4411831096476777
-837500.0,-1107500.0,1500,-12.66202871176174,False,False,3.657394341427449
-832500.0,-1107500.0,1500,-8.022263584687945,False,False,3.775932846808453
-827500.0,-1107500.0,1500,-48.13745000398198,False,False,3.8409620918454634
-822500.0,-1107500.0,1500,-82.26723083724552,False,False,3.8436868450947017
-817500.0,-1107500.0,1500,-60.11120161027435,False,False,3.8652247426153075
-812500.0,-1107500.0,1500,-25.991220166892024,False,False,3.917317956730747
-807500.0,-1107500.0,1500,-22.230168399163983,False,False,3.8109489829947494
-802500.0,-1107500.0,1500,-45.87073581337075,False,False,3.834043675043664
-797500.0,-1107500.0,1500,-66.95801641128256,False,False,3.9939735123520324
-792500.0,-1107500.0,1500,-61.61147726488468,False,False,4.038595899249596
-787500.0,-1107500.0,1500,-33.222066856272164,False,False,3.9228085271285313
-782500.0,-1107500.0,1500,-6.415046428012312,False,True,3.95777364310731
-777500.0,-1107500.0,1500,-18.70388666482531,False,True,4.257114568360908
-772500.0,-1107500.0,1500,-63.39070636506041,False,True,4.549070895283668
-767500.0,-1107500.0,1500,-84.52220915350895,False,True,4.762531228555131
-762500.0,-1107500.0,1500,-76.84094871097577,False,True,4.821577666443394
-757500.0,-1107500.0,1500,-46.48202686937673,False,False,4.5987848444409
-752500.0,-1107500.0,1500,-16.949741690142304,False,False,4.102457463772899
-747500.0,-1107500.0,1500,-41.3897698060846,False,False,3.7509917764555514
-742500.0,-1107500.0,1500,-66.51862616125207,False,False,3.688908802923368
-737500.0,-1107500.0,1500,-29.459991975333143,False,False,3.6895212661345718
-732500.0,-1107500.0,1500,4.697147828939381,False,False,3.6419941986136486
-727500.0,-1107500.0,1500,-19.863133885069438,False,False,3.619002988942886
-722500.0,-1107500.0,1500,-59.48769144212727,False,False,3.7960705348701778
-717500.0,-1107500.0,1500,-60.8445019435458,False,False,3.783775513772618
-712500.0,-1107500.0,1500,-28.115209570611054,False,False,3.564708924581489
-707500.0,-1107500.0,1500,-7.405990911359664,False,False,3.5061281391267802
-702500.0,-1107500.0,1500,-29.826981380319488,False,False,3.4969533377685353
-697500.0,-1107500.0,1500,-67.77108064834539,False,False,3.584672272692261
-692500.0,-1107500.0,1500,-80.21596347972016,False,False,3.673307565693733
-687500.0,-1107500.0,1500,-62.29706055842877,False,False,3.570124590671262
-682500.0,-1107500.0,1500,-39.429767201210765,False,False,3.5470149655092147
-677500.0,-1107500.0,1500,-27.155685561656636,False,False,3.622671901769531
-672500.0,-1107500.0,1500,-27.944700936505537,False,False,3.6264429655148023
-667500.0,-1107500.0,1500,-23.433632686823007,False,False,3.5473302627603105
-662500.0,-1107500.0,1500,-13.9903123272824,False,False,3.4841149869205705
-657500.0,-1107500.0,1500,-8.677537937583372,False,False,3.3611070849445297
-652500.0,-1107500.0,1500,-0.8293019081088895,False,False,3.4169341481028033
-647500.0,-1107500.0,1500,6.033267715611545,False,False,3.502187886918951
-642500.0,-1107500.0,1500,2.578476260678704,False,False,3.4768869231208983
-637500.0,-1107500.0,1500,0.22055188679521165,False,False,3.4314423341099363
-632500.0,-1107500.0,1500,8.780699722761193,False,False,3.3774234973814417
-627500.0,-1107500.0,1500,4.516801511930169,False,False,3.426151482511155
-622500.0,-1107500.0,1500,-4.634955001095795,False,False,3.4281638687524496
-617500.0,-1107500.0,1500,-9.662438768698895,False,False,3.462014941224117
-612500.0,-1107500.0,1500,-21.435992566957644,False,False,3.476433588198991
-607500.0,-1107500.0,1500,-27.530012622438942,False,False,3.6036481756166086
-602500.0,-1107500.0,1500,-22.910702412686234,False,False,3.8036484982684633
-597500.0,-1107500.0,1500,-17.672955743652803,False,False,3.8189343226867827
-592500.0,-1107500.0,1500,-21.63063090668632,False,False,3.7497882125781685
-587500.0,-1107500.0,1500,-32.429512632756335,False,False,3.7271170112106082
-582500.0,-1107500.0,1500,-37.30964618154419,False,False,3.8768279475716945
-892500.0,-1102500.0,1500,3.116260004945036,False,False,2.6785876277879215
-887500.0,-1102500.0,1500,15.039939294680778,False,False,2.779273033948922
-882500.0,-1102500.0,1500,6.703386137093208,False,False,2.958411727626934
-877500.0,-1102500.0,1500,-7.467017429511385,False,False,3.017315419413795
-872500.0,-1102500.0,1500,-3.6763177737530137,False,False,3.0737869177747505
-867500.0,-1102500.0,1500,11.49062339973965,False,False,3.128216572272339
-862500.0,-1102500.0,1500,26.96082680401552,False,False,3.156962234282785
-857500.0,-1102500.0,1500,21.005677009615617,False,False,3.178793667608054
-852500.0,-1102500.0,1500,-6.9243883987152515,False,False,3.174520181518937
-847500.0,-1102500.0,1500,-46.52436986617963,False,False,3.204736375152924
-842500.0,-1102500.0,1500,-57.330114820116705,False,False,3.3825314035818064
-837500.0,-1102500.0,1500,-40.92540095638193,False,False,3.6427975795933745
-832500.0,-1102500.0,1500,-48.7405822776669,False,False,3.71025704488889
-827500.0,-1102500.0,1500,-75.48691864984242,False,False,3.691529622476099
-822500.0,-1102500.0,1500,-83.24313621153648,False,False,3.6883514728532707
-817500.0,-1102500.0,1500,-56.54325046547814,False,False,3.856689690057956
-812500.0,-1102500.0,1500,-22.22985433850553,False,False,3.925280831508311
-807500.0,-1102500.0,1500,-24.00654178207799,False,False,3.853814152634888
-802500.0,-1102500.0,1500,-52.91418486927356,False,False,3.8166762187365433
-797500.0,-1102500.0,1500,-68.71670571679229,False,False,3.8694798126446432
-792500.0,-1102500.0,1500,-65.549958866045,False,False,3.957166116275143
-787500.0,-1102500.0,1500,-40.55948509820958,False,False,3.880852451863998
-782500.0,-1102500.0,1500,-14.29364039675944,False,False,3.97843133968458
-777500.0,-1102500.0,1500,-31.321234635360735,False,False,4.17758436125758
-772500.0,-1102500.0,1500,-71.84819479962886,False,True,4.380095266354743
-767500.0,-1102500.0,1500,-73.43949505707948,False,False,4.535444611780981
-762500.0,-1102500.0,1500,-61.84092595167822,False,False,4.59702562522437
-757500.0,-1102500.0,1500,-43.03647251135127,False,False,4.543609100885519
-752500.0,-1102500.0,1500,-22.1446234104256,False,False,4.122537486921593
-747500.0,-1102500.0,1500,-44.02132622432898,False,False,3.725908747782551
-742500.0,-1102500.0,1500,-58.764451656107525,False,False,3.656501820408094
-737500.0,-1102500.0,1500,-26.651892486131924,False,False,3.6124820173555907
-732500.0,-1102500.0,1500,-4.6916851541091305,False,False,3.5152993965982318
-727500.0,-1102500.0,1500,-31.762096560930598,False,False,3.5125204458361434
-722500.0,-1102500.0,1500,-64.5293788199311,False,False,3.6181819212573743
-717500.0,-1102500.0,1500,-58.58209306904174,False,False,3.5647194047575024
-712500.0,-1102500.0,1500,-28.700648534390215,False,False,3.421554034540625
-707500.0,-1102500.0,1500,-13.025867181037556,False,False,3.453385411632876
-702500.0,-1102500.0,1500,-30.805467581863827,False,False,3.526866126990491
-697500.0,-1102500.0,1500,-66.01451604643404,False,False,3.5107261748986223
-692500.0,-1102500.0,1500,-85.58446974616899,False,False,3.5027700129474355
-687500.0,-1102500.0,1500,-72.53455215157793,False,False,3.4974644298667026
-682500.0,-1102500.0,1500,-43.72793387738852,False,False,3.514140412458968
-677500.0,-1102500.0,1500,-19.538751295932073,False,False,3.4755287574581093
-672500.0,-1102500.0,1500,-7.14778048329206,False,False,3.384305339350436
-667500.0,-1102500.0,1500,0.18304721653356404,False,False,3.3608749716057145
-662500.0,-1102500.0,1500,2.573981190991372,False,False,3.385218307295022
-657500.0,-1102500.0,1500,6.5158919466023075,False,False,3.3296946118181685
-652500.0,-1102500.0,1500,19.93976799190612,False,False,3.3347817414049237
-647500.0,-1102500.0,1500,27.93495465337564,False,False,3.2854524703881567
-642500.0,-1102500.0,1500,20.598191564533114,False,False,3.2392597003189003
-637500.0,-1102500.0,1500,13.895111829878601,False,False,3.3226237731093997
-632500.0,-1102500.0,1500,13.15647754171901,False,False,3.358379187712913
-627500.0,-1102500.0,1500,-0.9028063456536821,False,False,3.4621308434655944
-622500.0,-1102500.0,1500,-16.62307283734606,False,False,3.48563585357789
-617500.0,-1102500.0,1500,-23.88349240849315,False,False,3.5028179394496735
-612500.0,-1102500.0,1500,-29.28937810740196,False,False,3.5314922397198862
-607500.0,-1102500.0,1500,-27.047350496732314,False,False,3.6231360959673653
-602500.0,-1102500.0,1500,-20.6873371880254,False,False,3.7809835022153884
-597500.0,-1102500.0,1500,-17.428208446444383,False,False,3.7950397964837848
-592500.0,-1102500.0,1500,-18.978928979578335,False,False,3.758746288402474
-587500.0,-1102500.0,1500,-32.320497425814196,False,False,3.846257811892195
-582500.0,-1102500.0,1500,-47.50440832065471,False,False,3.941345402522864
-892500.0,-1097500.0,1500,1.3041719287240245,False,False,2.728122779331129
-887500.0,-1097500.0,1500,14.652496419055355,False,False,2.8684071297229323
-882500.0,-1097500.0,1500,8.756143556168855,False,False,2.8988973432412597
-877500.0,-1097500.0,1500,-3.262242698679719,False,False,2.919022013791216
-872500.0,-1097500.0,1500,-0.6853435321929018,False,False,3.09484576524882
-867500.0,-1097500.0,1500,11.073376853749663,False,False,3.150227172263887
-862500.0,-1097500.0,1500,21.035776226128267,False,False,3.1403640694159325
-857500.0,-1097500.0,1500,25.68026314395167,False,False,3.1222289077630396
-852500.0,-1097500.0,1500,23.5460390448945,False,False,3.136058704745367
-847500.0,-1097500.0,1500,-16.439041770587824,False,False,3.2522048969593986
-842500.0,-1097500.0,1500,-48.46938861839921,False,False,3.3782824140696484
-837500.0,-1097500.0,1500,-41.386520064616164,False,False,3.5459153678783055
-832500.0,-1097500.0,1500,-46.855047844992576,False,False,3.600302846524496
-827500.0,-1097500.0,1500,-54.87689302537248,False,False,3.5347879798336224
-822500.0,-1097500.0,1500,-45.264328843514356,False,False,3.487825564506104
-817500.0,-1097500.0,1500,-22.865620000507064,False,False,3.6511154139053463
-812500.0,-1097500.0,1500,4.041079269887977,False,False,3.724166295424963
-807500.0,-1097500.0,1500,-8.435917896620317,False,False,3.7897067650927703
-802500.0,-1097500.0,1500,-50.59795979260596,False,False,3.805085562406977
-797500.0,-1097500.0,1500,-65.4324954278653,False,False,3.7582242801595447
-792500.0,-1097500.0,1500,-55.30553189448708,False,False,3.7957604118891943
-787500.0,-1097500.0,1500,-33.004260868016495,False,False,3.819725894956224
-782500.0,-1097500.0,1500,-22.31498460616098,False,False,3.9752247196459924
-777500.0,-1097500.0,1500,-48.52093172825196,False,False,4.120611742038381
-772500.0,-1097500.0,1500,-77.44570453990185,False,False,4.293240662986187
-767500.0,-1097500.0,1500,-66.22804895619221,False,False,4.334704128645559
-762500.0,-1097500.0,1500,-60.29980580200087,False,False,4.35909172058893
-757500.0,-1097500.0,1500,-61.92903106347361,False,False,4.367989157702412
-752500.0,-1097500.0,1500,-45.39811502963089,False,False,4.065329381451121
-747500.0,-1097500.0,1500,-48.68352990773388,False,False,3.777316823322387
-742500.0,-1097500.0,1500,-48.26447535396819,False,False,3.655464004198709
-737500.0,-1097500.0,1500,-26.637038264511673,False,False,3.53756203308658
-732500.0,-1097500.0,1500,-24.696710718567964,False,False,3.439707357726526
-727500.0,-1097500.0,1500,-46.71738266361856,False,False,3.4249379599806646
-722500.0,-1097500.0,1500,-58.65716674778564,False,False,3.5069205498383056
-717500.0,-1097500.0,1500,-49.66523045227502,False,False,3.5578708847168032
-712500.0,-1097500.0,1500,-35.5474315179054,False,False,3.5251653958412885
-707500.0,-1097500.0,1500,-20.23286438407558,False,False,3.483241494119283
-702500.0,-1097500.0,1500,-28.79941988463365,False,False,3.5316738593499792
-697500.0,-1097500.0,1500,-63.86082663672551,False,False,3.475880076249492
-692500.0,-1097500.0,1500,-80.94916618360588,False,False,3.4195830733283348
-687500.0,-1097500.0,1500,-65.73639709582649,False,False,3.4589223832216254
-682500.0,-1097500.0,1500,-42.92767963835474,False,False,3.5219526006985005
-677500.0,-1097500.0,1500,-24.17621084949757,False,False,3.434054788340103
-672500.0,-1097500.0,1500,-5.128549905227735,False,False,3.2530764104271803
-667500.0,-1097500.0,1500,12.054773481402888,False,False,3.2558074054287216
-662500.0,-1097500.0,1500,18.29768514249984,False,False,3.317027912691254
-657500.0,-1097500.0,1500,17.462373306909285,False,False,3.333856984397525
-652500.0,-1097500.0,1500,21.011567822978883,False,False,3.279984455661542
-647500.0,-1097500.0,1500,21.02565233861016,False,False,3.204864204230027
-642500.0,-1097500.0,1500,6.970945958369633,False,False,3.2305114557484855
-637500.0,-1097500.0,1500,-4.0824804015226075,False,False,3.30765880426898
-632500.0,-1097500.0,1500,-8.600315143957515,False,False,3.3341155721360103
-627500.0,-1097500.0,1500,-22.99077743032805,False,False,3.4294300523854915
-622500.0,-1097500.0,1500,-33.600844023900194,False,False,3.4397302934318805
-617500.0,-1097500.0,1500,-33.75287542237322,False,False,3.429589182624426
-612500.0,-1097500.0,1500,-29.98427094954184,False,False,3.522305016081954
-607500.0,-1097500.0,1500,-21.352232318223564,False,False,3.604416195362164
-602500.0,-1097500.0,1500,-17.73169623648667,False,False,3.6724888179867885
-597500.0,-1097500.0,1500,-21.073412885133198,False,False,3.6838124635254528
-592500.0,-1097500.0,1500,-22.526174847937668,False,False,3.774864048730005
-587500.0,-1097500.0,1500,-29.117563522080207,False,False,3.9803360089373765
-582500.0,-1097500.0,1500,-44.10919986692491,False,False,4.016523889452514
-892500.0,-1092500.0,1500,0.36269564038704516,False,False,2.832816529960952
-887500.0,-1092500.0,1500,11.296135261270186,False,False,2.9140868645558156
-882500.0,-1092500.0,1500,7.364280976674587,False,False,2.849774237131861
-877500.0,-1092500.0,1500,2.8242895678677993,False,False,2.8688235462632456
-872500.0,-1092500.0,1500,6.7502430743997515,False,False,3.040921012463413
-867500.0,-1092500.0,1500,14.702733243313682,False,False,3.107529622176096
-862500.0,-1092500.0,1500,18.95041500167023,False,False,3.104180810739793
-857500.0,-1092500.0,1500,17.417704695440104,False,False,3.1167008469229307
-852500.0,-1092500.0,1500,12.634358335660512,False,False,3.1609875098202336
-847500.0,-1092500.0,1500,-23.419156719366455,False,False,3.33142706691561
-842500.0,-1092500.0,1500,-53.270488070955444,False,False,3.441864235813628
-837500.0,-1092500.0,1500,-40.48240940943586,False,False,3.4957178558990614
-832500.0,-1092500.0,1500,-34.15153601573202,False,False,3.471016128348081
-827500.0,-1092500.0,1500,-30.604813229910253,False,False,3.415799399753367
-822500.0,-1092500.0,1500,-12.81572845166331,False,False,3.40284067968528
-817500.0,-1092500.0,1500,2.5489609841051406,False,False,3.485343802015098
-812500.0,-1092500.0,1500,10.950694131647209,False,False,3.53913836791119
-807500.0,-1092500.0,1500,-9.43197398797584,False,False,3.570689274200596
-802500.0,-1092500.0,1500,-49.072758738850524,False,False,3.681249048224689
-797500.0,-1092500.0,1500,-59.59722483840102,False,False,3.6859323059503817
-792500.0,-1092500.0,1500,-45.047382464054266,False,False,3.698516182547492
-787500.0,-1092500.0,1500,-32.62564254234148,False,False,3.8060647337255684
-782500.0,-1092500.0,1500,-39.63388709390369,False,False,3.8863086723017215
-777500.0,-1092500.0,1500,-61.72758866620263,False,False,4.054175647296726
-772500.0,-1092500.0,1500,-69.29452615676048,False,False,4.171921502654725
-767500.0,-1092500.0,1500,-52.32278581587814,False,False,4.048908673580484
-762500.0,-1092500.0,1500,-53.69472897059624,False,False,4.108646443492938
-757500.0,-1092500.0,1500,-69.84232026993811,False,False,4.203723238766445
-752500.0,-1092500.0,1500,-55.72158453018078,False,False,4.0003553897993855
-747500.0,-1092500.0,1500,-40.46211696428628,False,False,3.7526639431116164
-742500.0,-1092500.0,1500,-30.145436492953852,False,False,3.578109822691104
-737500.0,-1092500.0,1500,-25.52703841199268,False,False,3.493306671781733
-732500.0,-1092500.0,1500,-46.63800055468733,False,False,3.4244467021417293
-727500.0,-1092500.0,1500,-60.25963796668012,False,False,3.350925474748444
-722500.0,-1092500.0,1500,-44.05110230100823,False,False,3.4681748562179577
-717500.0,-1092500.0,1500,-25.891788576114983,False,False,3.579724596411087
-712500.0,-1092500.0,1500,-26.789056287980102,False,False,3.5486506664048045
-707500.0,-1092500.0,1500,-24.451405286792824,False,False,3.501681958936577
-702500.0,-1092500.0,1500,-34.24791995110863,False,False,3.498792645599936
-697500.0,-1092500.0,1500,-63.441958297619145,False,False,3.4797488503151373
-692500.0,-1092500.0,1500,-67.19256052929866,False,False,3.490967636992835
-687500.0,-1092500.0,1500,-42.93574317573496,False,False,3.4571822663968597
-682500.0,-1092500.0,1500,-25.351962842435874,False,False,3.465176490703306
-677500.0,-1092500.0,1500,-16.11750723901234,False,False,3.4415989576844166
-672500.0,-1092500.0,1500,-4.954029263880337,False,False,3.2836554454348175
-667500.0,-1092500.0,1500,8.863523699866162,False,False,3.212912148730868
-662500.0,-1092500.0,1500,19.301401702693877,False,False,3.20894777936845
-657500.0,-1092500.0,1500,14.495397963954442,False,False,3.2921847560950397
-652500.0,-1092500.0,1500,2.7369549945057043,False,False,3.2983140210716635
-647500.0,-1092500.0,1500,-4.681254953660997,False,False,3.2335185673289684
-642500.0,-1092500.0,1500,-14.70539443284968,False,False,3.2470776062268154
-637500.0,-1092500.0,1500,-21.44333966600561,False,False,3.3212097541092245
-632500.0,-1092500.0,1500,-23.096997944418504,False,False,3.3777640924310313
-627500.0,-1092500.0,1500,-28.734367081473057,False,False,3.404295827407344
-622500.0,-1092500.0,1500,-29.49145747968138,False,False,3.422202569874253
-617500.0,-1092500.0,1500,-29.78624993001205,False,False,3.4230180925669216
-612500.0,-1092500.0,1500,-30.084597263608188,False,False,3.491600050694765
-607500.0,-1092500.0,1500,-20.975223939706108,False,False,3.669612099204424
-602500.0,-1092500.0,1500,-18.459588792460373,False,False,3.7272427741904477
-597500.0,-1092500.0,1500,-30.651927687182997,False,False,3.675970194033094
-592500.0,-1092500.0,1500,-37.92821202216616,False,False,3.8652994265396083
-587500.0,-1092500.0,1500,-34.090055720578626,False,False,4.0342401966892965
-582500.0,-1092500.0,1500,-34.06665847119364,False,False,4.0070058614096595
-907500.0,-1087500.0,1500,-23.90743998324385,False,False,2.6613311726558115
-897500.0,-1087500.0,1500,-36.342370862297884,False,False,2.7871996347596752
-892500.0,-1087500.0,1500,-9.89785313225559,False,False,2.9048999475990795
-887500.0,-1087500.0,1500,-3.806618657948243,False,False,2.909457298775184
-882500.0,-1087500.0,1500,6.336652895638778,False,False,2.8113377562481436
-877500.0,-1087500.0,1500,12.342917681737372,False,False,2.8300715910381404
-872500.0,-1087500.0,1500,9.30893498022335,False,False,2.945771310003038
-867500.0,-1087500.0,1500,14.73138769542884,False,False,2.999988093749386
-862500.0,-1087500.0,1500,14.55941418058378,False,False,3.0203879536619658
-857500.0,-1087500.0,1500,6.5664654676078085,False,False,3.1100876232440697
-852500.0,-1087500.0,1500,-13.60089153208225,False,False,3.159019870085886
-847500.0,-1087500.0,1500,-54.12680973520031,False,False,3.271355672076826
-842500.0,-1087500.0,1500,-64.30295315982688,False,False,3.4136045617906583
-837500.0,-1087500.0,1500,-40.78435533219589,False,False,3.4553069368118017
-832500.0,-1087500.0,1500,-35.31682403144963,False,False,3.4357675977354036
-827500.0,-1087500.0,1500,-32.599037198492134,False,False,3.3678485381253225
-822500.0,-1087500.0,1500,-19.729317091305077,False,False,3.3423905143013575
-817500.0,-1087500.0,1500,-16.657118376069732,False,False,3.370726863872035
-812500.0,-1087500.0,1500,-18.140710397618932,False,False,3.3684354360233932
-807500.0,-1087500.0,1500,-34.131246343038505,False,False,3.379261120414568
-802500.0,-1087500.0,1500,-55.728151007284346,False,False,3.520783043316552
-797500.0,-1087500.0,1500,-50.77041187575636,False,False,3.5962641622719276
-792500.0,-1087500.0,1500,-34.31119933628159,False,False,3.7280878135223405
-787500.0,-1087500.0,1500,-35.11032356752572,False,False,3.883996670831002
-782500.0,-1087500.0,1500,-52.89795081554445,False,False,3.866133056167335
-777500.0,-1087500.0,1500,-62.64932667473699,False,False,4.011500057253803
-772500.0,-1087500.0,1500,-48.50071962699878,False,False,3.9792444684918284
-767500.0,-1087500.0,1500,-27.68388135005097,False,False,3.757476770534131
-762500.0,-1087500.0,1500,-36.8018404605374,False,False,3.788836440209045
-757500.0,-1087500.0,1500,-60.22992748269588,False,False,3.9223281542214212
-752500.0,-1087500.0,1500,-51.22490169544501,False,False,3.875372511065028
-747500.0,-1087500.0,1500,-30.045380516720634,False,False,3.6623653782815024
-742500.0,-1087500.0,1500,-17.597102887132667,False,False,3.4844792512471088
-737500.0,-1087500.0,1500,-23.876394627079026,False,False,3.4500781845000077
-732500.0,-1087500.0,1500,-53.481986989207655,False,False,3.4501377724368067
-727500.0,-1087500.0,1500,-61.71178177698282,False,False,3.382557857193301
-722500.0,-1087500.0,1500,-31.42720773079217,False,False,3.4492614224648275
-717500.0,-1087500.0,1500,-5.183484530538179,False,False,3.4907379769354896
-712500.0,-1087500.0,1500,-12.902079743774339,False,False,3.410258355345375
-707500.0,-1087500.0,1500,-29.921015433000335,False,False,3.430659492361566
-702500.0,-1087500.0,1500,-47.540010409044946,False,False,3.49066639351874
-697500.0,-1087500.0,1500,-66.1136809325299,False,False,3.4476345231854513
-692500.0,-1087500.0,1500,-58.53707572201011,False,False,3.453857440087827
-687500.0,-1087500.0,1500,-30.36820999950289,False,False,3.4720474680612075
-682500.0,-1087500.0,1500,-9.878234072438703,False,False,3.427701247225145
-677500.0,-1087500.0,1500,0.9457206720347753,False,False,3.356375825688026
-672500.0,-1087500.0,1500,6.145459937845133,False,False,3.2695392684691504
-667500.0,-1087500.0,1500,8.63262224150143,False,False,3.22921915867244
-662500.0,-1087500.0,1500,8.987775653371706,False,False,3.1913157021059813
-657500.0,-1087500.0,1500,-2.914553600073872,False,False,3.239705061303815
-652500.0,-1087500.0,1500,-18.77818876395713,False,False,3.3387451021434336
-647500.0,-1087500.0,1500,-22.803018615610814,False,False,3.35084404655941
-642500.0,-1087500.0,1500,-21.218503700847616,False,False,3.364831204070315
-637500.0,-1087500.0,1500,-17.566986260453067,False,False,3.377125647091197
-632500.0,-1087500.0,1500,-10.530679088060273,False,False,3.329307305449862
-627500.0,-1087500.0,1500,-7.677251619621984,False,False,3.3605832165443905
-622500.0,-1087500.0,1500,-9.48261449331342,False,False,3.565011621639301
-617500.0,-1087500.0,1500,-20.129085365469408,False,False,3.6245664323773736
-612500.0,-1087500.0,1500,-35.28448452074708,False,False,3.5916659250284644
-607500.0,-1087500.0,1500,-37.64004276468881,False,False,3.7539634719795183
-602500.0,-1087500.0,1500,-36.269907516791356,False,False,3.8581491577888984
-597500.0,-1087500.0,1500,-45.71001651984916,False,False,3.8168512326285557
-592500.0,-1087500.0,1500,-50.178704763987895,False,False,3.883612949485233
-587500.0,-1087500.0,1500,-40.864619720140155,False,False,4.012697332358071
-582500.0,-1087500.0,1500,-30.69402945306761,False,False,4.089399345174497
-912500.0,-1082500.0,1500,-11.93831091578475,False,False,2.682917982159377
-907500.0,-1082500.0,1500,-17.18090861957668,False,False,2.674358129507228
-902500.0,-1082500.0,1500,-30.709695757133183,False,False,2.716997158328945
-897500.0,-1082500.0,1500,-27.67720689341983,False,False,2.7762794870061827
-892500.0,-1082500.0,1500,-18.527651812241132,False,False,2.8662061211845713
-887500.0,-1082500.0,1500,-15.652140129139742,False,False,2.873899549151874
-882500.0,-1082500.0,1500,4.950467700598329,False,False,2.8035792926462135
-877500.0,-1082500.0,1500,14.688704763274478,False,False,2.8547147873931893
-872500.0,-1082500.0,1500,7.391798631078959,False,False,2.9398252859588756
-867500.0,-1082500.0,1500,9.355779518749888,False,False,3.0445094608259806
-862500.0,-1082500.0,1500,-2.2568316104821466,False,False,3.092679787614948
-857500.0,-1082500.0,1500,-20.071153923866575,False,False,3.1153737490387527
-852500.0,-1082500.0,1500,-36.442661622904915,False,False,3.1596071355653637
-847500.0,-1082500.0,1500,-56.534148065077474,False,False,3.264815193454091
-842500.0,-1082500.0,1500,-46.0209285943244,False,False,3.402238779939282
-837500.0,-1082500.0,1500,-26.18258635469872,False,False,3.4415109656506946
-832500.0,-1082500.0,1500,-37.0411591168008,False,False,3.434714900571326
-827500.0,-1082500.0,1500,-40.68353880088018,False,False,3.374862557642092
-822500.0,-1082500.0,1500,-29.722609969587012,False,False,3.3795161156631632
-817500.0,-1082500.0,1500,-23.169135385249984,False,False,3.3836910025363625
-812500.0,-1082500.0,1500,-26.285915864475403,False,False,3.3081547715181663
-807500.0,-1082500.0,1500,-43.80911563755481,False,False,3.3943695046720705
-802500.0,-1082500.0,1500,-54.4339591171903,False,False,3.5138482112599783
-797500.0,-1082500.0,1500,-41.263724892525545,False,False,3.574360912740886
-792500.0,-1082500.0,1500,-19.88180130689715,False,False,3.7519215201828993
-787500.0,-1082500.0,1500,-24.85889206097106,False,False,3.8172418423617396
-782500.0,-1082500.0,1500,-52.22047229275318,False,False,3.8040283802826615
-777500.0,-1082500.0,1500,-57.281950811890596,False,False,3.909033711506355
-772500.0,-1082500.0,1500,-32.273949733623844,False,False,3.81141028819301
-767500.0,-1082500.0,1500,-17.687376768750777,False,False,3.623552651605009
-762500.0,-1082500.0,1500,-25.313019320441033,False,False,3.595982811128978
-757500.0,-1082500.0,1500,-36.4909721514739,False,False,3.670797867452149
-752500.0,-1082500.0,1500,-38.726354796695894,False,False,3.7180605857043467
-747500.0,-1082500.0,1500,-36.00962047168136,False,False,3.578674956948657
-742500.0,-1082500.0,1500,-28.773524808477344,False,False,3.4555802556247657
-737500.0,-1082500.0,1500,-25.579992484869056,False,False,3.4513065959645637
-732500.0,-1082500.0,1500,-42.1681467478969,False,False,3.4120503470620633
-727500.0,-1082500.0,1500,-50.457867745171946,False,False,3.4127981046974245
-722500.0,-1082500.0,1500,-29.423009296397296,False,False,3.4842228940452933
-717500.0,-1082500.0,1500,-5.133966986838194,False,False,3.4057568487017
-712500.0,-1082500.0,1500,-7.298890860813483,False,False,3.2899066755042035
-707500.0,-1082500.0,1500,-32.95980788923116,False,False,3.3665624296709766
-702500.0,-1082500.0,1500,-60.77423264873198,False,False,3.460820669208754
-697500.0,-1082500.0,1500,-71.61030855578613,False,False,3.4305647540275443
-692500.0,-1082500.0,1500,-55.48101673581585,False,False,3.4447059359017125
-687500.0,-1082500.0,1500,-29.79748166900384,False,False,3.453278249893961
-682500.0,-1082500.0,1500,-7.971171169968751,False,False,3.331832181093489
-677500.0,-1082500.0,1500,9.400541928182617,False,False,3.1895043838680075
-672500.0,-1082500.0,1500,13.006431467732604,False,False,3.2177611307579843
-667500.0,-1082500.0,1500,5.705417868321568,False,False,3.3118534462760154
-662500.0,-1082500.0,1500,-6.3172110424315395,False,False,3.283791998526303
-657500.0,-1082500.0,1500,-24.15103382514895,False,False,3.2576852778809653
-652500.0,-1082500.0,1500,-35.39342501498038,False,False,3.362040327542686
-647500.0,-1082500.0,1500,-31.745153772910317,False,False,3.397925021332294
-642500.0,-1082500.0,1500,-21.598028870493827,False,False,3.399917431151467
-637500.0,-1082500.0,1500,-6.628200399112399,False,False,3.4075511675564165
-632500.0,-1082500.0,1500,7.114406442715733,False,False,3.3689569952727516
-627500.0,-1082500.0,1500,0.8393267560601425,False,False,3.4330894961024043
-622500.0,-1082500.0,1500,-15.081576280740007,False,False,3.6224360671200673
-617500.0,-1082500.0,1500,-26.136936326462223,False,False,3.7104894398715977
-612500.0,-1082500.0,1500,-40.00722124714818,False,False,3.6882056155584246
-607500.0,-1082500.0,1500,-48.21944232871652,False,False,3.8416139259827595
-602500.0,-1082500.0,1500,-45.5560593892786,False,False,3.9551835779510434
-597500.0,-1082500.0,1500,-45.88861272400641,False,False,3.9324944360400833
-592500.0,-1082500.0,1500,-46.85940329084026,False,False,3.9626731609609784
-587500.0,-1082500.0,1500,-41.99897698838365,False,False,4.069803109488378
-582500.0,-1082500.0,1500,-34.93704748520178,False,False,4.200955020498837
